RD_NO,CRASH_DATE_EST_I,CRASH_DATE,POSTED_SPEED_LIMIT,TRAFFIC_CONTROL_DEVICE,DEVICE_CONDITION,WEATHER_CONDITION,LIGHTING_CONDITION,FIRST_CRASH_TYPE,TRAFFICWAY_TYPE,LANE_CNT,ALIGNMENT,ROADWAY_SURFACE_COND,ROAD_DEFECT,REPORT_TYPE,CRASH_TYPE,INTERSECTION_RELATED_I,NOT_RIGHT_OF_WAY_I,HIT_AND_RUN_I,DAMAGE,DATE_POLICE_NOTIFIED,PRIM_CONTRIBUTORY_CAUSE,SEC_CONTRIBUTORY_CAUSE,STREET_NO,STREET_DIRECTION,STREET_NAME,BEAT_OF_OCCURRENCE,PHOTOS_TAKEN_I,STATEMENTS_TAKEN_I,DOORING_I,WORK_ZONE_I,WORK_ZONE_TYPE,WORKERS_PRESENT_I,NUM_UNITS,MOST_SEVERE_INJURY,INJURIES_TOTAL,INJURIES_FATAL,INJURIES_INCAPACITATING,INJURIES_NON_INCAPACITATING,INJURIES_REPORTED_NOT_EVIDENT,INJURIES_NO_INDICATION,INJURIES_UNKNOWN,CRASH_HOUR,CRASH_DAY_OF_WEEK,CRASH_MONTH,LATITUDE,LONGITUDE,LOCATION,Join
JA498423,,11/1/2017 13:00,0,NO CONTROLS,NO CONTROLS,CLEAR,DAYLIGHT,PARKED MOTOR VEHICLE,PARKING LOT,0,STRAIGHT AND LEVEL,DRY,NO DEFECTS,NOT ON SCENE (DESK REPORT),NO INJURY / DRIVE AWAY,,Y,Y,"$501 - $1,500",11/4/2017 11:00,UNABLE TO DETERMINE,NOT APPLICABLE,1001,W,NORTH AVE,1822,,,,,,,2,NO INDICATION OF INJURY,0,0,0,0,0,1,0,13,4,11,41.91072929,-87.65315262,POINT (-87.653152621895 41.910729292099),1
JA494490,,11/1/2017 13:05,30,TRAFFIC SIGNAL,FUNCTIONING PROPERLY,CLOUDY/OVERCAST,DAYLIGHT,REAR END,NOT DIVIDED,4,STRAIGHT AND LEVEL,DRY,NO DEFECTS,ON SCENE,NO INJURY / DRIVE AWAY,,,Y,"OVER $1,500",11/1/2017 13:42,IMPROPER BACKING,UNABLE TO DETERMINE,5500,W,FOSTER AVE,1623,,,,,,,2,NO INDICATION OF INJURY,0,0,0,0,0,2,0,13,4,11,41.97520686,-87.76593013,POINT (-87.765930131693 41.975206858981),1
JA494450,,11/1/2017 13:05,30,TRAFFIC SIGNAL,FUNCTIONING PROPERLY,CLOUDY/OVERCAST,DAYLIGHT,REAR END,NOT DIVIDED,2,STRAIGHT AND LEVEL,DRY,NO DEFECTS,NOT ON SCENE (DESK REPORT),NO INJURY / DRIVE AWAY,,,,"OVER $1,500",11/1/2017 13:26,FOLLOWING TOO CLOSELY,NOT APPLICABLE,4399,N,NARRAGANSETT AVE,1624,,,,,,,2,NO INDICATION OF INJURY,0,0,0,0,0,3,0,13,4,11,41.96013229,-87.78665525,POINT (-87.786655249218 41.960132289746),1
JA494464,,11/1/2017 13:15,15,NO CONTROLS,NO CONTROLS,CLEAR,DAYLIGHT,ANGLE,PARKING LOT,0,STRAIGHT AND LEVEL,DRY,NO DEFECTS,NOT ON SCENE (DESK REPORT),NO INJURY / DRIVE AWAY,,Y,,"$501 - $1,500",11/1/2017 13:30,FAILING TO YIELD RIGHT-OF-WAY,NOT APPLICABLE,2801,N,NARRAGANSETT AVE,2511,,,,,,,2,NO INDICATION OF INJURY,0,0,0,0,0,2,0,13,4,11,41.9310956,-87.7855449,POINT (-87.785544899041 41.931095596833),1
JA494579,,11/1/2017 13:15,30,TRAFFIC SIGNAL,FUNCTIONING PROPERLY,CLEAR,DAYLIGHT,REAR END,DIVIDED - W/MEDIAN (NOT RAISED),4,STRAIGHT AND LEVEL,DRY,NO DEFECTS,NOT ON SCENE (DESK REPORT),NO INJURY / DRIVE AWAY,,,,$500 OR LESS,11/1/2017 14:20,UNABLE TO DETERMINE,UNABLE TO DETERMINE,7250,S,KEDZIE AVE,831,,,,,,,2,NO INDICATION OF INJURY,0,0,0,0,0,2,0,13,4,11,41.76106693,-87.70286464,POINT (-87.702864637605 41.761066934459),1
JA494476,,11/1/2017 13:15,5,NO CONTROLS,NO CONTROLS,CLEAR,DAYLIGHT,PARKED MOTOR VEHICLE,OTHER,0,STRAIGHT AND LEVEL,DRY,NO DEFECTS,ON SCENE,NO INJURY / DRIVE AWAY,,Y,,"$501 - $1,500",11/1/2017 13:30,DRIVING SKILLS/KNOWLEDGE/EXPERIENCE,UNABLE TO DETERMINE,2000,E,87TH ST,412,,,,,,,3,NO INDICATION OF INJURY,0,0,0,0,0,1,0,13,4,11,41.73716659,-87.57566063,POINT (-87.575660632484 41.737166584514),1
JA494504,,11/1/2017 13:20,25,NO CONTROLS,FUNCTIONING IMPROPERLY,CLOUDY/OVERCAST,DAYLIGHT,HEAD ON,DRIVEWAY,,STRAIGHT AND LEVEL,DRY,NO DEFECTS,ON SCENE,NO INJURY / DRIVE AWAY,,,,$500 OR LESS,11/1/2017 13:35,IMPROPER BACKING,NOT APPLICABLE,3000,S,SACRAMENTO AVE,1033,,,,,,,2,NO INDICATION OF INJURY,0,0,0,0,0,2,0,13,4,11,41.83895693,-87.70011954,POINT (-87.700119538934 41.838956925967),1
JA494472,,11/1/2017 13:25,15,NO CONTROLS,NO CONTROLS,CLEAR,DAYLIGHT,REAR END,PARKING LOT,,STRAIGHT ON GRADE,DRY,NO DEFECTS,ON SCENE,NO INJURY / DRIVE AWAY,,Y,Y,"$501 - $1,500",11/1/2017 13:29,IMPROPER BACKING,NOT APPLICABLE,6224,S,ASHLAND AVE,714,,,,,,,2,NO INDICATION OF INJURY,0,0,0,0,0,3,0,13,4,11,41.78051949,-87.66439286,POINT (-87.664392859317 41.780519486626),1
JA495197,,11/1/2017 13:30,30,NO CONTROLS,NO CONTROLS,CLEAR,"DARKNESS, LIGHTED ROAD",ANGLE,NOT DIVIDED,,STRAIGHT AND LEVEL,DRY,NO DEFECTS,NOT ON SCENE (DESK REPORT),NO INJURY / DRIVE AWAY,,,,"$501 - $1,500",11/1/2017 22:00,UNABLE TO DETERMINE,NOT APPLICABLE,6331,S,WESTERN AVE,825,,,,,,,2,NO INDICATION OF INJURY,0,0,0,0,0,2,0,13,4,11,41.77822892,-87.68346861,POINT (-87.683468604901 41.77822892043),1
JA494570,,11/1/2017 13:30,30,NO CONTROLS,NO CONTROLS,CLEAR,DAYLIGHT,ANGLE,NOT DIVIDED,,STRAIGHT AND LEVEL,DRY,NO DEFECTS,NOT ON SCENE (DESK REPORT),NO INJURY / DRIVE AWAY,,,,"$501 - $1,500",11/1/2017 15:00,UNABLE TO DETERMINE,UNABLE TO DETERMINE,1000,E,79TH ST,624,,,,,,,2,NO INDICATION OF INJURY,0,0,0,0,0,2,0,13,4,11,41.75144841,-87.60027918,POINT (-87.600279176566 41.751448408655),1
JA494552,,11/1/2017 13:34,30,NO CONTROLS,NO CONTROLS,CLEAR,DAYLIGHT,ANGLE,DIVIDED - W/MEDIAN BARRIER,,STRAIGHT AND LEVEL,DRY,NO DEFECTS,ON SCENE,NO INJURY / DRIVE AWAY,,,Y,"$501 - $1,500",11/1/2017 14:15,FAILING TO YIELD RIGHT-OF-WAY,NOT APPLICABLE,5215,S,CICERO AVE,815,,,,,,,2,NO INDICATION OF INJURY,0,0,0,0,0,2,0,13,4,11,41.79817358,-87.74276343,POINT (-87.742763430624 41.798173576636),1
JA494551,,11/1/2017 13:35,30,TRAFFIC SIGNAL,FUNCTIONING PROPERLY,CLEAR,DAYLIGHT,TURNING,DIVIDED - W/MEDIAN BARRIER,,STRAIGHT AND LEVEL,DRY,NO DEFECTS,NOT ON SCENE (DESK REPORT),INJURY AND / OR TOW DUE TO CRASH,Y,,,"OVER $1,500",11/1/2017 14:25,UNABLE TO DETERMINE,UNABLE TO DETERMINE,430,S,STATE ST,113,,,,,,,2,"REPORTED, NOT EVIDENT",1,0,0,0,1,1,0,13,4,11,41.87616569,-87.62777892,POINT (-87.627778921359 41.876165686844),1
JA494486,,11/1/2017 13:40,30,NO CONTROLS,NO CONTROLS,CLOUDY/OVERCAST,DAYLIGHT,SIDESWIPE SAME DIRECTION,NOT DIVIDED,2,STRAIGHT AND LEVEL,DRY,NO DEFECTS,NOT ON SCENE (DESK REPORT),NO INJURY / DRIVE AWAY,,,,"$501 - $1,500",11/1/2017 13:45,FAILING TO YIELD RIGHT-OF-WAY,NOT APPLICABLE,6302,S,ARTESIAN AVE,825,,,,,,,2,NO INDICATION OF INJURY,0,0,0,0,0,4,0,13,4,11,41.77909058,-87.68500487,POINT (-87.685004869666 41.779090575233),1
JA494518,,11/1/2017 13:45,30,TRAFFIC SIGNAL,FUNCTIONING PROPERLY,CLEAR,DAYLIGHT,TURNING,DIVIDED - W/MEDIAN (NOT RAISED),,STRAIGHT AND LEVEL,DRY,NO DEFECTS,NOT ON SCENE (DESK REPORT),NO INJURY / DRIVE AWAY,,,,"OVER $1,500",11/1/2017 14:00,FAILING TO YIELD RIGHT-OF-WAY,FAILING TO YIELD RIGHT-OF-WAY,855,W,87TH ST,2222,,,,,,,2,NO INDICATION OF INJURY,0,0,0,0,0,3,0,13,4,11,41.73593237,-87.64580479,POINT (-87.645804790227 41.735932372267),1
JA494529,,11/1/2017 13:50,30,TRAFFIC SIGNAL,FUNCTIONING PROPERLY,CLEAR,DAYLIGHT,SIDESWIPE SAME DIRECTION,NOT DIVIDED,,STRAIGHT AND LEVEL,DRY,NO DEFECTS,NOT ON SCENE (DESK REPORT),NO INJURY / DRIVE AWAY,,,,"$501 - $1,500",11/1/2017 14:10,UNABLE TO DETERMINE,NOT APPLICABLE,4967,N,MILWAUKEE AVE,1623,,,,,,,2,NO INDICATION OF INJURY,0,0,0,0,0,2,0,13,4,11,41.97122464,-87.76356581,POINT (-87.763565807602 41.971224640766),1
JA494572,,11/1/2017 13:50,25,NO CONTROLS,NO CONTROLS,CLEAR,DAYLIGHT,ANGLE,ONE-WAY,,STRAIGHT AND LEVEL,DRY,NO DEFECTS,NOT ON SCENE (DESK REPORT),NO INJURY / DRIVE AWAY,,,,"OVER $1,500",11/1/2017 14:30,UNABLE TO DETERMINE,NOT APPLICABLE,4015,N,MC VICKER AVE,1624,,,,,,,2,NO INDICATION OF INJURY,0,0,0,0,0,2,0,13,4,11,41.95352331,-87.77786935,POINT (-87.77786934999 41.953523312064),1
JA494516,,11/1/2017 13:52,30,NO CONTROLS,NO CONTROLS,CLEAR,DAYLIGHT,PARKED MOTOR VEHICLE,PARKING LOT,,STRAIGHT AND LEVEL,DRY,NO DEFECTS,ON SCENE,INJURY AND / OR TOW DUE TO CRASH,,,Y,"OVER $1,500",11/1/2017 13:57,UNABLE TO DETERMINE,NOT APPLICABLE,1625,W,IRVING PARK RD,1922,,,,,,,2,NO INDICATION OF INJURY,0,0,0,0,0,1,0,13,4,11,41.95416537,-87.67012784,POINT (-87.670127842486 41.954165368384),1
JA494522,,11/1/2017 13:59,30,TRAFFIC SIGNAL,FUNCTIONING PROPERLY,CLEAR,DAYLIGHT,TURNING,DIVIDED - W/MEDIAN (NOT RAISED),,STRAIGHT AND LEVEL,DRY,NO DEFECTS,ON SCENE,NO INJURY / DRIVE AWAY,Y,,,"$501 - $1,500",11/1/2017 13:59,IMPROPER LANE USAGE,DRIVING SKILLS/KNOWLEDGE/EXPERIENCE,5355,S,WESTERN BLVD,932,,,,,,,2,NO INDICATION OF INJURY,0,0,0,0,0,2,0,13,4,11,41.79594313,-87.68338047,POINT (-87.683380467887 41.79594313121),1
JA494571,,11/1/2017 14:00,45,NO CONTROLS,NO CONTROLS,CLEAR,DAYLIGHT,SIDESWIPE SAME DIRECTION,DIVIDED - W/MEDIAN BARRIER,8,STRAIGHT AND LEVEL,UNKNOWN,UNKNOWN,NOT ON SCENE (DESK REPORT),NO INJURY / DRIVE AWAY,,,,"$501 - $1,500",11/1/2017 14:47,IMPROPER LANE USAGE,IMPROPER LANE USAGE,808,N,LAKE SHORE DR,1833,,,,,,,2,NO INDICATION OF INJURY,0,0,0,0,0,4,0,14,4,11,41.89704423,-87.61735825,POINT (-87.617358252035 41.897044233767),1
JA494537,,11/1/2017 14:00,30,NO CONTROLS,NO CONTROLS,CLOUDY/OVERCAST,DAYLIGHT,ANGLE,PARKING LOT,,STRAIGHT AND LEVEL,DRY,NO DEFECTS,NOT ON SCENE (DESK REPORT),NO INJURY / DRIVE AWAY,,,,"$501 - $1,500",11/1/2017 14:20,FAILING TO YIELD RIGHT-OF-WAY,NOT APPLICABLE,5109,S,PULASKI RD,822,,,,,,,2,NO INDICATION OF INJURY,0,0,0,0,0,2,0,14,4,11,41.80009153,-87.72321361,POINT (-87.723213611533 41.800091534442),1
JA504837,,11/1/2017 14:00,20,NO CONTROLS,NO CONTROLS,CLEAR,DAYLIGHT,PARKED MOTOR VEHICLE,ONE-WAY,,STRAIGHT AND LEVEL,UNKNOWN,NO DEFECTS,NOT ON SCENE (DESK REPORT),NO INJURY / DRIVE AWAY,,,,"$501 - $1,500",11/9/2017 9:45,FAILING TO YIELD RIGHT-OF-WAY,NOT APPLICABLE,4144,W,NEWPORT AVE,1731,,,,,,,2,NO INDICATION OF INJURY,0,0,0,0,0,1,0,14,4,11,41.94404479,-87.73095696,POINT (-87.730956964007 41.944044784773),1
JA494566,Y,11/1/2017 14:15,30,NO CONTROLS,NO CONTROLS,CLEAR,DAYLIGHT,REAR END,NOT DIVIDED,,STRAIGHT AND LEVEL,DRY,NO DEFECTS,NOT ON SCENE (DESK REPORT),NO INJURY / DRIVE AWAY,,,,"$501 - $1,500",11/1/2017 14:58,FOLLOWING TOO CLOSELY,NOT APPLICABLE,7348,N,CLARK ST,2424,,,,,,,2,NO INDICATION OF INJURY,0,0,0,0,0,2,0,14,4,11,42.01517843,-87.67520931,POINT (-87.675209305373 42.015178432322),1
JA494595,,11/1/2017 14:20,30,TRAFFIC SIGNAL,FUNCTIONING PROPERLY,RAIN,DAYLIGHT,REAR END,DIVIDED - W/MEDIAN (NOT RAISED),,STRAIGHT AND LEVEL,WET,NO DEFECTS,ON SCENE,INJURY AND / OR TOW DUE TO CRASH,,,,"OVER $1,500",11/1/2017 14:24,FAILING TO REDUCE SPEED TO AVOID CRASH,DRIVING SKILLS/KNOWLEDGE/EXPERIENCE,11840,S,WESTERN AVE,2212,,,,,,,2,NONINCAPACITATING INJURY,2,0,0,2,0,1,0,14,4,11,41.67780467,-87.68086635,POINT (-87.680866351306 41.677804666782),1
JA494607,,11/1/2017 14:26,35,UNKNOWN,UNKNOWN,CLOUDY/OVERCAST,DAYLIGHT,REAR END,NOT DIVIDED,2,STRAIGHT AND LEVEL,DRY,NO DEFECTS,,INJURY AND / OR TOW DUE TO CRASH,,,Y,"OVER $1,500",11/1/2017 15:00,UNABLE TO DETERMINE,UNABLE TO DETERMINE,4759,W,WASHINGTON BLVD,1113,,,,,,,2,NONINCAPACITATING INJURY,1,0,0,1,0,1,0,14,4,11,41.88170661,-87.74521707,POINT (-87.745217073369 41.881706605804),1
JA494864,,11/1/2017 14:30,30,NO CONTROLS,NO CONTROLS,CLEAR,DAYLIGHT,REAR END,NOT DIVIDED,,STRAIGHT AND LEVEL,DRY,NO DEFECTS,NOT ON SCENE (DESK REPORT),NO INJURY / DRIVE AWAY,,,,"OVER $1,500",11/1/2017 18:10,FOLLOWING TOO CLOSELY,FOLLOWING TOO CLOSELY,2300,W,AUGUSTA BLVD,1212,,,,,,,2,NO INDICATION OF INJURY,0,0,0,0,0,2,0,14,4,11,41.89952863,-87.68461313,POINT (-87.684613131504 41.899528633581),1
JA494665,,11/1/2017 14:30,35,NO CONTROLS,NO CONTROLS,RAIN,DAYLIGHT,TURNING,DIVIDED - W/MEDIAN (NOT RAISED),,STRAIGHT AND LEVEL,WET,NO DEFECTS,ON SCENE,INJURY AND / OR TOW DUE TO CRASH,,,,"$501 - $1,500",11/1/2017 15:30,UNABLE TO DETERMINE,NOT APPLICABLE,5546,W,55TH ST,814,,,,,,,2,NONINCAPACITATING INJURY,2,0,0,2,0,1,0,14,4,11,41.79285474,-87.7617385,POINT (-87.761738499083 41.792854743243),1
JA494824,,11/1/2017 14:30,35,UNKNOWN,UNKNOWN,CLEAR,DAYLIGHT,REAR END,DIVIDED - W/MEDIAN BARRIER,,STRAIGHT AND LEVEL,DRY,NO DEFECTS,NOT ON SCENE (DESK REPORT),NO INJURY / DRIVE AWAY,,,,$500 OR LESS,11/1/2017 17:45,FOLLOWING TOO CLOSELY,NOT APPLICABLE,5621,W,MADISON ST,1513,,,,,,,2,NO INDICATION OF INJURY,0,0,0,0,0,2,0,14,4,11,41.88012297,-87.76575853,POINT (-87.765758532794 41.880122969054),1
JA494653,,11/1/2017 14:30,30,NO CONTROLS,NO CONTROLS,CLEAR,DAYLIGHT,SIDESWIPE SAME DIRECTION,DIVIDED - W/MEDIAN (NOT RAISED),,STRAIGHT AND LEVEL,DRY,NO DEFECTS,NOT ON SCENE (DESK REPORT),INJURY AND / OR TOW DUE TO CRASH,,,,"$501 - $1,500",11/1/2017 15:30,FAILING TO YIELD RIGHT-OF-WAY,NOT APPLICABLE,6420,S,KEDZIE AVE,823,,,,,,,2,INCAPACITATING INJURY,1,0,1,0,0,2,0,14,4,11,41.77641134,-87.70322589,POINT (-87.703225889796 41.776411335959),1
JA494577,,11/1/2017 14:30,30,NO CONTROLS,NO CONTROLS,CLEAR,DAYLIGHT,ANGLE,DIVIDED - W/MEDIAN (NOT RAISED),2,STRAIGHT AND LEVEL,DRY,NO DEFECTS,NOT ON SCENE (DESK REPORT),NO INJURY / DRIVE AWAY,,,,"OVER $1,500",11/1/2017 15:00,FAILING TO YIELD RIGHT-OF-WAY,NOT APPLICABLE,1540,W,LAWRENCE AVE,2032,,,,,,,2,NO INDICATION OF INJURY,0,0,0,0,0,2,0,14,4,11,41.96898509,-87.6692569,POINT (-87.66925690051 41.968985093679),1
JA494610,,11/1/2017 14:35,30,TRAFFIC SIGNAL,FUNCTIONING PROPERLY,CLEAR,DAYLIGHT,SIDESWIPE SAME DIRECTION,DIVIDED - W/MEDIAN (NOT RAISED),2,STRAIGHT AND LEVEL,DRY,NO DEFECTS,NOT ON SCENE (DESK REPORT),NO INJURY / DRIVE AWAY,Y,,,"$501 - $1,500",11/1/2017 15:00,IMPROPER OVERTAKING/PASSING,UNABLE TO DETERMINE,2,E,107TH ST,512,,,,,,,2,NO INDICATION OF INJURY,0,0,0,0,0,2,0,14,4,11,41.69998118,-87.62325675,POINT (-87.623256753207 41.699981174545),1
JA494765,,11/1/2017 14:35,30,TRAFFIC SIGNAL,FUNCTIONING PROPERLY,RAIN,DAYLIGHT,REAR END,DIVIDED - W/MEDIAN (NOT RAISED),4,STRAIGHT AND LEVEL,WET,NO DEFECTS,ON SCENE,NO INJURY / DRIVE AWAY,,,Y,"OVER $1,500",11/1/2017 15:00,FAILING TO REDUCE SPEED TO AVOID CRASH,UNABLE TO DETERMINE,11102,S,PULASKI RD,2211,,,,,,,2,NO INDICATION OF INJURY,0,0,0,0,0,2,0,14,4,11,41.69105266,-87.72045374,POINT (-87.720453742212 41.691052662019),1
JA494601,,11/1/2017 14:36,30,NO CONTROLS,NO CONTROLS,CLEAR,DAYLIGHT,REAR END,NOT DIVIDED,4,STRAIGHT AND LEVEL,DRY,NO DEFECTS,ON SCENE,NO INJURY / DRIVE AWAY,,,,"$501 - $1,500",11/1/2017 14:38,FOLLOWING TOO CLOSELY,NOT APPLICABLE,3208,S,DAMEN AVE,912,,,,Y,CONSTRUCTION,,2,NO INDICATION OF INJURY,0,0,0,0,0,2,0,14,4,11,41.83554187,-87.67555964,POINT (-87.675559638003 41.835541872306),1
JA494627,,11/1/2017 14:46,30,TRAFFIC SIGNAL,FUNCTIONING PROPERLY,CLEAR,DAYLIGHT,SIDESWIPE SAME DIRECTION,ONE-WAY,2,STRAIGHT AND LEVEL,DRY,NO DEFECTS,NOT ON SCENE (DESK REPORT),NO INJURY / DRIVE AWAY,,,,"OVER $1,500",11/1/2017 15:38,FAILING TO YIELD RIGHT-OF-WAY,NOT APPLICABLE,24,E,RANDOLPH ST,111,,,,,,,2,NO INDICATION OF INJURY,0,0,0,0,0,2,0,14,4,11,41.88460329,-87.62704445,POINT (-87.627044445847 41.884603291717),1
JA494621,,11/1/2017 14:50,30,TRAFFIC SIGNAL,FUNCTIONING PROPERLY,CLOUDY/OVERCAST,DAYLIGHT,TURNING,DIVIDED - W/MEDIAN (NOT RAISED),5,STRAIGHT AND LEVEL,DRY,NO DEFECTS,ON SCENE,INJURY AND / OR TOW DUE TO CRASH,Y,,,"OVER $1,500",11/1/2017 14:55,FAILING TO REDUCE SPEED TO AVOID CRASH,FAILING TO YIELD RIGHT-OF-WAY,2355,N,CICERO AVE,2522,,,,,,,2,NONINCAPACITATING INJURY,1,0,0,1,0,1,0,14,4,11,41.92407872,-87.74614957,POINT (-87.746149569276 41.924078718934),1
JA494663,,11/1/2017 14:50,30,TRAFFIC SIGNAL,FUNCTIONING PROPERLY,CLEAR,DAYLIGHT,REAR END,NOT DIVIDED,,STRAIGHT AND LEVEL,DRY,NO DEFECTS,NOT ON SCENE (DESK REPORT),NO INJURY / DRIVE AWAY,Y,,,"$501 - $1,500",11/1/2017 16:00,DISTRACTION - FROM INSIDE VEHICLE,NOT APPLICABLE,3958,W,FULLERTON AVE,2524,,,,,,,2,NO INDICATION OF INJURY,0,0,0,0,0,3,0,14,4,11,41.92459457,-87.72671052,POINT (-87.726710520322 41.924594566385),1
JA496106,,11/1/2017 15:00,30,NO CONTROLS,NO CONTROLS,CLEAR,DAYLIGHT,ANGLE,NOT DIVIDED,4,STRAIGHT AND LEVEL,DRY,NO DEFECTS,NOT ON SCENE (DESK REPORT),NO INJURY / DRIVE AWAY,,,,"OVER $1,500",11/2/2017 15:50,UNABLE TO DETERMINE,UNABLE TO DETERMINE,301,W,47TH ST,935,,,,,,,2,NO INDICATION OF INJURY,0,0,0,0,0,2,0,15,4,11,41.80896596,-87.63343563,POINT (-87.633435624529 41.808965959624),1
JA494684,,11/1/2017 15:00,30,NO CONTROLS,NO CONTROLS,CLEAR,DAYLIGHT,FIXED OBJECT,ONE-WAY,,STRAIGHT AND LEVEL,DRY,NO DEFECTS,NOT ON SCENE (DESK REPORT),NO INJURY / DRIVE AWAY,,,,$500 OR LESS,11/1/2017 16:17,UNABLE TO DETERMINE,NOT APPLICABLE,2502,W,IOWA ST,1211,,,,,,,1,NO INDICATION OF INJURY,0,0,0,0,0,1,0,15,4,11,41.89764304,-87.68949404,POINT (-87.689494039295 41.897643043845),1
JA494619,Y,11/1/2017 15:00,30,LANE USE MARKING,NO CONTROLS,RAIN,DAYLIGHT,PARKED MOTOR VEHICLE,DIVIDED - W/MEDIAN (NOT RAISED),4,STRAIGHT ON GRADE,WET,NO DEFECTS,ON SCENE,NO INJURY / DRIVE AWAY,,,Y,$500 OR LESS,11/1/2017 15:14,EXCEEDING AUTHORIZED SPEED LIMIT,EXCEEDING AUTHORIZED SPEED LIMIT,1857,W,95TH ST,2213,,,,,,,2,NO INDICATION OF INJURY,0,0,0,0,0,1,0,15,4,11,41.72100847,-87.66961428,POINT (-87.669614276809 41.72100847248),1
JA494599,,11/1/2017 15:00,30,TRAFFIC SIGNAL,FUNCTIONING PROPERLY,CLOUDY/OVERCAST,DAYLIGHT,PEDALCYCLIST,NOT DIVIDED,2,STRAIGHT AND LEVEL,DRY,NO DEFECTS,NOT ON SCENE (DESK REPORT),NO INJURY / DRIVE AWAY,,,,$500 OR LESS,11/1/2017 15:15,FAILING TO YIELD RIGHT-OF-WAY,NOT APPLICABLE,5900,S,SACRAMENTO AVE,824,,,,,,,2,NO INDICATION OF INJURY,0,0,0,0,0,2,0,15,4,11,41.78623355,-87.69861497,POINT (-87.698614965707 41.786233554412),1
JA502720,,11/1/2017 15:00,30,NO CONTROLS,NO CONTROLS,RAIN,DAYLIGHT,ANGLE,PARKING LOT,1,STRAIGHT AND LEVEL,WET,NO DEFECTS,NOT ON SCENE (DESK REPORT),NO INJURY / DRIVE AWAY,,,,"OVER $1,500",11/7/2017 15:40,IMPROPER BACKING,NOT APPLICABLE,7900,S,WESTERN AVE,835,,,,,,,2,NO INDICATION OF INJURY,0,0,0,0,0,2,0,15,4,11,41.75005493,-87.6829922,POINT (-87.682992202902 41.75005493365),1
JA494817,,11/1/2017 15:00,30,TRAFFIC SIGNAL,FUNCTIONING PROPERLY,RAIN,DAYLIGHT,TURNING,NOT DIVIDED,4,STRAIGHT AND LEVEL,WET,UNKNOWN,NOT ON SCENE (DESK REPORT),NO INJURY / DRIVE AWAY,,,Y,"$501 - $1,500",11/1/2017 17:35,FOLLOWING TOO CLOSELY,IMPROPER TURNING/NO SIGNAL,1633,W,111TH ST,2234,,,,,,,2,NO INDICATION OF INJURY,0,0,0,0,0,2,0,15,4,11,41.69200369,-87.6631894,POINT (-87.663189399863 41.692003687045),1
JA511240,Y,11/1/2017 15:00,25,STOP SIGN/FLASHER,UNKNOWN,UNKNOWN,UNKNOWN,OTHER OBJECT,ONE-WAY,1,STRAIGHT AND LEVEL,UNKNOWN,UNKNOWN,NOT ON SCENE (DESK REPORT),NO INJURY / DRIVE AWAY,N,,,"OVER $1,500",11/14/2017 10:10,UNABLE TO DETERMINE,UNABLE TO DETERMINE,301,S,LOTUS AVE,1522,,,,,,,1,NO INDICATION OF INJURY,0,0,0,0,0,1,0,15,4,11,41.87652838,-87.76154261,POINT (-87.761542607527 41.876528376175),1
JA494671,,11/1/2017 15:10,30,NO CONTROLS,NO CONTROLS,CLOUDY/OVERCAST,DAYLIGHT,REAR END,NOT DIVIDED,2,STRAIGHT AND LEVEL,DRY,NO DEFECTS,ON SCENE,INJURY AND / OR TOW DUE TO CRASH,,,,"OVER $1,500",11/1/2017 15:30,FAILING TO YIELD RIGHT-OF-WAY,FAILING TO YIELD RIGHT-OF-WAY,937,N,WILLARD CT,1213,,,,,,,2,NO INDICATION OF INJURY,0,0,0,0,0,2,0,15,4,11,41.89933734,-87.65844479,POINT (-87.658444787876 41.899337342098),1
JA494622,,11/1/2017 15:15,30,NO CONTROLS,NO CONTROLS,CLEAR,DAYLIGHT,SIDESWIPE OPPOSITE DIRECTION,RAMP,0,STRAIGHT AND LEVEL,DRY,NO DEFECTS,NOT ON SCENE (DESK REPORT),NO INJURY / DRIVE AWAY,,,N,"OVER $1,500",11/1/2017 15:33,UNABLE TO DETERMINE,NOT APPLICABLE,1500,W,TAYLOR ST,1231,,,,,,,2,NO INDICATION OF INJURY,0,0,0,0,0,3,0,15,4,11,41.86940905,-87.66419709,POINT (-87.664197090165 41.869409054037),1
JA494654,,11/1/2017 15:17,30,TRAFFIC SIGNAL,FUNCTIONING PROPERLY,CLOUDY/OVERCAST,DAYLIGHT,REAR END,NOT DIVIDED,,STRAIGHT AND LEVEL,DRY,UNKNOWN,NOT ON SCENE (DESK REPORT),NO INJURY / DRIVE AWAY,,,,"$501 - $1,500",11/1/2017 15:51,UNABLE TO DETERMINE,UNABLE TO DETERMINE,2799,W,ROOSEVELT RD,1023,,,,,,,2,NO INDICATION OF INJURY,0,0,0,0,0,2,0,15,4,11,41.86640167,-87.69584471,POINT (-87.695844706263 41.866401670828),1