RD_NO,CRASH_DATE_EST_I,CRASH_DATE,POSTED_SPEED_LIMIT,TRAFFIC_CONTROL_DEVICE,DEVICE_CONDITION,WEATHER_CONDITION,LIGHTING_CONDITION,FIRST_CRASH_TYPE,TRAFFICWAY_TYPE,LANE_CNT,ALIGNMENT,ROADWAY_SURFACE_COND,ROAD_DEFECT,REPORT_TYPE,CRASH_TYPE,INTERSECTION_RELATED_I,NOT_RIGHT_OF_WAY_I,HIT_AND_RUN_I,DAMAGE,DATE_POLICE_NOTIFIED,PRIM_CONTRIBUTORY_CAUSE,SEC_CONTRIBUTORY_CAUSE,STREET_NO,STREET_DIRECTION,STREET_NAME,BEAT_OF_OCCURRENCE,PHOTOS_TAKEN_I,STATEMENTS_TAKEN_I,DOORING_I,WORK_ZONE_I,WORK_ZONE_TYPE,WORKERS_PRESENT_I,NUM_UNITS,MOST_SEVERE_INJURY,INJURIES_TOTAL,INJURIES_FATAL,INJURIES_INCAPACITATING,INJURIES_NON_INCAPACITATING,INJURIES_REPORTED_NOT_EVIDENT,INJURIES_NO_INDICATION,INJURIES_UNKNOWN,CRASH_HOUR,CRASH_DAY_OF_WEEK,CRASH_MONTH,LATITUDE,LONGITUDE,LOCATION,Join
JA494962,,11/1/2017 16:40,30,STOP SIGN/FLASHER,FUNCTIONING PROPERLY,UNKNOWN,DAYLIGHT,ANGLE,UNKNOWN,,STRAIGHT AND LEVEL,UNKNOWN,UNKNOWN,NOT ON SCENE (DESK REPORT),INJURY AND / OR TOW DUE TO CRASH,Y,,Y,"$501 - $1,500",11/1/2017 19:00,DISREGARDING STOP SIGN,UNABLE TO DETERMINE,436,N,DESPLAINES ST,1214,,,,,,,2,"REPORTED, NOT EVIDENT",1,0,0,0,1,1,0,16,4,11,41.89011511,-87.64449214,POINT (-87.644492135787 41.890115112691),1
JA495828,,11/1/2017 16:40,30,TRAFFIC SIGNAL,FUNCTIONING PROPERLY,RAIN,DAYLIGHT,TURNING,NOT DIVIDED,,STRAIGHT AND LEVEL,WET,NO DEFECTS,NOT ON SCENE (DESK REPORT),NO INJURY / DRIVE AWAY,,,,"$501 - $1,500",11/2/2017 12:30,TURNING RIGHT ON RED,UNABLE TO DETERMINE,1601,W,115TH ST,2234,,,,,,,2,NO INDICATION OF INJURY,0,0,0,0,0,2,0,16,4,11,41.6847078,-87.66177306,POINT (-87.661773061739 41.684707797939),1
JA494919,,11/1/2017 16:40,25,NO CONTROLS,NO CONTROLS,RAIN,DAYLIGHT,REAR END,DIVIDED - W/MEDIAN (NOT RAISED),4,STRAIGHT AND LEVEL,DRY,NO DEFECTS,NOT ON SCENE (DESK REPORT),NO INJURY / DRIVE AWAY,,,,"$501 - $1,500",11/1/2017 18:36,UNABLE TO DETERMINE,UNABLE TO DETERMINE,5679,S,ARCHER AVE,814,,,,,,,2,NO INDICATION OF INJURY,0,0,0,0,0,2,0,16,4,11,41.79702025,-87.7531835,POINT (-87.753183495265 41.797020247873),1
JA494808,,11/1/2017 16:45,30,TRAFFIC SIGNAL,FUNCTIONING PROPERLY,RAIN,DUSK,ANGLE,DIVIDED - W/MEDIAN (NOT RAISED),3,STRAIGHT AND LEVEL,WET,NO DEFECTS,ON SCENE,NO INJURY / DRIVE AWAY,Y,,,"OVER $1,500",11/1/2017 17:05,DRIVING SKILLS/KNOWLEDGE/EXPERIENCE,WEATHER,336,W,GRAND AVE,1831,,Y,,,,,2,NO INDICATION OF INJURY,0,0,0,0,0,2,0,16,4,11,41.89165679,-87.63696103,POINT (-87.636961030603 41.891656789759),1
JA494753,,11/1/2017 16:45,30,STOP SIGN/FLASHER,FUNCTIONING PROPERLY,RAIN,DAYLIGHT,REAR END,NOT DIVIDED,,STRAIGHT AND LEVEL,WET,NO DEFECTS,NOT ON SCENE (DESK REPORT),NO INJURY / DRIVE AWAY,,,,$500 OR LESS,11/1/2017 17:00,WEATHER,FAILING TO REDUCE SPEED TO AVOID CRASH,7600,S,HALSTED ST,621,,,,,,,2,NO INDICATION OF INJURY,0,0,0,0,0,2,0,16,4,11,41.75599579,-87.64432824,POINT (-87.644328238864 41.755995790481),1
JA495649,,11/1/2017 16:50,30,NO CONTROLS,NO CONTROLS,RAIN,DAYLIGHT,TURNING,NOT DIVIDED,2,STRAIGHT AND LEVEL,WET,NO DEFECTS,NOT ON SCENE (DESK REPORT),NO INJURY / DRIVE AWAY,,,,"OVER $1,500",11/2/2017 10:40,FAILING TO YIELD RIGHT-OF-WAY,IMPROPER LANE USAGE,445,E,NORTH WATER ST,1834,,,,,,,2,NO INDICATION OF INJURY,0,0,0,0,0,2,0,16,4,11,41.88943279,-87.61592126,POINT (-87.615921261226 41.889432788087),1
JA494793,N,11/1/2017 16:58,30,UNKNOWN,UNKNOWN,RAIN,DAWN,REAR END,ONE-WAY,1,STRAIGHT AND LEVEL,WET,UNKNOWN,ON SCENE,INJURY AND / OR TOW DUE TO CRASH,N,,,"OVER $1,500",11/1/2017 17:28,UNABLE TO DETERMINE,UNABLE TO DETERMINE,1800,N,TRIPP AVE,2534,,Y,,,,,2,NO INDICATION OF INJURY,0,0,0,0,0,2,0,16,4,11,41.91359991,-87.73269771,POINT (-87.732697708461 41.913599914123),1
JA497491,,11/1/2017 17:00,30,NO CONTROLS,NO CONTROLS,RAIN,DAYLIGHT,PEDESTRIAN,DIVIDED - W/MEDIAN (NOT RAISED),4,STRAIGHT AND LEVEL,WET,NO DEFECTS,NOT ON SCENE (DESK REPORT),INJURY AND / OR TOW DUE TO CRASH,,,,"OVER $1,500",11/3/2017 16:00,UNABLE TO DETERMINE,UNABLE TO DETERMINE,1301,N,ELSTON AVE,1433,,,,,,,2,INCAPACITATING INJURY,1,0,1,0,0,1,0,17,4,11,41.90542878,-87.65946302,POINT (-87.659463022735 41.905428782684),1
JA495005,,11/1/2017 17:00,30,TRAFFIC SIGNAL,FUNCTIONING PROPERLY,RAIN,DAWN,PEDESTRIAN,DIVIDED - W/MEDIAN BARRIER,,STRAIGHT AND LEVEL,WET,NO DEFECTS,ON SCENE,INJURY AND / OR TOW DUE TO CRASH,Y,,,$500 OR LESS,11/1/2017 19:27,FAILING TO YIELD RIGHT-OF-WAY,NOT APPLICABLE,100,N,MICHIGAN AVE,111,,,,,,,2,"REPORTED, NOT EVIDENT",1,0,0,0,1,1,0,17,4,11,41.88328915,-87.6245494,POINT (-87.624549396399 41.883289151389),1
JA498463,Y,11/1/2017 17:00,20,NO CONTROLS,NO CONTROLS,RAIN,DARKNESS,SIDESWIPE SAME DIRECTION,NOT DIVIDED,1,STRAIGHT AND LEVEL,WET,NO DEFECTS,NOT ON SCENE (DESK REPORT),NO INJURY / DRIVE AWAY,,,,"OVER $1,500",11/4/2017 11:30,UNABLE TO DETERMINE,UNABLE TO DETERMINE,600,N,KINGSBURY ST,1831,,,,,,,2,NO INDICATION OF INJURY,0,0,0,0,0,2,0,17,4,11,41.89223372,-87.64061575,POINT (-87.640615744763 41.892233722224),1
JA495045,,11/1/2017 17:00,30,TRAFFIC SIGNAL,FUNCTIONING PROPERLY,RAIN,"DARKNESS, LIGHTED ROAD",PEDALCYCLIST,NOT DIVIDED,0,STRAIGHT ON GRADE,WET,NO DEFECTS,ON SCENE,INJURY AND / OR TOW DUE TO CRASH,,,,"OVER $1,500",11/1/2017 17:30,WEATHER,FAILING TO YIELD RIGHT-OF-WAY,5285,N,ELSTON AVE,1621,,,,,,,2,INCAPACITATING INJURY,1,0,1,0,0,2,0,17,4,11,41.97713934,-87.75458801,POINT (-87.754588009137 41.977139341402),1
JA494828,,11/1/2017 17:00,30,NO CONTROLS,NO CONTROLS,RAIN,DUSK,TURNING,PARKING LOT,4,STRAIGHT AND LEVEL,WET,NO DEFECTS,,NO INJURY / DRIVE AWAY,,,,"OVER $1,500",11/1/2017 18:00,IMPROPER BACKING,IMPROPER BACKING,4700,S,HALSTED ST,933,,,,,,,2,NO INDICATION OF INJURY,0,0,0,0,0,2,0,17,4,11,41.80881504,-87.64568295,POINT (-87.645682953152 41.808815039296),1
JA494939,,11/1/2017 17:00,30,TRAFFIC SIGNAL,FUNCTIONING PROPERLY,RAIN,"DARKNESS, LIGHTED ROAD",SIDESWIPE SAME DIRECTION,NOT DIVIDED,4,STRAIGHT AND LEVEL,WET,UNKNOWN,NOT ON SCENE (DESK REPORT),NO INJURY / DRIVE AWAY,,,,"OVER $1,500",11/1/2017 17:10,UNABLE TO DETERMINE,UNABLE TO DETERMINE,3604,N,LAKE SHORE DR NB,1925,,,,,,,2,NO INDICATION OF INJURY,0,0,0,0,0,2,0,17,4,11,41.948907,-87.64332074,POINT (-87.643320737194 41.948907003918),1
JA494678,,11/1/2017 17:00,25,STOP SIGN/FLASHER,FUNCTIONING PROPERLY,RAIN,DUSK,OTHER OBJECT,NOT DIVIDED,2,STRAIGHT AND LEVEL,WET,NO DEFECTS,ON SCENE,NO INJURY / DRIVE AWAY,Y,,,"$501 - $1,500",11/1/2017 17:04,FAILING TO YIELD RIGHT-OF-WAY,UNABLE TO DETERMINE,4600,S,EMERALD AVE,925,,,,,,,2,NO INDICATION OF INJURY,0,0,0,0,0,3,0,17,4,11,41.81061666,-87.64452098,POINT (-87.644520983626 41.810616654947),1
JA494792,,11/1/2017 17:00,30,NO CONTROLS,NO CONTROLS,RAIN,DAYLIGHT,TURNING,NOT DIVIDED,,STRAIGHT AND LEVEL,WET,NO DEFECTS,ON SCENE,INJURY AND / OR TOW DUE TO CRASH,,,,"OVER $1,500",11/1/2017 17:01,EXCEEDING SAFE SPEED FOR CONDITIONS,NOT APPLICABLE,7100,S,SOUTH SHORE DR,334,,,,,,,2,NO INDICATION OF INJURY,0,0,0,0,0,2,0,17,4,11,41.7661952,-87.56290818,POINT (-87.562908182042 41.76619520231),1
JA494875,,11/1/2017 17:02,30,NO CONTROLS,NO CONTROLS,RAIN,"DARKNESS, LIGHTED ROAD",TURNING,NOT DIVIDED,2,STRAIGHT AND LEVEL,WET,NO DEFECTS,ON SCENE,NO INJURY / DRIVE AWAY,,,,"OVER $1,500",11/1/2017 17:54,FAILING TO YIELD RIGHT-OF-WAY,WEATHER,1217,S,JEFFERSON ST,124,,,,,,,2,NO INDICATION OF INJURY,0,0,0,0,0,4,0,17,4,11,41.86668467,-87.64202393,POINT (-87.642023925722 41.866684670403),1
JA495486,,11/1/2017 17:02,30,TRAFFIC SIGNAL,FUNCTIONING PROPERLY,CLEAR,DAYLIGHT,REAR END,DIVIDED - W/MEDIAN (NOT RAISED),2,STRAIGHT AND LEVEL,WET,NO DEFECTS,NOT ON SCENE (DESK REPORT),NO INJURY / DRIVE AWAY,,,Y,"OVER $1,500",11/2/2017 7:30,FOLLOWING TOO CLOSELY,NOT APPLICABLE,11451,S,COTTAGE GROVE AVE,531,,,,,,,2,NO INDICATION OF INJURY,0,0,0,0,0,2,0,17,4,11,41.68585415,-87.61127846,POINT (-87.611278454676 41.685854144948),1
JA494856,,11/1/2017 17:05,30,NO CONTROLS,NOT FUNCTIONING,RAIN,"DARKNESS, LIGHTED ROAD",TURNING,DIVIDED - W/MEDIAN (NOT RAISED),,STRAIGHT AND LEVEL,WET,NO DEFECTS,NOT ON SCENE (DESK REPORT),NO INJURY / DRIVE AWAY,,,Y,"OVER $1,500",11/1/2017 18:00,FOLLOWING TOO CLOSELY,NOT APPLICABLE,6200,W,NORTH AVE,2513,,,,,,,2,NO INDICATION OF INJURY,0,0,0,0,0,2,0,17,4,11,41.90930629,-87.78014621,POINT (-87.78014621442 41.909306292465),1
JA494779,,11/1/2017 17:05,30,NO CONTROLS,NO CONTROLS,RAIN,DUSK,SIDESWIPE SAME DIRECTION,NOT DIVIDED,,STRAIGHT AND LEVEL,WET,NO DEFECTS,ON SCENE,NO INJURY / DRIVE AWAY,,,Y,$500 OR LESS,11/1/2017 17:10,FAILING TO REDUCE SPEED TO AVOID CRASH,UNABLE TO DETERMINE,2424,N,CLARK ST,1935,,,,,,,2,NO INDICATION OF INJURY,0,0,0,0,0,2,0,17,4,11,41.92620152,-87.64102082,POINT (-87.641020824406 41.926201515373),1
JA495196,,11/1/2017 17:05,35,TRAFFIC SIGNAL,FUNCTIONING PROPERLY,RAIN,"DARKNESS, LIGHTED ROAD",SIDESWIPE SAME DIRECTION,DIVIDED - W/MEDIAN (NOT RAISED),4,STRAIGHT AND LEVEL,WET,NO DEFECTS,NOT ON SCENE (DESK REPORT),NO INJURY / DRIVE AWAY,,,Y,"OVER $1,500",11/1/2017 21:45,FOLLOWING TOO CLOSELY,NOT APPLICABLE,116,W,CERMAK RD,131,,,,,,,2,NO INDICATION OF INJURY,0,0,0,0,0,2,0,17,4,11,41.85298708,-87.63002661,POINT (-87.630026613318 41.85298707906),1
JA494801,,11/1/2017 17:05,30,TRAFFIC SIGNAL,FUNCTIONING PROPERLY,RAIN,DUSK,REAR END,NOT DIVIDED,,STRAIGHT AND LEVEL,WET,UNKNOWN,NOT ON SCENE (DESK REPORT),NO INJURY / DRIVE AWAY,,,Y,"$501 - $1,500",11/1/2017 17:26,UNABLE TO DETERMINE,UNABLE TO DETERMINE,4200,W,WASHINGTON BLVD,1114,,,,,,,2,NO INDICATION OF INJURY,0,0,0,0,0,2,0,17,4,11,41.88209377,-87.73074034,POINT (-87.730740340079 41.882093769227),1
JA494795,,11/1/2017 17:10,30,NO CONTROLS,NO CONTROLS,RAIN,DAYLIGHT,SIDESWIPE SAME DIRECTION,NOT DIVIDED,4,STRAIGHT AND LEVEL,WET,NO DEFECTS,NOT ON SCENE (DESK REPORT),NO INJURY / DRIVE AWAY,,,,"OVER $1,500",11/1/2017 17:25,IMPROPER LANE USAGE,UNABLE TO DETERMINE,3356,W,BELMONT AVE,1733,,,,,,,2,NO INDICATION OF INJURY,0,0,0,0,0,2,0,17,4,11,41.93939367,-87.71235882,POINT (-87.71235881898 41.939393673023),1
JA497127,,11/1/2017 17:10,15,NO CONTROLS,NO CONTROLS,RAIN,DAYLIGHT,ANGLE,PARKING LOT,0,STRAIGHT AND LEVEL,WET,NO DEFECTS,NOT ON SCENE (DESK REPORT),NO INJURY / DRIVE AWAY,,Y,,"OVER $1,500",11/3/2017 11:55,IMPROPER BACKING,NOT APPLICABLE,2801,N,ASHLAND AVE,1932,,,,,,,2,NO INDICATION OF INJURY,0,0,0,0,0,2,0,17,4,11,41.93245229,-87.668249,POINT (-87.668248997573 41.932452290409),1
JA494957,Y,11/1/2017 17:15,30,TRAFFIC SIGNAL,FUNCTIONING PROPERLY,RAIN,"DARKNESS, LIGHTED ROAD",SIDESWIPE SAME DIRECTION,NOT DIVIDED,3,STRAIGHT AND LEVEL,WET,NO DEFECTS,NOT ON SCENE (DESK REPORT),NO INJURY / DRIVE AWAY,,,,"OVER $1,500",11/1/2017 19:02,IMPROPER OVERTAKING/PASSING,NOT APPLICABLE,599,S,WACKER DR,123,,,,,,,2,NO INDICATION OF INJURY,0,0,0,0,0,2,0,17,4,11,41.87492164,-87.63503143,POINT (-87.635031425681 41.87492164271),1
JA494889,,11/1/2017 17:15,30,TRAFFIC SIGNAL,FUNCTIONING PROPERLY,RAIN,"DARKNESS, LIGHTED ROAD",REAR END,DIVIDED - W/MEDIAN (NOT RAISED),,STRAIGHT AND LEVEL,WET,NO DEFECTS,NOT ON SCENE (DESK REPORT),NO INJURY / DRIVE AWAY,,,,"OVER $1,500",11/1/2017 18:20,FOLLOWING TOO CLOSELY,WEATHER,765,W,127TH ST,523,,,,,,,3,NO INDICATION OF INJURY,0,0,0,0,0,3,0,17,4,11,41.66313615,-87.64135826,POINT (-87.641358256101 41.663136147819),1
JA494796,,11/1/2017 17:15,30,TRAFFIC SIGNAL,FUNCTIONING PROPERLY,RAIN,"DARKNESS, LIGHTED ROAD",REAR END,DIVIDED - W/MEDIAN BARRIER,0,STRAIGHT AND LEVEL,WET,NO DEFECTS,NOT ON SCENE (DESK REPORT),INJURY AND / OR TOW DUE TO CRASH,Y,,,"OVER $1,500",11/1/2017 17:17,EXCEEDING SAFE SPEED FOR CONDITIONS,WEATHER,5501,S,STATE ST,225,,,,,,,3,"REPORTED, NOT EVIDENT",2,0,0,0,2,2,0,17,4,11,41.79422973,-87.62554271,POINT (-87.625542710987 41.794229727661),1
JA502975,,11/1/2017 17:18,30,NO CONTROLS,NO CONTROLS,RAIN,DAYLIGHT,REAR END,NOT DIVIDED,,STRAIGHT AND LEVEL,WET,NO DEFECTS,NOT ON SCENE (DESK REPORT),INJURY AND / OR TOW DUE TO CRASH,,,,"$501 - $1,500",11/7/2017 18:30,UNABLE TO DETERMINE,WEATHER,6310,S,DR MARTIN LUTHER KING JR DR,312,,,,,,,3,"REPORTED, NOT EVIDENT",1,0,0,0,1,2,0,17,4,11,41.77982622,-87.61576127,POINT (-87.615761267949 41.779826221914),1
JA494941,,11/1/2017 17:20,25,NO CONTROLS,NO CONTROLS,RAIN,DAYLIGHT,REAR END,DIVIDED - W/MEDIAN (NOT RAISED),4,STRAIGHT AND LEVEL,WET,NO DEFECTS,NOT ON SCENE (DESK REPORT),NO INJURY / DRIVE AWAY,,,,"$501 - $1,500",11/1/2017 18:46,UNABLE TO DETERMINE,UNABLE TO DETERMINE,4470,S,ARCHER AVE,821,,,,,,,2,NO INDICATION OF INJURY,0,0,0,0,0,2,0,17,4,11,41.81214377,-87.70764652,POINT (-87.707646518122 41.812143769945),1
JA495902,,11/1/2017 17:20,30,NO CONTROLS,NO CONTROLS,RAIN,DAYLIGHT,SIDESWIPE SAME DIRECTION,NOT DIVIDED,2,STRAIGHT AND LEVEL,WET,NO DEFECTS,NOT ON SCENE (DESK REPORT),NO INJURY / DRIVE AWAY,,,,"$501 - $1,500",11/2/2017 13:30,UNABLE TO DETERMINE,UNABLE TO DETERMINE,914,W,VAN BUREN ST,1232,,,,,,,2,NO INDICATION OF INJURY,0,0,0,0,0,2,0,17,4,11,41.87673639,-87.65021106,POINT (-87.650211056222 41.876736392491),1
JA496429,,11/1/2017 17:20,30,TRAFFIC SIGNAL,FUNCTIONING PROPERLY,RAIN,"DARKNESS, LIGHTED ROAD",REAR END,DIVIDED - W/MEDIAN (NOT RAISED),2,STRAIGHT AND LEVEL,WET,NO DEFECTS,NOT ON SCENE (DESK REPORT),NO INJURY / DRIVE AWAY,,,,"$501 - $1,500",11/2/2017 19:15,FOLLOWING TOO CLOSELY,FOLLOWING TOO CLOSELY,2563,N,SACRAMENTO AVE,1414,,,,,,,2,NO INDICATION OF INJURY,0,0,0,0,0,2,0,17,4,11,41.92841173,-87.70227328,POINT (-87.702273278711 41.928411732373),1
JA494829,,11/1/2017 17:20,30,STOP SIGN/FLASHER,FUNCTIONING PROPERLY,RAIN,"DARKNESS, LIGHTED ROAD",REAR END,NOT DIVIDED,,STRAIGHT AND LEVEL,WET,NO DEFECTS,NOT ON SCENE (DESK REPORT),NO INJURY / DRIVE AWAY,Y,,,"$501 - $1,500",11/1/2017 17:45,UNABLE TO DETERMINE,UNABLE TO DETERMINE,1358,W,WEBSTER AVE,1811,,,,,,,2,NO INDICATION OF INJURY,0,0,0,0,0,2,0,17,4,11,41.92173036,-87.66313798,POINT (-87.663137976275 41.921730356513),1
JA494810,,11/1/2017 17:22,30,NO CONTROLS,NO CONTROLS,RAIN,"DARKNESS, LIGHTED ROAD",PEDESTRIAN,DIVIDED - W/MEDIAN BARRIER,4,STRAIGHT AND LEVEL,WET,NO DEFECTS,ON SCENE,INJURY AND / OR TOW DUE TO CRASH,Y,,,$500 OR LESS,11/1/2017 17:30,FAILING TO YIELD RIGHT-OF-WAY,WEATHER,901,N,LA SALLE DR,1832,,,,,,,3,NONINCAPACITATING INJURY,2,0,0,2,0,1,0,17,4,11,41.89931206,-87.63264411,POINT (-87.632644112408 41.899312059475),1
JA494852,,11/1/2017 17:25,30,TRAFFIC SIGNAL,FUNCTIONING PROPERLY,RAIN,"DARKNESS, LIGHTED ROAD",SIDESWIPE SAME DIRECTION,NOT DIVIDED,,STRAIGHT AND LEVEL,WET,NO DEFECTS,NOT ON SCENE (DESK REPORT),NO INJURY / DRIVE AWAY,Y,,Y,$500 OR LESS,11/1/2017 18:05,UNABLE TO DETERMINE,UNABLE TO DETERMINE,905,N,MICHIGAN AVE,1833,,,,,,,2,NO INDICATION OF INJURY,0,0,0,0,0,2,0,17,4,11,41.89939578,-87.62398449,POINT (-87.62398448708 41.8993957804),1
JA494807,,11/1/2017 17:25,30,NO CONTROLS,NO CONTROLS,RAIN,DAYLIGHT,REAR END,NOT DIVIDED,,STRAIGHT AND LEVEL,WET,NO DEFECTS,ON SCENE,INJURY AND / OR TOW DUE TO CRASH,,,,"OVER $1,500",11/1/2017 17:28,UNABLE TO DETERMINE,UNABLE TO DETERMINE,3540,W,71ST ST,831,,,,,,,2,NO INDICATION OF INJURY,0,0,0,0,0,2,0,17,4,11,41.76436208,-87.71178557,POINT (-87.711785571757 41.764362083055),1
JA494802,,11/1/2017 17:30,30,TRAFFIC SIGNAL,FUNCTIONING PROPERLY,RAIN,DUSK,TURNING,NOT DIVIDED,2,STRAIGHT AND LEVEL,WET,NO DEFECTS,ON SCENE,INJURY AND / OR TOW DUE TO CRASH,Y,,,"OVER $1,500",11/1/2017 17:30,FAILING TO YIELD RIGHT-OF-WAY,DRIVING SKILLS/KNOWLEDGE/EXPERIENCE,8400,S,JEFFERY BLVD,412,,Y,,,,,2,"REPORTED, NOT EVIDENT",1,0,0,0,1,1,0,17,4,11,41.74255047,-87.5759608,POINT (-87.575960797105 41.742550474171),1
JA495881,,11/1/2017 17:30,30,NO CONTROLS,NO CONTROLS,RAIN,DUSK,PARKED MOTOR VEHICLE,PARKING LOT,,STRAIGHT AND LEVEL,WET,NO DEFECTS,NOT ON SCENE (DESK REPORT),NO INJURY / DRIVE AWAY,,,,"$501 - $1,500",11/2/2017 13:10,UNABLE TO DETERMINE,UNABLE TO DETERMINE,8601,S,STATE ST,632,,,,,,,2,NO INDICATION OF INJURY,0,0,0,0,0,1,0,17,4,11,41.73814999,-87.62404406,POINT (-87.624044055975 41.738149990789),1
JA494981,Y,11/1/2017 17:30,30,TRAFFIC SIGNAL,FUNCTIONING PROPERLY,RAIN,"DARKNESS, LIGHTED ROAD",PEDESTRIAN,NOT DIVIDED,2,STRAIGHT AND LEVEL,WET,NO DEFECTS,ON SCENE,INJURY AND / OR TOW DUE TO CRASH,Y,,,$500 OR LESS,11/1/2017 19:00,FAILING TO REDUCE SPEED TO AVOID CRASH,FAILING TO YIELD RIGHT-OF-WAY,6958,W,BELMONT AVE,1632,,,,,,,2,NONINCAPACITATING INJURY,1,0,0,1,0,2,0,17,4,11,41.9381973,-87.80053029,POINT (-87.800530286835 41.938197302245),1
JA494858,,11/1/2017 17:30,35,UNKNOWN,UNKNOWN,UNKNOWN,DUSK,REAR END,UNKNOWN,2,STRAIGHT AND LEVEL,WET,UNKNOWN,ON SCENE,INJURY AND / OR TOW DUE TO CRASH,,,,"OVER $1,500",11/1/2017 17:50,UNABLE TO DETERMINE,NOT APPLICABLE,3557,N,LINCOLN AVE,1922,,,,,,,2,NO INDICATION OF INJURY,0,0,0,0,0,2,0,17,4,11,41.94677411,-87.67345655,POINT (-87.673456551102 41.946774111044),1
JA496174,,11/1/2017 17:30,25,NO CONTROLS,NO CONTROLS,RAIN,"DARKNESS, LIGHTED ROAD",ANGLE,DIVIDED - W/MEDIAN (NOT RAISED),4,STRAIGHT AND LEVEL,DRY,NO DEFECTS,NOT ON SCENE (DESK REPORT),NO INJURY / DRIVE AWAY,,,,"$501 - $1,500",11/2/2017 15:23,UNABLE TO DETERMINE,UNABLE TO DETERMINE,4500,S,CALIFORNIA AVE,922,,,,,,,3,NO INDICATION OF INJURY,0,0,0,0,0,3,0,17,4,11,41.81181888,-87.69445863,POINT (-87.694458628094 41.811818877708),1
JA497360,,11/1/2017 17:30,30,NO CONTROLS,NO CONTROLS,CLOUDY/OVERCAST,DUSK,REAR END,NOT DIVIDED,4,STRAIGHT AND LEVEL,WET,NO DEFECTS,NOT ON SCENE (DESK REPORT),NO INJURY / DRIVE AWAY,,,,"$501 - $1,500",11/3/2017 17:05,FOLLOWING TOO CLOSELY,FOLLOWING TOO CLOSELY,5130,S,LAKE PARK AVE,234,,,,,,,2,NO INDICATION OF INJURY,0,0,0,0,0,2,0,17,4,11,41.80145655,-87.58774186,POINT (-87.587741862156 41.801456552461),1
JA495059,,11/1/2017 17:30,5,NO CONTROLS,NO CONTROLS,RAIN,"DARKNESS, LIGHTED ROAD",PARKED MOTOR VEHICLE,PARKING LOT,,STRAIGHT AND LEVEL,WET,NO DEFECTS,NOT ON SCENE (DESK REPORT),NO INJURY / DRIVE AWAY,,,Y,"OVER $1,500",11/1/2017 18:05,IMPROPER BACKING,NOT APPLICABLE,1224,S,WABASH AVE,131,,,,,,,2,NO INDICATION OF INJURY,0,0,0,0,0,1,0,17,4,11,41.86672435,-87.62596115,POINT (-87.625961148378 41.866724354056),1
JA494879,,11/1/2017 17:30,30,STOP SIGN/FLASHER,FUNCTIONING PROPERLY,RAIN,"DARKNESS, LIGHTED ROAD",ANGLE,NOT DIVIDED,2,STRAIGHT AND LEVEL,WET,NO DEFECTS,NOT ON SCENE (DESK REPORT),NO INJURY / DRIVE AWAY,Y,,,"OVER $1,500",11/1/2017 18:00,FAILING TO YIELD RIGHT-OF-WAY,NOT APPLICABLE,834,W,GRAND AVE,1214,,,,,,,2,NO INDICATION OF INJURY,0,0,0,0,0,3,0,17,4,11,41.89127898,-87.64894675,POINT (-87.648946752895 41.891278982471),1
JA494833,,11/1/2017 17:31,30,STOP SIGN/FLASHER,FUNCTIONING PROPERLY,RAIN,DUSK,REAR END,ONE-WAY,1,STRAIGHT AND LEVEL,WET,UNKNOWN,NOT ON SCENE (DESK REPORT),NO INJURY / DRIVE AWAY,,,,"OVER $1,500",11/1/2017 18:02,UNABLE TO DETERMINE,"VISION OBSCURED (SIGNS, TREE LIMBS, BUILDINGS, ETC.)",1934,N,ROCKWELL ST,1421,,,,,,,2,NO INDICATION OF INJURY,0,0,0,0,0,2,0,17,4,11,41.916785,-87.69242922,POINT (-87.692429219469 41.91678499646),1
JA494841,,11/1/2017 17:34,30,NO CONTROLS,NO CONTROLS,RAIN,DAYLIGHT,SIDESWIPE SAME DIRECTION,DIVIDED - W/MEDIAN (NOT RAISED),4,STRAIGHT AND LEVEL,WET,NO DEFECTS,ON SCENE,NO INJURY / DRIVE AWAY,,,,"$501 - $1,500",11/1/2017 17:50,DISREGARDING STOP SIGN,NOT APPLICABLE,5005,S,ARCHER AVE,815,,,,,,,2,NO INDICATION OF INJURY,0,0,0,0,0,2,0,17,4,11,41.80207668,-87.72358616,POINT (-87.723586162199 41.802076678743),1
JA494845,,11/1/2017 17:35,25,NO CONTROLS,NO CONTROLS,RAIN,"DARKNESS, LIGHTED ROAD",TURNING,DIVIDED - W/MEDIAN (NOT RAISED),4,STRAIGHT AND LEVEL,WET,NO DEFECTS,NOT ON SCENE (DESK REPORT),NO INJURY / DRIVE AWAY,,,,"$501 - $1,500",11/1/2017 17:50,UNABLE TO DETERMINE,UNABLE TO DETERMINE,6800,S,PULASKI RD,833,,,,,,,2,NO INDICATION OF INJURY,0,0,0,0,0,2,0,17,4,11,41.76950722,-87.72267327,POINT (-87.72267326755 41.769507220616),1
JA494848,,11/1/2017 17:37,30,NO CONTROLS,NO CONTROLS,RAIN,"DARKNESS, LIGHTED ROAD",REAR END,NOT DIVIDED,2,STRAIGHT AND LEVEL,WET,NO DEFECTS,ON SCENE,NO INJURY / DRIVE AWAY,,,,"OVER $1,500",11/1/2017 18:00,UNABLE TO DETERMINE,UNABLE TO DETERMINE,1800,S,KOSTNER AVE,1012,,,,,,,2,NO INDICATION OF INJURY,0,0,0,0,0,4,0,17,4,11,41.85684148,-87.73482282,POINT (-87.734822815255 41.856841483997),1