RD_NO,CRASH_DATE_EST_I,CRASH_DATE,POSTED_SPEED_LIMIT,TRAFFIC_CONTROL_DEVICE,DEVICE_CONDITION,WEATHER_CONDITION,LIGHTING_CONDITION,FIRST_CRASH_TYPE,TRAFFICWAY_TYPE,LANE_CNT,ALIGNMENT,ROADWAY_SURFACE_COND,ROAD_DEFECT,REPORT_TYPE,CRASH_TYPE,INTERSECTION_RELATED_I,NOT_RIGHT_OF_WAY_I,HIT_AND_RUN_I,DAMAGE,DATE_POLICE_NOTIFIED,PRIM_CONTRIBUTORY_CAUSE,SEC_CONTRIBUTORY_CAUSE,STREET_NO,STREET_DIRECTION,STREET_NAME,BEAT_OF_OCCURRENCE,PHOTOS_TAKEN_I,STATEMENTS_TAKEN_I,DOORING_I,WORK_ZONE_I,WORK_ZONE_TYPE,WORKERS_PRESENT_I,NUM_UNITS,MOST_SEVERE_INJURY,INJURIES_TOTAL,INJURIES_FATAL,INJURIES_INCAPACITATING,INJURIES_NON_INCAPACITATING,INJURIES_REPORTED_NOT_EVIDENT,INJURIES_NO_INDICATION,INJURIES_UNKNOWN,CRASH_HOUR,CRASH_DAY_OF_WEEK,CRASH_MONTH,LATITUDE,LONGITUDE,LOCATION,Join
JA494878,,11/1/2017 17:45,20,STOP SIGN/FLASHER,OTHER,RAIN,DUSK,REAR END,DIVIDED - W/MEDIAN (NOT RAISED),2,STRAIGHT AND LEVEL,WET,NO DEFECTS,ON SCENE,INJURY AND / OR TOW DUE TO CRASH,,,Y,"OVER $1,500",11/1/2017 17:54,FOLLOWING TOO CLOSELY,NOT APPLICABLE,7200,S,WENTWORTH AVE,731,,,,,,,3,INCAPACITATING INJURY,1,0,1,0,0,2,0,17,4,11,41.76351932,-87.62987307,POINT (-87.629873071249 41.763519320311),1
JA506381,,11/1/2017 17:45,30,NO CONTROLS,NO CONTROLS,RAIN,DUSK,TURNING,DIVIDED - W/MEDIAN (NOT RAISED),,STRAIGHT AND LEVEL,WET,NO DEFECTS,NOT ON SCENE (DESK REPORT),NO INJURY / DRIVE AWAY,,,,"OVER $1,500",11/10/2017 12:00,IMPROPER TURNING/NO SIGNAL,WEATHER,5501,W,DEVON AVE,1621,,,,N,,,2,NO INDICATION OF INJURY,0,0,0,0,0,5,0,17,4,11,41.99723781,-87.76580767,POINT (-87.76580767353 41.997237811355),1
JA494911,,11/1/2017 17:45,30,TRAFFIC SIGNAL,FUNCTIONING PROPERLY,RAIN,"DARKNESS, LIGHTED ROAD",REAR END,DIVIDED - W/MEDIAN (NOT RAISED),4,STRAIGHT AND LEVEL,WET,UNKNOWN,NOT ON SCENE (DESK REPORT),INJURY AND / OR TOW DUE TO CRASH,Y,,,"OVER $1,500",11/1/2017 18:10,FOLLOWING TOO CLOSELY,WEATHER,500,W,IRVING PARK DR,1925,,,,,,,3,"REPORTED, NOT EVIDENT",2,0,0,0,2,1,0,17,4,11,41.95476962,-87.64419973,POINT (-87.64419972807 41.954769616926),1
JA494863,,11/1/2017 17:45,30,TRAFFIC SIGNAL,FUNCTIONING PROPERLY,RAIN,"DARKNESS, LIGHTED ROAD",TURNING,DIVIDED - W/MEDIAN (NOT RAISED),4,STRAIGHT AND LEVEL,WET,NO DEFECTS,ON SCENE,INJURY AND / OR TOW DUE TO CRASH,Y,,,"OVER $1,500",11/1/2017 17:50,DISREGARDING TRAFFIC SIGNALS,UNABLE TO DETERMINE,10700,S,HALSTED ST,2233,,,,,,,2,NO INDICATION OF INJURY,0,0,0,0,0,2,0,17,4,11,41.69954742,-87.64275192,POINT (-87.64275191512 41.699547414667),1
JA494855,,11/1/2017 17:45,30,TRAFFIC SIGNAL,FUNCTIONING PROPERLY,RAIN,"DARKNESS, LIGHTED ROAD",REAR END,DIVIDED - W/MEDIAN (NOT RAISED),4,STRAIGHT AND LEVEL,WET,NO DEFECTS,ON SCENE,INJURY AND / OR TOW DUE TO CRASH,,,,"OVER $1,500",11/1/2017 18:00,FOLLOWING TOO CLOSELY,FAILING TO REDUCE SPEED TO AVOID CRASH,3843,W,FULLERTON AVE,2525,,,,,,,2,NO INDICATION OF INJURY,0,0,0,0,0,3,0,17,4,11,41.92441222,-87.72363456,POINT (-87.723634563392 41.924412220221),1
JA494890,Y,11/1/2017 17:50,30,STOP SIGN/FLASHER,FUNCTIONING PROPERLY,RAIN,DAYLIGHT,ANGLE,NOT DIVIDED,,STRAIGHT AND LEVEL,WET,NO DEFECTS,NOT ON SCENE (DESK REPORT),NO INJURY / DRIVE AWAY,,,Y,"$501 - $1,500",11/1/2017 18:35,FAILING TO YIELD RIGHT-OF-WAY,NOT APPLICABLE,2400,W,GLENLAKE AVE,2413,,,,,,,2,NO INDICATION OF INJURY,0,0,0,0,0,2,0,17,4,11,41.99238231,-87.68976867,POINT (-87.689768665343 41.992382314081),1
JA494937,,11/1/2017 17:51,30,STOP SIGN/FLASHER,OTHER,RAIN,"DARKNESS, LIGHTED ROAD",PEDESTRIAN,NOT DIVIDED,2,STRAIGHT AND LEVEL,WET,UNKNOWN,ON SCENE,INJURY AND / OR TOW DUE TO CRASH,Y,,,$500 OR LESS,11/1/2017 18:38,UNABLE TO DETERMINE,FAILING TO YIELD RIGHT-OF-WAY,1900,W,CERMAK RD,1234,,,,,,,2,NONINCAPACITATING INJURY,1,0,0,1,0,1,0,17,4,11,41.85231917,-87.67351598,POINT (-87.673515979577 41.85231916935),1
JA494906,,11/1/2017 17:55,30,NO CONTROLS,NO CONTROLS,RAIN,DARKNESS,TURNING,NOT DIVIDED,2,STRAIGHT AND LEVEL,WET,NO DEFECTS,ON SCENE,INJURY AND / OR TOW DUE TO CRASH,,,,"OVER $1,500",11/1/2017 18:09,EXCEEDING SAFE SPEED FOR CONDITIONS,WEATHER,2400,S,MARSHALL BLVD,1033,,,,,,,2,NONINCAPACITATING INJURY,7,0,0,1,6,0,0,17,4,11,41.84815451,-87.69912725,POINT (-87.69912725261 41.848154512659),1
JA494930,,11/1/2017 17:55,30,TRAFFIC SIGNAL,NO CONTROLS,RAIN,"DARKNESS, LIGHTED ROAD",SIDESWIPE SAME DIRECTION,DIVIDED - W/MEDIAN BARRIER,,STRAIGHT AND LEVEL,WET,UNKNOWN,NOT ON SCENE (DESK REPORT),NO INJURY / DRIVE AWAY,,,Y,"OVER $1,500",11/1/2017 18:45,UNABLE TO DETERMINE,UNABLE TO DETERMINE,2235,S,MICHIGAN AVE,132,,,,,,,2,NO INDICATION OF INJURY,0,0,0,0,0,2,0,17,4,11,41.85185589,-87.62363067,POINT (-87.623630673255 41.85185589286),1
JA494874,,11/1/2017 17:56,15,STOP SIGN/FLASHER,FUNCTIONING PROPERLY,RAIN,DARKNESS,ANGLE,OTHER,1,STRAIGHT AND LEVEL,WET,NO DEFECTS,ON SCENE,NO INJURY / DRIVE AWAY,Y,,,"OVER $1,500",11/1/2017 18:07,FAILING TO YIELD RIGHT-OF-WAY,EXCEEDING AUTHORIZED SPEED LIMIT,2300,N,TRIPP AVE,2522,,,,,,,2,NO INDICATION OF INJURY,0,0,0,0,0,2,0,17,4,11,41.92266812,-87.73298527,POINT (-87.732985264593 41.922668122878),1
JA495057,,11/1/2017 18:00,30,TRAFFIC SIGNAL,FUNCTIONING PROPERLY,RAIN,DAYLIGHT,SIDESWIPE SAME DIRECTION,NOT DIVIDED,,STRAIGHT AND LEVEL,WET,NO DEFECTS,NOT ON SCENE (DESK REPORT),NO INJURY / DRIVE AWAY,,,,$500 OR LESS,11/1/2017 20:03,FAILING TO YIELD RIGHT-OF-WAY,FOLLOWING TOO CLOSELY,100,N,CLARK ST,122,,,,,,,2,NO INDICATION OF INJURY,0,0,0,0,0,2,0,18,4,11,41.88327066,-87.63105629,POINT (-87.631056284971 41.883270662247),1
JA497011,,11/1/2017 18:00,35,NO CONTROLS,NO CONTROLS,CLEAR,DUSK,REAR END,NOT DIVIDED,2,STRAIGHT AND LEVEL,DRY,NO DEFECTS,NOT ON SCENE (DESK REPORT),NO INJURY / DRIVE AWAY,,,,"OVER $1,500",11/2/2017 17:03,FOLLOWING TOO CLOSELY,NOT APPLICABLE,4600,S,UNION AVE,925,,,,,,,2,NO INDICATION OF INJURY,0,0,0,0,0,2,0,18,4,11,41.81068266,-87.64330728,POINT (-87.643307282068 41.810682655857),1
JA494895,,11/1/2017 18:00,30,UNKNOWN,UNKNOWN,RAIN,"DARKNESS, LIGHTED ROAD",PARKED MOTOR VEHICLE,NOT DIVIDED,2,STRAIGHT AND LEVEL,WET,NO DEFECTS,ON SCENE,INJURY AND / OR TOW DUE TO CRASH,,,Y,"OVER $1,500",11/1/2017 18:07,UNABLE TO DETERMINE,UNABLE TO DETERMINE,7910,S,RACINE AVE,612,,,,,,,2,NO INDICATION OF INJURY,0,0,0,0,0,1,0,18,4,11,41.75010886,-87.65387435,POINT (-87.653874349795 41.750108862805),1
JA513829,,11/1/2017 18:00,30,NO CONTROLS,NO CONTROLS,CLEAR,DUSK,PARKED MOTOR VEHICLE,ONE-WAY,1,STRAIGHT AND LEVEL,DRY,NO DEFECTS,NOT ON SCENE (DESK REPORT),NO INJURY / DRIVE AWAY,,,,"OVER $1,500",11/16/2017 10:16,UNABLE TO DETERMINE,NOT APPLICABLE,3234,W,BEACH AVE,1422,,,,,,,2,NO INDICATION OF INJURY,0,0,0,0,0,1,0,18,4,11,41.90747399,-87.70830531,POINT (-87.708305307884 41.907473988383),1
JA495009,,11/1/2017 18:05,45,NO CONTROLS,NO CONTROLS,RAIN,"DARKNESS, LIGHTED ROAD",REAR END,DIVIDED - W/MEDIAN BARRIER,,STRAIGHT AND LEVEL,WET,UNKNOWN,NOT ON SCENE (DESK REPORT),INJURY AND / OR TOW DUE TO CRASH,,,,"OVER $1,500",11/1/2017 19:25,FOLLOWING TOO CLOSELY,WEATHER,1601,N,LAKE SHORE DR,1814,,,,,,,2,"REPORTED, NOT EVIDENT",1,0,0,0,1,1,0,18,4,11,41.9113056,-87.62620943,POINT (-87.626209432339 41.911305598351),1
JA494886,,11/1/2017 18:05,30,NO CONTROLS,NO CONTROLS,RAIN,"DARKNESS, LIGHTED ROAD",TURNING,NOT DIVIDED,4,STRAIGHT AND LEVEL,WET,NO DEFECTS,NOT ON SCENE (DESK REPORT),NO INJURY / DRIVE AWAY,,,,"OVER $1,500",11/1/2017 18:15,FAILING TO YIELD RIGHT-OF-WAY,NOT APPLICABLE,6500,S,PULASKI RD,833,,,,,,,2,NO INDICATION OF INJURY,0,0,0,0,0,7,0,18,4,11,41.774965,-87.72281223,POINT (-87.722812226815 41.774964998435),1
JA494974,,11/1/2017 18:08,30,TRAFFIC SIGNAL,FUNCTIONING PROPERLY,RAIN,"DARKNESS, LIGHTED ROAD",REAR END,OTHER,,STRAIGHT AND LEVEL,WET,NO DEFECTS,NOT ON SCENE (DESK REPORT),NO INJURY / DRIVE AWAY,,,,$500 OR LESS,11/1/2017 19:08,FOLLOWING TOO CLOSELY,NOT APPLICABLE,10600,S,TORRENCE AVE,434,,,,,,,2,NO INDICATION OF INJURY,0,0,0,0,0,2,0,18,4,11,41.70268583,-87.55974771,POINT (-87.559747707177 41.702685826641),1
JA494935,,11/1/2017 18:10,30,TRAFFIC SIGNAL,FUNCTIONING PROPERLY,RAIN,DAYLIGHT,REAR END,NOT DIVIDED,4,STRAIGHT AND LEVEL,WET,NO DEFECTS,NOT ON SCENE (DESK REPORT),NO INJURY / DRIVE AWAY,,,,"$501 - $1,500",11/1/2017 18:55,UNABLE TO DETERMINE,NOT APPLICABLE,399,S,ASHLAND AVE,1231,,,,,,,2,NO INDICATION OF INJURY,0,0,0,0,0,2,0,18,4,11,41.87639141,-87.66651864,POINT (-87.666518634825 41.87639141306),1
JA496119,,11/1/2017 18:15,30,NO CONTROLS,NO CONTROLS,RAIN,DARKNESS,TURNING,ONE-WAY,3,STRAIGHT AND LEVEL,WET,NO DEFECTS,NOT ON SCENE (DESK REPORT),NO INJURY / DRIVE AWAY,,,,"$501 - $1,500",11/2/2017 16:15,IMPROPER TURNING/NO SIGNAL,NOT APPLICABLE,20,N,CLINTON ST,121,,,,,,,2,NO INDICATION OF INJURY,0,0,0,0,0,2,0,18,4,11,41.8824846,-87.64135965,POINT (-87.641359650057 41.882484598713),1
JA494949,,11/1/2017 18:15,25,NO CONTROLS,NO CONTROLS,RAIN,"DARKNESS, LIGHTED ROAD",ANGLE,DIVIDED - W/MEDIAN (NOT RAISED),4,STRAIGHT AND LEVEL,WET,NO DEFECTS,NOT ON SCENE (DESK REPORT),NO INJURY / DRIVE AWAY,,,Y,"$501 - $1,500",11/1/2017 18:56,UNABLE TO DETERMINE,UNABLE TO DETERMINE,6100,S,KILDARE AVE,813,,,,,,,2,NO INDICATION OF INJURY,0,0,0,0,0,2,0,18,4,11,41.78212192,-87.73033388,POINT (-87.730333884275 41.782121922298),1
JA494904,,11/1/2017 18:15,30,NO CONTROLS,NO CONTROLS,RAIN,"DARKNESS, LIGHTED ROAD",REAR END,NOT DIVIDED,2,STRAIGHT AND LEVEL,WET,NO DEFECTS,NOT ON SCENE (DESK REPORT),NO INJURY / DRIVE AWAY,,,,"$501 - $1,500",11/1/2017 18:30,WEATHER,FOLLOWING TOO CLOSELY,8000,S,HALSTED ST,621,,,,,,,2,NO INDICATION OF INJURY,0,0,0,0,0,2,0,18,4,11,41.74872543,-87.64413194,POINT (-87.644131939896 41.748725425387),1
JA494893,,11/1/2017 18:18,30,TRAFFIC SIGNAL,FUNCTIONING PROPERLY,RAIN,"DARKNESS, LIGHTED ROAD",REAR END,NOT DIVIDED,2,STRAIGHT AND LEVEL,WET,NO DEFECTS,ON SCENE,NO INJURY / DRIVE AWAY,N,,,"OVER $1,500",11/1/2017 18:18,FOLLOWING TOO CLOSELY,WEATHER,5459,N,LINCOLN AVE,2011,,,,,,,2,NO INDICATION OF INJURY,0,0,0,0,0,2,0,18,4,11,41.98127139,-87.69267729,POINT (-87.69267728882 41.981271389839),1
JA494907,,11/1/2017 18:19,30,NO CONTROLS,NO CONTROLS,RAIN,"DARKNESS, LIGHTED ROAD",PARKED MOTOR VEHICLE,NOT DIVIDED,2,STRAIGHT AND LEVEL,WET,NO DEFECTS,ON SCENE,INJURY AND / OR TOW DUE TO CRASH,,,,"OVER $1,500",11/1/2017 18:20,WEATHER,UNABLE TO DETERMINE,1721,W,BERTEAU AVE,1912,,,,,,,2,NO INDICATION OF INJURY,0,0,0,0,0,1,0,18,4,11,41.95780105,-87.67163675,POINT (-87.671636745191 41.957801046311),1
JA495632,,11/1/2017 18:20,30,TRAFFIC SIGNAL,FUNCTIONING PROPERLY,RAIN,"DARKNESS, LIGHTED ROAD",REAR END,NOT DIVIDED,,STRAIGHT AND LEVEL,WET,NO DEFECTS,NOT ON SCENE (DESK REPORT),NO INJURY / DRIVE AWAY,,,,"OVER $1,500",11/2/2017 10:20,FOLLOWING TOO CLOSELY,FAILING TO REDUCE SPEED TO AVOID CRASH,200,N,WABASH AVE,111,,,,,,,2,NO INDICATION OF INJURY,0,0,0,0,0,4,0,18,4,11,41.88575742,-87.62642637,POINT (-87.626426369268 41.88575741772),1
JA495083,,11/1/2017 18:20,30,TRAFFIC SIGNAL,FUNCTIONING PROPERLY,RAIN,"DARKNESS, LIGHTED ROAD",SIDESWIPE SAME DIRECTION,ONE-WAY,2,STRAIGHT AND LEVEL,WET,"RUT, HOLES",NOT ON SCENE (DESK REPORT),NO INJURY / DRIVE AWAY,,,,"$501 - $1,500",11/1/2017 20:10,FAILING TO YIELD RIGHT-OF-WAY,WEATHER,7500,S,LAFAYETTE AVE,623,,,,,,,2,NO INDICATION OF INJURY,0,0,0,0,0,2,0,18,4,11,41.75806853,-87.62651698,POINT (-87.626516982328 41.75806853202),1
JA494982,,11/1/2017 18:30,35,NO CONTROLS,NO CONTROLS,RAIN,"DARKNESS, LIGHTED ROAD",PARKED MOTOR VEHICLE,NOT DIVIDED,,STRAIGHT AND LEVEL,WET,NO DEFECTS,ON SCENE,NO INJURY / DRIVE AWAY,,,Y,"OVER $1,500",11/1/2017 19:13,FAILING TO REDUCE SPEED TO AVOID CRASH,WEATHER,6645,S,HALSTED ST,723,,,,,,,2,NO INDICATION OF INJURY,0,0,0,0,0,1,0,18,4,11,41.77296603,-87.64446307,POINT (-87.644463070676 41.772966029501),1
JA494996,Y,11/1/2017 18:30,30,TRAFFIC SIGNAL,FUNCTIONING PROPERLY,RAIN,DAYLIGHT,SIDESWIPE OPPOSITE DIRECTION,NOT DIVIDED,2,STRAIGHT AND LEVEL,WET,NO DEFECTS,NOT ON SCENE (DESK REPORT),NO INJURY / DRIVE AWAY,,,,"OVER $1,500",11/1/2017 19:20,IMPROPER OVERTAKING/PASSING,NOT APPLICABLE,251,N,LOWER STETSON AVE,114,,,,,,,2,NO INDICATION OF INJURY,0,0,0,0,0,2,0,18,4,11,41.88670897,-87.6222157,POINT (-87.622215695656 41.886708965328),1
JA494998,,11/1/2017 18:30,15,NO CONTROLS,NO CONTROLS,RAIN,DUSK,ANGLE,PARKING LOT,,STRAIGHT AND LEVEL,WET,NO DEFECTS,NOT ON SCENE (DESK REPORT),NO INJURY / DRIVE AWAY,,,,$500 OR LESS,11/1/2017 19:33,UNABLE TO DETERMINE,NOT APPLICABLE,7850,S,DR MARTIN LUTHER KING JR DR,623,,,,,,,2,NO INDICATION OF INJURY,0,0,0,0,0,2,0,18,4,11,41.75143029,-87.61511273,POINT (-87.615112733615 41.751430294265),1
JA494896,,11/1/2017 18:30,30,NO CONTROLS,NO CONTROLS,RAIN,"DARKNESS, LIGHTED ROAD",TURNING,DIVIDED - W/MEDIAN (NOT RAISED),,STRAIGHT AND LEVEL,WET,NO DEFECTS,ON SCENE,INJURY AND / OR TOW DUE TO CRASH,,,,"OVER $1,500",11/1/2017 18:35,UNABLE TO DETERMINE,UNABLE TO DETERMINE,5141,S,WESTERN BLVD,932,,,,,,,3,NO INDICATION OF INJURY,0,0,0,0,0,3,0,18,4,11,41.79985444,-87.68348347,POINT (-87.68348346487 41.799854444417),1
JA498351,,11/1/2017 18:30,30,TRAFFIC SIGNAL,FUNCTIONING PROPERLY,RAIN,DUSK,TURNING,DIVIDED - W/MEDIAN (NOT RAISED),2,STRAIGHT AND LEVEL,WET,NO DEFECTS,NOT ON SCENE (DESK REPORT),NO INJURY / DRIVE AWAY,Y,,N,"OVER $1,500",11/4/2017 9:26,DRIVING SKILLS/KNOWLEDGE/EXPERIENCE,EXCEEDING SAFE SPEED FOR CONDITIONS,1599,N,PULASKI RD,2535,,,,,,,2,NO INDICATION OF INJURY,0,0,0,0,0,2,0,18,4,11,41.90975548,-87.72620537,POINT (-87.726205370232 41.909755481676),1
JA494944,,11/1/2017 18:36,30,NO CONTROLS,NO CONTROLS,RAIN,"DARKNESS, LIGHTED ROAD",PARKED MOTOR VEHICLE,DIVIDED - W/MEDIAN BARRIER,,STRAIGHT AND LEVEL,WET,NO DEFECTS,ON SCENE,NO INJURY / DRIVE AWAY,,,,$500 OR LESS,11/1/2017 18:36,NOT APPLICABLE,NOT APPLICABLE,8549,S,STONY ISLAND AVE,412,,,,,,,2,NO INDICATION OF INJURY,0,0,0,0,0,1,0,18,4,11,41.73910316,-87.58510738,POINT (-87.585107379104 41.739103163293),1
JA494977,,11/1/2017 18:39,30,TRAFFIC SIGNAL,FUNCTIONING PROPERLY,RAIN,"DARKNESS, LIGHTED ROAD",PEDESTRIAN,DIVIDED - W/MEDIAN (NOT RAISED),2,STRAIGHT AND LEVEL,WET,NO DEFECTS,ON SCENE,INJURY AND / OR TOW DUE TO CRASH,Y,,,$500 OR LESS,11/1/2017 18:45,UNABLE TO DETERMINE,UNABLE TO DETERMINE,1800,W,IRVING PARK RD,1912,,,,,,,2,NONINCAPACITATING INJURY,1,0,0,1,0,2,0,18,4,11,41.95432384,-87.67432084,POINT (-87.674320836882 41.954323837944),1
JA494995,,11/1/2017 18:40,30,NO CONTROLS,NO CONTROLS,RAIN,"DARKNESS, LIGHTED ROAD",FIXED OBJECT,NOT DIVIDED,2,STRAIGHT AND LEVEL,WET,NO DEFECTS,,NO INJURY / DRIVE AWAY,,,,$500 OR LESS,11/1/2017 19:30,UNABLE TO DETERMINE,NOT APPLICABLE,1818,N,WELLS ST,1814,,,,,,,1,NO INDICATION OF INJURY,0,0,0,0,0,2,0,18,4,11,41.91534961,-87.63498801,POINT (-87.634988006119 41.915349606194),1
JA494976,,11/1/2017 18:41,30,NO CONTROLS,NO CONTROLS,RAIN,"DARKNESS, LIGHTED ROAD",FIXED OBJECT,NOT DIVIDED,,STRAIGHT AND LEVEL,WET,NO DEFECTS,,INJURY AND / OR TOW DUE TO CRASH,,,,$500 OR LESS,11/1/2017 18:41,UNABLE TO DETERMINE,UNABLE TO DETERMINE,1709,W,LAWRENCE AVE,1912,,,,,,,1,NO INDICATION OF INJURY,0,0,0,0,0,3,0,18,4,11,41.968747,-87.67143005,POINT (-87.671430046582 41.968746996002),1
JA494965,,11/1/2017 18:42,10,NO CONTROLS,NO CONTROLS,RAIN,"DARKNESS, LIGHTED ROAD",PARKED MOTOR VEHICLE,PARKING LOT,,STRAIGHT AND LEVEL,WET,NO DEFECTS,ON SCENE,NO INJURY / DRIVE AWAY,,,Y,"OVER $1,500",11/1/2017 18:49,UNABLE TO DETERMINE,UNABLE TO DETERMINE,11501,S,HALSTED ST,524,,,,,,,2,NO INDICATION OF INJURY,0,0,0,0,0,1,0,18,4,11,41.68502959,-87.64200453,POINT (-87.642004532189 41.685029586669),1
JA494951,,11/1/2017 18:44,35,STOP SIGN/FLASHER,FUNCTIONING PROPERLY,RAIN,"DARKNESS, LIGHTED ROAD",HEAD ON,NOT DIVIDED,2,STRAIGHT AND LEVEL,WET,UNKNOWN,ON SCENE,INJURY AND / OR TOW DUE TO CRASH,Y,,,"OVER $1,500",11/1/2017 18:44,IMPROPER TURNING/NO SIGNAL,DISREGARDING STOP SIGN,3031,N,BROADWAY,1934,,,,,,,3,NONINCAPACITATING INJURY,1,0,0,1,0,2,0,18,4,11,41.93742967,-87.64416544,POINT (-87.644165443633 41.937429672803),1
JA495180,,11/1/2017 18:45,30,NO CONTROLS,NO CONTROLS,RAIN,"DARKNESS, LIGHTED ROAD",SIDESWIPE SAME DIRECTION,DIVIDED - W/MEDIAN (NOT RAISED),,STRAIGHT AND LEVEL,WET,UNKNOWN,NOT ON SCENE (DESK REPORT),NO INJURY / DRIVE AWAY,,,,"OVER $1,500",11/1/2017 21:40,NOT APPLICABLE,NOT APPLICABLE,3950,W,LAKE ST,1122,,,,,,,2,NO INDICATION OF INJURY,0,0,0,0,0,2,0,18,4,11,41.88556198,-87.72547623,POINT (-87.725476229459 41.885561979427),1
JA498813,,11/1/2017 18:45,15,NO CONTROLS,NO CONTROLS,CLEAR,DAYLIGHT,PARKED MOTOR VEHICLE,NOT DIVIDED,2,STRAIGHT AND LEVEL,WET,NO DEFECTS,NOT ON SCENE (DESK REPORT),NO INJURY / DRIVE AWAY,,,Y,"OVER $1,500",11/4/2017 15:45,UNABLE TO DETERMINE,NOT APPLICABLE,13,S,KEDZIE AVE,1124,,,,,,,2,NO INDICATION OF INJURY,0,0,0,0,0,1,0,18,4,11,41.88053302,-87.70596239,POINT (-87.705962388495 41.880533022301),1
JA495139,,11/1/2017 18:50,35,TRAFFIC SIGNAL,FUNCTIONING PROPERLY,RAIN,"DARKNESS, LIGHTED ROAD",REAR END,NOT DIVIDED,4,STRAIGHT AND LEVEL,WET,NO DEFECTS,NOT ON SCENE (DESK REPORT),NO INJURY / DRIVE AWAY,,,,"$501 - $1,500",11/1/2017 21:00,EQUIPMENT - VEHICLE CONDITION,WEATHER,4100,S,PULASKI RD,815,,,,,,,3,NO INDICATION OF INJURY,0,0,0,0,0,3,0,18,4,11,41.81834902,-87.72409641,POINT (-87.724096405469 41.818349016985),1
JA494993,,11/1/2017 18:50,20,NO CONTROLS,NO CONTROLS,RAIN,"DARKNESS, LIGHTED ROAD",PARKED MOTOR VEHICLE,NOT DIVIDED,2,STRAIGHT AND LEVEL,WET,NO DEFECTS,NOT ON SCENE (DESK REPORT),NO INJURY / DRIVE AWAY,,,,"OVER $1,500",11/1/2017 19:25,DRIVING SKILLS/KNOWLEDGE/EXPERIENCE,UNABLE TO DETERMINE,5208,S,CALIFORNIA AVE,923,,,,,,,2,NO INDICATION OF INJURY,0,0,0,0,0,1,0,18,4,11,41.79884367,-87.69408738,POINT (-87.694087377078 41.79884366856),1
JA495011,,11/1/2017 18:50,30,NO CONTROLS,NO CONTROLS,RAIN,DARKNESS,PARKED MOTOR VEHICLE,DIVIDED - W/MEDIAN (NOT RAISED),4,STRAIGHT AND LEVEL,WET,NO DEFECTS,ON SCENE,INJURY AND / OR TOW DUE TO CRASH,,,Y,"OVER $1,500",11/1/2017 18:50,IMPROPER OVERTAKING/PASSING,DRIVING SKILLS/KNOWLEDGE/EXPERIENCE,5646,W,NORTH AVE,2531,,,,,,,2,NO INDICATION OF INJURY,0,0,0,0,0,1,0,18,4,11,41.90946269,-87.76743286,POINT (-87.76743285745 41.909462685112),1
JA495214,N,11/1/2017 18:50,10,NO CONTROLS,NO CONTROLS,RAIN,DARKNESS,PARKED MOTOR VEHICLE,OTHER,,STRAIGHT AND LEVEL,WET,NO DEFECTS,ON SCENE,NO INJURY / DRIVE AWAY,,Y,Y,"OVER $1,500",11/1/2017 20:45,UNABLE TO DETERMINE,UNABLE TO DETERMINE,1815,W,MONROE ST,1223,,,,,,,2,NO INDICATION OF INJURY,0,0,0,0,0,1,0,18,4,11,41.87997165,-87.67233615,POINT (-87.672336145083 41.879971646857),1
JA494990,,11/1/2017 18:50,30,TRAFFIC SIGNAL,FUNCTIONING PROPERLY,RAIN,"DARKNESS, LIGHTED ROAD",ANGLE,DIVIDED - W/MEDIAN (NOT RAISED),2,STRAIGHT AND LEVEL,WET,NO DEFECTS,NOT ON SCENE (DESK REPORT),NO INJURY / DRIVE AWAY,,,,"$501 - $1,500",11/1/2017 19:20,FAILING TO YIELD RIGHT-OF-WAY,NOT APPLICABLE,1198,W,THORNDALE AVE,2433,,,,,,,2,NO INDICATION OF INJURY,0,0,0,0,0,2,0,18,4,11,41.99011704,-87.66017523,POINT (-87.660175229791 41.990117039805),1
JA494964,,11/1/2017 18:54,5,NO CONTROLS,NO CONTROLS,RAIN,"DARKNESS, LIGHTED ROAD",PEDESTRIAN,PARKING LOT,1,STRAIGHT AND LEVEL,WET,NO DEFECTS,ON SCENE,INJURY AND / OR TOW DUE TO CRASH,,,,$500 OR LESS,11/1/2017 18:57,FAILING TO REDUCE SPEED TO AVOID CRASH,NOT APPLICABLE,151,E,WACKER DR,114,,,,,,,2,"REPORTED, NOT EVIDENT",1,0,0,0,1,1,0,18,4,11,41.88799989,-87.62256513,POINT (-87.62256513256 41.887999887349),1
JA494955,,11/1/2017 18:58,30,NO CONTROLS,NO CONTROLS,RAIN,"DARKNESS, LIGHTED ROAD",SIDESWIPE OPPOSITE DIRECTION,NOT DIVIDED,4,STRAIGHT AND LEVEL,WET,NO DEFECTS,ON SCENE,INJURY AND / OR TOW DUE TO CRASH,,,,"OVER $1,500",11/1/2017 18:58,EXCEEDING AUTHORIZED SPEED LIMIT,NOT APPLICABLE,7736,N,SHERIDAN RD,2422,,,,,,,3,NONINCAPACITATING INJURY,1,0,0,1,0,3,0,18,4,11,42.02231243,-87.66698019,POINT (-87.666980188891 42.022312424809),1