RD_NO,CRASH_DATE_EST_I,CRASH_DATE,POSTED_SPEED_LIMIT,TRAFFIC_CONTROL_DEVICE,DEVICE_CONDITION,WEATHER_CONDITION,LIGHTING_CONDITION,FIRST_CRASH_TYPE,TRAFFICWAY_TYPE,LANE_CNT,ALIGNMENT,ROADWAY_SURFACE_COND,ROAD_DEFECT,REPORT_TYPE,CRASH_TYPE,INTERSECTION_RELATED_I,NOT_RIGHT_OF_WAY_I,HIT_AND_RUN_I,DAMAGE,DATE_POLICE_NOTIFIED,PRIM_CONTRIBUTORY_CAUSE,SEC_CONTRIBUTORY_CAUSE,STREET_NO,STREET_DIRECTION,STREET_NAME,BEAT_OF_OCCURRENCE,PHOTOS_TAKEN_I,STATEMENTS_TAKEN_I,DOORING_I,WORK_ZONE_I,WORK_ZONE_TYPE,WORKERS_PRESENT_I,NUM_UNITS,MOST_SEVERE_INJURY,INJURIES_TOTAL,INJURIES_FATAL,INJURIES_INCAPACITATING,INJURIES_NON_INCAPACITATING,INJURIES_REPORTED_NOT_EVIDENT,INJURIES_NO_INDICATION,INJURIES_UNKNOWN,CRASH_HOUR,CRASH_DAY_OF_WEEK,CRASH_MONTH,LATITUDE,LONGITUDE,LOCATION,Join
JA496569,,11/2/2017 1:00,10,NO CONTROLS,NO CONTROLS,CLEAR,DARKNESS,PARKED MOTOR VEHICLE,NOT DIVIDED,,STRAIGHT AND LEVEL,DRY,NO DEFECTS,NOT ON SCENE (DESK REPORT),NO INJURY / DRIVE AWAY,,,Y,"OVER $1,500",11/2/2017 21:06,UNABLE TO DETERMINE,UNABLE TO DETERMINE,6585,S,CAMPBELL AVE,832,,,,,,,2,NO INDICATION OF INJURY,0,0,0,0,0,1,0,1,5,11,41.77385323,-87.68578637,POINT (-87.685786372426 41.773853225829),1
JA498974,Y,11/2/2017 1:00,30,NO CONTROLS,NO CONTROLS,UNKNOWN,"DARKNESS, LIGHTED ROAD",PARKED MOTOR VEHICLE,NOT DIVIDED,2,STRAIGHT AND LEVEL,UNKNOWN,UNKNOWN,NOT ON SCENE (DESK REPORT),NO INJURY / DRIVE AWAY,,N,Y,"OVER $1,500",11/4/2017 18:00,UNABLE TO DETERMINE,UNABLE TO DETERMINE,4411,W,JACKSON BLVD,1131,,,,,,,2,NO INDICATION OF INJURY,0,0,0,0,0,1,0,1,5,11,41.87685003,-87.73584925,POINT (-87.735849247745 41.876850030306),1
JA495322,,11/2/2017 1:06,30,NO CONTROLS,NO CONTROLS,RAIN,"DARKNESS, LIGHTED ROAD",PARKED MOTOR VEHICLE,DIVIDED - W/MEDIAN (NOT RAISED),,STRAIGHT AND LEVEL,WET,NO DEFECTS,ON SCENE,NO INJURY / DRIVE AWAY,,,Y,"OVER $1,500",11/2/2017 1:06,"OPERATING VEHICLE IN ERRATIC, RECKLESS, CARELESS, NEGLIGENT OR AGGRESSIVE MANNER",NOT APPLICABLE,3613,W,LAWRENCE AVE,1723,,N,,,,,3,NO INDICATION OF INJURY,0,0,0,0,0,1,0,1,5,11,41.96823091,-87.71882158,POINT (-87.718821583015 41.968230906101),1
JA495354,Y,11/2/2017 1:45,30,NO CONTROLS,NOT FUNCTIONING,RAIN,"DARKNESS, LIGHTED ROAD",FIXED OBJECT,PARKING LOT,0,STRAIGHT AND LEVEL,WET,SHOULDER DEFECT,ON SCENE,NO INJURY / DRIVE AWAY,,Y,Y,"OVER $1,500",11/2/2017 1:53,HAD BEEN DRINKING (USE WHEN ARREST IS NOT MADE),NOT APPLICABLE,6901,S,WESTERN AVE,832,,,,,,,1,NO INDICATION OF INJURY,0,0,0,0,0,1,0,1,5,11,41.76824397,-87.6831938,POINT (-87.683193800933 41.768243971967),1
JA495344,,11/2/2017 2:00,35,UNKNOWN,UNKNOWN,RAIN,"DARKNESS, LIGHTED ROAD",FIXED OBJECT,DRIVEWAY,2,STRAIGHT AND LEVEL,WET,UNKNOWN,ON SCENE,NO INJURY / DRIVE AWAY,,,,"OVER $1,500",11/2/2017 2:15,NOT APPLICABLE,NOT APPLICABLE,6121,W,HIGGINS AVE,1622,,,,,,,1,NO INDICATION OF INJURY,0,0,0,0,0,1,0,2,5,11,41.97413549,-87.78158978,POINT (-87.78158977519 41.974135491754),1
JA495353,,11/2/2017 2:06,30,NO CONTROLS,NO CONTROLS,RAIN,"DARKNESS, LIGHTED ROAD",FIXED OBJECT,NOT DIVIDED,2,STRAIGHT AND LEVEL,WET,NO DEFECTS,ON SCENE,INJURY AND / OR TOW DUE TO CRASH,,,,"$501 - $1,500",11/2/2017 2:15,WEATHER,UNABLE TO DETERMINE,11000,S,KEDZIE AVE,2211,,,,,,,1,NO INDICATION OF INJURY,0,0,0,0,0,1,0,2,5,11,41.69329964,-87.70103488,POINT (-87.701034874831 41.693299638486),1
JA495357,,11/2/2017 2:46,30,NO CONTROLS,FUNCTIONING PROPERLY,RAIN,"DARKNESS, LIGHTED ROAD",REAR END,DIVIDED - W/MEDIAN BARRIER,,STRAIGHT AND LEVEL,WET,UNKNOWN,ON SCENE,INJURY AND / OR TOW DUE TO CRASH,,,Y,"OVER $1,500",11/2/2017 2:46,FAILING TO REDUCE SPEED TO AVOID CRASH,UNABLE TO DETERMINE,6815,S,DORCHESTER AVE,332,,,,,,,2,NO INDICATION OF INJURY,0,0,0,0,0,3,0,2,5,11,41.77100528,-87.59097127,POINT (-87.590971272861 41.771005283443),1
JA495591,,11/2/2017 3:00,30,NO CONTROLS,NO CONTROLS,CLEAR,"DARKNESS, LIGHTED ROAD",PARKED MOTOR VEHICLE,NOT DIVIDED,,STRAIGHT AND LEVEL,WET,NO DEFECTS,NOT ON SCENE (DESK REPORT),NO INJURY / DRIVE AWAY,,,Y,"OVER $1,500",11/2/2017 9:40,IMPROPER LANE USAGE,UNABLE TO DETERMINE,5749,N,ELSTON AVE,1622,,,,,,,2,NO INDICATION OF INJURY,0,0,0,0,0,1,0,3,5,11,41.98598537,-87.76993929,POINT (-87.76993929152 41.985985366605),1
JA496136,,11/2/2017 3:00,30,NO CONTROLS,NO CONTROLS,CLEAR,"DARKNESS, LIGHTED ROAD",PARKED MOTOR VEHICLE,NOT DIVIDED,2,STRAIGHT AND LEVEL,DRY,NO DEFECTS,NOT ON SCENE (DESK REPORT),NO INJURY / DRIVE AWAY,,,Y,"OVER $1,500",11/2/2017 16:23,UNABLE TO DETERMINE,NOT APPLICABLE,5427,N,ELSTON AVE,1621,,,,,,,2,NO INDICATION OF INJURY,0,0,0,0,0,1,0,3,5,11,41.98005921,-87.75934983,POINT (-87.759349832132 41.980059211102),1
JA495383,,11/2/2017 4:00,30,NO CONTROLS,NO CONTROLS,RAIN,"DARKNESS, LIGHTED ROAD",FIXED OBJECT,NOT DIVIDED,,STRAIGHT AND LEVEL,WET,NO DEFECTS,ON SCENE,INJURY AND / OR TOW DUE TO CRASH,,,Y,"OVER $1,500",11/2/2017 4:06,NOT APPLICABLE,NOT APPLICABLE,438,E,PERSHING RD,212,,,,,,,1,NO INDICATION OF INJURY,0,0,0,0,0,1,0,4,5,11,41.82396863,-87.61519099,POINT (-87.615190990846 41.823968633557),1
JA495381,,11/2/2017 4:37,30,STOP SIGN/FLASHER,FUNCTIONING PROPERLY,RAIN,"DARKNESS, LIGHTED ROAD",FIXED OBJECT,ONE-WAY,1,STRAIGHT AND LEVEL,WET,NO DEFECTS,ON SCENE,NO INJURY / DRIVE AWAY,Y,,Y,"OVER $1,500",11/2/2017 4:40,UNABLE TO DETERMINE,UNABLE TO DETERMINE,1256,N,CLEAVER ST,1433,,,,,,,1,NO INDICATION OF INJURY,0,0,0,0,0,1,0,4,5,11,41.90509878,-87.66402687,POINT (-87.664026872099 41.905098775296),1
JA495385,,11/2/2017 4:50,30,TRAFFIC SIGNAL,UNKNOWN,UNKNOWN,DARKNESS,REAR END,DIVIDED - W/MEDIAN (NOT RAISED),,STRAIGHT AND LEVEL,WET,UNKNOWN,ON SCENE,INJURY AND / OR TOW DUE TO CRASH,,,,"OVER $1,500",11/2/2017 5:05,FAILING TO REDUCE SPEED TO AVOID CRASH,NOT APPLICABLE,4339,S,KEDZIE AVE,922,,,,,,,2,NONINCAPACITATING INJURY,1,0,0,1,0,1,0,4,5,11,41.81418135,-87.70406676,POINT (-87.704066755562 41.814181351549),1
JA495206,Y,11/2/2017 5:00,25,NO CONTROLS,NO CONTROLS,UNKNOWN,UNKNOWN,PARKED MOTOR VEHICLE,ONE-WAY,,STRAIGHT AND LEVEL,UNKNOWN,NO DEFECTS,NOT ON SCENE (DESK REPORT),NO INJURY / DRIVE AWAY,,,,$500 OR LESS,11/2/2017 10:50,UNABLE TO DETERMINE,UNABLE TO DETERMINE,5349,N,SPAULDING AVE,1712,,,,,,,2,NO INDICATION OF INJURY,0,0,0,0,0,1,0,5,5,11,41.97901544,-87.71104795,POINT (-87.711047950835 41.979015438332),1
JA495389,,11/2/2017 5:05,35,NO CONTROLS,NO CONTROLS,RAIN,"DARKNESS, LIGHTED ROAD",SIDESWIPE SAME DIRECTION,NOT DIVIDED,,STRAIGHT AND LEVEL,WET,NO DEFECTS,ON SCENE,INJURY AND / OR TOW DUE TO CRASH,,,Y,"OVER $1,500",11/2/2017 5:15,IMPROPER TURNING/NO SIGNAL,NOT APPLICABLE,4650,S,WESTERN BLVD,922,,,,,,,2,NO INDICATION OF INJURY,0,0,0,0,0,3,0,5,5,11,41.80866078,-87.68402741,POINT (-87.684027413697 41.808660776258),1
JA495401,,11/2/2017 5:10,30,TRAFFIC SIGNAL,FUNCTIONING PROPERLY,RAIN,"DARKNESS, LIGHTED ROAD",ANGLE,NOT DIVIDED,2,STRAIGHT AND LEVEL,WET,NO DEFECTS,ON SCENE,INJURY AND / OR TOW DUE TO CRASH,Y,,,"OVER $1,500",11/2/2017 6:00,DISREGARDING TRAFFIC SIGNALS,UNABLE TO DETERMINE,5599,N,NAGLE AVE,1622,,,,,,,2,NO INDICATION OF INJURY,0,0,0,0,0,3,0,5,5,11,41.98288295,-87.78758816,POINT (-87.787588154962 41.982882946329),1
JA495387,Y,11/2/2017 5:10,35,NO CONTROLS,NO CONTROLS,RAIN,"DARKNESS, LIGHTED ROAD",PARKED MOTOR VEHICLE,NOT DIVIDED,2,STRAIGHT AND LEVEL,WET,NO DEFECTS,ON SCENE,NO INJURY / DRIVE AWAY,,,N,"OVER $1,500",11/2/2017 5:13,UNABLE TO DETERMINE,UNABLE TO DETERMINE,5319,N,WASHTENAW AVE,2011,,,,,,,2,NO INDICATION OF INJURY,0,0,0,0,0,1,0,5,5,11,41.9782773,-87.69641935,POINT (-87.696419346162 41.978277296761),1
JA496836,,11/2/2017 5:20,0,NO CONTROLS,NO CONTROLS,CLEAR,DAYLIGHT,SIDESWIPE SAME DIRECTION,NOT DIVIDED,4,STRAIGHT AND LEVEL,WET,NO DEFECTS,NOT ON SCENE (DESK REPORT),NO INJURY / DRIVE AWAY,,,,"$501 - $1,500",11/3/2017 6:15,IMPROPER LANE USAGE,UNABLE TO DETERMINE,10955,S,WESTERN AVE,2212,,,,,,,2,NO INDICATION OF INJURY,0,0,0,0,0,2,0,5,5,11,41.69404203,-87.68107899,POINT (-87.681078992843 41.694042033252),1
JA495391,,11/2/2017 5:30,35,TRAFFIC SIGNAL,FUNCTIONING PROPERLY,RAIN,"DARKNESS, LIGHTED ROAD",REAR END,NOT DIVIDED,6,STRAIGHT AND LEVEL,WET,NO DEFECTS,ON SCENE,NO INJURY / DRIVE AWAY,,,,"OVER $1,500",11/2/2017 5:35,FOLLOWING TOO CLOSELY,UNABLE TO DETERMINE,6109,S,CICERO AVE,813,,,,,,,2,NO INDICATION OF INJURY,0,0,0,0,0,2,0,5,5,11,41.78176784,-87.74225491,POINT (-87.742254912971 41.781767842396),1
JA495479,Y,11/2/2017 5:30,25,NO CONTROLS,NO CONTROLS,UNKNOWN,UNKNOWN,PARKED MOTOR VEHICLE,ONE-WAY,1,STRAIGHT AND LEVEL,UNKNOWN,NO DEFECTS,ON SCENE,NO INJURY / DRIVE AWAY,,,,"OVER $1,500",11/2/2017 7:35,UNABLE TO DETERMINE,UNABLE TO DETERMINE,9915,S,EMERALD AVE,2232,,,,,,,2,NO INDICATION OF INJURY,0,0,0,0,0,1,0,5,5,11,41.71373705,-87.64165365,POINT (-87.641653654102 41.713737053558),1
JA495394,,11/2/2017 5:42,30,TRAFFIC SIGNAL,FUNCTIONING PROPERLY,RAIN,DAWN,FIXED OBJECT,DIVIDED - W/MEDIAN (NOT RAISED),2,STRAIGHT AND LEVEL,WET,NO DEFECTS,ON SCENE,NO INJURY / DRIVE AWAY,,Y,Y,"$501 - $1,500",11/2/2017 5:42,EXCEEDING SAFE SPEED FOR CONDITIONS,UNABLE TO DETERMINE,2758,W,PETERSON AVE,2413,,,,,,,1,NO INDICATION OF INJURY,0,0,0,0,0,1,0,5,5,11,41.99055279,-87.69934264,POINT (-87.69934263843 41.990552785496),1
JA495400,,11/2/2017 5:45,30,STOP SIGN/FLASHER,FUNCTIONING IMPROPERLY,RAIN,"DARKNESS, LIGHTED ROAD",TURNING,DIVIDED - W/MEDIAN BARRIER,4,STRAIGHT AND LEVEL,WET,NO DEFECTS,ON SCENE,INJURY AND / OR TOW DUE TO CRASH,Y,,,"OVER $1,500",11/2/2017 5:45,FAILING TO REDUCE SPEED TO AVOID CRASH,NOT APPLICABLE,942,E,130TH ST,532,,,,,,,2,INCAPACITATING INJURY,1,0,1,0,0,1,0,5,5,11,41.65938246,-87.59944536,POINT (-87.599445361166 41.659382454916),1
JA495410,Y,11/2/2017 6:00,30,NO CONTROLS,NO CONTROLS,RAIN,DARKNESS,PARKED MOTOR VEHICLE,DIVIDED - W/MEDIAN (NOT RAISED),,STRAIGHT AND LEVEL,WET,NO DEFECTS,ON SCENE,NO INJURY / DRIVE AWAY,,,Y,"$501 - $1,500",11/2/2017 6:10,UNABLE TO DETERMINE,NOT APPLICABLE,3444,W,MARQUETTE RD,831,,,,,,,3,NO INDICATION OF INJURY,0,0,0,0,0,1,0,6,5,11,41.77167901,-87.70959248,POINT (-87.709592484251 41.771679007399),1
JA495408,,11/2/2017 6:05,30,TRAFFIC SIGNAL,FUNCTIONING PROPERLY,RAIN,"DARKNESS, LIGHTED ROAD",REAR END,ONE-WAY,2,STRAIGHT AND LEVEL,WET,NO DEFECTS,ON SCENE,NO INJURY / DRIVE AWAY,Y,,,"OVER $1,500",11/2/2017 6:09,FOLLOWING TOO CLOSELY,FAILING TO REDUCE SPEED TO AVOID CRASH,1921,S,RUBLE ST,1235,,,,,,,2,NO INDICATION OF INJURY,0,0,0,0,0,2,0,6,5,11,41.85604923,-87.64343475,POINT (-87.643434749983 41.856049226857),1
JA495423,,11/2/2017 6:08,30,NO CONTROLS,NO CONTROLS,RAIN,DUSK,SIDESWIPE OPPOSITE DIRECTION,DIVIDED - W/MEDIAN (NOT RAISED),4,STRAIGHT AND LEVEL,WET,NO DEFECTS,NOT ON SCENE (DESK REPORT),INJURY AND / OR TOW DUE TO CRASH,,,Y,"OVER $1,500",11/2/2017 6:13,IMPROPER LANE USAGE,IMPROPER LANE USAGE,7736,N,SHERIDAN RD,2422,,,,,,,2,NO INDICATION OF INJURY,0,0,0,0,0,2,0,6,5,11,42.02231243,-87.66698019,POINT (-87.666980188891 42.022312424809),1
JA495439,,11/2/2017 6:12,30,TRAFFIC SIGNAL,FUNCTIONING PROPERLY,CLEAR,DAYLIGHT,REAR END,DIVIDED - W/MEDIAN (NOT RAISED),,STRAIGHT AND LEVEL,WET,NO DEFECTS,NOT ON SCENE (DESK REPORT),NO INJURY / DRIVE AWAY,,,,"OVER $1,500",11/2/2017 7:15,FOLLOWING TOO CLOSELY,NOT APPLICABLE,10400,W,IRVING PARK RD,1654,,,,,,,2,NO INDICATION OF INJURY,0,0,0,0,0,2,0,6,5,11,41.95845314,-87.88809194,POINT (-87.888091943217 41.958453137187),1
JA495412,,11/2/2017 6:15,35,TRAFFIC SIGNAL,FUNCTIONING PROPERLY,RAIN,"DARKNESS, LIGHTED ROAD",TURNING,NOT DIVIDED,4,STRAIGHT AND LEVEL,WET,SHOULDER DEFECT,ON SCENE,INJURY AND / OR TOW DUE TO CRASH,,,,"OVER $1,500",11/2/2017 6:18,FAILING TO YIELD RIGHT-OF-WAY,IMPROPER TURNING/NO SIGNAL,10700,S,KEDZIE AVE,2211,,,,,,,2,NO INDICATION OF INJURY,0,0,0,0,0,2,0,6,5,11,41.69877702,-87.70122561,POINT (-87.701225608923 41.698777022064),1
JA495420,,11/2/2017 6:20,30,STOP SIGN/FLASHER,FUNCTIONING PROPERLY,RAIN,DARKNESS,ANGLE,DIVIDED - W/MEDIAN (NOT RAISED),,STRAIGHT AND LEVEL,WET,NO DEFECTS,ON SCENE,NO INJURY / DRIVE AWAY,Y,,,"OVER $1,500",11/2/2017 6:25,DISREGARDING STOP SIGN,UNABLE TO DETERMINE,2101,S,HOYNE AVE,1234,,,,,,,2,NO INDICATION OF INJURY,0,0,0,0,0,2,0,6,5,11,41.85393278,-87.67819597,POINT (-87.678195969254 41.853932779333),1
JA495413,,11/2/2017 6:25,30,STOP SIGN/FLASHER,FUNCTIONING PROPERLY,RAIN,"DARKNESS, LIGHTED ROAD",TURNING,DIVIDED - W/MEDIAN (NOT RAISED),,STRAIGHT AND LEVEL,WET,NO DEFECTS,ON SCENE,INJURY AND / OR TOW DUE TO CRASH,Y,,,"OVER $1,500",11/2/2017 6:28,FAILING TO YIELD RIGHT-OF-WAY,"VISION OBSCURED (SIGNS, TREE LIMBS, BUILDINGS, ETC.)",4700,S,LAWNDALE AVE,821,,,,,,,2,NO INDICATION OF INJURY,0,0,0,0,0,6,0,6,5,11,41.80790245,-87.71637597,POINT (-87.716375968062 41.807902449705),1
JA495491,,11/2/2017 6:30,30,NO CONTROLS,NO CONTROLS,CLEAR,DAYLIGHT,PARKED MOTOR VEHICLE,NOT DIVIDED,2,STRAIGHT AND LEVEL,WET,NO DEFECTS,ON SCENE,INJURY AND / OR TOW DUE TO CRASH,,,Y,"OVER $1,500",11/2/2017 7:30,UNABLE TO DETERMINE,NOT APPLICABLE,7055,N,HIAWATHA AVE,1621,,,,,,,3,NO INDICATION OF INJURY,0,0,0,0,0,1,0,6,5,11,42.00924417,-87.77954094,POINT (-87.779540941242 42.009244168151),1
JA495512,,11/2/2017 6:30,30,TRAFFIC SIGNAL,FUNCTIONING PROPERLY,CLOUDY/OVERCAST,"DARKNESS, LIGHTED ROAD",SIDESWIPE SAME DIRECTION,DIVIDED - W/MEDIAN (NOT RAISED),5,STRAIGHT AND LEVEL,WET,NO DEFECTS,NOT ON SCENE (DESK REPORT),NO INJURY / DRIVE AWAY,,,Y,"$501 - $1,500",11/2/2017 8:15,UNABLE TO DETERMINE,UNABLE TO DETERMINE,800,N,CICERO AVE,1531,,,,,,,2,NO INDICATION OF INJURY,0,0,0,0,0,2,0,6,5,11,41.89504904,-87.74595552,POINT (-87.745955516269 41.895049037964),1
JA497707,,11/2/2017 6:30,30,STOP SIGN/FLASHER,NO CONTROLS,RAIN,"DARKNESS, LIGHTED ROAD",REAR END,NOT DIVIDED,,STRAIGHT AND LEVEL,WET,NO DEFECTS,NOT ON SCENE (DESK REPORT),NO INJURY / DRIVE AWAY,,,,$500 OR LESS,11/3/2017 18:15,UNABLE TO DETERMINE,NOT APPLICABLE,2654,N,AUSTIN AVE,2512,,,,,,,3,NO INDICATION OF INJURY,0,0,0,0,0,3,0,6,5,11,41.92912615,-87.77604334,POINT (-87.776043337204 41.92912615429),1
JA495417,,11/2/2017 6:30,30,TRAFFIC SIGNAL,FUNCTIONING PROPERLY,RAIN,"DARKNESS, LIGHTED ROAD",REAR END,NOT DIVIDED,4,STRAIGHT AND LEVEL,WET,NO DEFECTS,ON SCENE,NO INJURY / DRIVE AWAY,,,,"OVER $1,500",11/2/2017 6:45,FAILING TO REDUCE SPEED TO AVOID CRASH,FOLLOWING TOO CLOSELY,10701,S,PULASKI RD,2211,,,,,,,2,NO INDICATION OF INJURY,0,0,0,0,0,2,0,6,5,11,41.69843965,-87.7204865,POINT (-87.720486495063 41.698439650791),1
JA495438,,11/2/2017 6:30,40,NO CONTROLS,NO CONTROLS,RAIN,DAWN,SIDESWIPE SAME DIRECTION,DIVIDED - W/MEDIAN BARRIER,4,STRAIGHT AND LEVEL,WET,NO DEFECTS,ON SCENE,NO INJURY / DRIVE AWAY,,,,"OVER $1,500",11/2/2017 6:52,WEATHER,NOT APPLICABLE,5900,S,LAKE SHORE DR,331,,,,,,,3,NO INDICATION OF INJURY,0,0,0,0,0,3,0,6,5,11,41.78772354,-87.57794018,POINT (-87.577940184491 41.787723535558),1
JA495427,,11/2/2017 6:45,30,TRAFFIC SIGNAL,FUNCTIONING PROPERLY,RAIN,DAWN,REAR END,DIVIDED - W/MEDIAN BARRIER,4,STRAIGHT AND LEVEL,WET,NO DEFECTS,ON SCENE,NO INJURY / DRIVE AWAY,,,,$500 OR LESS,11/2/2017 6:47,FOLLOWING TOO CLOSELY,NOT APPLICABLE,6001,S,CICERO AVE,813,,,,,,,2,NO INDICATION OF INJURY,0,0,0,0,0,2,0,6,5,11,41.78417649,-87.74133386,POINT (-87.741333864252 41.784176484793),1
JA496564,,11/2/2017 6:45,35,TRAFFIC SIGNAL,FUNCTIONING PROPERLY,FOG/SMOKE/HAZE,"DARKNESS, LIGHTED ROAD",TURNING,NOT DIVIDED,,STRAIGHT AND LEVEL,WET,NO DEFECTS,NOT ON SCENE (DESK REPORT),NO INJURY / DRIVE AWAY,Y,,Y,"$501 - $1,500",11/2/2017 21:00,IMPROPER TURNING/NO SIGNAL,IMPROPER LANE USAGE,5500,S,CICERO AVE,813,,,,,,,2,NO INDICATION OF INJURY,0,0,0,0,0,3,0,6,5,11,41.79291088,-87.74207734,POINT (-87.742077342959 41.792910883497),1
JA495425,,11/2/2017 6:45,35,NO CONTROLS,NO CONTROLS,RAIN,DAWN,REAR END,NOT DIVIDED,4,STRAIGHT AND LEVEL,WET,NO DEFECTS,ON SCENE,INJURY AND / OR TOW DUE TO CRASH,,,,"OVER $1,500",11/2/2017 7:00,FOLLOWING TOO CLOSELY,NOT APPLICABLE,6945,W,IRVING PARK RD,1632,,,,,,,3,NO INDICATION OF INJURY,0,0,0,0,0,3,0,6,5,11,41.95263778,-87.80048765,POINT (-87.800487646843 41.952637776061),1
JA495444,,11/2/2017 6:45,30,TRAFFIC SIGNAL,FUNCTIONING PROPERLY,RAIN,"DARKNESS, LIGHTED ROAD",REAR END,NOT DIVIDED,2,STRAIGHT AND LEVEL,WET,NO DEFECTS,NOT ON SCENE (DESK REPORT),NO INJURY / DRIVE AWAY,,,Y,"OVER $1,500",11/2/2017 7:10,FOLLOWING TOO CLOSELY,NOT APPLICABLE,5545,N,CENTRAL AVE,1623,,,,,,,3,NO INDICATION OF INJURY,0,0,0,0,0,4,0,6,5,11,41.98245175,-87.76820629,POINT (-87.768206286139 41.982451746324),1
JA495506,,11/2/2017 6:50,35,STOP SIGN/FLASHER,FUNCTIONING PROPERLY,CLOUDY/OVERCAST,DAYLIGHT,ANGLE,DIVIDED - W/MEDIAN (NOT RAISED),4,STRAIGHT AND LEVEL,WET,NO DEFECTS,NOT ON SCENE (DESK REPORT),NO INJURY / DRIVE AWAY,Y,,,"OVER $1,500",11/2/2017 8:45,DISREGARDING STOP SIGN,FAILING TO REDUCE SPEED TO AVOID CRASH,1000,W,LAKE ST,1214,,,,,,,2,NO INDICATION OF INJURY,0,0,0,0,0,2,0,6,5,11,41.8856927,-87.65220232,POINT (-87.652202315319 41.885692703217),1
JA506065,,11/2/2017 6:55,30,TRAFFIC SIGNAL,FUNCTIONING PROPERLY,CLEAR,"DARKNESS, LIGHTED ROAD",PEDESTRIAN,NOT DIVIDED,4,STRAIGHT AND LEVEL,DRY,NO DEFECTS,NOT ON SCENE (DESK REPORT),INJURY AND / OR TOW DUE TO CRASH,Y,,,$500 OR LESS,11/10/2017 8:50,UNABLE TO DETERMINE,NOT APPLICABLE,5800,N,HARLEM AVE,1612,,,,,,,2,"REPORTED, NOT EVIDENT",1,0,0,0,1,1,0,6,5,11,41.98599562,-87.80706012,POINT (-87.807060122844 41.985995615086),1
JA497488,,11/2/2017 6:55,30,NO CONTROLS,NO CONTROLS,CLEAR,DAYLIGHT,REAR END,DIVIDED - W/MEDIAN BARRIER,4,STRAIGHT AND LEVEL,DRY,NO DEFECTS,NOT ON SCENE (DESK REPORT),NO INJURY / DRIVE AWAY,,,Y,"OVER $1,500",11/3/2017 16:00,UNABLE TO DETERMINE,UNABLE TO DETERMINE,2900,S,DAMEN AVE,912,,,,,,,2,NO INDICATION OF INJURY,0,0,0,0,0,2,0,6,5,11,41.83940222,-87.67555714,POINT (-87.675557141968 41.839402216623),1
JA495465,,11/2/2017 7:00,30,STOP SIGN/FLASHER,FUNCTIONING PROPERLY,FOG/SMOKE/HAZE,DAYLIGHT,ANGLE,NOT DIVIDED,1,STRAIGHT AND LEVEL,WET,NO DEFECTS,ON SCENE,NO INJURY / DRIVE AWAY,Y,,,"$501 - $1,500",11/2/2017 8:00,FAILING TO YIELD RIGHT-OF-WAY,UNABLE TO DETERMINE,10600,S,EWING AVE,432,,,,,,,2,NO INDICATION OF INJURY,0,0,0,0,0,2,0,7,5,11,41.70264303,-87.53542985,POINT (-87.535429846322 41.702643027286),1
JA495639,,11/2/2017 7:00,30,STOP SIGN/FLASHER,FUNCTIONING PROPERLY,RAIN,DAWN,ANGLE,NOT DIVIDED,,STRAIGHT AND LEVEL,WET,NO DEFECTS,NOT ON SCENE (DESK REPORT),NO INJURY / DRIVE AWAY,Y,,,$500 OR LESS,11/2/2017 10:30,UNABLE TO DETERMINE,UNABLE TO DETERMINE,5299,S,CORNELL AVE,234,,,,,,,2,NO INDICATION OF INJURY,0,0,0,0,0,4,0,7,5,11,41.79969157,-87.58537175,POINT (-87.585371752073 41.799691569412),1
JA495459,,11/2/2017 7:00,30,TRAFFIC SIGNAL,FUNCTIONING PROPERLY,CLEAR,DAYLIGHT,REAR END,NOT DIVIDED,,STRAIGHT AND LEVEL,WET,NO DEFECTS,NOT ON SCENE (DESK REPORT),NO INJURY / DRIVE AWAY,,,,"OVER $1,500",11/2/2017 7:45,FOLLOWING TOO CLOSELY,NOT APPLICABLE,2544,N,CENTRAL AVE,2515,,,,,,,2,NO INDICATION OF INJURY,0,0,0,0,0,2,0,7,5,11,41.92713748,-87.76624843,POINT (-87.766248430584 41.927137476474),1
JA504737,,11/2/2017 7:00,30,STOP SIGN/FLASHER,FUNCTIONING PROPERLY,CLEAR,DAYLIGHT,HEAD ON,DIVIDED - W/MEDIAN (NOT RAISED),2,STRAIGHT AND LEVEL,DRY,NO DEFECTS,ON SCENE,INJURY AND / OR TOW DUE TO CRASH,,,,"OVER $1,500",11/9/2017 7:07,EQUIPMENT - VEHICLE CONDITION,FAILING TO REDUCE SPEED TO AVOID CRASH,2221,E,83RD ST,412,,,,,,,2,NO INDICATION OF INJURY,0,0,0,0,0,2,0,7,5,11,41.74429919,-87.57008434,POINT (-87.570084334622 41.744299192884),1
JA495435,,11/2/2017 7:00,30,NO CONTROLS,FUNCTIONING PROPERLY,RAIN,DAYLIGHT,ANGLE,NOT DIVIDED,,STRAIGHT AND LEVEL,WET,NO DEFECTS,ON SCENE,NO INJURY / DRIVE AWAY,Y,,,"OVER $1,500",11/2/2017 7:10,FAILING TO YIELD RIGHT-OF-WAY,NOT APPLICABLE,500,W,75TH ST,732,,,,,,,2,NO INDICATION OF INJURY,0,0,0,0,0,2,0,7,5,11,41.7581477,-87.63702661,POINT (-87.637026605766 41.758147697042),1