RD_NO,CRASH_DATE_EST_I,CRASH_DATE,POSTED_SPEED_LIMIT,TRAFFIC_CONTROL_DEVICE,DEVICE_CONDITION,WEATHER_CONDITION,LIGHTING_CONDITION,FIRST_CRASH_TYPE,TRAFFICWAY_TYPE,LANE_CNT,ALIGNMENT,ROADWAY_SURFACE_COND,ROAD_DEFECT,REPORT_TYPE,CRASH_TYPE,INTERSECTION_RELATED_I,NOT_RIGHT_OF_WAY_I,HIT_AND_RUN_I,DAMAGE,DATE_POLICE_NOTIFIED,PRIM_CONTRIBUTORY_CAUSE,SEC_CONTRIBUTORY_CAUSE,STREET_NO,STREET_DIRECTION,STREET_NAME,BEAT_OF_OCCURRENCE,PHOTOS_TAKEN_I,STATEMENTS_TAKEN_I,DOORING_I,WORK_ZONE_I,WORK_ZONE_TYPE,WORKERS_PRESENT_I,NUM_UNITS,MOST_SEVERE_INJURY,INJURIES_TOTAL,INJURIES_FATAL,INJURIES_INCAPACITATING,INJURIES_NON_INCAPACITATING,INJURIES_REPORTED_NOT_EVIDENT,INJURIES_NO_INDICATION,INJURIES_UNKNOWN,CRASH_HOUR,CRASH_DAY_OF_WEEK,CRASH_MONTH,LATITUDE,LONGITUDE,LOCATION,Join
JA495704,,11/2/2017 11:10,30,NO CONTROLS,NO CONTROLS,CLEAR,DAYLIGHT,ANGLE,OTHER,,STRAIGHT AND LEVEL,DRY,NO DEFECTS,,INJURY AND / OR TOW DUE TO CRASH,,,,"OVER $1,500",11/2/2017 11:12,FAILING TO YIELD RIGHT-OF-WAY,NOT APPLICABLE,3136,W,NORTH AVE,1421,,,,,,,2,NONINCAPACITATING INJURY,1,0,0,1,0,1,0,11,5,11,41.91023236,-87.70597968,POINT (-87.705979683976 41.910232360946),1
JA495775,,11/2/2017 11:30,30,TRAFFIC SIGNAL,UNKNOWN,CLEAR,DAYLIGHT,SIDESWIPE SAME DIRECTION,DIVIDED - W/MEDIAN (NOT RAISED),4,STRAIGHT AND LEVEL,DRY,NO DEFECTS,ON SCENE,NO INJURY / DRIVE AWAY,,,Y,"OVER $1,500",11/2/2017 11:47,IMPROPER OVERTAKING/PASSING,UNABLE TO DETERMINE,2911,N,CALIFORNIA AVE,1411,,,,,,,2,NO INDICATION OF INJURY,0,0,0,0,0,2,0,11,5,11,41.93422707,-87.69753551,POINT (-87.697535511048 41.934227073428),1
JA495751,,11/2/2017 11:30,40,TRAFFIC SIGNAL,FUNCTIONING PROPERLY,CLOUDY/OVERCAST,DAYLIGHT,REAR END,DIVIDED - W/MEDIAN BARRIER,,STRAIGHT AND LEVEL,WET,NO DEFECTS,ON SCENE,NO INJURY / DRIVE AWAY,,,,$500 OR LESS,11/2/2017 11:35,FOLLOWING TOO CLOSELY,NOT APPLICABLE,300,S,LAKE SHORE DR NB,114,,,,,,,2,NO INDICATION OF INJURY,0,0,0,0,0,3,0,11,5,11,41.87831319,-87.61734583,POINT (-87.617345829451 41.878313193163),1
JA495906,,11/2/2017 11:30,30,YIELD,FUNCTIONING PROPERLY,CLEAR,DAYLIGHT,REAR END,DIVIDED - W/MEDIAN (NOT RAISED),2,STRAIGHT AND LEVEL,DRY,NO DEFECTS,,NO INJURY / DRIVE AWAY,,,,"$501 - $1,500",11/2/2017 13:20,FOLLOWING TOO CLOSELY,FAILING TO REDUCE SPEED TO AVOID CRASH,4453,N,ASHLAND AVE,1912,,,,,,,2,NO INDICATION OF INJURY,0,0,0,0,0,2,0,11,5,11,41.96315562,-87.66914947,POINT (-87.669149468577 41.963155624305),1
JA495748,,11/2/2017 11:40,35,TRAFFIC SIGNAL,FUNCTIONING PROPERLY,CLEAR,DAYLIGHT,TURNING,DIVIDED - W/MEDIAN (NOT RAISED),,STRAIGHT AND LEVEL,WET,NO DEFECTS,ON SCENE,NO INJURY / DRIVE AWAY,,,,"$501 - $1,500",11/2/2017 11:42,IMPROPER TURNING/NO SIGNAL,NOT APPLICABLE,6858,S,PULASKI RD,833,,Y,,,,,2,NO INDICATION OF INJURY,0,0,0,0,0,3,0,11,5,11,41.76777896,-87.72263315,POINT (-87.722633149647 41.767778961915),1
JA495803,,11/2/2017 11:40,5,NO CONTROLS,NO CONTROLS,CLOUDY/OVERCAST,DAYLIGHT,PARKED MOTOR VEHICLE,OTHER,,STRAIGHT AND LEVEL,DRY,NO DEFECTS,NOT ON SCENE (DESK REPORT),NO INJURY / DRIVE AWAY,,Y,Y,$500 OR LESS,11/2/2017 12:05,UNABLE TO DETERMINE,NOT APPLICABLE,5458,S,WELLS ST,935,,,,,,,2,NO INDICATION OF INJURY,0,0,0,0,0,1,0,11,5,11,41.79456007,-87.63192848,POINT (-87.631928474832 41.794560070768),1
JA495788,,11/2/2017 11:43,30,TRAFFIC SIGNAL,FUNCTIONING PROPERLY,CLEAR,DAYLIGHT,REAR END,DIVIDED - W/MEDIAN BARRIER,,STRAIGHT AND LEVEL,DRY,NO DEFECTS,ON SCENE,INJURY AND / OR TOW DUE TO CRASH,Y,,Y,$500 OR LESS,11/2/2017 12:08,FAILING TO YIELD RIGHT-OF-WAY,NOT APPLICABLE,777,N,MICHIGAN AVE,1833,,,,,,,2,NO INDICATION OF INJURY,0,0,0,0,0,2,0,11,5,11,41.89669019,-87.62410215,POINT (-87.624102154031 41.896690186648),1
JA495789,,11/2/2017 11:45,30,NO CONTROLS,NO CONTROLS,CLOUDY/OVERCAST,DAYLIGHT,SIDESWIPE SAME DIRECTION,DIVIDED - W/MEDIAN (NOT RAISED),,STRAIGHT AND LEVEL,DRY,NO DEFECTS,NOT ON SCENE (DESK REPORT),NO INJURY / DRIVE AWAY,,,Y,"$501 - $1,500",11/2/2017 12:10,UNABLE TO DETERMINE,UNABLE TO DETERMINE,2901,N,CALIFORNIA AVE,1411,,,,,,,2,NO INDICATION OF INJURY,0,0,0,0,0,2,0,11,5,11,41.93396779,-87.69752474,POINT (-87.697524743465 41.933967790709),1
JA495768,,11/2/2017 11:45,30,STOP SIGN/FLASHER,FUNCTIONING PROPERLY,CLEAR,DAYLIGHT,TURNING,NOT DIVIDED,2,STRAIGHT AND LEVEL,DRY,NO DEFECTS,NOT ON SCENE (DESK REPORT),NO INJURY / DRIVE AWAY,,,Y,"OVER $1,500",11/2/2017 12:10,FAILING TO YIELD RIGHT-OF-WAY,UNABLE TO DETERMINE,2823,W,LAWRENCE AVE,1911,,,,,,,2,NO INDICATION OF INJURY,0,0,0,0,0,2,0,11,5,11,41.96841572,-87.69971172,POINT (-87.699711720691 41.968415719601),1
JA495756,,11/2/2017 11:50,30,NO CONTROLS,NO CONTROLS,CLEAR,DAYLIGHT,SIDESWIPE SAME DIRECTION,DIVIDED - W/MEDIAN (NOT RAISED),3,STRAIGHT AND LEVEL,DRY,NO DEFECTS,ON SCENE,NO INJURY / DRIVE AWAY,,,,"OVER $1,500",11/2/2017 12:00,FAILING TO YIELD RIGHT-OF-WAY,NOT APPLICABLE,2425,S,STATE ST,131,,,,,,,2,NO INDICATION OF INJURY,0,0,0,0,0,3,0,11,5,11,41.84851501,-87.62683322,POINT (-87.626833215229 41.848515009546),1
JA495772,,11/2/2017 11:50,30,STOP SIGN/FLASHER,FUNCTIONING PROPERLY,CLEAR,DAYLIGHT,ANGLE,NOT DIVIDED,2,STRAIGHT AND LEVEL,DRY,NO DEFECTS,NOT ON SCENE (DESK REPORT),NO INJURY / DRIVE AWAY,Y,,,"OVER $1,500",11/2/2017 12:10,FAILING TO YIELD RIGHT-OF-WAY,NOT APPLICABLE,3132,N,DAMEN AVE,1931,,,,,,,2,NO INDICATION OF INJURY,0,0,0,0,0,2,0,11,5,11,41.93870307,-87.67847621,POINT (-87.678476204772 41.938703069972),1
JA495799,,11/2/2017 11:55,30,NO CONTROLS,NO CONTROLS,CLOUDY/OVERCAST,DAYLIGHT,PARKED MOTOR VEHICLE,OTHER,1,STRAIGHT AND LEVEL,DRY,NO DEFECTS,ON SCENE,NO INJURY / DRIVE AWAY,,N,,"OVER $1,500",11/2/2017 11:58,DISTRACTION - FROM INSIDE VEHICLE,FAILING TO REDUCE SPEED TO AVOID CRASH,1160,W,VAN BUREN ST,1232,,,,,,,2,NO INDICATION OF INJURY,0,0,0,0,0,2,0,11,5,11,41.87662967,-87.65697486,POINT (-87.65697486226 41.876629672389),1
JA495752,,11/2/2017 12:00,20,NO CONTROLS,NO CONTROLS,CLEAR,DAYLIGHT,PARKED MOTOR VEHICLE,NOT DIVIDED,2,STRAIGHT AND LEVEL,DRY,NO DEFECTS,ON SCENE,NO INJURY / DRIVE AWAY,,,,"$501 - $1,500",11/2/2017 12:00,DRIVING SKILLS/KNOWLEDGE/EXPERIENCE,UNABLE TO DETERMINE,6965,N,PAULINA ST,2431,,,,,,,2,NO INDICATION OF INJURY,0,0,0,0,0,1,0,12,5,11,42.00849606,-87.67207551,POINT (-87.672075509984 42.008496062634),1
JA495855,,11/2/2017 12:00,0,NO CONTROLS,NO CONTROLS,CLOUDY/OVERCAST,DAYLIGHT,PARKED MOTOR VEHICLE,PARKING LOT,0,STRAIGHT AND LEVEL,DRY,NO DEFECTS,ON SCENE,NO INJURY / DRIVE AWAY,,Y,,"OVER $1,500",11/2/2017 12:57,UNABLE TO DETERMINE,UNABLE TO DETERMINE,4451,W,WRIGHTWOOD AVE,2524,,,,,,,2,NO INDICATION OF INJURY,0,0,0,0,0,1,0,12,5,11,41.92818607,-87.73870962,POINT (-87.7387096179 41.928186071639),1
JA495782,,11/2/2017 12:00,25,TRAFFIC SIGNAL,FUNCTIONING PROPERLY,CLOUDY/OVERCAST,DAYLIGHT,PARKED MOTOR VEHICLE,ONE-WAY,1,STRAIGHT AND LEVEL,WET,NO DEFECTS,ON SCENE,NO INJURY / DRIVE AWAY,Y,,,"$501 - $1,500",11/2/2017 12:10,UNABLE TO DETERMINE,NOT APPLICABLE,5604,W,FULTON ST,1512,,,,,,,2,NO INDICATION OF INJURY,0,0,0,0,0,1,0,12,5,11,41.88582482,-87.76530781,POINT (-87.765307810667 41.885824823697),1
JA498605,,11/2/2017 12:00,30,NO CONTROLS,NO CONTROLS,CLOUDY/OVERCAST,DAYLIGHT,REAR END,DIVIDED - W/MEDIAN (NOT RAISED),4,STRAIGHT AND LEVEL,WET,NO DEFECTS,NOT ON SCENE (DESK REPORT),NO INJURY / DRIVE AWAY,,,,"$501 - $1,500",11/4/2017 13:00,FOLLOWING TOO CLOSELY,NOT APPLICABLE,5757,N,SHERIDAN RD,2022,,,,,,,2,NO INDICATION OF INJURY,0,0,0,0,0,2,0,12,5,11,41.98721328,-87.65515073,POINT (-87.65515073432 41.987213278868),1
JA495796,,11/2/2017 12:07,30,STOP SIGN/FLASHER,FUNCTIONING PROPERLY,CLOUDY/OVERCAST,DAYLIGHT,ANGLE,NOT DIVIDED,4,STRAIGHT AND LEVEL,WET,NO DEFECTS,ON SCENE,INJURY AND / OR TOW DUE TO CRASH,,,,"OVER $1,500",11/2/2017 12:10,FAILING TO YIELD RIGHT-OF-WAY,UNABLE TO DETERMINE,5343,S,ARCHER AVE,815,,,,,,,2,NONINCAPACITATING INJURY,1,0,0,1,0,1,0,12,5,11,41.79875531,-87.74160928,POINT (-87.741609283733 41.79875530942),1
JA495903,,11/2/2017 12:15,30,TRAFFIC SIGNAL,FUNCTIONING PROPERLY,CLEAR,DAYLIGHT,REAR END,NOT DIVIDED,,STRAIGHT AND LEVEL,WET,NO DEFECTS,NOT ON SCENE (DESK REPORT),NO INJURY / DRIVE AWAY,Y,,,$500 OR LESS,11/2/2017 13:30,UNABLE TO DETERMINE,NOT APPLICABLE,1201,N,PULASKI RD,2535,,,,,,,2,NO INDICATION OF INJURY,0,0,0,0,0,4,0,12,5,11,41.90271984,-87.7261577,POINT (-87.726157700806 41.902719841211),1
JA495847,,11/2/2017 12:20,30,NO CONTROLS,NO CONTROLS,CLEAR,DARKNESS,SIDESWIPE SAME DIRECTION,NOT DIVIDED,2,"CURVE, LEVEL",DRY,NO DEFECTS,NOT ON SCENE (DESK REPORT),INJURY AND / OR TOW DUE TO CRASH,,,Y,"OVER $1,500",11/2/2017 12:25,IMPROPER OVERTAKING/PASSING,NOT APPLICABLE,77,E,WALTON ST,1833,,,,,,,2,NO INDICATION OF INJURY,0,0,0,0,0,2,0,12,5,11,41.89987553,-87.62545554,POINT (-87.6254555423 41.899875530773),1
JA495890,,11/2/2017 12:20,30,NO CONTROLS,NO CONTROLS,RAIN,UNKNOWN,PARKED MOTOR VEHICLE,DIVIDED - W/MEDIAN (NOT RAISED),2,STRAIGHT AND LEVEL,WET,NO DEFECTS,ON SCENE,INJURY AND / OR TOW DUE TO CRASH,,,Y,$500 OR LESS,11/2/2017 13:01,DRIVING SKILLS/KNOWLEDGE/EXPERIENCE,NOT APPLICABLE,1553,N,MILWAUKEE AVE,1424,,,,,,,3,"REPORTED, NOT EVIDENT",1,0,0,0,1,1,0,12,5,11,41.90981714,-87.67636402,POINT (-87.67636401582 41.909817140442),1
JA495839,,11/2/2017 12:25,35,TRAFFIC SIGNAL,FUNCTIONING PROPERLY,CLEAR,DAYLIGHT,REAR END,DIVIDED - W/MEDIAN (NOT RAISED),,STRAIGHT AND LEVEL,WET,NO DEFECTS,ON SCENE,NO INJURY / DRIVE AWAY,,,Y,"OVER $1,500",11/2/2017 12:32,FOLLOWING TOO CLOSELY,NOT APPLICABLE,7358,S,WESTERN AVE,835,,Y,,,,,2,NO INDICATION OF INJURY,0,0,0,0,0,3,0,12,5,11,41.75932011,-87.68325242,POINT (-87.683252414791 41.759320112881),1
JA495854,,11/2/2017 12:30,30,TRAFFIC SIGNAL,FUNCTIONING PROPERLY,CLEAR,DAYLIGHT,SIDESWIPE SAME DIRECTION,ONE-WAY,2,STRAIGHT AND LEVEL,DRY,NO DEFECTS,NOT ON SCENE (DESK REPORT),NO INJURY / DRIVE AWAY,Y,,Y,$500 OR LESS,11/2/2017 13:00,FAILING TO YIELD RIGHT-OF-WAY,NOT APPLICABLE,100,E,WALTON ST,1833,,,,,,,2,NO INDICATION OF INJURY,0,0,0,0,0,2,0,12,5,11,41.90009663,-87.62535934,POINT (-87.625359340701 41.900096625177),1
JA511543,,11/2/2017 12:30,30,NO CONTROLS,NO CONTROLS,CLEAR,DAYLIGHT,PARKED MOTOR VEHICLE,PARKING LOT,,STRAIGHT AND LEVEL,DRY,NO DEFECTS,NOT ON SCENE (DESK REPORT),NO INJURY / DRIVE AWAY,,,Y,"OVER $1,500",11/14/2017 14:30,FOLLOWING TOO CLOSELY,NOT APPLICABLE,16,E,95TH ST,634,,,,,,,2,NO INDICATION OF INJURY,0,0,0,0,0,1,0,12,5,11,41.72184468,-87.62306052,POINT (-87.623060519567 41.721844676144),1
JA495858,,11/2/2017 12:35,30,NO CONTROLS,NO CONTROLS,RAIN,DAYLIGHT,PARKED MOTOR VEHICLE,DIVIDED - W/MEDIAN BARRIER,,STRAIGHT AND LEVEL,WET,NO DEFECTS,ON SCENE,NO INJURY / DRIVE AWAY,,,,"$501 - $1,500",11/2/2017 12:43,WEATHER,NOT APPLICABLE,4131,W,CERMAK RD,1013,,,,,,,3,NO INDICATION OF INJURY,0,0,0,0,0,1,0,12,5,11,41.85138167,-87.72839009,POINT (-87.728390093792 41.851381674187),1
JA495870,,11/2/2017 12:45,25,NO CONTROLS,NO CONTROLS,CLEAR,DAYLIGHT,PARKED MOTOR VEHICLE,NOT DIVIDED,2,STRAIGHT AND LEVEL,DRY,NO DEFECTS,ON SCENE,NO INJURY / DRIVE AWAY,,,,$500 OR LESS,11/2/2017 12:59,DRIVING SKILLS/KNOWLEDGE/EXPERIENCE,UNABLE TO DETERMINE,1000,N,KOLMAR AVE,1111,,,,,,,2,NO INDICATION OF INJURY,0,0,0,0,0,1,0,12,5,11,41.89884275,-87.73994737,POINT (-87.739947368426 41.898842746921),1
JA495876,,11/2/2017 12:45,30,NO CONTROLS,NO CONTROLS,CLEAR,DAYLIGHT,TURNING,DIVIDED - W/MEDIAN (NOT RAISED),4,STRAIGHT AND LEVEL,DRY,NO DEFECTS,ON SCENE,NO INJURY / DRIVE AWAY,Y,,,"$501 - $1,500",11/2/2017 13:00,IMPROPER BACKING,FAILING TO YIELD RIGHT-OF-WAY,328,W,35TH ST,915,,,,,,,2,NO INDICATION OF INJURY,0,0,0,0,0,2,0,12,5,11,41.83100594,-87.63509305,POINT (-87.635093046922 41.831005941898),1
JA495851,,11/2/2017 12:48,35,STOP SIGN/FLASHER,FUNCTIONING PROPERLY,CLOUDY/OVERCAST,DAYLIGHT,ANGLE,ONE-WAY,3,STRAIGHT AND LEVEL,WET,NO DEFECTS,ON SCENE,INJURY AND / OR TOW DUE TO CRASH,Y,,,"OVER $1,500",11/2/2017 12:59,PHYSICAL CONDITION OF DRIVER,FAILING TO REDUCE SPEED TO AVOID CRASH,5500,S,PRAIRIE AVE,231,,,,,,,2,NONINCAPACITATING INJURY,2,0,0,2,0,1,0,12,5,11,41.79439209,-87.61936262,POINT (-87.619362622546 41.794392085533),1
JA495871,,11/2/2017 12:52,30,NO CONTROLS,NO CONTROLS,CLOUDY/OVERCAST,DAYLIGHT,PEDESTRIAN,DIVIDED - W/MEDIAN (NOT RAISED),2,STRAIGHT AND LEVEL,UNKNOWN,UNKNOWN,ON SCENE,INJURY AND / OR TOW DUE TO CRASH,,,,"$501 - $1,500",11/2/2017 12:54,IMPROPER BACKING,NOT APPLICABLE,2416,W,DEVON AVE,2412,,,,,,,2,NONINCAPACITATING INJURY,1,0,0,1,0,1,0,12,5,11,41.99782545,-87.69062259,POINT (-87.690622592489 41.997825446944),1
JA495971,,11/2/2017 12:55,30,NO CONTROLS,FUNCTIONING PROPERLY,RAIN,DAYLIGHT,SIDESWIPE SAME DIRECTION,NOT DIVIDED,2,STRAIGHT AND LEVEL,WET,OTHER,ON SCENE,INJURY AND / OR TOW DUE TO CRASH,,,,"OVER $1,500",11/2/2017 13:54,DRIVING SKILLS/KNOWLEDGE/EXPERIENCE,DRIVING SKILLS/KNOWLEDGE/EXPERIENCE,815,N,CENTRAL AVE,1524,,,,,,,2,"REPORTED, NOT EVIDENT",1,0,0,0,1,1,0,12,5,11,41.89538082,-87.76526703,POINT (-87.76526703216 41.895380816775),1
JA497018,Y,11/2/2017 13:00,30,NO CONTROLS,NO CONTROLS,CLEAR,DAYLIGHT,ANGLE,NOT DIVIDED,,STRAIGHT AND LEVEL,DRY,NO DEFECTS,ON SCENE,INJURY AND / OR TOW DUE TO CRASH,,,Y,"$501 - $1,500",11/3/2017 11:00,FAILING TO YIELD RIGHT-OF-WAY,UNABLE TO DETERMINE,4600,W,WASHINGTON BLVD,1113,,,,,,,2,"REPORTED, NOT EVIDENT",1,0,0,0,1,1,0,13,5,11,41.88198444,-87.74016301,POINT (-87.740163011434 41.881984434835),1
JA495878,,11/2/2017 13:00,0,NO CONTROLS,NO CONTROLS,CLEAR,DAYLIGHT,REAR END,DIVIDED - W/MEDIAN (NOT RAISED),2,STRAIGHT AND LEVEL,DRY,NO DEFECTS,NOT ON SCENE (DESK REPORT),NO INJURY / DRIVE AWAY,,,Y,"OVER $1,500",11/2/2017 13:01,IMPROPER BACKING,NOT APPLICABLE,8455,S,COMMERCIAL AVE,424,,,,,,,2,NO INDICATION OF INJURY,0,0,0,0,0,2,0,13,5,11,41.74197333,-87.55137148,POINT (-87.551371477085 41.741973332658),1
JA495907,,11/2/2017 13:05,30,TRAFFIC SIGNAL,FUNCTIONING PROPERLY,CLEAR,DAYLIGHT,REAR END,DIVIDED - W/MEDIAN (NOT RAISED),2,STRAIGHT AND LEVEL,DRY,UNKNOWN,NOT ON SCENE (DESK REPORT),NO INJURY / DRIVE AWAY,Y,,,"$501 - $1,500",11/2/2017 13:15,DISTRACTION - FROM INSIDE VEHICLE,UNABLE TO DETERMINE,800,W,79TH ST,621,,,,,,,2,NO INDICATION OF INJURY,0,0,0,0,0,2,0,13,5,11,41.75075116,-87.64410779,POINT (-87.644107793009 41.750751157473),1
JA495915,,11/2/2017 13:06,0,STOP SIGN/FLASHER,FUNCTIONING PROPERLY,RAIN,DAYLIGHT,ANGLE,NOT DIVIDED,2,STRAIGHT AND LEVEL,WET,NO DEFECTS,NOT ON SCENE (DESK REPORT),INJURY AND / OR TOW DUE TO CRASH,Y,,,"$501 - $1,500",11/2/2017 13:08,UNABLE TO DETERMINE,UNABLE TO DETERMINE,4501,W,JACKSON BLVD,1131,,,,,,,2,"REPORTED, NOT EVIDENT",1,0,0,0,1,1,0,13,5,11,41.87682608,-87.73788153,POINT (-87.73788153234 41.876826075795),1
JA496299,,11/2/2017 13:15,30,NO CONTROLS,NO CONTROLS,CLEAR,DAYLIGHT,REAR END,PARKING LOT,,STRAIGHT AND LEVEL,WET,NO DEFECTS,NOT ON SCENE (DESK REPORT),NO INJURY / DRIVE AWAY,,,,"OVER $1,500",11/2/2017 17:40,DISTRACTION - FROM INSIDE VEHICLE,NOT APPLICABLE,1200,S,WESTERN AVE,1023,,,,,,,2,NO INDICATION OF INJURY,0,0,0,0,0,3,0,13,5,11,41.86655006,-87.68618329,POINT (-87.686183289643 41.866550063499),1
JA495933,,11/2/2017 13:25,35,STOP SIGN/FLASHER,FUNCTIONING PROPERLY,RAIN,DAYLIGHT,ANGLE,NOT DIVIDED,,STRAIGHT AND LEVEL,WET,NO DEFECTS,ON SCENE,INJURY AND / OR TOW DUE TO CRASH,,,,"OVER $1,500",11/2/2017 13:37,FAILING TO YIELD RIGHT-OF-WAY,NOT APPLICABLE,9300,S,SOUTH CHICAGO AVE,424,,,,,,,2,NO INDICATION OF INJURY,0,0,0,0,0,2,0,13,5,11,41.72626026,-87.55072459,POINT (-87.550724586828 41.726260258806),1
JA496027,Y,11/2/2017 13:30,20,NO CONTROLS,NO CONTROLS,CLEAR,DAYLIGHT,PARKED MOTOR VEHICLE,DIVIDED - W/MEDIAN (NOT RAISED),2,STRAIGHT AND LEVEL,WET,NO DEFECTS,ON SCENE,INJURY AND / OR TOW DUE TO CRASH,,,Y,"OVER $1,500",11/2/2017 14:32,UNABLE TO DETERMINE,UNABLE TO DETERMINE,2755,W,25TH ST,1034,,,,,,,2,NO INDICATION OF INJURY,0,0,0,0,0,1,0,13,5,11,41.84634449,-87.69498689,POINT (-87.694986888568 41.846344488077),1
JA495946,,11/2/2017 13:30,30,NO CONTROLS,NO CONTROLS,CLEAR,DAYLIGHT,ANGLE,PARKING LOT,1,STRAIGHT AND LEVEL,DRY,NO DEFECTS,NOT ON SCENE (DESK REPORT),NO INJURY / DRIVE AWAY,,,,$500 OR LESS,11/2/2017 13:57,IMPROPER BACKING,NOT APPLICABLE,2460,S,KEDZIE AVE,1024,,,,,,,2,NO INDICATION OF INJURY,0,0,0,0,0,2,0,13,5,11,41.84642261,-87.70524355,POINT (-87.705243547291 41.846422605153),1
JA496386,,11/2/2017 13:30,30,NO CONTROLS,NO CONTROLS,CLEAR,DAYLIGHT,ANGLE,PARKING LOT,0,STRAIGHT AND LEVEL,DRY,NO DEFECTS,NOT ON SCENE (DESK REPORT),NO INJURY / DRIVE AWAY,,,,"OVER $1,500",11/2/2017 18:58,IMPROPER BACKING,NOT APPLICABLE,2416,S,PULASKI RD,1013,,,,,,,2,NO INDICATION OF INJURY,0,0,0,0,0,3,0,13,5,11,41.84731425,-87.7247881,POINT (-87.724788102913 41.847314245326),1
JA495937,,11/2/2017 13:30,30,TRAFFIC SIGNAL,FUNCTIONING PROPERLY,CLOUDY/OVERCAST,DAYLIGHT,REAR END,DIVIDED - W/MEDIAN (NOT RAISED),,STRAIGHT AND LEVEL,DRY,NO DEFECTS,ON SCENE,NO INJURY / DRIVE AWAY,,,,"$501 - $1,500",11/2/2017 13:35,FOLLOWING TOO CLOSELY,NOT APPLICABLE,1600,E,75TH ST,324,,,,,,,2,NO INDICATION OF INJURY,0,0,0,0,0,2,0,13,5,11,41.75887774,-87.58568244,POINT (-87.585682440932 41.758877741252),1
JA495956,,11/2/2017 13:30,0,NO CONTROLS,NO CONTROLS,RAIN,DAYLIGHT,REAR END,NOT DIVIDED,,STRAIGHT AND LEVEL,WET,NO DEFECTS,NOT ON SCENE (DESK REPORT),NO INJURY / DRIVE AWAY,,,,"OVER $1,500",11/2/2017 13:50,FOLLOWING TOO CLOSELY,UNABLE TO DETERMINE,301,W,76TH ST,623,,,,,,,2,NO INDICATION OF INJURY,0,0,0,0,0,2,0,13,5,11,41.75617764,-87.63227656,POINT (-87.632276559321 41.756177643017),1
JA495940,,11/2/2017 13:30,30,NO CONTROLS,NO CONTROLS,RAIN,DAYLIGHT,SIDESWIPE SAME DIRECTION,ONE-WAY,3,STRAIGHT AND LEVEL,WET,NO DEFECTS,ON SCENE,NO INJURY / DRIVE AWAY,,,,$500 OR LESS,11/2/2017 13:45,IMPROPER LANE USAGE,NOT APPLICABLE,131,S,DEARBORN ST,112,,,,,,,2,NO INDICATION OF INJURY,0,0,0,0,0,2,0,13,5,11,41.87988544,-87.6292116,POINT (-87.629211594803 41.879885440301),1
JA495922,,11/2/2017 13:30,20,NO CONTROLS,NO CONTROLS,RAIN,DAYLIGHT,FIXED OBJECT,ALLEY,,STRAIGHT AND LEVEL,WET,NO DEFECTS,ON SCENE,NO INJURY / DRIVE AWAY,,Y,Y,"OVER $1,500",11/2/2017 13:36,UNABLE TO DETERMINE,NOT APPLICABLE,7112,S,CLAREMONT AVE,832,,Y,,,,,1,NO INDICATION OF INJURY,0,0,0,0,0,1,0,13,5,11,41.7642885,-87.68205525,POINT (-87.682055250086 41.764288502957),1
JA495917,,11/2/2017 13:31,30,TRAFFIC SIGNAL,FUNCTIONING PROPERLY,RAIN,DAYLIGHT,TURNING,NOT DIVIDED,,CURVE ON GRADE,WET,SHOULDER DEFECT,ON SCENE,INJURY AND / OR TOW DUE TO CRASH,Y,,,"OVER $1,500",11/2/2017 13:31,FAILING TO YIELD RIGHT-OF-WAY,WEATHER,4700,W,59TH ST,813,,,,,,,2,NONINCAPACITATING INJURY,1,0,0,1,0,3,0,13,5,11,41.78438569,-87.74006595,POINT (-87.740065945952 41.784385693962),1
JA496257,,11/2/2017 13:35,30,NO CONTROLS,NO CONTROLS,RAIN,DAYLIGHT,PARKED MOTOR VEHICLE,NOT DIVIDED,1,STRAIGHT AND LEVEL,WET,NO DEFECTS,NOT ON SCENE (DESK REPORT),NO INJURY / DRIVE AWAY,,,,"$501 - $1,500",11/2/2017 17:30,UNABLE TO DETERMINE,UNABLE TO DETERMINE,6184,N,INDIAN RD,1611,,,,,,,2,NO INDICATION OF INJURY,0,0,0,0,0,1,0,13,5,11,41.9934806,-87.77727712,POINT (-87.777277114929 41.99348060127),1
JA496135,,11/2/2017 13:36,35,TRAFFIC SIGNAL,UNKNOWN,RAIN,DAYLIGHT,TURNING,UNKNOWN,,STRAIGHT AND LEVEL,WET,UNKNOWN,ON SCENE,INJURY AND / OR TOW DUE TO CRASH,Y,,,$500 OR LESS,11/2/2017 13:36,UNABLE TO DETERMINE,UNABLE TO DETERMINE,1657,N,PULASKI RD,2535,,,,,,,2,"REPORTED, NOT EVIDENT",2,0,0,0,2,2,0,13,5,11,41.91156189,-87.72623889,POINT (-87.726238894325 41.911561889584),1
JA496050,,11/2/2017 13:41,30,NO CONTROLS,NO CONTROLS,RAIN,DAYLIGHT,OTHER OBJECT,NOT DIVIDED,,STRAIGHT AND LEVEL,WET,NO DEFECTS,ON SCENE,NO INJURY / DRIVE AWAY,,,,"OVER $1,500",11/2/2017 13:50,UNABLE TO DETERMINE,NOT APPLICABLE,1748,W,WEBSTER AVE,1432,,,,,,,1,NO INDICATION OF INJURY,0,0,0,0,0,1,0,13,5,11,41.92159785,-87.67223525,POINT (-87.672235253327 41.921597852798),1