RD_NO,CRASH_DATE_EST_I,CRASH_DATE,POSTED_SPEED_LIMIT,TRAFFIC_CONTROL_DEVICE,DEVICE_CONDITION,WEATHER_CONDITION,LIGHTING_CONDITION,FIRST_CRASH_TYPE,TRAFFICWAY_TYPE,LANE_CNT,ALIGNMENT,ROADWAY_SURFACE_COND,ROAD_DEFECT,REPORT_TYPE,CRASH_TYPE,INTERSECTION_RELATED_I,NOT_RIGHT_OF_WAY_I,HIT_AND_RUN_I,DAMAGE,DATE_POLICE_NOTIFIED,PRIM_CONTRIBUTORY_CAUSE,SEC_CONTRIBUTORY_CAUSE,STREET_NO,STREET_DIRECTION,STREET_NAME,BEAT_OF_OCCURRENCE,PHOTOS_TAKEN_I,STATEMENTS_TAKEN_I,DOORING_I,WORK_ZONE_I,WORK_ZONE_TYPE,WORKERS_PRESENT_I,NUM_UNITS,MOST_SEVERE_INJURY,INJURIES_TOTAL,INJURIES_FATAL,INJURIES_INCAPACITATING,INJURIES_NON_INCAPACITATING,INJURIES_REPORTED_NOT_EVIDENT,INJURIES_NO_INDICATION,INJURIES_UNKNOWN,CRASH_HOUR,CRASH_DAY_OF_WEEK,CRASH_MONTH,LATITUDE,LONGITUDE,LOCATION,Join
JA495983,,11/2/2017 13:44,30,TRAFFIC SIGNAL,FUNCTIONING PROPERLY,RAIN,DAYLIGHT,SIDESWIPE SAME DIRECTION,DIVIDED - W/MEDIAN (NOT RAISED),,STRAIGHT AND LEVEL,WET,NO DEFECTS,ON SCENE,NO INJURY / DRIVE AWAY,,,,"OVER $1,500",11/2/2017 13:55,UNABLE TO DETERMINE,UNABLE TO DETERMINE,400,W,ADAMS ST,121,,,,,,,2,NO INDICATION OF INJURY,0,0,0,0,0,2,0,13,5,11,41.8794442,-87.63814233,POINT (-87.638142325039 41.879444203925),1
JA495982,,11/2/2017 13:45,10,NO CONTROLS,NO CONTROLS,CLEAR,DAYLIGHT,REAR END,PARKING LOT,1,STRAIGHT AND LEVEL,DRY,NO DEFECTS,NOT ON SCENE (DESK REPORT),NO INJURY / DRIVE AWAY,,Y,,"$501 - $1,500",11/2/2017 14:00,FOLLOWING TOO CLOSELY,NOT APPLICABLE,238,W,DIVISION ST,1821,,,,,,,2,NO INDICATION OF INJURY,0,0,0,0,0,2,0,13,5,11,41.90393761,-87.6362147,POINT (-87.636214700165 41.903937604633),1
JA495969,,11/2/2017 13:48,30,TRAFFIC SIGNAL,FUNCTIONING PROPERLY,CLOUDY/OVERCAST,DAYLIGHT,TURNING,NOT DIVIDED,6,STRAIGHT AND LEVEL,WET,NO DEFECTS,,INJURY AND / OR TOW DUE TO CRASH,Y,,,"OVER $1,500",11/2/2017 14:10,UNABLE TO DETERMINE,UNABLE TO DETERMINE,7900,S,SOUTH CHICAGO AVE,411,,,,,,,4,NONINCAPACITATING INJURY,1,0,0,1,0,3,0,13,5,11,41.75133971,-87.58563227,POINT (-87.585632265652 41.751339704589),1
JA496518,N,11/2/2017 13:55,30,NO CONTROLS,NO CONTROLS,RAIN,DAYLIGHT,REAR END,DIVIDED - W/MEDIAN BARRIER,,STRAIGHT AND LEVEL,WET,NO DEFECTS,NOT ON SCENE (DESK REPORT),NO INJURY / DRIVE AWAY,,,,"$501 - $1,500",11/2/2017 20:20,FOLLOWING TOO CLOSELY,FOLLOWING TOO CLOSELY,5708,N,CENTRAL PARK AVE,1711,,,,,,,2,NO INDICATION OF INJURY,0,0,0,0,0,2,0,13,5,11,41.98507415,-87.71886242,POINT (-87.718862415045 41.985074145511),1
JA501096,,11/2/2017 14:00,30,NO CONTROLS,NO CONTROLS,CLEAR,DAYLIGHT,SIDESWIPE SAME DIRECTION,DIVIDED - W/MEDIAN (NOT RAISED),4,STRAIGHT AND LEVEL,DRY,NO DEFECTS,NOT ON SCENE (DESK REPORT),NO INJURY / DRIVE AWAY,,,,"$501 - $1,500",11/6/2017 12:40,UNABLE TO DETERMINE,UNABLE TO DETERMINE,368,N,ASHLAND AVE,1215,,,,,,,2,NO INDICATION OF INJURY,0,0,0,0,0,2,0,14,5,11,41.8888366,-87.66721474,POINT (-87.66721474429 41.888836603509),1
JA496065,,11/2/2017 14:00,30,NO CONTROLS,NO CONTROLS,RAIN,DAYLIGHT,PEDALCYCLIST,NOT DIVIDED,2,STRAIGHT AND LEVEL,WET,NO DEFECTS,ON SCENE,INJURY AND / OR TOW DUE TO CRASH,,,,$500 OR LESS,11/2/2017 14:04,NOT APPLICABLE,NOT APPLICABLE,2433,N,LINCOLN AVE,1935,,Y,,,,,2,NONINCAPACITATING INJURY,1,0,0,1,0,0,0,14,5,11,41.92624085,-87.64966265,POINT (-87.649662644864 41.926240849122),1
JA496056,,11/2/2017 14:00,30,NO CONTROLS,NO CONTROLS,RAIN,DAYLIGHT,REAR END,NOT DIVIDED,,STRAIGHT AND LEVEL,WET,NO DEFECTS,NOT ON SCENE (DESK REPORT),NO INJURY / DRIVE AWAY,,,,"$501 - $1,500",11/2/2017 15:20,UNABLE TO DETERMINE,UNABLE TO DETERMINE,5230,S,LAKE PARK AVE,234,,,,,,,2,NO INDICATION OF INJURY,0,0,0,0,0,3,0,14,5,11,41.80012338,-87.58750991,POINT (-87.58750991043 41.800123378668),1
JA496178,Y,11/2/2017 14:10,30,NO CONTROLS,NO CONTROLS,RAIN,DAYLIGHT,PARKED MOTOR VEHICLE,ONE-WAY,4,STRAIGHT AND LEVEL,WET,NO DEFECTS,ON SCENE,INJURY AND / OR TOW DUE TO CRASH,,,,"OVER $1,500",11/2/2017 16:45,IMPROPER LANE USAGE,UNDER THE INFLUENCE OF ALCOHOL/DRUGS (USE WHEN ARREST IS EFFECTED),109,S,CLINTON ST,121,,,,,,,2,NO INDICATION OF INJURY,0,0,0,0,0,1,0,14,5,11,41.88026524,-87.64099737,POINT (-87.64099736887 41.880265238353),1
JA496071,,11/2/2017 14:10,30,NO CONTROLS,NO CONTROLS,CLEAR,DAYLIGHT,REAR END,NOT DIVIDED,2,STRAIGHT AND LEVEL,WET,NO DEFECTS,NOT ON SCENE (DESK REPORT),NO INJURY / DRIVE AWAY,,,Y,$500 OR LESS,11/2/2017 15:14,WEATHER,ROAD ENGINEERING/SURFACE/MARKING DEFECTS,9800,S,STATE ST,511,,,,,,,2,NO INDICATION OF INJURY,0,0,0,0,0,2,0,14,5,11,41.71686675,-87.62290363,POINT (-87.622903630426 41.716866747289),1
JA496081,,11/2/2017 14:15,30,NO CONTROLS,NO CONTROLS,RAIN,DAYLIGHT,SIDESWIPE SAME DIRECTION,NOT DIVIDED,,STRAIGHT AND LEVEL,WET,NO DEFECTS,NOT ON SCENE (DESK REPORT),NO INJURY / DRIVE AWAY,,,,"$501 - $1,500",11/2/2017 15:45,FAILING TO YIELD RIGHT-OF-WAY,NOT APPLICABLE,637,W,16TH ST,1235,,,,,,,2,NO INDICATION OF INJURY,0,0,0,0,0,3,0,14,5,11,41.85985061,-87.64339777,POINT (-87.643397770175 41.859850604681),1
JA496044,,11/2/2017 14:20,30,TRAFFIC SIGNAL,FUNCTIONING PROPERLY,RAIN,DAYLIGHT,TURNING,OTHER,2,STRAIGHT AND LEVEL,WET,NO DEFECTS,ON SCENE,INJURY AND / OR TOW DUE TO CRASH,Y,,,"OVER $1,500",11/2/2017 14:38,FAILING TO YIELD RIGHT-OF-WAY,NOT APPLICABLE,7358,W,HIGGINS AVE,1613,,,,,,,2,NONINCAPACITATING INJURY,4,0,0,2,2,0,0,14,5,11,41.98212508,-87.81154403,POINT (-87.811544030201 41.982125084275),1
JA496012,,11/2/2017 14:30,30,TRAFFIC SIGNAL,FUNCTIONING PROPERLY,RAIN,DAYLIGHT,SIDESWIPE SAME DIRECTION,NOT DIVIDED,2,STRAIGHT AND LEVEL,WET,NO DEFECTS,NOT ON SCENE (DESK REPORT),NO INJURY / DRIVE AWAY,,,,"$501 - $1,500",11/2/2017 14:40,UNABLE TO DETERMINE,UNABLE TO DETERMINE,1745,N,CLYBOURN AVE,1813,,,,,,,2,NO INDICATION OF INJURY,0,0,0,0,0,2,0,14,5,11,41.91287771,-87.65204391,POINT (-87.652043910921 41.912877708525),1
JA496105,,11/2/2017 14:30,30,STOP SIGN/FLASHER,FUNCTIONING PROPERLY,RAIN,DAYLIGHT,REAR END,NOT DIVIDED,2,STRAIGHT AND LEVEL,WET,NO DEFECTS,NOT ON SCENE (DESK REPORT),INJURY AND / OR TOW DUE TO CRASH,,,,"$501 - $1,500",11/2/2017 15:50,NOT APPLICABLE,NOT APPLICABLE,1032,W,MARQUETTE RD,724,,,,,,,2,NO INDICATION OF INJURY,0,0,0,0,0,2,0,14,5,11,41.77249455,-87.65073116,POINT (-87.650731158733 41.772494547096),1
JA498373,,11/2/2017 14:30,15,NO CONTROLS,NO CONTROLS,CLEAR,DAYLIGHT,REAR END,PARKING LOT,,STRAIGHT AND LEVEL,DRY,NO DEFECTS,NOT ON SCENE (DESK REPORT),NO INJURY / DRIVE AWAY,,Y,,$500 OR LESS,11/4/2017 10:05,IMPROPER BACKING,NOT APPLICABLE,5100,N,CALIFORNIA AVE,2031,,,,,,,2,NO INDICATION OF INJURY,0,0,0,0,0,2,0,14,5,11,41.97403594,-87.69901661,POINT (-87.699016611612 41.974035935627),1
JA497260,,11/2/2017 14:30,30,NO CONTROLS,NO CONTROLS,CLEAR,DAYLIGHT,SIDESWIPE OPPOSITE DIRECTION,DIVIDED - W/MEDIAN (NOT RAISED),2,STRAIGHT AND LEVEL,DRY,UNKNOWN,NOT ON SCENE (DESK REPORT),NO INJURY / DRIVE AWAY,,,Y,"OVER $1,500",11/3/2017 13:30,UNABLE TO DETERMINE,UNABLE TO DETERMINE,8105,S,OAKLEY AVE,835,,,,,,,3,NO INDICATION OF INJURY,0,0,0,0,0,2,0,14,5,11,41.74631988,-87.6802303,POINT (-87.68023030046 41.746319883894),1
JA496406,,11/2/2017 14:30,30,TRAFFIC SIGNAL,FUNCTIONING PROPERLY,RAIN,DAYLIGHT,TURNING,DIVIDED - W/MEDIAN (NOT RAISED),2,STRAIGHT AND LEVEL,WET,NO DEFECTS,NOT ON SCENE (DESK REPORT),NO INJURY / DRIVE AWAY,,,,"$501 - $1,500",11/2/2017 19:00,FAILING TO YIELD RIGHT-OF-WAY,"OPERATING VEHICLE IN ERRATIC, RECKLESS, CARELESS, NEGLIGENT OR AGGRESSIVE MANNER",5800,N,SHERIDAN RD,2022,,,,,,,2,NO INDICATION OF INJURY,0,0,0,0,0,2,0,14,5,11,41.9874468,-87.655453,POINT (-87.65545300098 41.98744680079),1
JA496029,,11/2/2017 14:35,30,TRAFFIC SIGNAL,FUNCTIONING PROPERLY,RAIN,DAYLIGHT,ANGLE,NOT DIVIDED,,STRAIGHT AND LEVEL,WET,NO DEFECTS,ON SCENE,INJURY AND / OR TOW DUE TO CRASH,Y,,Y,"OVER $1,500",11/2/2017 14:37,DISREGARDING TRAFFIC SIGNALS,UNABLE TO DETERMINE,1000,W,MARQUETTE RD,724,,,,,,,3,INCAPACITATING INJURY,1,0,1,0,0,2,0,14,5,11,41.7725135,-87.64951823,POINT (-87.649518231593 41.772513500467),1
JA496016,,11/2/2017 14:36,30,STOP SIGN/FLASHER,FUNCTIONING PROPERLY,RAIN,DAYLIGHT,ANGLE,NOT DIVIDED,,STRAIGHT AND LEVEL,WET,NO DEFECTS,ON SCENE,NO INJURY / DRIVE AWAY,Y,,Y,"$501 - $1,500",11/2/2017 14:37,DISREGARDING STOP SIGN,FAILING TO REDUCE SPEED TO AVOID CRASH,2400,E,90TH ST,423,,,,,,,2,NO INDICATION OF INJURY,0,0,0,0,0,2,0,14,5,11,41.73182912,-87.56579905,POINT (-87.565799045256 41.731829119788),1
JA496054,,11/2/2017 14:40,30,NO CONTROLS,NO CONTROLS,CLEAR,DAYLIGHT,SIDESWIPE SAME DIRECTION,DIVIDED - W/MEDIAN BARRIER,,STRAIGHT AND LEVEL,DRY,NO DEFECTS,ON SCENE,INJURY AND / OR TOW DUE TO CRASH,,,,"OVER $1,500",11/2/2017 14:41,UNABLE TO DETERMINE,NOT APPLICABLE,6325,N,LINCOLN AVE,1711,,,,,,,2,NO INDICATION OF INJURY,0,0,0,0,0,5,0,14,5,11,41.99635987,-87.71686393,POINT (-87.716863930936 41.996359865024),1
JA496062,,11/2/2017 14:40,30,TRAFFIC SIGNAL,FUNCTIONING PROPERLY,RAIN,DAYLIGHT,SIDESWIPE SAME DIRECTION,DIVIDED - W/MEDIAN BARRIER,,STRAIGHT AND LEVEL,WET,UNKNOWN,NOT ON SCENE (DESK REPORT),NO INJURY / DRIVE AWAY,Y,,,"OVER $1,500",11/2/2017 15:20,UNABLE TO DETERMINE,UNABLE TO DETERMINE,500,N,COLUMBUS DR,1834,,,,,,,2,NO INDICATION OF INJURY,0,0,0,0,0,2,0,14,5,11,41.89104457,-87.62037184,POINT (-87.620371839074 41.891044569124),1
JA496941,,11/2/2017 14:40,30,STOP SIGN/FLASHER,FUNCTIONING PROPERLY,CLOUDY/OVERCAST,DAYLIGHT,TURNING,DIVIDED - W/MEDIAN BARRIER,4,STRAIGHT AND LEVEL,DRY,NO DEFECTS,NOT ON SCENE (DESK REPORT),NO INJURY / DRIVE AWAY,,,,"OVER $1,500",11/3/2017 9:25,FAILING TO YIELD RIGHT-OF-WAY,NOT APPLICABLE,4900,N,ASHLAND AVE,2032,,,,,,,2,NO INDICATION OF INJURY,0,0,0,0,0,2,0,14,5,11,41.97188325,-87.66966848,POINT (-87.66966847772 41.971883253741),1
JA496052,,11/2/2017 14:43,30,NO CONTROLS,NO CONTROLS,RAIN,DAYLIGHT,SIDESWIPE SAME DIRECTION,DIVIDED - W/MEDIAN (NOT RAISED),2,STRAIGHT AND LEVEL,WET,NO DEFECTS,ON SCENE,NO INJURY / DRIVE AWAY,,,Y,"OVER $1,500",11/2/2017 15:05,IMPROPER TURNING/NO SIGNAL,NOT APPLICABLE,1702,N,WELLS ST,1814,,,,,,,2,NO INDICATION OF INJURY,0,0,0,0,0,2,0,14,5,11,41.91297917,-87.63491441,POINT (-87.634914405801 41.912979173354),1
JA496024,,11/2/2017 14:48,30,TRAFFIC SIGNAL,FUNCTIONING PROPERLY,RAIN,DAYLIGHT,REAR END,DIVIDED - W/MEDIAN BARRIER,,STRAIGHT AND LEVEL,WET,NO DEFECTS,ON SCENE,INJURY AND / OR TOW DUE TO CRASH,,,,"OVER $1,500",11/2/2017 14:50,FAILING TO REDUCE SPEED TO AVOID CRASH,NOT APPLICABLE,2749,W,79TH ST,835,,,,,,,2,NO INDICATION OF INJURY,0,0,0,0,0,2,0,14,5,11,41.7497621,-87.6920884,POINT (-87.692088397223 41.749762094672),1
JA496073,,11/2/2017 14:53,25,STOP SIGN/FLASHER,FUNCTIONING PROPERLY,RAIN,DAYLIGHT,ANGLE,DIVIDED - W/MEDIAN (NOT RAISED),2,STRAIGHT AND LEVEL,WET,WORN SURFACE,ON SCENE,INJURY AND / OR TOW DUE TO CRASH,Y,,,"OVER $1,500",11/2/2017 14:53,FAILING TO YIELD RIGHT-OF-WAY,DISREGARDING STOP SIGN,9000,S,JEFFERY BLVD,413,,,,,,,2,"REPORTED, NOT EVIDENT",1,0,0,0,1,3,0,14,5,11,41.731491,-87.57573005,POINT (-87.575730053476 41.731490995184),1
JA496038,,11/2/2017 14:57,30,NO CONTROLS,NO CONTROLS,RAIN,DAYLIGHT,REAR END,DIVIDED - W/MEDIAN (NOT RAISED),2,STRAIGHT AND LEVEL,WET,NO DEFECTS,ON SCENE,NO INJURY / DRIVE AWAY,,,,"$501 - $1,500",11/2/2017 14:57,FAILING TO REDUCE SPEED TO AVOID CRASH,NOT APPLICABLE,2525,S,HALSTED ST,914,,,,,,,2,NO INDICATION OF INJURY,0,0,0,0,0,3,0,14,5,11,41.84623172,-87.64631695,POINT (-87.646316951155 41.846231721186),1
JA496291,,11/2/2017 14:58,30,NO CONTROLS,NO CONTROLS,CLEAR,DAYLIGHT,PARKED MOTOR VEHICLE,NOT DIVIDED,2,STRAIGHT AND LEVEL,DRY,NO DEFECTS,NOT ON SCENE (DESK REPORT),NO INJURY / DRIVE AWAY,,,,$500 OR LESS,11/2/2017 18:00,UNABLE TO DETERMINE,UNABLE TO DETERMINE,3436,N,OSCEOLA AVE,1631,,,,,,,2,NO INDICATION OF INJURY,0,0,0,0,0,3,0,14,5,11,41.94254335,-87.813168,POINT (-87.813168002518 41.942543350481),1
JA496034,,11/2/2017 15:00,30,TRAFFIC SIGNAL,FUNCTIONING PROPERLY,RAIN,DAYLIGHT,REAR END,NOT DIVIDED,2,STRAIGHT AND LEVEL,WET,NO DEFECTS,NOT ON SCENE (DESK REPORT),NO INJURY / DRIVE AWAY,,,,"OVER $1,500",11/2/2017 15:11,FOLLOWING TOO CLOSELY,NOT APPLICABLE,5026,W,MONTROSE AVE,1623,,,,,,,2,NO INDICATION OF INJURY,0,0,0,0,0,3,0,15,5,11,41.96075098,-87.75348435,POINT (-87.753484351898 41.960750981961),1
JA496097,,11/2/2017 15:00,30,TRAFFIC SIGNAL,FUNCTIONING PROPERLY,RAIN,DAYLIGHT,TURNING,NOT DIVIDED,4,STRAIGHT AND LEVEL,WET,NO DEFECTS,NOT ON SCENE (DESK REPORT),NO INJURY / DRIVE AWAY,Y,,,"OVER $1,500",11/2/2017 15:45,FAILING TO YIELD RIGHT-OF-WAY,UNABLE TO DETERMINE,4800,W,PETERSON AVE,1621,,,,,,,2,NO INDICATION OF INJURY,0,0,0,0,0,2,0,15,5,11,41.99000801,-87.74837695,POINT (-87.74837695119 41.990008007299),1
JA497329,,11/2/2017 15:00,30,TRAFFIC SIGNAL,FUNCTIONING PROPERLY,RAIN,DAYLIGHT,REAR END,CENTER TURN LANE,,STRAIGHT AND LEVEL,WET,NO DEFECTS,NOT ON SCENE (DESK REPORT),NO INJURY / DRIVE AWAY,,,Y,"OVER $1,500",11/3/2017 14:20,FOLLOWING TOO CLOSELY,NOT APPLICABLE,7329,W,IRVING PARK RD,1631,,,,,,,2,NO INDICATION OF INJURY,0,0,0,0,0,2,0,15,5,11,41.95256564,-87.8112743,POINT (-87.811274296158 41.95256564111),1
JA496098,,11/2/2017 15:00,30,NO CONTROLS,NO CONTROLS,RAIN,DAYLIGHT,REAR END,NOT DIVIDED,2,STRAIGHT AND LEVEL,WET,NO DEFECTS,ON SCENE,INJURY AND / OR TOW DUE TO CRASH,Y,,,"OVER $1,500",11/2/2017 15:05,FAILING TO REDUCE SPEED TO AVOID CRASH,WEATHER,8232,W,FOSTER AVE,1614,,,,,,,2,NONINCAPACITATING INJURY,1,0,0,1,0,1,0,15,5,11,41.97403863,-87.83290872,POINT (-87.83290871985 41.974038632414),1
JA497497,,11/2/2017 15:00,30,UNKNOWN,UNKNOWN,UNKNOWN,DAYLIGHT,REAR END,UNKNOWN,,STRAIGHT AND LEVEL,DRY,DEBRIS ON ROADWAY,NOT ON SCENE (DESK REPORT),NO INJURY / DRIVE AWAY,,,Y,"$501 - $1,500",11/3/2017 16:00,UNABLE TO DETERMINE,NOT APPLICABLE,6130,W,ADDISON ST,1633,,,,,,,2,NO INDICATION OF INJURY,0,0,0,0,0,2,0,15,5,11,41.94584355,-87.78019592,POINT (-87.780195917377 41.945843546524),1
JA496047,,11/2/2017 15:00,30,TRAFFIC SIGNAL,FUNCTIONING PROPERLY,CLOUDY/OVERCAST,DAYLIGHT,REAR END,DIVIDED - W/MEDIAN BARRIER,2,STRAIGHT AND LEVEL,WET,NO DEFECTS,ON SCENE,NO INJURY / DRIVE AWAY,,,,$500 OR LESS,11/2/2017 15:05,FOLLOWING TOO CLOSELY,UNABLE TO DETERMINE,801,W,CHICAGO AVE,1214,,,,,,,2,NO INDICATION OF INJURY,0,0,0,0,0,3,0,15,5,11,41.89629002,-87.64776997,POINT (-87.647769973263 41.896290015597),1
JA496046,,11/2/2017 15:03,30,NO CONTROLS,NO CONTROLS,CLEAR,DAYLIGHT,ANGLE,NOT DIVIDED,4,STRAIGHT AND LEVEL,DRY,NO DEFECTS,NOT ON SCENE (DESK REPORT),NO INJURY / DRIVE AWAY,,,,"OVER $1,500",11/2/2017 15:13,UNABLE TO DETERMINE,UNABLE TO DETERMINE,2351,E,93RD ST,413,,,,,,,2,NO INDICATION OF INJURY,0,0,0,0,0,2,0,15,5,11,41.72612459,-87.56609904,POINT (-87.566099040043 41.726124590973),1
JA496088,,11/2/2017 15:15,30,NO CONTROLS,NO CONTROLS,CLEAR,DAYLIGHT,REAR END,DIVIDED - W/MEDIAN (NOT RAISED),4,STRAIGHT AND LEVEL,DRY,NO DEFECTS,NOT ON SCENE (DESK REPORT),NO INJURY / DRIVE AWAY,,,,"OVER $1,500",11/2/2017 15:30,FOLLOWING TOO CLOSELY,FOLLOWING TOO CLOSELY,6200,N,CICERO AVE,1621,,,,,,,2,NO INDICATION OF INJURY,0,0,0,0,0,2,0,15,5,11,41.99316019,-87.7484821,POINT (-87.748482103986 41.993160188623),1
JA496132,,11/2/2017 15:15,30,TRAFFIC SIGNAL,FUNCTIONING PROPERLY,CLEAR,DAYLIGHT,REAR END,DIVIDED - W/MEDIAN (NOT RAISED),2,STRAIGHT AND LEVEL,WET,NO DEFECTS,NOT ON SCENE (DESK REPORT),NO INJURY / DRIVE AWAY,Y,,,"$501 - $1,500",11/2/2017 16:00,UNABLE TO DETERMINE,NOT APPLICABLE,7859,S,SOUTH SHORE DR,421,,,,,,,2,NO INDICATION OF INJURY,0,0,0,0,0,2,0,15,5,11,41.75281542,-87.54874414,POINT (-87.548744141489 41.752815417913),1
JA496190,,11/2/2017 15:20,30,NO CONTROLS,NO CONTROLS,RAIN,DAYLIGHT,REAR END,NOT DIVIDED,4,STRAIGHT AND LEVEL,WET,NO DEFECTS,NOT ON SCENE (DESK REPORT),NO INJURY / DRIVE AWAY,,,,"OVER $1,500",11/2/2017 16:50,FOLLOWING TOO CLOSELY,UNABLE TO DETERMINE,6150,N,CALDWELL AVE,1621,,,,,,,2,NO INDICATION OF INJURY,0,0,0,0,0,2,0,15,5,11,41.99286467,-87.75747769,POINT (-87.757477686672 41.992864668174),1
JA496269,,11/2/2017 15:25,30,NO CONTROLS,NO CONTROLS,RAIN,DAYLIGHT,REAR END,NOT DIVIDED,2,STRAIGHT AND LEVEL,WET,NO DEFECTS,NOT ON SCENE (DESK REPORT),NO INJURY / DRIVE AWAY,,,,"OVER $1,500",11/2/2017 17:24,WEATHER,ROAD ENGINEERING/SURFACE/MARKING DEFECTS,9200,S,JEFFERY AVE,413,,,,,,,2,NO INDICATION OF INJURY,0,0,0,0,0,2,0,15,5,11,41.7278454,-87.57563571,POINT (-87.575635704599 41.727845399315),1
JA496232,,11/2/2017 15:28,30,TRAFFIC SIGNAL,FUNCTIONING PROPERLY,RAIN,DAYLIGHT,PEDALCYCLIST,NOT DIVIDED,,STRAIGHT AND LEVEL,WET,NO DEFECTS,ON SCENE,INJURY AND / OR TOW DUE TO CRASH,Y,,,$500 OR LESS,11/2/2017 15:30,"VISION OBSCURED (SIGNS, TREE LIMBS, BUILDINGS, ETC.)",NOT APPLICABLE,4734,W,BELMONT AVE,1731,,,,,,,2,NONINCAPACITATING INJURY,1,0,0,1,0,2,0,15,5,11,41.93896018,-87.74516653,POINT (-87.745166530254 41.938960178146),1
JA497346,,11/2/2017 15:30,20,NO CONTROLS,NO CONTROLS,RAIN,DAYLIGHT,SIDESWIPE SAME DIRECTION,NOT DIVIDED,4,STRAIGHT AND LEVEL,WET,NO DEFECTS,NOT ON SCENE (DESK REPORT),NO INJURY / DRIVE AWAY,,,,"$501 - $1,500",11/3/2017 15:00,IMPROPER LANE USAGE,NOT APPLICABLE,1750,W,MONTEREY AVE,2212,,,,Y,CONSTRUCTION,,2,NO INDICATION OF INJURY,0,0,0,0,0,2,0,15,5,11,41.69077321,-87.66645913,POINT (-87.666459130087 41.690773212741),1
JA498765,,11/2/2017 15:30,15,TRAFFIC SIGNAL,FUNCTIONING PROPERLY,CLEAR,DAYLIGHT,SIDESWIPE SAME DIRECTION,NOT DIVIDED,3,STRAIGHT AND LEVEL,DRY,NO DEFECTS,NOT ON SCENE (DESK REPORT),NO INJURY / DRIVE AWAY,,,Y,"OVER $1,500",11/4/2017 15:10,IMPROPER OVERTAKING/PASSING,UNABLE TO DETERMINE,9489,S,SOUTH CHICAGO AVE,424,,,,,,,2,NO INDICATION OF INJURY,0,0,0,0,0,2,0,15,5,11,41.72294697,-87.54563504,POINT (-87.545635036735 41.722946964909),1
JA507180,,11/2/2017 15:30,30,NO CONTROLS,NO CONTROLS,CLEAR,DAYLIGHT,REAR END,NOT DIVIDED,2,STRAIGHT AND LEVEL,DRY,NO DEFECTS,NOT ON SCENE (DESK REPORT),NO INJURY / DRIVE AWAY,,,Y,"$501 - $1,500",11/10/2017 21:40,FOLLOWING TOO CLOSELY,UNABLE TO DETERMINE,1700,W,GRAND AVE,1215,,,,,,,2,NO INDICATION OF INJURY,0,0,0,0,0,3,0,15,5,11,41.89105286,-87.66962354,POINT (-87.669623538743 41.891052857019),1
JA496189,,11/2/2017 15:30,35,NO CONTROLS,NO CONTROLS,RAIN,DAYLIGHT,SIDESWIPE SAME DIRECTION,NOT DIVIDED,2,STRAIGHT AND LEVEL,WET,NO DEFECTS,ON SCENE,NO INJURY / DRIVE AWAY,,,,"$501 - $1,500",11/2/2017 15:34,IMPROPER OVERTAKING/PASSING,NOT APPLICABLE,40,E,OAK ST,1824,,,,Y,UNKNOWN,Y,2,NO INDICATION OF INJURY,0,0,0,0,0,2,0,15,5,11,41.90088009,-87.62685889,POINT (-87.626858888615 41.900880085521),1
JA496160,,11/2/2017 15:30,20,STOP SIGN/FLASHER,FUNCTIONING PROPERLY,RAIN,DAYLIGHT,SIDESWIPE OPPOSITE DIRECTION,NOT DIVIDED,2,STRAIGHT AND LEVEL,WET,NO DEFECTS,ON SCENE,NO INJURY / DRIVE AWAY,Y,,,"OVER $1,500",11/2/2017 15:53,DRIVING SKILLS/KNOWLEDGE/EXPERIENCE,NOT APPLICABLE,3132,N,WOLCOTT AVE,1931,,,,,,,3,NO INDICATION OF INJURY,0,0,0,0,0,3,0,15,5,11,41.9387337,-87.67604765,POINT (-87.67604765012 41.938733695983),1
JA496259,,11/2/2017 15:32,30,TRAFFIC SIGNAL,FUNCTIONING PROPERLY,RAIN,DAYLIGHT,REAR END,NOT DIVIDED,2,STRAIGHT AND LEVEL,WET,NO DEFECTS,NOT ON SCENE (DESK REPORT),NO INJURY / DRIVE AWAY,,,Y,"$501 - $1,500",11/2/2017 17:30,IMPROPER BACKING,NOT APPLICABLE,1729,S,HALSTED ST,1235,,,,,,,2,NO INDICATION OF INJURY,0,0,0,0,0,2,0,15,5,11,41.85833543,-87.64651052,POINT (-87.646510521966 41.858335426305),1
JA496491,,11/2/2017 15:38,30,OTHER WARNING SIGN,FUNCTIONING PROPERLY,RAIN,DUSK,FIXED OBJECT,ONE-WAY,,STRAIGHT AND LEVEL,WET,NO DEFECTS,NOT ON SCENE (DESK REPORT),INJURY AND / OR TOW DUE TO CRASH,,,,"OVER $1,500",11/2/2017 15:40,DRIVING ON WRONG SIDE/WRONG WAY,NOT APPLICABLE,5963,W,RICE ST,1511,,,,,,,1,NONINCAPACITATING INJURY,1,0,0,1,0,0,0,15,5,11,41.8955145,-87.77478939,POINT (-87.774789392761 41.895514500806),1