RD_NO,CRASH_DATE_EST_I,CRASH_DATE,POSTED_SPEED_LIMIT,TRAFFIC_CONTROL_DEVICE,DEVICE_CONDITION,WEATHER_CONDITION,LIGHTING_CONDITION,FIRST_CRASH_TYPE,TRAFFICWAY_TYPE,LANE_CNT,ALIGNMENT,ROADWAY_SURFACE_COND,ROAD_DEFECT,REPORT_TYPE,CRASH_TYPE,INTERSECTION_RELATED_I,NOT_RIGHT_OF_WAY_I,HIT_AND_RUN_I,DAMAGE,DATE_POLICE_NOTIFIED,PRIM_CONTRIBUTORY_CAUSE,SEC_CONTRIBUTORY_CAUSE,STREET_NO,STREET_DIRECTION,STREET_NAME,BEAT_OF_OCCURRENCE,PHOTOS_TAKEN_I,STATEMENTS_TAKEN_I,DOORING_I,WORK_ZONE_I,WORK_ZONE_TYPE,WORKERS_PRESENT_I,NUM_UNITS,MOST_SEVERE_INJURY,INJURIES_TOTAL,INJURIES_FATAL,INJURIES_INCAPACITATING,INJURIES_NON_INCAPACITATING,INJURIES_REPORTED_NOT_EVIDENT,INJURIES_NO_INDICATION,INJURIES_UNKNOWN,CRASH_HOUR,CRASH_DAY_OF_WEEK,CRASH_MONTH,LATITUDE,LONGITUDE,LOCATION,Join
JA496116,,11/2/2017 15:45,30,NO CONTROLS,NO CONTROLS,CLOUDY/OVERCAST,DAYLIGHT,SIDESWIPE SAME DIRECTION,DIVIDED - W/MEDIAN BARRIER,,STRAIGHT ON GRADE,DRY,NO DEFECTS,ON SCENE,NO INJURY / DRIVE AWAY,,,,"$501 - $1,500",11/2/2017 15:50,UNABLE TO DETERMINE,UNABLE TO DETERMINE,10623,S,HALSTED ST,2233,,,,,,,2,NO INDICATION OF INJURY,0,0,0,0,0,2,0,15,5,11,41.70074968,-87.64249553,POINT (-87.642495530151 41.700749676427),1
JA496134,,11/2/2017 15:51,30,TRAFFIC SIGNAL,FUNCTIONING PROPERLY,RAIN,DUSK,TURNING,DIVIDED - W/MEDIAN (NOT RAISED),,STRAIGHT AND LEVEL,WET,NO DEFECTS,ON SCENE,NO INJURY / DRIVE AWAY,Y,,,"OVER $1,500",11/2/2017 15:58,DRIVING SKILLS/KNOWLEDGE/EXPERIENCE,EXCEEDING SAFE SPEED FOR CONDITIONS,12700,S,HALSTED ST,523,,,,,,,2,NO INDICATION OF INJURY,0,0,0,0,0,2,0,15,5,11,41.6631821,-87.64156527,POINT (-87.641565265157 41.663182101231),1
JA496131,,11/2/2017 16:00,30,TRAFFIC SIGNAL,UNKNOWN,CLOUDY/OVERCAST,DAYLIGHT,HEAD ON,NOT DIVIDED,,STRAIGHT AND LEVEL,UNKNOWN,UNKNOWN,NOT ON SCENE (DESK REPORT),NO INJURY / DRIVE AWAY,Y,,Y,"OVER $1,500",11/2/2017 16:20,UNABLE TO DETERMINE,UNABLE TO DETERMINE,2258,S,BLUE ISLAND AVE,1034,,,,,,,2,NO INDICATION OF INJURY,0,0,0,0,0,5,0,16,5,11,41.85119774,-87.66916135,POINT (-87.669161351639 41.851197735713),1
JA496462,,11/2/2017 16:00,30,NO CONTROLS,NO CONTROLS,RAIN,DAYLIGHT,PARKED MOTOR VEHICLE,NOT DIVIDED,2,STRAIGHT AND LEVEL,WET,NO DEFECTS,NOT ON SCENE (DESK REPORT),NO INJURY / DRIVE AWAY,,,,$500 OR LESS,11/2/2017 19:19,"EVASIVE ACTION DUE TO ANIMAL, OBJECT, NONMOTORIST","EVASIVE ACTION DUE TO ANIMAL, OBJECT, NONMOTORIST",650,E,85TH ST,632,,,,,,,2,NO INDICATION OF INJURY,0,0,0,0,0,1,0,16,5,11,41.74036711,-87.60792289,POINT (-87.607922888397 41.740367113878),1
JA496175,,11/2/2017 16:05,35,TRAFFIC SIGNAL,FUNCTIONING PROPERLY,RAIN,DAYLIGHT,REAR END,DIVIDED - W/MEDIAN (NOT RAISED),,STRAIGHT AND LEVEL,WET,NO DEFECTS,ON SCENE,NO INJURY / DRIVE AWAY,,,,"OVER $1,500",11/2/2017 16:15,FAILING TO REDUCE SPEED TO AVOID CRASH,NOT APPLICABLE,3100,W,87TH ST,835,,,,,,,2,NO INDICATION OF INJURY,0,0,0,0,0,3,0,16,5,11,41.73535254,-87.69922058,POINT (-87.699220574943 41.735352539197),1
JA496184,,11/2/2017 16:10,30,NO CONTROLS,NO CONTROLS,RAIN,DAYLIGHT,SIDESWIPE OPPOSITE DIRECTION,NOT DIVIDED,2,STRAIGHT AND LEVEL,WET,NO DEFECTS,ON SCENE,NO INJURY / DRIVE AWAY,,,,$500 OR LESS,11/2/2017 16:48,UNABLE TO DETERMINE,NOT APPLICABLE,4447,N,LA CROSSE AVE,1623,,,,,,,2,NO INDICATION OF INJURY,0,0,0,0,0,2,0,16,5,11,41.96210494,-87.74865458,POINT (-87.748654578814 41.962104939378),1
JA496163,,11/2/2017 16:14,30,LANE USE MARKING,FUNCTIONING PROPERLY,RAIN,DAYLIGHT,TURNING,NOT DIVIDED,4,STRAIGHT AND LEVEL,WET,NO DEFECTS,ON SCENE,INJURY AND / OR TOW DUE TO CRASH,,,,"OVER $1,500",11/2/2017 16:16,WEATHER,"VISION OBSCURED (SIGNS, TREE LIMBS, BUILDINGS, ETC.)",5710,N,RIDGE AVE,2013,,,,,,,2,NONINCAPACITATING INJURY,1,0,0,1,0,2,0,16,5,11,41.98579361,-87.66384333,POINT (-87.66384332996 41.985793609364),1
JA496219,,11/2/2017 16:15,30,TRAFFIC SIGNAL,FUNCTIONING PROPERLY,CLEAR,DAYLIGHT,OTHER NONCOLLISION,DIVIDED - W/MEDIAN (NOT RAISED),2,STRAIGHT AND LEVEL,DRY,"RUT, HOLES",NOT ON SCENE (DESK REPORT),NO INJURY / DRIVE AWAY,,,,"OVER $1,500",11/2/2017 17:30,ROAD CONSTRUCTION/MAINTENANCE,UNABLE TO DETERMINE,4400,N,LINCOLN AVE,1911,,,,,,,1,NO INDICATION OF INJURY,0,0,0,0,0,2,0,16,5,11,41.96142634,-87.6840214,POINT (-87.684021397337 41.961426336795),1
JA496264,,11/2/2017 16:15,0,TRAFFIC SIGNAL,FUNCTIONING PROPERLY,CLEAR,DAYLIGHT,REAR END,DIVIDED - W/MEDIAN (NOT RAISED),,STRAIGHT AND LEVEL,DRY,NO DEFECTS,NOT ON SCENE (DESK REPORT),NO INJURY / DRIVE AWAY,,,,"OVER $1,500",11/2/2017 16:45,FOLLOWING TOO CLOSELY,NOT APPLICABLE,75,E,31ST ST,211,,,,,,,2,NO INDICATION OF INJURY,0,0,0,0,0,2,0,16,5,11,41.83823197,-87.6237663,POINT (-87.623766297826 41.838231969195),1
JA496218,,11/2/2017 16:15,30,NO CONTROLS,NO CONTROLS,CLEAR,DAYLIGHT,PARKED MOTOR VEHICLE,DIVIDED - W/MEDIAN (NOT RAISED),2,STRAIGHT AND LEVEL,DRY,UNKNOWN,NOT ON SCENE (DESK REPORT),NO INJURY / DRIVE AWAY,,,,$500 OR LESS,11/2/2017 17:30,UNABLE TO DETERMINE,UNABLE TO DETERMINE,7928,S,VINCENNES AVE,621,,,,,,,2,NO INDICATION OF INJURY,0,0,0,0,0,1,0,16,5,11,41.74987528,-87.63460125,POINT (-87.634601245602 41.749875277019),1
JA496181,,11/2/2017 16:15,30,NO CONTROLS,NO CONTROLS,RAIN,DAYLIGHT,REAR END,NOT DIVIDED,,STRAIGHT AND LEVEL,SNOW OR SLUSH,NO DEFECTS,NOT ON SCENE (DESK REPORT),NO INJURY / DRIVE AWAY,,,,"$501 - $1,500",11/2/2017 16:45,UNABLE TO DETERMINE,UNABLE TO DETERMINE,6950,S,SOUTH SHORE DR,331,,,,,,,2,NO INDICATION OF INJURY,0,0,0,0,0,2,0,16,5,11,41.76839244,-87.56665768,POINT (-87.56665767516 41.768392441857),1
JA496224,,11/2/2017 16:16,30,NO CONTROLS,NO CONTROLS,RAIN,DAYLIGHT,SIDESWIPE SAME DIRECTION,RAMP,2,STRAIGHT AND LEVEL,WET,UNKNOWN,NOT ON SCENE (DESK REPORT),INJURY AND / OR TOW DUE TO CRASH,,,Y,"$501 - $1,500",11/2/2017 17:45,IMPROPER OVERTAKING/PASSING,UNABLE TO DETERMINE,3947,N,LAKE SHORE DR NB,1925,,,,,,,2,"REPORTED, NOT EVIDENT",1,0,0,0,1,2,0,16,5,11,41.95422787,-87.64439383,POINT (-87.644393827317 41.954227868696),1
JA496162,,11/2/2017 16:20,30,NO CONTROLS,NO CONTROLS,RAIN,DAYLIGHT,REAR END,NOT DIVIDED,,STRAIGHT AND LEVEL,WET,NO DEFECTS,NOT ON SCENE (DESK REPORT),NO INJURY / DRIVE AWAY,,,,"OVER $1,500",11/2/2017 16:40,UNABLE TO DETERMINE,NOT APPLICABLE,2441,W,NORTH AVE,1423,,,,,,,2,NO INDICATION OF INJURY,0,0,0,0,0,4,0,16,5,11,41.91019166,-87.68886932,POINT (-87.688869317264 41.910191662879),1
JA511768,,11/2/2017 16:20,30,TRAFFIC SIGNAL,FUNCTIONING PROPERLY,CLEAR,DUSK,ANGLE,DIVIDED - W/MEDIAN (NOT RAISED),2,STRAIGHT AND LEVEL,DRY,NO DEFECTS,NOT ON SCENE (DESK REPORT),NO INJURY / DRIVE AWAY,,,,"$501 - $1,500",11/14/2017 16:50,DRIVING SKILLS/KNOWLEDGE/EXPERIENCE,NOT APPLICABLE,7411,N,CLARK ST,2422,,,,,,,2,NO INDICATION OF INJURY,0,0,0,0,0,4,0,16,5,11,42.01631432,-87.67509835,POINT (-87.675098345664 42.016314317328),1
JA496156,,11/2/2017 16:20,30,TRAFFIC SIGNAL,FUNCTIONING PROPERLY,RAIN,DAYLIGHT,TURNING,DIVIDED - W/MEDIAN (NOT RAISED),,STRAIGHT AND LEVEL,WET,NO DEFECTS,ON SCENE,INJURY AND / OR TOW DUE TO CRASH,Y,,Y,"OVER $1,500",11/2/2017 16:25,FAILING TO YIELD RIGHT-OF-WAY,NOT APPLICABLE,1559,W,MADISON ST,1224,,,,,,,2,NONINCAPACITATING INJURY,1,0,0,1,0,2,0,16,5,11,41.88134601,-87.66676516,POINT (-87.666765158299 41.881346013772),1
JA496225,,11/2/2017 16:24,30,STOP SIGN/FLASHER,FUNCTIONING PROPERLY,RAIN,DAYLIGHT,ANGLE,NOT DIVIDED,4,STRAIGHT AND LEVEL,WET,NO DEFECTS,ON SCENE,INJURY AND / OR TOW DUE TO CRASH,Y,,,"OVER $1,500",11/2/2017 16:53,FAILING TO YIELD RIGHT-OF-WAY,WEATHER,10700,S,HOMAN AVE,2211,,,,,,,2,NO INDICATION OF INJURY,0,0,0,0,0,2,0,16,5,11,41.69871781,-87.70616995,POINT (-87.706169951194 41.698717807755),1
JA496687,,11/2/2017 16:25,30,TRAFFIC SIGNAL,FUNCTIONING PROPERLY,RAIN,DAYLIGHT,REAR END,NOT DIVIDED,,STRAIGHT AND LEVEL,WET,NO DEFECTS,NOT ON SCENE (DESK REPORT),INJURY AND / OR TOW DUE TO CRASH,Y,,Y,$500 OR LESS,11/2/2017 23:15,FOLLOWING TOO CLOSELY,NOT APPLICABLE,7600,S,STATE ST,623,,,,,,,2,"REPORTED, NOT EVIDENT",1,0,0,0,1,1,0,16,5,11,41.75640041,-87.62486969,POINT (-87.624869685896 41.756400406673),1
JA496176,,11/2/2017 16:30,30,NO CONTROLS,NO CONTROLS,RAIN,DAYLIGHT,REAR END,NOT DIVIDED,2,STRAIGHT AND LEVEL,WET,NO DEFECTS,NOT ON SCENE (DESK REPORT),NO INJURY / DRIVE AWAY,,,,"OVER $1,500",11/2/2017 16:47,FOLLOWING TOO CLOSELY,NOT APPLICABLE,5430,W,FOSTER AVE,1623,,,,,,,2,NO INDICATION OF INJURY,0,0,0,0,0,3,0,16,5,11,41.97525905,-87.764082,POINT (-87.764081995392 41.975259049209),1
JA499664,,11/2/2017 16:30,30,TRAFFIC SIGNAL,NO CONTROLS,RAIN,"DARKNESS, LIGHTED ROAD",TURNING,NOT DIVIDED,2,STRAIGHT AND LEVEL,WET,NO DEFECTS,NOT ON SCENE (DESK REPORT),NO INJURY / DRIVE AWAY,,,,"OVER $1,500",11/5/2017 10:10,IMPROPER TURNING/NO SIGNAL,NOT APPLICABLE,3154,W,FOSTER AVE,1712,,,,,,,2,NO INDICATION OF INJURY,0,0,0,0,0,3,0,16,5,11,41.97585969,-87.70846497,POINT (-87.70846496773 41.975859694203),1
JA496273,,11/2/2017 16:30,30,TRAFFIC SIGNAL,FUNCTIONING PROPERLY,RAIN,"DARKNESS, LIGHTED ROAD",SIDESWIPE SAME DIRECTION,ONE-WAY,,STRAIGHT AND LEVEL,WET,NO DEFECTS,NOT ON SCENE (DESK REPORT),NO INJURY / DRIVE AWAY,,,,"OVER $1,500",11/2/2017 17:56,IMPROPER OVERTAKING/PASSING,NOT APPLICABLE,108,E,SUPERIOR ST,1833,,,,,,,2,NO INDICATION OF INJURY,0,0,0,0,0,2,0,16,5,11,41.89583964,-87.62498814,POINT (-87.624988141316 41.895839638207),1
JA496251,,11/2/2017 16:30,25,NO CONTROLS,NO CONTROLS,RAIN,DAYLIGHT,REAR END,DIVIDED - W/MEDIAN (NOT RAISED),4,STRAIGHT AND LEVEL,WET,NO DEFECTS,NOT ON SCENE (DESK REPORT),NO INJURY / DRIVE AWAY,,,,"$501 - $1,500",11/2/2017 17:26,UNABLE TO DETERMINE,UNABLE TO DETERMINE,5900,S,KOSTNER AVE,813,,,,,,,2,NO INDICATION OF INJURY,0,0,0,0,0,2,0,16,5,11,41.78574346,-87.73289174,POINT (-87.732891741757 41.785743463309),1
JA496200,,11/2/2017 16:30,30,STOP SIGN/FLASHER,NO CONTROLS,RAIN,DAYLIGHT,ANGLE,DIVIDED - W/MEDIAN (NOT RAISED),,STRAIGHT AND LEVEL,WET,NO DEFECTS,ON SCENE,NO INJURY / DRIVE AWAY,Y,,,"$501 - $1,500",11/2/2017 16:35,FAILING TO YIELD RIGHT-OF-WAY,NOT APPLICABLE,5200,S,KEDZIE AVE,822,,,,,,,2,NO INDICATION OF INJURY,0,0,0,0,0,6,0,16,5,11,41.79889965,-87.703858,POINT (-87.703857997716 41.798899651482),1
JA496497,,11/2/2017 16:30,30,NO CONTROLS,NO CONTROLS,RAIN,DUSK,SIDESWIPE SAME DIRECTION,NOT DIVIDED,2,STRAIGHT AND LEVEL,WET,UNKNOWN,NOT ON SCENE (DESK REPORT),NO INJURY / DRIVE AWAY,,,,"OVER $1,500",11/2/2017 20:00,UNABLE TO DETERMINE,UNABLE TO DETERMINE,4600,N,LINCOLN AVE,1911,,,,,,,2,NO INDICATION OF INJURY,0,0,0,0,0,4,0,16,5,11,41.96490236,-87.68627917,POINT (-87.686279170841 41.964902360748),1
JA496205,,11/2/2017 16:30,30,LANE USE MARKING,FUNCTIONING IMPROPERLY,RAIN,DAYLIGHT,TURNING,CENTER TURN LANE,1,STRAIGHT AND LEVEL,WET,NO DEFECTS,ON SCENE,NO INJURY / DRIVE AWAY,Y,,,$500 OR LESS,11/2/2017 16:40,IMPROPER OVERTAKING/PASSING,DRIVING ON WRONG SIDE/WRONG WAY,14,W,95TH ST,634,,,,Y,CONSTRUCTION,,2,NO INDICATION OF INJURY,0,0,0,0,0,9,0,16,5,11,41.72173497,-87.62457092,POINT (-87.624570920334 41.721734965274),1
JA496213,,11/2/2017 16:35,30,NO CONTROLS,NO CONTROLS,RAIN,DAYLIGHT,SIDESWIPE SAME DIRECTION,DIVIDED - W/MEDIAN BARRIER,4,STRAIGHT AND LEVEL,WET,NO DEFECTS,ON SCENE,INJURY AND / OR TOW DUE TO CRASH,,,,"OVER $1,500",11/2/2017 17:00,FAILING TO YIELD RIGHT-OF-WAY,NOT APPLICABLE,3736,W,79TH ST,833,,,,,,,2,NO INDICATION OF INJURY,0,0,0,0,0,3,0,16,5,11,41.74977885,-87.7156447,POINT (-87.71564469663 41.74977885385),1
JA496286,Y,11/2/2017 16:40,30,NO CONTROLS,NO CONTROLS,RAIN,DARKNESS,SIDESWIPE SAME DIRECTION,ONE-WAY,3,STRAIGHT AND LEVEL,WET,NO DEFECTS,ON SCENE,NO INJURY / DRIVE AWAY,,,,"OVER $1,500",11/2/2017 17:40,FAILING TO YIELD RIGHT-OF-WAY,NOT APPLICABLE,7418,S,LAFAYETTE AVE,731,,,,,,,2,NO INDICATION OF INJURY,0,0,0,0,0,2,0,16,5,11,41.75936464,-87.62654619,POINT (-87.626546190801 41.759364642603),1
JA496185,,11/2/2017 16:40,35,NO CONTROLS,NO CONTROLS,RAIN,DUSK,SIDESWIPE SAME DIRECTION,NOT DIVIDED,4,STRAIGHT AND LEVEL,WET,OTHER,ON SCENE,NO INJURY / DRIVE AWAY,,,Y,"OVER $1,500",11/2/2017 16:41,FOLLOWING TOO CLOSELY,UNABLE TO DETERMINE,7251,S,HALSTED ST,732,,,,,,,2,NO INDICATION OF INJURY,0,0,0,0,0,2,0,16,5,11,41.7618825,-87.64418146,POINT (-87.644181462779 41.761882497163),1
JA496293,,11/2/2017 16:45,30,NO CONTROLS,NO CONTROLS,RAIN,"DARKNESS, LIGHTED ROAD",PARKED MOTOR VEHICLE,PARKING LOT,,STRAIGHT AND LEVEL,DRY,UNKNOWN,NOT ON SCENE (DESK REPORT),NO INJURY / DRIVE AWAY,,,,"OVER $1,500",11/2/2017 18:00,UNABLE TO DETERMINE,UNABLE TO DETERMINE,251,E,HURON ST,1834,,,,,,,2,NO INDICATION OF INJURY,0,0,0,0,0,1,0,16,5,11,41.8949033,-87.62074373,POINT (-87.62074372624 41.894903302355),1
JA496216,,11/2/2017 16:45,30,NO CONTROLS,NO CONTROLS,RAIN,DARKNESS,TURNING,NOT DIVIDED,2,STRAIGHT AND LEVEL,WET,NO DEFECTS,ON SCENE,NO INJURY / DRIVE AWAY,,,,$500 OR LESS,11/2/2017 16:49,UNABLE TO DETERMINE,UNABLE TO DETERMINE,4190,N,NARRAGANSETT AVE,1632,,,,,,,2,NO INDICATION OF INJURY,0,0,0,0,0,2,0,16,5,11,41.9564905,-87.78684391,POINT (-87.786843907821 41.956490502969),1
JA536356,,11/2/2017 16:45,30,TRAFFIC SIGNAL,FUNCTIONING PROPERLY,RAIN,DUSK,TURNING,NOT DIVIDED,4,STRAIGHT AND LEVEL,WET,UNKNOWN,NOT ON SCENE (DESK REPORT),NO INJURY / DRIVE AWAY,Y,,,"OVER $1,500",12/4/2017 15:40,IMPROPER TURNING/NO SIGNAL,FAILING TO YIELD RIGHT-OF-WAY,299,W,GRAND AVE,1831,,,,,,,2,NO INDICATION OF INJURY,0,0,0,0,0,3,0,16,5,11,41.89145847,-87.63549713,POINT (-87.635497132847 41.891458469624),1
JA497041,,11/2/2017 16:45,30,NO CONTROLS,NO CONTROLS,RAIN,DAYLIGHT,ANGLE,NOT DIVIDED,2,STRAIGHT AND LEVEL,WET,UNKNOWN,NOT ON SCENE (DESK REPORT),NO INJURY / DRIVE AWAY,,,,"$501 - $1,500",11/3/2017 11:00,UNABLE TO DETERMINE,UNABLE TO DETERMINE,1827,S,ASHLAND AVE,1233,,,,,,,2,NO INDICATION OF INJURY,0,0,0,0,0,2,0,16,5,11,41.85693192,-87.6659771,POINT (-87.665977103315 41.856931922123),1
JA496214,,11/2/2017 16:54,25,STOP SIGN/FLASHER,FUNCTIONING PROPERLY,RAIN,DAYLIGHT,TURNING,NOT DIVIDED,2,STRAIGHT AND LEVEL,WET,NO DEFECTS,ON SCENE,NO INJURY / DRIVE AWAY,Y,,,"$501 - $1,500",11/2/2017 16:54,UNABLE TO DETERMINE,NOT APPLICABLE,2040,W,DEVON AVE,2412,,,,,,,2,NO INDICATION OF INJURY,0,0,0,0,0,2,0,16,5,11,41.99797797,-87.68175763,POINT (-87.681757634348 41.997977964588),1
JA496361,,11/2/2017 16:55,30,NO CONTROLS,NO CONTROLS,RAIN,"DARKNESS, LIGHTED ROAD",SIDESWIPE SAME DIRECTION,DIVIDED - W/MEDIAN (NOT RAISED),2,STRAIGHT AND LEVEL,WET,NO DEFECTS,NOT ON SCENE (DESK REPORT),NO INJURY / DRIVE AWAY,,,Y,$500 OR LESS,11/2/2017 18:30,UNABLE TO DETERMINE,NOT APPLICABLE,230,S,KOSTNER AVE,1113,,,,,,,2,NO INDICATION OF INJURY,0,0,0,0,0,2,0,16,5,11,41.87700845,-87.73549752,POINT (-87.735497517204 41.877008454134),1
JA496231,,11/2/2017 17:00,35,NO CONTROLS,NO CONTROLS,RAIN,DUSK,REAR END,DIVIDED - W/MEDIAN BARRIER,,STRAIGHT AND LEVEL,WET,NO DEFECTS,ON SCENE,INJURY AND / OR TOW DUE TO CRASH,,,Y,"OVER $1,500",11/2/2017 17:00,EXCEEDING SAFE SPEED FOR CONDITIONS,WEATHER,7700,S,STONY ISLAND AVE,411,,,,,,,2,NO INDICATION OF INJURY,0,0,0,0,0,2,0,17,5,11,41.75502769,-87.58626952,POINT (-87.586269521734 41.755027686811),1
JA496381,,11/2/2017 17:00,30,STOP SIGN/FLASHER,FUNCTIONING PROPERLY,RAIN,DUSK,SIDESWIPE SAME DIRECTION,ONE-WAY,4,STRAIGHT AND LEVEL,WET,NO DEFECTS,NOT ON SCENE (DESK REPORT),NO INJURY / DRIVE AWAY,,,,"OVER $1,500",11/2/2017 19:00,FAILING TO REDUCE SPEED TO AVOID CRASH,FAILING TO REDUCE SPEED TO AVOID CRASH,4134,S,WENTWORTH AVE,925,,,,,,,2,NO INDICATION OF INJURY,0,0,0,0,0,2,0,17,5,11,41.81901992,-87.63141581,POINT (-87.631415806113 41.819019920191),1
JA506016,,11/2/2017 17:00,25,TRAFFIC SIGNAL,FUNCTIONING PROPERLY,CLEAR,DAYLIGHT,HEAD ON,NOT DIVIDED,,STRAIGHT AND LEVEL,UNKNOWN,UNKNOWN,NOT ON SCENE (DESK REPORT),NO INJURY / DRIVE AWAY,,,Y,"OVER $1,500",11/10/2017 7:54,IMPROPER BACKING,FAILING TO YIELD RIGHT-OF-WAY,4800,W,PALMER ST,2522,,,,,,,2,NO INDICATION OF INJURY,0,0,0,0,0,2,0,17,5,11,41.92069303,-87.74627462,POINT (-87.746274619283 41.920693034148),1
JA496258,,11/2/2017 17:00,30,NO CONTROLS,NO CONTROLS,RAIN,DAYLIGHT,SIDESWIPE SAME DIRECTION,DIVIDED - W/MEDIAN (NOT RAISED),,STRAIGHT AND LEVEL,WET,UNKNOWN,NOT ON SCENE (DESK REPORT),NO INJURY / DRIVE AWAY,,,,"OVER $1,500",11/2/2017 17:30,UNABLE TO DETERMINE,UNABLE TO DETERMINE,2020,W,TAYLOR ST,1225,,,,,,,2,NO INDICATION OF INJURY,0,0,0,0,0,2,0,17,5,11,41.86920448,-87.67704283,POINT (-87.677042830378 41.869204481203),1
JA498446,,11/2/2017 17:00,30,NO CONTROLS,NO CONTROLS,RAIN,DUSK,SIDESWIPE SAME DIRECTION,NOT DIVIDED,2,STRAIGHT AND LEVEL,WET,NO DEFECTS,NOT ON SCENE (DESK REPORT),NO INJURY / DRIVE AWAY,,,,"OVER $1,500",11/4/2017 11:06,UNABLE TO DETERMINE,UNABLE TO DETERMINE,4600,N,LINCOLN AVE,1911,,,,,,,2,NO INDICATION OF INJURY,0,0,0,0,0,2,0,17,5,11,41.96490236,-87.68627917,POINT (-87.686279170841 41.964902360748),1
JA496378,,11/2/2017 17:00,30,NO CONTROLS,NO CONTROLS,RAIN,"DARKNESS, LIGHTED ROAD",PARKED MOTOR VEHICLE,ONE-WAY,2,STRAIGHT AND LEVEL,WET,NO DEFECTS,NOT ON SCENE (DESK REPORT),NO INJURY / DRIVE AWAY,,,Y,"$501 - $1,500",11/2/2017 18:30,UNABLE TO DETERMINE,UNABLE TO DETERMINE,7800,S,STATE ST,623,,,,,,,2,NO INDICATION OF INJURY,0,0,0,0,0,1,0,17,5,11,41.75272454,-87.6247509,POINT (-87.624750901483 41.752724536746),1
JA496612,,11/2/2017 17:00,30,TRAFFIC SIGNAL,FUNCTIONING PROPERLY,RAIN,DUSK,REAR END,NOT DIVIDED,,STRAIGHT AND LEVEL,WET,NO DEFECTS,NOT ON SCENE (DESK REPORT),NO INJURY / DRIVE AWAY,,,,"$501 - $1,500",11/2/2017 22:00,IMPROPER LANE USAGE,UNABLE TO DETERMINE,799,W,DIVISION ST,1822,,,,,,,2,NO INDICATION OF INJURY,0,0,0,0,0,2,0,17,5,11,41.90352767,-87.64807365,POINT (-87.648073645642 41.903527671183),1
JA496235,,11/2/2017 17:00,15,NO CONTROLS,NO CONTROLS,RAIN,DUSK,FIXED OBJECT,ALLEY,1,STRAIGHT AND LEVEL,WET,NO DEFECTS,ON SCENE,NO INJURY / DRIVE AWAY,,,Y,"OVER $1,500",11/2/2017 17:16,UNABLE TO DETERMINE,UNABLE TO DETERMINE,368,N,HAMLIN AVE,1122,,,,,,,2,NO INDICATION OF INJURY,0,0,0,0,0,2,0,17,5,11,41.8871721,-87.72110454,POINT (-87.72110454062 41.887172102114),1
JA496256,,11/2/2017 17:05,30,NO CONTROLS,NO CONTROLS,RAIN,DUSK,PARKED MOTOR VEHICLE,NOT DIVIDED,2,STRAIGHT AND LEVEL,WET,NO DEFECTS,ON SCENE,NO INJURY / DRIVE AWAY,,,Y,"$501 - $1,500",11/2/2017 17:10,UNABLE TO DETERMINE,UNABLE TO DETERMINE,2653,W,DIVISION ST,1211,,,,,,,2,NO INDICATION OF INJURY,0,0,0,0,0,1,0,17,5,11,41.90284073,-87.69406195,POINT (-87.694061946919 41.902840730351),1
JA496856,,11/2/2017 17:05,30,NO CONTROLS,NO CONTROLS,CLEAR,DAYLIGHT,REAR END,NOT DIVIDED,2,STRAIGHT AND LEVEL,DRY,NO DEFECTS,NOT ON SCENE (DESK REPORT),NO INJURY / DRIVE AWAY,,,,"OVER $1,500",11/3/2017 7:20,FOLLOWING TOO CLOSELY,NOT APPLICABLE,4945,W,FOSTER AVE,1623,,,,,,,3,NO INDICATION OF INJURY,0,0,0,0,0,3,0,17,5,11,41.97517108,-87.75216025,POINT (-87.752160245195 41.975171080007),1
JA496343,,11/2/2017 17:10,30,NO CONTROLS,NO CONTROLS,RAIN,DAYLIGHT,TURNING,DIVIDED - W/MEDIAN BARRIER,,STRAIGHT AND LEVEL,WET,UNKNOWN,NOT ON SCENE (DESK REPORT),NO INJURY / DRIVE AWAY,,,,"OVER $1,500",11/2/2017 18:10,FAILING TO YIELD RIGHT-OF-WAY,UNABLE TO DETERMINE,631,N,LA SALLE DR,1832,,,,,,,2,NO INDICATION OF INJURY,0,0,0,0,0,3,0,17,5,11,41.8932512,-87.63249301,POINT (-87.632493012229 41.893251198465),1
JA496253,,11/2/2017 17:10,35,TRAFFIC SIGNAL,FUNCTIONING PROPERLY,RAIN,DUSK,ANGLE,DIVIDED - W/MEDIAN (NOT RAISED),4,STRAIGHT AND LEVEL,WET,NO DEFECTS,ON SCENE,INJURY AND / OR TOW DUE TO CRASH,Y,,,"OVER $1,500",11/2/2017 17:11,DISREGARDING TRAFFIC SIGNALS,DISREGARDING TRAFFIC SIGNALS,2359,W,13TH ST,1233,,,,,,,2,"REPORTED, NOT EVIDENT",1,0,0,0,1,1,0,17,5,11,41.86468478,-87.68593738,POINT (-87.685937381689 41.86468477618),1
JA496280,,11/2/2017 17:15,30,TRAFFIC SIGNAL,FUNCTIONING PROPERLY,RAIN,"DARKNESS, LIGHTED ROAD",TURNING,DIVIDED - W/MEDIAN (NOT RAISED),3,STRAIGHT AND LEVEL,WET,NO DEFECTS,ON SCENE,NO INJURY / DRIVE AWAY,,,,"$501 - $1,500",11/2/2017 17:17,IMPROPER TURNING/NO SIGNAL,FAILING TO YIELD RIGHT-OF-WAY,757,N,FAIRBANKS CT,1833,,,,,,,2,NO INDICATION OF INJURY,0,0,0,0,0,3,0,17,5,11,41.89673792,-87.62022135,POINT (-87.620221354034 41.896737923045),1