RD_NO,CRASH_DATE_EST_I,CRASH_DATE,POSTED_SPEED_LIMIT,TRAFFIC_CONTROL_DEVICE,DEVICE_CONDITION,WEATHER_CONDITION,LIGHTING_CONDITION,FIRST_CRASH_TYPE,TRAFFICWAY_TYPE,LANE_CNT,ALIGNMENT,ROADWAY_SURFACE_COND,ROAD_DEFECT,REPORT_TYPE,CRASH_TYPE,INTERSECTION_RELATED_I,NOT_RIGHT_OF_WAY_I,HIT_AND_RUN_I,DAMAGE,DATE_POLICE_NOTIFIED,PRIM_CONTRIBUTORY_CAUSE,SEC_CONTRIBUTORY_CAUSE,STREET_NO,STREET_DIRECTION,STREET_NAME,BEAT_OF_OCCURRENCE,PHOTOS_TAKEN_I,STATEMENTS_TAKEN_I,DOORING_I,WORK_ZONE_I,WORK_ZONE_TYPE,WORKERS_PRESENT_I,NUM_UNITS,MOST_SEVERE_INJURY,INJURIES_TOTAL,INJURIES_FATAL,INJURIES_INCAPACITATING,INJURIES_NON_INCAPACITATING,INJURIES_REPORTED_NOT_EVIDENT,INJURIES_NO_INDICATION,INJURIES_UNKNOWN,CRASH_HOUR,CRASH_DAY_OF_WEEK,CRASH_MONTH,LATITUDE,LONGITUDE,LOCATION,Join
JA496285,,11/2/2017 17:18,30,TRAFFIC SIGNAL,FUNCTIONING PROPERLY,CLEAR,DAYLIGHT,REAR END,DIVIDED - W/MEDIAN (NOT RAISED),4,STRAIGHT AND LEVEL,DRY,NO DEFECTS,NOT ON SCENE (DESK REPORT),NO INJURY / DRIVE AWAY,,,,"OVER $1,500",11/2/2017 18:00,UNABLE TO DETERMINE,UNABLE TO DETERMINE,1736,W,IRVING PARK RD,1912,,,,,,,2,NO INDICATION OF INJURY,0,0,0,0,0,2,0,17,5,11,41.95434609,-87.67286129,POINT (-87.672861288635 41.954346091152),1
JA496541,,11/2/2017 17:21,30,TRAFFIC SIGNAL,FUNCTIONING PROPERLY,RAIN,"DARKNESS, LIGHTED ROAD",REAR END,NOT DIVIDED,4,STRAIGHT AND LEVEL,WET,NO DEFECTS,NOT ON SCENE (DESK REPORT),NO INJURY / DRIVE AWAY,Y,,Y,"$501 - $1,500",11/2/2017 20:45,FOLLOWING TOO CLOSELY,NOT APPLICABLE,241,N,LA SALLE ST,122,,,,,,,2,NO INDICATION OF INJURY,0,0,0,0,0,2,0,17,5,11,41.88678923,-87.63233334,POINT (-87.632333342201 41.886789231804),1
JA496245,,11/2/2017 17:24,30,TRAFFIC SIGNAL,FUNCTIONING PROPERLY,RAIN,DUSK,TURNING,DIVIDED - W/MEDIAN (NOT RAISED),4,STRAIGHT AND LEVEL,WET,NO DEFECTS,ON SCENE,INJURY AND / OR TOW DUE TO CRASH,Y,,,"OVER $1,500",11/2/2017 17:24,FAILING TO YIELD RIGHT-OF-WAY,IMPROPER TURNING/NO SIGNAL,4802,W,MADISON ST,1533,,,,,,,2,NO INDICATION OF INJURY,0,0,0,0,0,2,0,17,5,11,41.88060537,-87.74547106,POINT (-87.745471064048 41.880605365817),1
JA496271,,11/2/2017 17:25,30,TRAFFIC SIGNAL,FUNCTIONING PROPERLY,RAIN,"DARKNESS, LIGHTED ROAD",PEDALCYCLIST,DIVIDED - W/MEDIAN (NOT RAISED),5,STRAIGHT AND LEVEL,WET,UNKNOWN,ON SCENE,NO INJURY / DRIVE AWAY,,,,"$501 - $1,500",11/2/2017 17:45,FAILING TO YIELD RIGHT-OF-WAY,NOT APPLICABLE,199,W,HARRISON ST,123,,Y,Y,,,,2,NO INDICATION OF INJURY,0,0,0,0,0,2,0,17,5,11,41.87437177,-87.63360144,POINT (-87.633601440789 41.874371773539),1
JA499852,,11/2/2017 17:30,30,TRAFFIC SIGNAL,FUNCTIONING PROPERLY,CLEAR,DAYLIGHT,PEDESTRIAN,DIVIDED - W/MEDIAN (NOT RAISED),2,STRAIGHT AND LEVEL,UNKNOWN,UNKNOWN,NOT ON SCENE (DESK REPORT),INJURY AND / OR TOW DUE TO CRASH,Y,,Y,"$501 - $1,500",11/5/2017 12:30,FAILING TO YIELD RIGHT-OF-WAY,UNABLE TO DETERMINE,8301,S,DR MARTIN LUTHER KING JR DR,632,,,,,,,2,"REPORTED, NOT EVIDENT",1,0,0,0,1,1,0,17,5,11,41.74373153,-87.61458927,POINT (-87.614589274097 41.743731530644),1
JA497406,,11/2/2017 17:30,30,NO CONTROLS,NO CONTROLS,RAIN,DUSK,REAR END,NOT DIVIDED,,STRAIGHT AND LEVEL,UNKNOWN,UNKNOWN,NOT ON SCENE (DESK REPORT),INJURY AND / OR TOW DUE TO CRASH,,,,"OVER $1,500",11/3/2017 15:15,UNABLE TO DETERMINE,UNABLE TO DETERMINE,2340,S,HALSTED ST,1235,,,,,,,2,NONINCAPACITATING INJURY,1,0,0,1,0,2,0,17,5,11,41.84946329,-87.646622,POINT (-87.646621999356 41.849463293732),1
JA496311,,11/2/2017 17:30,30,NO CONTROLS,NO CONTROLS,RAIN,DARKNESS,ANGLE,ALLEY,,STRAIGHT AND LEVEL,WET,NO DEFECTS,NOT ON SCENE (DESK REPORT),NO INJURY / DRIVE AWAY,,,,"OVER $1,500",11/2/2017 17:40,IMPROPER BACKING,NOT APPLICABLE,1119,W,CULLERTON ST,1235,,,,,,,2,NO INDICATION OF INJURY,0,0,0,0,0,3,0,17,5,11,41.8551254,-87.65390951,POINT (-87.653909512903 41.855125399084),1
JA496296,,11/2/2017 17:35,30,NO CONTROLS,NO CONTROLS,RAIN,"DARKNESS, LIGHTED ROAD",REAR END,NOT DIVIDED,6,STRAIGHT AND LEVEL,WET,NO DEFECTS,NOT ON SCENE (DESK REPORT),INJURY AND / OR TOW DUE TO CRASH,,,,"OVER $1,500",11/2/2017 18:00,UNABLE TO DETERMINE,NOT APPLICABLE,851,N,LA SALLE DR,1832,,,,,,,3,NONINCAPACITATING INJURY,2,0,0,2,0,2,0,17,5,11,41.89812143,-87.63259768,POINT (-87.632597680188 41.898121433156),1
JA496305,,11/2/2017 17:35,30,TRAFFIC SIGNAL,FUNCTIONING PROPERLY,RAIN,"DARKNESS, LIGHTED ROAD",SIDESWIPE SAME DIRECTION,CENTER TURN LANE,,STRAIGHT AND LEVEL,WET,NO DEFECTS,ON SCENE,NO INJURY / DRIVE AWAY,,,,"OVER $1,500",11/2/2017 17:41,UNABLE TO DETERMINE,DRIVING SKILLS/KNOWLEDGE/EXPERIENCE,459,N,HOMAN AVE,1123,,,,,,,2,NO INDICATION OF INJURY,0,0,0,0,0,4,0,17,5,11,41.89000693,-87.71112534,POINT (-87.711125342195 41.890006932904),1
JA496282,,11/2/2017 17:35,30,STOP SIGN/FLASHER,FUNCTIONING PROPERLY,RAIN,"DARKNESS, LIGHTED ROAD",ANGLE,DIVIDED - W/MEDIAN (NOT RAISED),2,STRAIGHT AND LEVEL,WET,NO DEFECTS,ON SCENE,INJURY AND / OR TOW DUE TO CRASH,Y,,,"OVER $1,500",11/2/2017 17:36,UNABLE TO DETERMINE,UNABLE TO DETERMINE,5800,S,HALSTED ST,712,,,,,,,2,NONINCAPACITATING INJURY,1,0,0,1,0,2,0,17,5,11,41.78880239,-87.64516176,POINT (-87.645161755622 41.788802393938),1
JA496333,,11/2/2017 17:40,25,NO CONTROLS,NO CONTROLS,RAIN,"DARKNESS, LIGHTED ROAD",TURNING,DIVIDED - W/MEDIAN (NOT RAISED),2,STRAIGHT AND LEVEL,WET,NO DEFECTS,NOT ON SCENE (DESK REPORT),NO INJURY / DRIVE AWAY,,,,"$501 - $1,500",11/2/2017 18:12,UNABLE TO DETERMINE,UNABLE TO DETERMINE,4700,S,LAWNDALE AVE,821,,,,,,,2,NO INDICATION OF INJURY,0,0,0,0,0,2,0,17,5,11,41.80790245,-87.71637597,POINT (-87.716375968062 41.807902449705),1
JA496328,,11/2/2017 17:41,30,NO CONTROLS,NO CONTROLS,RAIN,"DARKNESS, LIGHTED ROAD",TURNING,DIVIDED - W/MEDIAN (NOT RAISED),,STRAIGHT AND LEVEL,WET,NO DEFECTS,,NO INJURY / DRIVE AWAY,Y,,,"$501 - $1,500",11/2/2017 18:00,FAILING TO YIELD RIGHT-OF-WAY,NOT APPLICABLE,6927,W,ARCHER AVE,811,,,,,,,2,NO INDICATION OF INJURY,0,0,0,0,0,2,0,17,5,11,41.79197878,-87.79517104,POINT (-87.795171035965 41.791978784322),1
JA497062,,11/2/2017 17:42,30,TRAFFIC SIGNAL,FUNCTIONING PROPERLY,CLEAR,DUSK,REAR END,DIVIDED - W/MEDIAN (NOT RAISED),2,STRAIGHT AND LEVEL,DRY,NO DEFECTS,NOT ON SCENE (DESK REPORT),NO INJURY / DRIVE AWAY,,,,"$501 - $1,500",11/3/2017 11:00,FOLLOWING TOO CLOSELY,FOLLOWING TOO CLOSELY,2809,N,KEDZIE AVE,1411,,,,,,,2,NO INDICATION OF INJURY,0,0,0,0,0,2,0,17,5,11,41.93235342,-87.70728981,POINT (-87.707289811345 41.932353416387),1
JA496499,,11/2/2017 17:45,30,NO CONTROLS,NO CONTROLS,RAIN,DARKNESS,REAR END,DIVIDED - W/MEDIAN (NOT RAISED),2,STRAIGHT AND LEVEL,WET,NO DEFECTS,NOT ON SCENE (DESK REPORT),NO INJURY / DRIVE AWAY,Y,,Y,"$501 - $1,500",11/2/2017 20:12,UNABLE TO DETERMINE,NOT APPLICABLE,380,E,71ST ST,322,,,,,,,2,NO INDICATION OF INJURY,0,0,0,0,0,2,0,17,5,11,41.76581938,-87.61534677,POINT (-87.615346765287 41.765819375359),1
JA496295,,11/2/2017 17:45,30,TRAFFIC SIGNAL,FUNCTIONING PROPERLY,RAIN,"DARKNESS, LIGHTED ROAD",REAR END,DIVIDED - W/MEDIAN (NOT RAISED),,STRAIGHT AND LEVEL,WET,NO DEFECTS,ON SCENE,NO INJURY / DRIVE AWAY,,,Y,"$501 - $1,500",11/2/2017 17:50,DISTRACTION - FROM INSIDE VEHICLE,UNABLE TO DETERMINE,8100,S,LAFAYETTE AVE,622,,,,,,,2,NO INDICATION OF INJURY,0,0,0,0,0,2,0,17,5,11,41.74718844,-87.62586281,POINT (-87.625862808928 41.747188444365),1
JA496317,,11/2/2017 17:50,30,NO CONTROLS,NO CONTROLS,RAIN,"DARKNESS, LIGHTED ROAD",PARKED MOTOR VEHICLE,ALLEY,1,STRAIGHT AND LEVEL,WET,NO DEFECTS,ON SCENE,NO INJURY / DRIVE AWAY,,,Y,"OVER $1,500",11/2/2017 17:55,IMPROPER OVERTAKING/PASSING,NOT APPLICABLE,741,N,HARDING AVE,1112,,,,,,,2,NO INDICATION OF INJURY,0,0,0,0,0,1,0,17,5,11,41.89481674,-87.72469782,POINT (-87.724697818598 41.894816734823),1
JA496303,,11/2/2017 17:50,30,TRAFFIC SIGNAL,FUNCTIONING PROPERLY,RAIN,DARKNESS,SIDESWIPE SAME DIRECTION,NOT DIVIDED,2,STRAIGHT AND LEVEL,WET,NO DEFECTS,ON SCENE,NO INJURY / DRIVE AWAY,,,Y,$500 OR LESS,11/2/2017 18:02,DRIVING SKILLS/KNOWLEDGE/EXPERIENCE,UNABLE TO DETERMINE,8100,S,DR MARTIN LUTHER KING JR DR,631,,,,,,,2,NO INDICATION OF INJURY,0,0,0,0,0,2,0,17,5,11,41.74736947,-87.61501478,POINT (-87.61501478186 41.747369471252),1
JA496420,,11/2/2017 17:54,30,NO CONTROLS,NO CONTROLS,RAIN,DARKNESS,SIDESWIPE SAME DIRECTION,ONE-WAY,2,STRAIGHT AND LEVEL,WET,NO DEFECTS,NOT ON SCENE (DESK REPORT),NO INJURY / DRIVE AWAY,,,Y,$500 OR LESS,11/2/2017 19:16,IMPROPER OVERTAKING/PASSING,NOT APPLICABLE,77,E,ADAMS ST,113,,,,,,,2,NO INDICATION OF INJURY,0,0,0,0,0,2,0,17,5,11,41.87943624,-87.62485436,POINT (-87.624854359052 41.87943624279),1
JA496336,,11/2/2017 17:59,30,TRAFFIC SIGNAL,FUNCTIONING PROPERLY,RAIN,"DARKNESS, LIGHTED ROAD",REAR END,DIVIDED - W/MEDIAN (NOT RAISED),4,STRAIGHT ON GRADE,WET,WORN SURFACE,ON SCENE,NO INJURY / DRIVE AWAY,Y,,Y,"$501 - $1,500",11/2/2017 17:59,UNABLE TO DETERMINE,UNABLE TO DETERMINE,3533,E,95TH ST,432,,,,,,,3,NO INDICATION OF INJURY,0,0,0,0,0,4,0,17,5,11,41.72281756,-87.53764818,POINT (-87.53764817745 41.72281756117),1
JA496391,,11/2/2017 18:00,30,NO CONTROLS,NO CONTROLS,RAIN,DAYLIGHT,REAR END,DIVIDED - W/MEDIAN (NOT RAISED),2,STRAIGHT AND LEVEL,WET,UNKNOWN,NOT ON SCENE (DESK REPORT),INJURY AND / OR TOW DUE TO CRASH,,,,"$501 - $1,500",11/2/2017 19:00,UNABLE TO DETERMINE,UNABLE TO DETERMINE,6358,S,HALSTED ST,723,,,,,,,2,"REPORTED, NOT EVIDENT",1,0,0,0,1,1,0,18,5,11,41.77801498,-87.64488901,POINT (-87.644889007928 41.778014982691),1
JA496309,,11/2/2017 18:00,30,TRAFFIC SIGNAL,FUNCTIONING PROPERLY,RAIN,"DARKNESS, LIGHTED ROAD",PEDESTRIAN,OTHER,,STRAIGHT AND LEVEL,WET,WORN SURFACE,ON SCENE,INJURY AND / OR TOW DUE TO CRASH,Y,,,$500 OR LESS,11/2/2017 18:25,UNABLE TO DETERMINE,UNABLE TO DETERMINE,360,N,LOWER MICHIGAN AVE,111,,,,,,,2,NONINCAPACITATING INJURY,1,0,0,1,0,1,0,18,5,11,41.88816689,-87.62472666,POINT (-87.624726656503 41.888166884586),1
JA496349,,11/2/2017 18:00,30,NO CONTROLS,NO CONTROLS,RAIN,"DARKNESS, LIGHTED ROAD",REAR END,DIVIDED - W/MEDIAN (NOT RAISED),2,STRAIGHT AND LEVEL,WET,UNKNOWN,NOT ON SCENE (DESK REPORT),NO INJURY / DRIVE AWAY,,,Y,"OVER $1,500",11/2/2017 18:15,FOLLOWING TOO CLOSELY,WEATHER,10918,S,KEDZIE AVE,2211,,,,,,,4,NO INDICATION OF INJURY,0,0,0,0,0,4,0,18,5,11,41.69461474,-87.70107466,POINT (-87.701074664196 41.694614740358),1
JA496619,,11/2/2017 18:00,35,NO CONTROLS,NO CONTROLS,RAIN,"DARKNESS, LIGHTED ROAD",SIDESWIPE SAME DIRECTION,CENTER TURN LANE,4,STRAIGHT AND LEVEL,WET,NO DEFECTS,NOT ON SCENE (DESK REPORT),NO INJURY / DRIVE AWAY,,,Y,$500 OR LESS,11/2/2017 18:05,IMPROPER LANE USAGE,FAILING TO YIELD RIGHT-OF-WAY,4500,W,MONTROSE AVE,1722,,,,,,,2,NO INDICATION OF INJURY,0,0,0,0,0,2,0,18,5,11,41.96090656,-87.74124787,POINT (-87.741247869217 41.960906555116),1
JA496341,,11/2/2017 18:00,30,NO CONTROLS,NO CONTROLS,RAIN,"DARKNESS, LIGHTED ROAD",PEDALCYCLIST,NOT DIVIDED,,STRAIGHT AND LEVEL,WET,WORN SURFACE,ON SCENE,NO INJURY / DRIVE AWAY,,,,$500 OR LESS,11/2/2017 18:16,IMPROPER LANE USAGE,IMPROPER LANE USAGE,1213,N,WELLS ST,1821,,,,,,,2,NO INDICATION OF INJURY,0,0,0,0,0,2,0,18,5,11,41.90428063,-87.6343479,POINT (-87.634347903437 41.904280629193),1
JA496929,,11/2/2017 18:00,0,NO CONTROLS,NO CONTROLS,RAIN,DAYLIGHT,PARKED MOTOR VEHICLE,NOT DIVIDED,4,STRAIGHT AND LEVEL,WET,NO DEFECTS,NOT ON SCENE (DESK REPORT),NO INJURY / DRIVE AWAY,,,,"OVER $1,500",11/3/2017 9:00,IMPROPER LANE USAGE,WEATHER,1767,W,95TH ST,2213,,,,,,,2,NO INDICATION OF INJURY,0,0,0,0,0,1,0,18,5,11,41.72103846,-87.66739768,POINT (-87.667397680485 41.721038458772),1
JA497700,,11/2/2017 18:00,30,NO CONTROLS,NO CONTROLS,RAIN,"DARKNESS, LIGHTED ROAD",TURNING,NOT DIVIDED,2,STRAIGHT AND LEVEL,WET,NO DEFECTS,NOT ON SCENE (DESK REPORT),NO INJURY / DRIVE AWAY,,,,"OVER $1,500",11/3/2017 18:17,IMPROPER LANE USAGE,UNABLE TO DETERMINE,6344,S,DR MARTIN LUTHER KING JR DR,312,,,,,,,2,NO INDICATION OF INJURY,0,0,0,0,0,3,0,18,5,11,41.77898204,-87.61574332,POINT (-87.61574331626 41.778982040044),1
JA496413,,11/2/2017 18:00,35,TRAFFIC SIGNAL,FUNCTIONING PROPERLY,RAIN,"DARKNESS, LIGHTED ROAD",PEDESTRIAN,DIVIDED - W/MEDIAN BARRIER,4,STRAIGHT AND LEVEL,WET,NO DEFECTS,ON SCENE,INJURY AND / OR TOW DUE TO CRASH,Y,,,$500 OR LESS,11/2/2017 18:05,IMPROPER TURNING/NO SIGNAL,NOT APPLICABLE,414,S,ASHLAND AVE,1231,,,,,,,2,"REPORTED, NOT EVIDENT",1,0,0,0,1,1,0,18,5,11,41.87590106,-87.66679696,POINT (-87.666796954846 41.875901058823),1
JA496351,,11/2/2017 18:05,30,NO CONTROLS,NO CONTROLS,RAIN,DUSK,REAR END,NOT DIVIDED,,STRAIGHT AND LEVEL,WET,NO DEFECTS,ON SCENE,NO INJURY / DRIVE AWAY,,,Y,"OVER $1,500",11/2/2017 18:20,IMPROPER OVERTAKING/PASSING,NOT APPLICABLE,2710,N,NARRAGANSETT AVE,2512,,,,,,,2,NO INDICATION OF INJURY,0,0,0,0,0,2,0,18,5,11,41.92954173,-87.7858049,POINT (-87.785804894618 41.929541728742),1
JA496501,,11/2/2017 18:06,30,NO CONTROLS,NO CONTROLS,RAIN,"DARKNESS, LIGHTED ROAD",REAR END,DIVIDED - W/MEDIAN (NOT RAISED),,STRAIGHT AND LEVEL,WET,NO DEFECTS,NOT ON SCENE (DESK REPORT),NO INJURY / DRIVE AWAY,,,Y,"OVER $1,500",11/2/2017 19:45,WEATHER,NOT APPLICABLE,1345,N,HUMBOLDT DR,1423,,,,,,,3,NO INDICATION OF INJURY,0,0,0,0,0,3,0,18,5,11,41.9059877,-87.70140049,POINT (-87.701400492651 41.905987696157),1
JA496700,,11/2/2017 18:09,30,TRAFFIC SIGNAL,FUNCTIONING PROPERLY,CLEAR,DUSK,REAR END,DIVIDED - W/MEDIAN (NOT RAISED),2,STRAIGHT AND LEVEL,UNKNOWN,UNKNOWN,NOT ON SCENE (DESK REPORT),INJURY AND / OR TOW DUE TO CRASH,Y,,Y,"OVER $1,500",11/2/2017 22:15,FOLLOWING TOO CLOSELY,UNABLE TO DETERMINE,7010,S,WENTWORTH AVE,731,,,,,,,3,NONINCAPACITATING INJURY,1,0,0,1,0,3,0,18,5,11,41.76687861,-87.62995499,POINT (-87.629954993679 41.766878610918),1
JA496416,,11/2/2017 18:10,30,TRAFFIC SIGNAL,FUNCTIONING PROPERLY,CLEAR,"DARKNESS, LIGHTED ROAD",TURNING,NOT DIVIDED,4,STRAIGHT ON GRADE,WET,NO DEFECTS,NOT ON SCENE (DESK REPORT),NO INJURY / DRIVE AWAY,Y,,,"OVER $1,500",11/2/2017 19:00,FAILING TO YIELD RIGHT-OF-WAY,NOT APPLICABLE,303,E,WACKER DR,114,,,,,,,2,NO INDICATION OF INJURY,0,0,0,0,0,2,0,18,5,11,41.88770538,-87.62058814,POINT (-87.620588143928 41.887705379378),1
JA496338,Y,11/2/2017 18:10,30,TRAFFIC SIGNAL,FUNCTIONING PROPERLY,RAIN,"DARKNESS, LIGHTED ROAD",REAR END,DIVIDED - W/MEDIAN (NOT RAISED),,STRAIGHT AND LEVEL,WET,NO DEFECTS,NOT ON SCENE (DESK REPORT),NO INJURY / DRIVE AWAY,,,,"OVER $1,500",11/2/2017 18:20,DRIVING SKILLS/KNOWLEDGE/EXPERIENCE,NOT APPLICABLE,5558,W,NORTH AVE,2532,,,,,,,2,NO INDICATION OF INJURY,0,0,0,0,0,4,0,18,5,11,41.90949005,-87.76557662,POINT (-87.76557661503 41.909490053066),1
JA496489,,11/2/2017 18:12,30,NO CONTROLS,NO CONTROLS,RAIN,"DARKNESS, LIGHTED ROAD",PARKED MOTOR VEHICLE,NOT DIVIDED,,STRAIGHT AND LEVEL,WET,NO DEFECTS,ON SCENE,INJURY AND / OR TOW DUE TO CRASH,,,,"OVER $1,500",11/2/2017 19:45,UNABLE TO DETERMINE,NOT APPLICABLE,7334,S,BELL AVE,835,,,,,,,2,NO INDICATION OF INJURY,0,0,0,0,0,2,0,18,5,11,41.76004081,-87.67949288,POINT (-87.679492876081 41.76004080771),1
JA501501,,11/2/2017 18:15,30,TRAFFIC SIGNAL,FUNCTIONING PROPERLY,RAIN,DARKNESS,PEDESTRIAN,NOT DIVIDED,,STRAIGHT AND LEVEL,WET,NO DEFECTS,NOT ON SCENE (DESK REPORT),INJURY AND / OR TOW DUE TO CRASH,Y,,,$500 OR LESS,11/6/2017 17:30,UNABLE TO DETERMINE,UNABLE TO DETERMINE,6300,S,STEWART AVE,722,,,,,,,2,NONINCAPACITATING INJURY,1,0,0,1,0,1,0,18,5,11,41.77981675,-87.6351942,POINT (-87.635194202493 41.779816752642),1
JA496410,,11/2/2017 18:15,30,NO CONTROLS,NO CONTROLS,RAIN,"DARKNESS, LIGHTED ROAD",REAR END,NOT DIVIDED,4,STRAIGHT AND LEVEL,WET,NO DEFECTS,NOT ON SCENE (DESK REPORT),NO INJURY / DRIVE AWAY,,,,"OVER $1,500",11/2/2017 19:00,FOLLOWING TOO CLOSELY,UNABLE TO DETERMINE,6451,N,NORTHWEST HWY,1611,,,,,,,2,NO INDICATION OF INJURY,0,0,0,0,0,2,0,18,5,11,41.99808325,-87.8083977,POINT (-87.808397702977 41.998083251992),1
JA496374,,11/2/2017 18:15,45,NO CONTROLS,NO CONTROLS,RAIN,"DARKNESS, LIGHTED ROAD",REAR END,DIVIDED - W/MEDIAN BARRIER,8,STRAIGHT AND LEVEL,WET,NO DEFECTS,ON SCENE,NO INJURY / DRIVE AWAY,,,Y,"OVER $1,500",11/2/2017 18:16,EXCEEDING SAFE SPEED FOR CONDITIONS,WEATHER,4600,S,LAKE SHORE DR SB,222,,,,,,,3,NO INDICATION OF INJURY,0,0,0,0,0,4,0,18,5,11,41.81306812,-87.59152857,POINT (-87.591528570871 41.813068123934),1
JA496347,,11/2/2017 18:15,30,NO CONTROLS,NO CONTROLS,RAIN,"DARKNESS, LIGHTED ROAD",PEDALCYCLIST,NOT DIVIDED,,STRAIGHT AND LEVEL,WET,NO DEFECTS,ON SCENE,INJURY AND / OR TOW DUE TO CRASH,,,,$500 OR LESS,11/2/2017 18:21,FAILING TO REDUCE SPEED TO AVOID CRASH,NOT APPLICABLE,3750,W,MADISON ST,1122,,,,,,,2,"REPORTED, NOT EVIDENT",1,0,0,0,1,4,0,18,5,11,41.88091398,-87.71967408,POINT (-87.719674074666 41.880913982762),1
JA496453,,11/2/2017 18:15,30,NO CONTROLS,NO CONTROLS,RAIN,DUSK,PARKED MOTOR VEHICLE,ONE-WAY,,STRAIGHT AND LEVEL,WET,NO DEFECTS,NOT ON SCENE (DESK REPORT),NO INJURY / DRIVE AWAY,,,Y,"OVER $1,500",11/2/2017 19:19,NOT APPLICABLE,NOT APPLICABLE,3142,W,42ND ST,921,,,,,,,2,NO INDICATION OF INJURY,0,0,0,0,0,1,0,18,5,11,41.81732099,-87.70354501,POINT (-87.703545013092 41.817320992864),1
JA496521,,11/2/2017 18:15,30,TRAFFIC SIGNAL,FUNCTIONING PROPERLY,RAIN,"DARKNESS, LIGHTED ROAD",SIDESWIPE SAME DIRECTION,OTHER,,STRAIGHT AND LEVEL,WET,NO DEFECTS,NOT ON SCENE (DESK REPORT),NO INJURY / DRIVE AWAY,,,,"OVER $1,500",11/2/2017 20:00,IMPROPER OVERTAKING/PASSING,IMPROPER OVERTAKING/PASSING,6300,S,STATE ST,312,,,,,,,2,NO INDICATION OF INJURY,0,0,0,0,0,4,0,18,5,11,41.78000828,-87.62552251,POINT (-87.625522511916 41.780008277408),1
JA496383,,11/2/2017 18:20,30,TRAFFIC SIGNAL,FUNCTIONING PROPERLY,RAIN,"DARKNESS, LIGHTED ROAD",REAR END,NOT DIVIDED,,STRAIGHT AND LEVEL,WET,NO DEFECTS,NOT ON SCENE (DESK REPORT),INJURY AND / OR TOW DUE TO CRASH,,,,"OVER $1,500",11/2/2017 18:50,FOLLOWING TOO CLOSELY,WEATHER,2101,N,ELSTON AVE,1432,,,,,,,3,NONINCAPACITATING INJURY,2,0,0,2,0,1,0,18,5,11,41.91979418,-87.66965461,POINT (-87.66965460865 41.919794180072),1
JA496376,,11/2/2017 18:20,30,TRAFFIC SIGNAL,FUNCTIONING PROPERLY,RAIN,"DARKNESS, LIGHTED ROAD",REAR END,DIVIDED - W/MEDIAN (NOT RAISED),4,STRAIGHT AND LEVEL,WET,NO DEFECTS,NOT ON SCENE (DESK REPORT),NO INJURY / DRIVE AWAY,Y,,,"OVER $1,500",11/2/2017 18:45,FOLLOWING TOO CLOSELY,WEATHER,2409,W,NORTH AVE,1423,,,,,,,2,NO INDICATION OF INJURY,0,0,0,0,0,2,0,18,5,11,41.91020618,-87.68761771,POINT (-87.687617706127 41.910206175655),1
JA496439,,11/2/2017 18:20,30,NO CONTROLS,NO CONTROLS,CLEAR,"DARKNESS, LIGHTED ROAD",TURNING,DIVIDED - W/MEDIAN (NOT RAISED),4,STRAIGHT AND LEVEL,DRY,NO DEFECTS,NOT ON SCENE (DESK REPORT),NO INJURY / DRIVE AWAY,Y,,,"OVER $1,500",11/2/2017 19:15,IMPROPER TURNING/NO SIGNAL,NOT APPLICABLE,7322,N,SHERIDAN RD,2423,,,,,,,2,NO INDICATION OF INJURY,0,0,0,0,0,2,0,18,5,11,42.01462245,-87.66462031,POINT (-87.664620310126 42.014622450603),1
JA496826,,11/2/2017 18:20,30,NO CONTROLS,NO CONTROLS,RAIN,"DARKNESS, LIGHTED ROAD",REAR END,DIVIDED - W/MEDIAN (NOT RAISED),2,STRAIGHT AND LEVEL,DRY,NO DEFECTS,NOT ON SCENE (DESK REPORT),NO INJURY / DRIVE AWAY,,,,"$501 - $1,500",11/3/2017 5:38,CELL PHONE USE OTHER THAN TEXTING,UNABLE TO DETERMINE,5321,W,GRAND AVE,2515,,,,,,,2,NO INDICATION OF INJURY,0,0,0,0,0,2,0,18,5,11,41.91745895,-87.75936985,POINT (-87.759369848829 41.917458950143),1
JA496380,,11/2/2017 18:23,25,TRAFFIC SIGNAL,FUNCTIONING PROPERLY,RAIN,"DARKNESS, LIGHTED ROAD",REAR END,ONE-WAY,2,STRAIGHT AND LEVEL,WET,NO DEFECTS,ON SCENE,NO INJURY / DRIVE AWAY,Y,,,$500 OR LESS,11/2/2017 18:33,UNABLE TO DETERMINE,WEATHER,3199,N,LAKE SHORE DR,1934,,,,,,,2,NO INDICATION OF INJURY,0,0,0,0,0,3,0,18,5,11,41.94027995,-87.63864632,POINT (-87.638646318666 41.940279951159),1