RD_NO,CRASH_DATE_EST_I,CRASH_DATE,POSTED_SPEED_LIMIT,TRAFFIC_CONTROL_DEVICE,DEVICE_CONDITION,WEATHER_CONDITION,LIGHTING_CONDITION,FIRST_CRASH_TYPE,TRAFFICWAY_TYPE,LANE_CNT,ALIGNMENT,ROADWAY_SURFACE_COND,ROAD_DEFECT,REPORT_TYPE,CRASH_TYPE,INTERSECTION_RELATED_I,NOT_RIGHT_OF_WAY_I,HIT_AND_RUN_I,DAMAGE,DATE_POLICE_NOTIFIED,PRIM_CONTRIBUTORY_CAUSE,SEC_CONTRIBUTORY_CAUSE,STREET_NO,STREET_DIRECTION,STREET_NAME,BEAT_OF_OCCURRENCE,PHOTOS_TAKEN_I,STATEMENTS_TAKEN_I,DOORING_I,WORK_ZONE_I,WORK_ZONE_TYPE,WORKERS_PRESENT_I,NUM_UNITS,MOST_SEVERE_INJURY,INJURIES_TOTAL,INJURIES_FATAL,INJURIES_INCAPACITATING,INJURIES_NON_INCAPACITATING,INJURIES_REPORTED_NOT_EVIDENT,INJURIES_NO_INDICATION,INJURIES_UNKNOWN,CRASH_HOUR,CRASH_DAY_OF_WEEK,CRASH_MONTH,LATITUDE,LONGITUDE,LOCATION,Join
JA496393,,11/2/2017 18:24,25,NO CONTROLS,NO CONTROLS,RAIN,"DARKNESS, LIGHTED ROAD",PARKED MOTOR VEHICLE,DIVIDED - W/MEDIAN (NOT RAISED),2,STRAIGHT AND LEVEL,WET,NO DEFECTS,NOT ON SCENE (DESK REPORT),NO INJURY / DRIVE AWAY,,,,"$501 - $1,500",11/2/2017 18:53,UNABLE TO DETERMINE,UNABLE TO DETERMINE,6549,S,KEELER AVE,833,,,,,,,2,NO INDICATION OF INJURY,0,0,0,0,0,1,0,18,5,11,41.77352157,-87.72736182,POINT (-87.727361818307 41.773521572591),1
JA501989,,11/2/2017 18:30,30,UNKNOWN,UNKNOWN,UNKNOWN,"DARKNESS, LIGHTED ROAD",OVERTURNED,DIVIDED - W/MEDIAN (NOT RAISED),2,STRAIGHT AND LEVEL,WET,UNKNOWN,NOT ON SCENE (DESK REPORT),NO INJURY / DRIVE AWAY,,,,"OVER $1,500",11/7/2017 3:00,IMPROPER TURNING/NO SIGNAL,IMPROPER OVERTAKING/PASSING,915,S,INDEPENDENCE BLVD,1133,,,,,,,2,NO INDICATION OF INJURY,0,0,0,0,0,2,0,18,5,11,41.8695062,-87.71948543,POINT (-87.719485425131 41.86950619982),1
JA496494,,11/2/2017 18:30,30,NO CONTROLS,NO CONTROLS,RAIN,DUSK,FIXED OBJECT,DIVIDED - W/MEDIAN BARRIER,6,STRAIGHT AND LEVEL,WET,NO DEFECTS,NOT ON SCENE (DESK REPORT),INJURY AND / OR TOW DUE TO CRASH,,,,"OVER $1,500",11/2/2017 19:31,WEATHER,DISTRACTION - FROM OUTSIDE VEHICLE,9702,S,STONY ISLAND AVE,511,,,,,,,1,NONINCAPACITATING INJURY,1,0,0,1,0,0,0,18,5,11,41.71860513,-87.58522777,POINT (-87.585227768853 41.718605129818),1
JA496396,Y,11/2/2017 18:30,30,TRAFFIC SIGNAL,FUNCTIONING PROPERLY,RAIN,"DARKNESS, LIGHTED ROAD",SIDESWIPE SAME DIRECTION,DIVIDED - W/MEDIAN (NOT RAISED),,STRAIGHT AND LEVEL,WET,NO DEFECTS,ON SCENE,NO INJURY / DRIVE AWAY,,,Y,"OVER $1,500",11/2/2017 18:41,DRIVING SKILLS/KNOWLEDGE/EXPERIENCE,FAILING TO YIELD RIGHT-OF-WAY,2600,S,CALIFORNIA AVE,1033,,,,,,,2,NO INDICATION OF INJURY,0,0,0,0,0,2,0,18,5,11,41.8445843,-87.69535984,POINT (-87.695359843215 41.844584300311),1
JA496900,,11/2/2017 18:30,30,TRAFFIC SIGNAL,FUNCTIONING PROPERLY,RAIN,DARKNESS,TURNING,NOT DIVIDED,4,STRAIGHT AND LEVEL,WET,NO DEFECTS,NOT ON SCENE (DESK REPORT),NO INJURY / DRIVE AWAY,,,,"OVER $1,500",11/3/2017 8:32,FOLLOWING TOO CLOSELY,UNABLE TO DETERMINE,650,W,ROOSEVELT RD,1232,,,,,,,2,NO INDICATION OF INJURY,0,0,0,0,0,2,0,18,5,11,41.86730004,-87.64431132,POINT (-87.644311315991 41.867300042804),1
JA496402,,11/2/2017 18:32,30,TRAFFIC SIGNAL,FUNCTIONING PROPERLY,RAIN,"DARKNESS, LIGHTED ROAD",PEDESTRIAN,NOT DIVIDED,2,STRAIGHT AND LEVEL,WET,NO DEFECTS,ON SCENE,INJURY AND / OR TOW DUE TO CRASH,,,,$500 OR LESS,11/2/2017 18:32,UNABLE TO DETERMINE,FAILING TO REDUCE SPEED TO AVOID CRASH,2547,N,HALSTED ST,1935,,Y,,,,,2,INCAPACITATING INJURY,1,0,1,0,0,1,0,18,5,11,41.92866622,-87.64872669,POINT (-87.648726691763 41.928666219229),1
JA496609,,11/2/2017 18:35,25,STOP SIGN/FLASHER,OTHER,RAIN,DAYLIGHT,ANGLE,ONE-WAY,,STRAIGHT AND LEVEL,WET,NO DEFECTS,NOT ON SCENE (DESK REPORT),INJURY AND / OR TOW DUE TO CRASH,Y,,,"OVER $1,500",11/2/2017 21:57,DISREGARDING STOP SIGN,FAILING TO YIELD RIGHT-OF-WAY,5000,W,ADAMS ST,1533,,,,,,,2,NO INDICATION OF INJURY,0,0,0,0,0,3,0,18,5,11,41.87865136,-87.74955834,POINT (-87.749558340035 41.878651361639),1
JA496561,,11/2/2017 18:40,30,NO CONTROLS,NO CONTROLS,RAIN,"DARKNESS, LIGHTED ROAD",TURNING,ONE-WAY,,STRAIGHT AND LEVEL,WET,NO DEFECTS,NOT ON SCENE (DESK REPORT),NO INJURY / DRIVE AWAY,,,,"$501 - $1,500",11/2/2017 20:55,IMPROPER TURNING/NO SIGNAL,UNABLE TO DETERMINE,6432,W,GREGORY ST,1613,,,,,,,2,NO INDICATION OF INJURY,0,0,0,0,0,2,0,18,5,11,41.98215652,-87.78902415,POINT (-87.789024153741 41.982156515873),1
JA496390,,11/2/2017 18:40,30,STOP SIGN/FLASHER,FUNCTIONING PROPERLY,RAIN,"DARKNESS, LIGHTED ROAD",PEDESTRIAN,NOT DIVIDED,4,STRAIGHT AND LEVEL,WET,NO DEFECTS,ON SCENE,INJURY AND / OR TOW DUE TO CRASH,,,,"OVER $1,500",11/2/2017 18:41,FAILING TO YIELD RIGHT-OF-WAY,NOT APPLICABLE,4100,W,76TH ST,833,,,,,,,2,INCAPACITATING INJURY,1,0,1,0,0,1,0,18,5,11,41.7551635,-87.72455957,POINT (-87.724559570174 41.755163500032),1
JA496408,,11/2/2017 18:40,30,LANE USE MARKING,FUNCTIONING PROPERLY,RAIN,DUSK,PEDESTRIAN,DIVIDED - W/MEDIAN (NOT RAISED),4,STRAIGHT AND LEVEL,WET,NO DEFECTS,ON SCENE,INJURY AND / OR TOW DUE TO CRASH,,,,"OVER $1,500",11/2/2017 18:45,FAILING TO REDUCE SPEED TO AVOID CRASH,UNABLE TO DETERMINE,8421,W,HIGGINS RD,1614,,Y,,,,,2,NONINCAPACITATING INJURY,1,0,0,1,0,1,0,18,5,11,41.98639472,-87.8375623,POINT (-87.837562301234 41.986394717907),1
JA496461,,11/2/2017 18:45,30,TRAFFIC SIGNAL,FUNCTIONING PROPERLY,RAIN,"DARKNESS, LIGHTED ROAD",TURNING,DIVIDED - W/MEDIAN (NOT RAISED),1,STRAIGHT AND LEVEL,WET,NO DEFECTS,ON SCENE,NO INJURY / DRIVE AWAY,,,,"$501 - $1,500",11/2/2017 19:08,IMPROPER TURNING/NO SIGNAL,FAILING TO YIELD RIGHT-OF-WAY,2558,S,KEDZIE AVE,1024,,,,,,,2,NO INDICATION OF INJURY,0,0,0,0,0,2,0,18,5,11,41.84460675,-87.70518908,POINT (-87.705189078476 41.844606751491),1
JA497577,,11/2/2017 18:45,30,NO CONTROLS,NO CONTROLS,RAIN,DUSK,TURNING,NOT DIVIDED,,STRAIGHT AND LEVEL,WET,NO DEFECTS,NOT ON SCENE (DESK REPORT),NO INJURY / DRIVE AWAY,,,,"OVER $1,500",11/2/2017 21:00,NOT APPLICABLE,NOT APPLICABLE,4454,N,WESTERN AVE,1911,,,,,,,2,NO INDICATION OF INJURY,0,0,0,0,0,2,0,18,5,11,41.96293179,-87.68887584,POINT (-87.688875836878 41.962931789839),1
JA496411,,11/2/2017 18:45,30,NO CONTROLS,NO CONTROLS,RAIN,DARKNESS,PEDESTRIAN,PARKING LOT,1,STRAIGHT AND LEVEL,WET,NO DEFECTS,NOT ON SCENE (DESK REPORT),NO INJURY / DRIVE AWAY,,,,$500 OR LESS,11/2/2017 19:06,UNABLE TO DETERMINE,UNABLE TO DETERMINE,4934,S,KEDZIE AVE,821,,,,,,,2,NO INDICATION OF INJURY,0,0,0,0,0,2,0,18,5,11,41.80344571,-87.70398627,POINT (-87.70398627177 41.803445713074),1
JA496423,,11/2/2017 18:45,25,TRAFFIC SIGNAL,FUNCTIONING PROPERLY,RAIN,DARKNESS,ANGLE,NOT DIVIDED,,STRAIGHT AND LEVEL,WET,NO DEFECTS,ON SCENE,INJURY AND / OR TOW DUE TO CRASH,,,,"OVER $1,500",11/2/2017 18:46,FAILING TO YIELD RIGHT-OF-WAY,UNABLE TO DETERMINE,1807,W,HOWARD ST,2422,,,,,,,2,NO INDICATION OF INJURY,0,0,0,0,0,2,0,18,5,11,42.01929392,-87.67634162,POINT (-87.676341620537 42.019293921323),1
JA496398,,11/2/2017 18:45,30,STOP SIGN/FLASHER,FUNCTIONING PROPERLY,RAIN,"DARKNESS, LIGHTED ROAD",PEDESTRIAN,NOT DIVIDED,2,STRAIGHT AND LEVEL,WET,NO DEFECTS,ON SCENE,INJURY AND / OR TOW DUE TO CRASH,,,,$500 OR LESS,11/2/2017 18:45,WEATHER,FAILING TO YIELD RIGHT-OF-WAY,4800,S,WABASH AVE,224,,,,,,,2,NONINCAPACITATING INJURY,1,0,0,1,0,1,0,18,5,11,41.80734841,-87.62455051,POINT (-87.624550512766 41.807348414344),1
JA496472,,11/2/2017 18:47,30,RAILROAD CROSSING GATE,FUNCTIONING PROPERLY,RAIN,DARKNESS,REAR END,NOT DIVIDED,4,STRAIGHT AND LEVEL,WET,NO DEFECTS,NOT ON SCENE (DESK REPORT),NO INJURY / DRIVE AWAY,,,,"$501 - $1,500",11/2/2017 19:45,UNABLE TO DETERMINE,UNABLE TO DETERMINE,12200,S,HALSTED ST,524,,,,,,,2,NO INDICATION OF INJURY,0,0,0,0,0,2,0,18,5,11,41.67226409,-87.6418692,POINT (-87.641869199308 41.672264090383),1
JA496433,,11/2/2017 18:48,30,NO CONTROLS,NO CONTROLS,RAIN,"DARKNESS, LIGHTED ROAD",PARKED MOTOR VEHICLE,NOT DIVIDED,2,STRAIGHT AND LEVEL,WET,NO DEFECTS,ON SCENE,INJURY AND / OR TOW DUE TO CRASH,,,,"OVER $1,500",11/2/2017 18:55,FAILING TO REDUCE SPEED TO AVOID CRASH,NOT APPLICABLE,2505,S,KOLIN AVE,1013,,,,,,,2,NO INDICATION OF INJURY,0,0,0,0,0,2,0,18,5,11,41.8457855,-87.73256073,POINT (-87.732560730748 41.84578550172),1
JA498941,,11/2/2017 18:50,30,TRAFFIC SIGNAL,FUNCTIONING PROPERLY,UNKNOWN,"DARKNESS, LIGHTED ROAD",REAR END,NOT DIVIDED,2,STRAIGHT AND LEVEL,UNKNOWN,UNKNOWN,NOT ON SCENE (DESK REPORT),NO INJURY / DRIVE AWAY,Y,,,"$501 - $1,500",11/4/2017 17:30,UNABLE TO DETERMINE,UNABLE TO DETERMINE,6199,N,LINCOLN AVE,1711,,,,,,,2,NO INDICATION OF INJURY,0,0,0,0,0,2,0,18,5,11,41.99454231,-87.71389678,POINT (-87.713896783814 41.994542305274),1
JA496400,,11/2/2017 18:50,30,NO CONTROLS,NO CONTROLS,RAIN,"DARKNESS, LIGHTED ROAD",ANGLE,DIVIDED - W/MEDIAN (NOT RAISED),4,STRAIGHT AND LEVEL,WET,UNKNOWN,ON SCENE,NO INJURY / DRIVE AWAY,,,Y,$500 OR LESS,11/2/2017 19:00,UNABLE TO DETERMINE,UNABLE TO DETERMINE,402,E,95TH ST,633,,,,,,,2,NO INDICATION OF INJURY,0,0,0,0,0,2,0,18,5,11,41.72200438,-87.61400173,POINT (-87.614001729852 41.722004379351),1
JA496428,,11/2/2017 18:50,30,NO CONTROLS,NO CONTROLS,RAIN,"DARKNESS, LIGHTED ROAD",REAR END,NOT DIVIDED,4,STRAIGHT AND LEVEL,WET,NO DEFECTS,ON SCENE,INJURY AND / OR TOW DUE TO CRASH,,,,"OVER $1,500",11/2/2017 19:00,UNABLE TO DETERMINE,UNABLE TO DETERMINE,6100,W,HIGGINS AVE,1622,,,,,,,2,NONINCAPACITATING INJURY,2,0,0,2,0,0,0,18,5,11,41.97406665,-87.78064096,POINT (-87.780640956521 41.974066644548),1
JA496392,,11/2/2017 18:55,30,STOP SIGN/FLASHER,FUNCTIONING PROPERLY,RAIN,"DARKNESS, LIGHTED ROAD",ANGLE,NOT DIVIDED,2,STRAIGHT AND LEVEL,WET,NO DEFECTS,NOT ON SCENE (DESK REPORT),NO INJURY / DRIVE AWAY,Y,,,"OVER $1,500",11/2/2017 19:03,FAILING TO YIELD RIGHT-OF-WAY,NOT APPLICABLE,5100,W,AINSLIE ST,1623,,,,,,,2,NO INDICATION OF INJURY,0,0,0,0,0,3,0,18,5,11,41.96987165,-87.75522865,POINT (-87.755228654003 41.96987164538),1
JA496434,,11/2/2017 18:55,30,NO CONTROLS,NO CONTROLS,CLEAR,"DARKNESS, LIGHTED ROAD",TURNING,DIVIDED - W/MEDIAN (NOT RAISED),4,STRAIGHT AND LEVEL,WET,UNKNOWN,ON SCENE,INJURY AND / OR TOW DUE TO CRASH,,,Y,"OVER $1,500",11/2/2017 19:02,IMPROPER TURNING/NO SIGNAL,"OPERATING VEHICLE IN ERRATIC, RECKLESS, CARELESS, NEGLIGENT OR AGGRESSIVE MANNER",5311,S,HARLEM AVE,811,,,,,,,2,NO INDICATION OF INJURY,0,0,0,0,0,2,0,18,5,11,41.79540926,-87.80146255,POINT (-87.801462549765 41.79540925733),1
JA496444,,11/2/2017 19:00,30,NO CONTROLS,NO CONTROLS,RAIN,DUSK,SIDESWIPE SAME DIRECTION,PARKING LOT,,STRAIGHT AND LEVEL,WET,NO DEFECTS,ON SCENE,NO INJURY / DRIVE AWAY,,Y,,$500 OR LESS,11/2/2017 19:05,IMPROPER OVERTAKING/PASSING,IMPROPER TURNING/NO SIGNAL,3202,W,CERMAK RD,1022,,,,,,,2,NO INDICATION OF INJURY,0,0,0,0,0,5,0,19,5,11,41.85187306,-87.70538678,POINT (-87.70538678386 41.851873057835),1
JA496477,,11/2/2017 19:00,30,TRAFFIC SIGNAL,FUNCTIONING PROPERLY,RAIN,"DARKNESS, LIGHTED ROAD",PARKED MOTOR VEHICLE,NOT DIVIDED,2,STRAIGHT AND LEVEL,WET,NO DEFECTS,ON SCENE,NO INJURY / DRIVE AWAY,,,,"OVER $1,500",11/2/2017 19:15,IMPROPER OVERTAKING/PASSING,FAILING TO REDUCE SPEED TO AVOID CRASH,740,S,CLARK ST,123,,,,,,,2,NO INDICATION OF INJURY,0,0,0,0,0,1,0,19,5,11,41.87260442,-87.63076706,POINT (-87.630767056961 41.872604420881),1
JA496448,,11/2/2017 19:00,30,STOP SIGN/FLASHER,NO CONTROLS,RAIN,"DARKNESS, LIGHTED ROAD",REAR END,ONE-WAY,2,STRAIGHT AND LEVEL,WET,NO DEFECTS,ON SCENE,NO INJURY / DRIVE AWAY,Y,,,$500 OR LESS,11/2/2017 19:20,FOLLOWING TOO CLOSELY,NOT APPLICABLE,1301,S,INDEPENDENCE BLVD,1011,,,,,,,2,NO INDICATION OF INJURY,0,0,0,0,0,5,0,19,5,11,41.86434945,-87.71931908,POINT (-87.719319075007 41.864349450029),1
JA496470,,11/2/2017 19:00,30,TRAFFIC SIGNAL,FUNCTIONING PROPERLY,CLEAR,"DARKNESS, LIGHTED ROAD",REAR END,NOT DIVIDED,2,STRAIGHT AND LEVEL,DRY,NO DEFECTS,NOT ON SCENE (DESK REPORT),NO INJURY / DRIVE AWAY,,,Y,"$501 - $1,500",11/2/2017 19:49,FAILING TO YIELD RIGHT-OF-WAY,IMPROPER BACKING,6758,W,IRVING PARK RD,1632,,,,,,,2,NO INDICATION OF INJURY,0,0,0,0,0,2,0,19,5,11,41.95285349,-87.79615225,POINT (-87.796152247845 41.952853485169),1
JA496575,,11/2/2017 19:00,30,NO CONTROLS,NO CONTROLS,CLEAR,"DARKNESS, LIGHTED ROAD",HEAD ON,NOT DIVIDED,2,STRAIGHT AND LEVEL,WET,NO DEFECTS,NOT ON SCENE (DESK REPORT),NO INJURY / DRIVE AWAY,,,,"$501 - $1,500",11/2/2017 21:23,IMPROPER BACKING,NOT APPLICABLE,4000,W,LAKE ST,1114,,,,,,,2,NO INDICATION OF INJURY,0,0,0,0,0,2,0,19,5,11,41.88558032,-87.72592192,POINT (-87.725921923893 41.885580318349),1
JA496476,,11/2/2017 19:03,30,NO CONTROLS,NO CONTROLS,RAIN,"DARKNESS, LIGHTED ROAD",SIDESWIPE SAME DIRECTION,ONE-WAY,2,STRAIGHT AND LEVEL,WET,NO DEFECTS,NOT ON SCENE (DESK REPORT),NO INJURY / DRIVE AWAY,,,,"OVER $1,500",11/2/2017 19:45,DISTRACTION - FROM INSIDE VEHICLE,NOT APPLICABLE,105,E,DELAWARE PL,1833,,,,,,,2,NO INDICATION OF INJURY,0,0,0,0,0,3,0,19,5,11,41.89907578,-87.62580952,POINT (-87.62580952351 41.899075780398),1
JA496426,,11/2/2017 19:03,30,RAILROAD CROSSING GATE,FUNCTIONING PROPERLY,RAIN,"DARKNESS, LIGHTED ROAD",PEDESTRIAN,DIVIDED - W/MEDIAN (NOT RAISED),2,STRAIGHT AND LEVEL,WET,NO DEFECTS,ON SCENE,INJURY AND / OR TOW DUE TO CRASH,,,,$500 OR LESS,11/2/2017 19:03,NOT APPLICABLE,NOT APPLICABLE,1732,E,71ST ST,332,,,,,,,2,NONINCAPACITATING INJURY,1,0,0,1,0,1,0,19,5,11,41.7662891,-87.58238984,POINT (-87.58238984106 41.766289099427),1
JA496443,,11/2/2017 19:09,30,NO CONTROLS,NO CONTROLS,RAIN,"DARKNESS, LIGHTED ROAD",SIDESWIPE SAME DIRECTION,NOT DIVIDED,2,STRAIGHT AND LEVEL,WET,NO DEFECTS,ON SCENE,NO INJURY / DRIVE AWAY,,,,"OVER $1,500",11/2/2017 19:09,FAILING TO YIELD RIGHT-OF-WAY,NOT APPLICABLE,7401,N,ROGERS AVE,2422,,,,,,,2,NO INDICATION OF INJURY,0,0,0,0,0,2,0,19,5,11,42.01599476,-87.67505675,POINT (-87.675056747701 42.015994755582),1
JA496479,,11/2/2017 19:10,30,TRAFFIC SIGNAL,FUNCTIONING PROPERLY,RAIN,"DARKNESS, LIGHTED ROAD",SIDESWIPE SAME DIRECTION,NOT DIVIDED,,STRAIGHT AND LEVEL,WET,NO DEFECTS,NOT ON SCENE (DESK REPORT),NO INJURY / DRIVE AWAY,,,,"OVER $1,500",11/2/2017 19:53,FAILING TO YIELD RIGHT-OF-WAY,FAILING TO YIELD RIGHT-OF-WAY,22,E,PEARSON ST,1833,,,,,,,2,NO INDICATION OF INJURY,0,0,0,0,0,2,0,19,5,11,41.89764365,-87.62728941,POINT (-87.627289405923 41.897643650254),1
JA496459,,11/2/2017 19:14,30,NO CONTROLS,NO CONTROLS,RAIN,DUSK,PEDESTRIAN,NOT DIVIDED,,STRAIGHT AND LEVEL,WET,NO DEFECTS,ON SCENE,INJURY AND / OR TOW DUE TO CRASH,,,,"OVER $1,500",11/2/2017 19:18,UNABLE TO DETERMINE,NOT APPLICABLE,51,E,95TH ST,511,,,,,,,2,NONINCAPACITATING INJURY,2,0,0,2,0,0,0,19,5,11,41.72165358,-87.62168005,POINT (-87.621680050414 41.721653582879),1
JA496498,,11/2/2017 19:15,35,NO CONTROLS,NO CONTROLS,RAIN,"DARKNESS, LIGHTED ROAD",SIDESWIPE SAME DIRECTION,DIVIDED - W/MEDIAN BARRIER,,STRAIGHT AND LEVEL,WET,NO DEFECTS,ON SCENE,INJURY AND / OR TOW DUE TO CRASH,,,,"$501 - $1,500",11/2/2017 19:31,UNABLE TO DETERMINE,IMPROPER LANE USAGE,9653,S,HALSTED ST,2223,,,,,,,2,"REPORTED, NOT EVIDENT",1,0,0,0,1,3,0,19,5,11,41.71806787,-87.64297314,POINT (-87.642973144373 41.718067865891),1
JA505401,,11/2/2017 19:20,30,NO CONTROLS,NO CONTROLS,CLEAR,"DARKNESS, LIGHTED ROAD",TURNING,NOT DIVIDED,2,STRAIGHT AND LEVEL,DRY,NO DEFECTS,NOT ON SCENE (DESK REPORT),NO INJURY / DRIVE AWAY,,,,"OVER $1,500",11/9/2017 16:50,FOLLOWING TOO CLOSELY,NOT APPLICABLE,3127,N,CENTRAL AVE,2514,,,,,,,2,NO INDICATION OF INJURY,0,0,0,0,0,2,0,19,5,11,41.93758152,-87.76631489,POINT (-87.766314891796 41.93758152035),1
JA497785,,11/2/2017 19:30,30,TRAFFIC SIGNAL,FUNCTIONING PROPERLY,RAIN,"DARKNESS, LIGHTED ROAD",SIDESWIPE SAME DIRECTION,NOT DIVIDED,,STRAIGHT AND LEVEL,WET,UNKNOWN,NOT ON SCENE (DESK REPORT),NO INJURY / DRIVE AWAY,,,,"OVER $1,500",11/3/2017 19:00,IMPROPER LANE USAGE,NOT APPLICABLE,599,S,AUSTIN BLVD,1513,,,,,,,2,NO INDICATION OF INJURY,0,0,0,0,0,2,0,19,5,11,41.8728291,-87.77426483,POINT (-87.774264830043 41.872829098426),1
JA496536,N,11/2/2017 19:30,30,NO CONTROLS,NO CONTROLS,RAIN,"DARKNESS, LIGHTED ROAD",SIDESWIPE SAME DIRECTION,DIVIDED - W/MEDIAN BARRIER,,STRAIGHT AND LEVEL,WET,NO DEFECTS,NOT ON SCENE (DESK REPORT),NO INJURY / DRIVE AWAY,,,,"OVER $1,500",11/2/2017 20:00,UNABLE TO DETERMINE,NOT APPLICABLE,9700,S,HALSTED ST,2223,,,,,,,2,NO INDICATION OF INJURY,0,0,0,0,0,2,0,19,5,11,41.71753744,-87.64325162,POINT (-87.643251620045 41.717537434869),1
JA496894,Y,11/2/2017 19:30,30,NO CONTROLS,NO CONTROLS,CLEAR,"DARKNESS, LIGHTED ROAD",PARKED MOTOR VEHICLE,NOT DIVIDED,2,STRAIGHT AND LEVEL,DRY,NO DEFECTS,NOT ON SCENE (DESK REPORT),NO INJURY / DRIVE AWAY,,,Y,"OVER $1,500",11/3/2017 8:30,UNABLE TO DETERMINE,NOT APPLICABLE,3915,S,LEAVITT ST,924,,,,,,,2,NO INDICATION OF INJURY,0,0,0,0,0,1,0,19,5,11,41.82260224,-87.67984221,POINT (-87.679842207339 41.822602236813),1
JA496483,Y,11/2/2017 19:30,30,TRAFFIC SIGNAL,FUNCTIONING PROPERLY,CLEAR,DARKNESS,TURNING,NOT DIVIDED,4,STRAIGHT AND LEVEL,WET,NO DEFECTS,NOT ON SCENE (DESK REPORT),NO INJURY / DRIVE AWAY,,,,"$501 - $1,500",11/2/2017 19:45,IMPROPER TURNING/NO SIGNAL,IMPROPER TURNING/NO SIGNAL,6000,N,RAVENSWOOD AVE,2413,,,,,,,2,NO INDICATION OF INJURY,0,0,0,0,0,5,0,19,5,11,41.99081177,-87.67540956,POINT (-87.675409559679 41.990811769473),1
JA496474,,11/2/2017 19:30,30,TRAFFIC SIGNAL,FUNCTIONING IMPROPERLY,RAIN,"DARKNESS, LIGHTED ROAD",ANGLE,CENTER TURN LANE,4,STRAIGHT AND LEVEL,WET,NO DEFECTS,ON SCENE,INJURY AND / OR TOW DUE TO CRASH,Y,,,"OVER $1,500",11/2/2017 19:33,UNABLE TO DETERMINE,UNABLE TO DETERMINE,500,S,CALIFORNIA AVE,1135,,,,,,,2,NO INDICATION OF INJURY,0,0,0,0,0,4,0,19,5,11,41.87483977,-87.69627157,POINT (-87.696271565241 41.874839767646),1
JA496542,,11/2/2017 19:30,30,TRAFFIC SIGNAL,NO CONTROLS,RAIN,DARKNESS,SIDESWIPE SAME DIRECTION,NOT DIVIDED,4,STRAIGHT AND LEVEL,WET,NO DEFECTS,NOT ON SCENE (DESK REPORT),NO INJURY / DRIVE AWAY,,,,"OVER $1,500",11/2/2017 20:50,UNABLE TO DETERMINE,NOT APPLICABLE,455,E,NORTH WATER ST,1834,,,,,,,2,NO INDICATION OF INJURY,0,0,0,0,0,2,0,19,5,11,41.88943939,-87.61556127,POINT (-87.615561265157 41.889439389922),1
JA496492,,11/2/2017 19:30,30,TRAFFIC SIGNAL,FUNCTIONING PROPERLY,RAIN,"DARKNESS, LIGHTED ROAD",REAR END,NOT DIVIDED,2,STRAIGHT AND LEVEL,WET,NO DEFECTS,NOT ON SCENE (DESK REPORT),NO INJURY / DRIVE AWAY,,,,"OVER $1,500",11/2/2017 20:05,EXCEEDING SAFE SPEED FOR CONDITIONS,DRIVING SKILLS/KNOWLEDGE/EXPERIENCE,4400,W,47TH ST,815,,,,,,,2,NO INDICATION OF INJURY,0,0,0,0,0,2,0,19,5,11,41.80785605,-87.73343455,POINT (-87.733434550527 41.807856044504),1
JA496520,,11/2/2017 19:45,30,NO CONTROLS,NO CONTROLS,CLEAR,"DARKNESS, LIGHTED ROAD",SIDESWIPE SAME DIRECTION,NOT DIVIDED,4,STRAIGHT AND LEVEL,WET,NO DEFECTS,NOT ON SCENE (DESK REPORT),NO INJURY / DRIVE AWAY,,,,$500 OR LESS,11/2/2017 20:22,UNABLE TO DETERMINE,UNABLE TO DETERMINE,10200,S,STATE ST,511,,,,,,,2,NO INDICATION OF INJURY,0,0,0,0,0,2,0,19,5,11,41.70893738,-87.62370426,POINT (-87.623704256889 41.708937376755),1
JA501476,,11/2/2017 19:50,30,TRAFFIC SIGNAL,FUNCTIONING PROPERLY,CLEAR,"DARKNESS, LIGHTED ROAD",REAR END,DIVIDED - W/MEDIAN (NOT RAISED),4,STRAIGHT AND LEVEL,DRY,NO DEFECTS,NOT ON SCENE (DESK REPORT),NO INJURY / DRIVE AWAY,,,,"OVER $1,500",11/6/2017 17:14,FAILING TO REDUCE SPEED TO AVOID CRASH,DRIVING SKILLS/KNOWLEDGE/EXPERIENCE,10,W,83RD ST,631,,,,,,,2,NO INDICATION OF INJURY,0,0,0,0,0,2,0,19,5,11,41.74375863,-87.6247497,POINT (-87.624749698267 41.74375862839),1
JA496577,,11/2/2017 20:00,25,NO CONTROLS,NO CONTROLS,RAIN,"DARKNESS, LIGHTED ROAD",PEDESTRIAN,NOT DIVIDED,,STRAIGHT ON GRADE,WET,NO DEFECTS,ON SCENE,INJURY AND / OR TOW DUE TO CRASH,,,Y,$500 OR LESS,11/2/2017 20:08,UNABLE TO DETERMINE,UNABLE TO DETERMINE,901,W,107TH ST,2233,,,,,,,2,"REPORTED, NOT EVIDENT",1,0,0,0,1,1,0,20,5,11,41.69950817,-87.64509607,POINT (-87.645096068445 41.699508171027),1
JA497366,,11/2/2017 20:00,30,NO CONTROLS,NO CONTROLS,CLEAR,DARKNESS,PARKED MOTOR VEHICLE,NOT DIVIDED,,STRAIGHT AND LEVEL,DRY,NO DEFECTS,NOT ON SCENE (DESK REPORT),NO INJURY / DRIVE AWAY,,,Y,"$501 - $1,500",11/3/2017 14:53,UNABLE TO DETERMINE,NOT APPLICABLE,1526,W,21ST ST,1235,,,,,,,2,NO INDICATION OF INJURY,0,0,0,0,0,1,0,20,5,11,41.85430479,-87.66471159,POINT (-87.664711592301 41.854304787577),1