RD_NO,CRASH_DATE_EST_I,CRASH_DATE,POSTED_SPEED_LIMIT,TRAFFIC_CONTROL_DEVICE,DEVICE_CONDITION,WEATHER_CONDITION,LIGHTING_CONDITION,FIRST_CRASH_TYPE,TRAFFICWAY_TYPE,LANE_CNT,ALIGNMENT,ROADWAY_SURFACE_COND,ROAD_DEFECT,REPORT_TYPE,CRASH_TYPE,INTERSECTION_RELATED_I,NOT_RIGHT_OF_WAY_I,HIT_AND_RUN_I,DAMAGE,DATE_POLICE_NOTIFIED,PRIM_CONTRIBUTORY_CAUSE,SEC_CONTRIBUTORY_CAUSE,STREET_NO,STREET_DIRECTION,STREET_NAME,BEAT_OF_OCCURRENCE,PHOTOS_TAKEN_I,STATEMENTS_TAKEN_I,DOORING_I,WORK_ZONE_I,WORK_ZONE_TYPE,WORKERS_PRESENT_I,NUM_UNITS,MOST_SEVERE_INJURY,INJURIES_TOTAL,INJURIES_FATAL,INJURIES_INCAPACITATING,INJURIES_NON_INCAPACITATING,INJURIES_REPORTED_NOT_EVIDENT,INJURIES_NO_INDICATION,INJURIES_UNKNOWN,CRASH_HOUR,CRASH_DAY_OF_WEEK,CRASH_MONTH,LATITUDE,LONGITUDE,LOCATION,Join
JA496531,,11/2/2017 20:00,20,NO CONTROLS,NO CONTROLS,UNKNOWN,"DARKNESS, LIGHTED ROAD",SIDESWIPE SAME DIRECTION,ONE-WAY,,STRAIGHT AND LEVEL,WET,UNKNOWN,ON SCENE,INJURY AND / OR TOW DUE TO CRASH,,,,"OVER $1,500",11/2/2017 20:10,IMPROPER LANE USAGE,NOT APPLICABLE,5318,N,WINTHROP AVE,2023,,,,,,,2,NO INDICATION OF INJURY,0,0,0,0,0,2,0,20,5,11,41.97877682,-87.65802893,POINT (-87.658028924649 41.978776818744),1
JA497672,,11/2/2017 20:00,15,STOP SIGN/FLASHER,FUNCTIONING PROPERLY,CLEAR,DAYLIGHT,ANGLE,NOT DIVIDED,,STRAIGHT AND LEVEL,DRY,NO DEFECTS,NOT ON SCENE (DESK REPORT),NO INJURY / DRIVE AWAY,,,Y,"OVER $1,500",11/3/2017 17:30,FAILING TO YIELD RIGHT-OF-WAY,UNABLE TO DETERMINE,300,E,101ST ST,511,,,,,,,2,NO INDICATION OF INJURY,0,0,0,0,0,2,0,20,5,11,41.71103148,-87.61623761,POINT (-87.616237608819 41.711031476097),1
JA496896,,11/2/2017 20:05,35,TRAFFIC SIGNAL,FUNCTIONING PROPERLY,CLEAR,"DARKNESS, LIGHTED ROAD",SIDESWIPE SAME DIRECTION,DIVIDED - W/MEDIAN (NOT RAISED),6,STRAIGHT AND LEVEL,DRY,NO DEFECTS,NOT ON SCENE (DESK REPORT),NO INJURY / DRIVE AWAY,Y,,Y,"OVER $1,500",11/3/2017 8:30,FAILING TO REDUCE SPEED TO AVOID CRASH,EXCEEDING SAFE SPEED FOR CONDITIONS,1000,N,MILWAUKEE AVE,1213,,,,,,,2,NO INDICATION OF INJURY,0,0,0,0,0,2,0,20,5,11,41.8997595,-87.66107806,POINT (-87.661078061362 41.899759497226),1
JA496522,,11/2/2017 20:05,30,TRAFFIC SIGNAL,FUNCTIONING PROPERLY,RAIN,DARKNESS,TURNING,NOT DIVIDED,2,STRAIGHT AND LEVEL,WET,NO DEFECTS,ON SCENE,NO INJURY / DRIVE AWAY,,,,"OVER $1,500",11/2/2017 20:15,IMPROPER OVERTAKING/PASSING,IMPROPER OVERTAKING/PASSING,1601,W,83RD ST,614,,,,,,,2,NO INDICATION OF INJURY,0,0,0,0,0,25,0,20,5,11,41.7429649,-87.66330501,POINT (-87.663305010766 41.742964896086),1
JA496576,,11/2/2017 20:20,25,STOP SIGN/FLASHER,FUNCTIONING PROPERLY,RAIN,DARKNESS,PEDALCYCLIST,DIVIDED - W/MEDIAN (NOT RAISED),2,STRAIGHT AND LEVEL,WET,NO DEFECTS,ON SCENE,INJURY AND / OR TOW DUE TO CRASH,Y,,,$500 OR LESS,11/2/2017 20:32,DISREGARDING STOP SIGN,NOT APPLICABLE,1900,S,CALIFORNIA AVE,1022,,,,,,,2,INCAPACITATING INJURY,1,0,1,0,0,1,0,20,5,11,41.85553352,-87.69571496,POINT (-87.695714954669 41.855533523924),1
JA496562,,11/2/2017 20:30,35,STOP SIGN/FLASHER,FUNCTIONING PROPERLY,RAIN,"DARKNESS, LIGHTED ROAD",SIDESWIPE SAME DIRECTION,ONE-WAY,,STRAIGHT AND LEVEL,WET,NO DEFECTS,NOT ON SCENE (DESK REPORT),NO INJURY / DRIVE AWAY,,,,"$501 - $1,500",11/2/2017 21:00,UNABLE TO DETERMINE,UNABLE TO DETERMINE,850,N,DEARBORN ST,1832,,,,,,,2,NO INDICATION OF INJURY,0,0,0,0,0,2,0,20,5,11,41.89809115,-87.62996551,POINT (-87.629965509747 41.898091151115),1
JA496603,,11/2/2017 20:30,35,TRAFFIC SIGNAL,FUNCTIONING PROPERLY,CLEAR,"DARKNESS, LIGHTED ROAD",SIDESWIPE SAME DIRECTION,ONE-WAY,2,STRAIGHT AND LEVEL,DRY,NO DEFECTS,NOT ON SCENE (DESK REPORT),NO INJURY / DRIVE AWAY,,,,$500 OR LESS,11/2/2017 20:30,FAILING TO YIELD RIGHT-OF-WAY,UNABLE TO DETERMINE,700,N,FAIRBANKS CT,1834,,,,,,,2,NO INDICATION OF INJURY,0,0,0,0,0,2,0,20,5,11,41.89505015,-87.62047061,POINT (-87.620470614342 41.89505014535),1
JA497736,,11/2/2017 20:30,30,TRAFFIC SIGNAL,FUNCTIONING PROPERLY,RAIN,"DARKNESS, LIGHTED ROAD",ANGLE,NOT DIVIDED,2,STRAIGHT AND LEVEL,WET,UNKNOWN,NOT ON SCENE (DESK REPORT),NO INJURY / DRIVE AWAY,Y,,,"OVER $1,500",11/3/2017 18:40,DISREGARDING TRAFFIC SIGNALS,NOT APPLICABLE,1600,W,CHICAGO AVE,1213,,,,,,,2,NO INDICATION OF INJURY,0,0,0,0,0,2,0,20,5,11,41.89618232,-87.66735606,POINT (-87.667356064232 41.896182324222),1
JA496574,,11/2/2017 20:54,15,TRAFFIC SIGNAL,FUNCTIONING PROPERLY,CLEAR,"DARKNESS, LIGHTED ROAD",REAR END,NOT DIVIDED,,STRAIGHT AND LEVEL,WET,NO DEFECTS,ON SCENE,INJURY AND / OR TOW DUE TO CRASH,N,,Y,"OVER $1,500",11/2/2017 20:57,FOLLOWING TOO CLOSELY,"OPERATING VEHICLE IN ERRATIC, RECKLESS, CARELESS, NEGLIGENT OR AGGRESSIVE MANNER",6301,S,MELVINA AVE,812,,,,,,,2,"REPORTED, NOT EVIDENT",1,0,0,0,1,1,0,20,5,11,41.77772615,-87.77623212,POINT (-87.776232114731 41.777726146568),1
JA496688,Y,11/2/2017 21:00,30,UNKNOWN,NO CONTROLS,RAIN,"DARKNESS, LIGHTED ROAD",PEDESTRIAN,ALLEY,1,STRAIGHT AND LEVEL,WET,NO DEFECTS,NOT ON SCENE (DESK REPORT),INJURY AND / OR TOW DUE TO CRASH,,,,$500 OR LESS,11/2/2017 22:36,UNABLE TO DETERMINE,UNABLE TO DETERMINE,4934,S,KEDZIE AVE,821,,,,,,,2,NONINCAPACITATING INJURY,1,0,0,1,0,1,0,21,5,11,41.80344571,-87.70398627,POINT (-87.70398627177 41.803445713074),1
JA496570,,11/2/2017 21:05,25,NO CONTROLS,NO CONTROLS,CLOUDY/OVERCAST,"DARKNESS, LIGHTED ROAD",FIXED OBJECT,DIVIDED - W/MEDIAN BARRIER,3,"CURVE, LEVEL",WET,NO DEFECTS,ON SCENE,NO INJURY / DRIVE AWAY,,,,"OVER $1,500",11/2/2017 21:13,WEATHER,EXCEEDING SAFE SPEED FOR CONDITIONS,1000,N,LAKE SHORE DR SB,1824,,,,,,,1,NO INDICATION OF INJURY,0,0,0,0,0,1,0,21,5,11,41.90095892,-87.61992817,POINT (-87.619928173678 41.900958919109),1
JA496627,,11/2/2017 21:12,30,NO CONTROLS,NO CONTROLS,CLEAR,"DARKNESS, LIGHTED ROAD",PARKED MOTOR VEHICLE,NOT DIVIDED,2,STRAIGHT AND LEVEL,WET,NO DEFECTS,ON SCENE,NO INJURY / DRIVE AWAY,,,Y,"OVER $1,500",11/2/2017 21:38,UNABLE TO DETERMINE,UNABLE TO DETERMINE,1062,N,MILWAUKEE AVE,1213,,,,,,,2,NO INDICATION OF INJURY,0,0,0,0,0,1,0,21,5,11,41.90110297,-87.66319845,POINT (-87.663198448929 41.901102964506),1
JA496655,,11/2/2017 21:20,30,NO CONTROLS,NO CONTROLS,RAIN,"DARKNESS, LIGHTED ROAD",OTHER OBJECT,NOT DIVIDED,4,STRAIGHT AND LEVEL,WET,NO DEFECTS,ON SCENE,INJURY AND / OR TOW DUE TO CRASH,,,,"OVER $1,500",11/2/2017 21:54,WEATHER,NOT APPLICABLE,6732,S,SOUTH SHORE DR,331,,N,,,,,1,NO INDICATION OF INJURY,0,0,0,0,0,1,0,21,5,11,41.77256993,-87.56676498,POINT (-87.566764980816 41.772569930802),1
JA496595,,11/2/2017 21:20,30,NO CONTROLS,FUNCTIONING PROPERLY,CLEAR,"DARKNESS, LIGHTED ROAD",SIDESWIPE OPPOSITE DIRECTION,DIVIDED - W/MEDIAN (NOT RAISED),2,STRAIGHT AND LEVEL,WET,NO DEFECTS,ON SCENE,INJURY AND / OR TOW DUE TO CRASH,,Y,,"OVER $1,500",11/2/2017 21:25,PHYSICAL CONDITION OF DRIVER,NOT APPLICABLE,717,E,79TH ST,624,,,,,,,2,INCAPACITATING INJURY,4,0,1,3,0,3,0,21,5,11,41.75114605,-87.6069229,POINT (-87.606922901046 41.751146050129),1
JA496614,,11/2/2017 21:20,25,UNKNOWN,UNKNOWN,OTHER,DARKNESS,REAR END,NOT DIVIDED,2,STRAIGHT AND LEVEL,WET,UNKNOWN,NOT ON SCENE (DESK REPORT),NO INJURY / DRIVE AWAY,,,,$500 OR LESS,11/2/2017 22:00,FOLLOWING TOO CLOSELY,UNABLE TO DETERMINE,2800,N,CLARK ST,1934,,,,,,,2,NO INDICATION OF INJURY,0,0,0,0,0,2,0,21,5,11,41.9328287,-87.64508035,POINT (-87.645080351015 41.932828699843),1
JA496643,,11/2/2017 21:35,30,NO CONTROLS,NO CONTROLS,RAIN,"DARKNESS, LIGHTED ROAD",PARKED MOTOR VEHICLE,NOT DIVIDED,2,STRAIGHT AND LEVEL,WET,NO DEFECTS,ON SCENE,INJURY AND / OR TOW DUE TO CRASH,,,,"OVER $1,500",11/2/2017 21:35,IMPROPER BACKING,NOT APPLICABLE,5845,S,SHIELDS AVE,711,,,,,,,2,NO INDICATION OF INJURY,0,0,0,0,0,3,0,21,5,11,41.78759812,-87.63388108,POINT (-87.633881081585 41.787598122863),1
JA497237,,11/2/2017 21:45,30,NO CONTROLS,NO CONTROLS,CLEAR,"DARKNESS, LIGHTED ROAD",REAR END,DIVIDED - W/MEDIAN (NOT RAISED),2,STRAIGHT AND LEVEL,DRY,NO DEFECTS,NOT ON SCENE (DESK REPORT),NO INJURY / DRIVE AWAY,,,,"$501 - $1,500",11/3/2017 13:00,UNABLE TO DETERMINE,UNABLE TO DETERMINE,2529,N,HALSTED ST,1935,,,,,,,2,NO INDICATION OF INJURY,0,0,0,0,0,2,0,21,5,11,41.92811224,-87.64870912,POINT (-87.648709115754 41.928112239456),1
JA496626,,11/2/2017 21:48,30,NO CONTROLS,NO CONTROLS,RAIN,"DARKNESS, LIGHTED ROAD",TURNING,NOT DIVIDED,2,STRAIGHT AND LEVEL,WET,NO DEFECTS,ON SCENE,NO INJURY / DRIVE AWAY,Y,,,$500 OR LESS,11/2/2017 22:14,FAILING TO YIELD RIGHT-OF-WAY,FAILING TO YIELD RIGHT-OF-WAY,8400,S,VINCENNES AVE,622,,,,,,,2,NO INDICATION OF INJURY,0,0,0,0,0,3,0,21,5,11,41.74140959,-87.63843149,POINT (-87.638431490943 41.741409588823),1
JA496618,,11/2/2017 21:50,30,NO CONTROLS,NO CONTROLS,CLEAR,"DARKNESS, LIGHTED ROAD",ANGLE,PARKING LOT,2,STRAIGHT AND LEVEL,DRY,NO DEFECTS,NOT ON SCENE (DESK REPORT),NO INJURY / DRIVE AWAY,,Y,,"$501 - $1,500",11/2/2017 21:55,IMPROPER BACKING,IMPROPER BACKING,2350,N,CENTRAL AVE,2515,,,,,,,2,NO INDICATION OF INJURY,0,0,0,0,0,3,0,21,5,11,41.92366106,-87.76612552,POINT (-87.766125517117 41.923661062297),1
JA496624,,11/2/2017 21:50,30,TRAFFIC SIGNAL,FUNCTIONING PROPERLY,RAIN,"DARKNESS, LIGHTED ROAD",REAR END,DIVIDED - W/MEDIAN (NOT RAISED),4,STRAIGHT AND LEVEL,WET,UNKNOWN,NOT ON SCENE (DESK REPORT),NO INJURY / DRIVE AWAY,,,,"$501 - $1,500",11/2/2017 22:00,FOLLOWING TOO CLOSELY,NOT APPLICABLE,3958,W,NORTH AVE,2535,,,,,,,2,NO INDICATION OF INJURY,0,0,0,0,0,2,0,21,5,11,41.90999716,-87.72628196,POINT (-87.726281955572 41.909997157489),1
JA496623,,11/2/2017 21:51,40,NO CONTROLS,NO CONTROLS,CLEAR,"DARKNESS, LIGHTED ROAD",REAR END,DIVIDED - W/MEDIAN BARRIER,4,STRAIGHT AND LEVEL,WET,NO DEFECTS,ON SCENE,INJURY AND / OR TOW DUE TO CRASH,,,,"OVER $1,500",11/2/2017 21:57,UNABLE TO DETERMINE,UNABLE TO DETERMINE,2300,N,LAKE SHORE DR SB,1814,,,,,,,2,NO INDICATION OF INJURY,0,0,0,0,0,2,0,21,5,11,41.92379779,-87.63077727,POINT (-87.630777266631 41.923797791573),1
JA496644,,11/2/2017 21:55,30,NO CONTROLS,NO CONTROLS,RAIN,"DARKNESS, LIGHTED ROAD",FIXED OBJECT,DIVIDED - W/MEDIAN (NOT RAISED),4,STRAIGHT AND LEVEL,WET,NO DEFECTS,ON SCENE,INJURY AND / OR TOW DUE TO CRASH,,,,"$501 - $1,500",11/2/2017 21:55,"OPERATING VEHICLE IN ERRATIC, RECKLESS, CARELESS, NEGLIGENT OR AGGRESSIVE MANNER",NOT APPLICABLE,10241,S,HALSTED ST,2232,,,,,,,1,NO INDICATION OF INJURY,0,0,0,0,0,3,0,21,5,11,41.70751847,-87.64270444,POINT (-87.642704443993 41.70751846952),1
JA501721,,11/2/2017 22:00,30,NO CONTROLS,NO CONTROLS,UNKNOWN,DARKNESS,PARKED MOTOR VEHICLE,NOT DIVIDED,2,STRAIGHT AND LEVEL,UNKNOWN,NO DEFECTS,ON SCENE,NO INJURY / DRIVE AWAY,,,,"OVER $1,500",11/6/2017 18:46,NOT APPLICABLE,NOT APPLICABLE,1010,W,32ND PL,913,,,,,,,2,NO INDICATION OF INJURY,0,0,0,0,0,1,0,22,5,11,41.83537608,-87.65152862,POINT (-87.651528621232 41.835376075344),1
JA500707,,11/2/2017 22:00,30,NO CONTROLS,NO CONTROLS,RAIN,DARKNESS,REAR END,OTHER,,STRAIGHT AND LEVEL,WET,NO DEFECTS,NOT ON SCENE (DESK REPORT),INJURY AND / OR TOW DUE TO CRASH,,,,$500 OR LESS,11/6/2017 7:56,UNABLE TO DETERMINE,UNABLE TO DETERMINE,7904,S,STONY ISLAND AVE,411,,,,,,,2,"REPORTED, NOT EVIDENT",2,0,0,0,2,2,0,22,5,11,41.75121349,-87.585967,POINT (-87.585967000776 41.751213491275),1
JA496675,,11/2/2017 22:15,30,NO CONTROLS,NO CONTROLS,CLEAR,"DARKNESS, LIGHTED ROAD",PARKED MOTOR VEHICLE,ONE-WAY,,STRAIGHT AND LEVEL,WET,NO DEFECTS,NOT ON SCENE (DESK REPORT),NO INJURY / DRIVE AWAY,,,,"$501 - $1,500",11/2/2017 22:45,HAD BEEN DRINKING (USE WHEN ARREST IS NOT MADE),IMPROPER BACKING,4145,W,HIRSCH ST,2534,,,,,,,2,NO INDICATION OF INJURY,0,0,0,0,0,1,0,22,5,11,41.90611712,-87.73069149,POINT (-87.730691489361 41.906117124172),1
JA497931,,11/2/2017 22:20,30,NO CONTROLS,NO CONTROLS,CLEAR,DARKNESS,ANGLE,NOT DIVIDED,,STRAIGHT AND LEVEL,DRY,NO DEFECTS,NOT ON SCENE (DESK REPORT),NO INJURY / DRIVE AWAY,Y,,,"OVER $1,500",11/3/2017 21:52,UNABLE TO DETERMINE,UNABLE TO DETERMINE,7807,S,CICERO AVE,834,,,,,,,2,NO INDICATION OF INJURY,0,0,0,0,0,2,0,22,5,11,41.75072749,-87.7412686,POINT (-87.741268602094 41.750727490036),1
JA496654,,11/2/2017 22:21,30,STOP SIGN/FLASHER,FUNCTIONING PROPERLY,CLEAR,"DARKNESS, LIGHTED ROAD",REAR END,ONE-WAY,1,STRAIGHT AND LEVEL,WET,NO DEFECTS,ON SCENE,NO INJURY / DRIVE AWAY,,,Y,"$501 - $1,500",11/2/2017 22:35,FOLLOWING TOO CLOSELY,DRIVING SKILLS/KNOWLEDGE/EXPERIENCE,4015,W,THOMAS ST,1111,,,,,,,2,NO INDICATION OF INJURY,0,0,0,0,0,2,0,22,5,11,41.9007236,-87.72695193,POINT (-87.726951927585 41.900723595508),1
JA496662,,11/2/2017 22:27,30,NO CONTROLS,NO CONTROLS,CLEAR,"DARKNESS, LIGHTED ROAD",SIDESWIPE SAME DIRECTION,NOT DIVIDED,,STRAIGHT AND LEVEL,WET,NO DEFECTS,ON SCENE,INJURY AND / OR TOW DUE TO CRASH,,,,"OVER $1,500",11/2/2017 22:30,FAILING TO YIELD RIGHT-OF-WAY,IMPROPER LANE USAGE,3365,W,DEVON AVE,1711,,,,,,,2,NO INDICATION OF INJURY,0,0,0,0,0,2,0,22,5,11,41.99720058,-87.71415806,POINT (-87.71415805636 41.997200579831),1
JA496678,,11/2/2017 22:30,35,NO CONTROLS,NO CONTROLS,CLEAR,DARKNESS,OVERTURNED,DIVIDED - W/MEDIAN (NOT RAISED),2,"CURVE, LEVEL",WET,NO DEFECTS,ON SCENE,INJURY AND / OR TOW DUE TO CRASH,,,,"$501 - $1,500",11/2/2017 22:35,UNABLE TO DETERMINE,NOT APPLICABLE,1932,E,MARQUETTE DR,331,,,,,,,1,"REPORTED, NOT EVIDENT",1,0,0,0,1,0,0,22,5,11,41.77604314,-87.5779772,POINT (-87.577977201256 41.776043136513),1
JA496701,,11/2/2017 22:34,30,TRAFFIC SIGNAL,FUNCTIONING PROPERLY,CLEAR,"DARKNESS, LIGHTED ROAD",SIDESWIPE SAME DIRECTION,DIVIDED - W/MEDIAN BARRIER,2,STRAIGHT AND LEVEL,DRY,NO DEFECTS,ON SCENE,INJURY AND / OR TOW DUE TO CRASH,Y,,,"OVER $1,500",11/2/2017 22:37,FAILING TO REDUCE SPEED TO AVOID CRASH,IMPROPER OVERTAKING/PASSING,5500,S,PRINCETON AVE,711,,Y,,,,,2,INCAPACITATING INJURY,6,0,1,5,0,0,0,22,5,11,41.79408188,-87.6331347,POINT (-87.633134703265 41.794081881074),1
JA469713,,11/2/2017 23:00,35,NO CONTROLS,NO CONTROLS,CLEAR,"DARKNESS, LIGHTED ROAD",PARKED MOTOR VEHICLE,ALLEY,,STRAIGHT AND LEVEL,DRY,NO DEFECTS,ON SCENE,NO INJURY / DRIVE AWAY,,,,"OVER $1,500",11/2/2017 23:30,NOT APPLICABLE,NOT APPLICABLE,100,E,LAKE ST,114,,,,,,,2,NO INDICATION OF INJURY,0,0,0,0,0,1,0,23,5,11,41.88586415,-87.62448553,POINT (-87.624485528482 41.88586415331),1
JA497574,,11/2/2017 23:20,30,TRAFFIC SIGNAL,FUNCTIONING PROPERLY,CLEAR,"DARKNESS, LIGHTED ROAD",ANGLE,NOT DIVIDED,,STRAIGHT AND LEVEL,DRY,UNKNOWN,NOT ON SCENE (DESK REPORT),NO INJURY / DRIVE AWAY,,,,"OVER $1,500",11/3/2017 16:57,DRIVING SKILLS/KNOWLEDGE/EXPERIENCE,NOT APPLICABLE,7100,S,ROCKWELL ST,831,,,,,,,2,NO INDICATION OF INJURY,0,0,0,0,0,2,0,23,5,11,41.76452456,-87.68827993,POINT (-87.68827992898 41.764524555088),1
JA496705,,11/2/2017 23:28,35,TRAFFIC SIGNAL,FUNCTIONING PROPERLY,CLEAR,"DARKNESS, LIGHTED ROAD",REAR END,DIVIDED - W/MEDIAN (NOT RAISED),,STRAIGHT AND LEVEL,DRY,NO DEFECTS,ON SCENE,INJURY AND / OR TOW DUE TO CRASH,Y,,,"OVER $1,500",11/2/2017 23:30,FOLLOWING TOO CLOSELY,UNDER THE INFLUENCE OF ALCOHOL/DRUGS (USE WHEN ARREST IS EFFECTED),1335,W,GRAND AVE,1215,,,,,,,2,NO INDICATION OF INJURY,0,0,0,0,0,4,0,23,5,11,41.89093774,-87.6603996,POINT (-87.660399600365 41.890937734822),1
JA496748,,11/2/2017 23:30,30,NO CONTROLS,NO CONTROLS,CLOUDY/OVERCAST,"DARKNESS, LIGHTED ROAD",REAR END,DIVIDED - W/MEDIAN (NOT RAISED),,STRAIGHT AND LEVEL,UNKNOWN,WORN SURFACE,NOT ON SCENE (DESK REPORT),NO INJURY / DRIVE AWAY,,,,"OVER $1,500",11/3/2017 0:25,FOLLOWING TOO CLOSELY,NOT APPLICABLE,8930,S,SOUTH CHICAGO AVE,423,,,,,,,2,NO INDICATION OF INJURY,0,0,0,0,0,3,0,23,5,11,41.73292801,-87.5599792,POINT (-87.55997919609 41.732928005493),1
JA498048,,11/2/2017 23:43,30,TRAFFIC SIGNAL,UNKNOWN,CLEAR,"DARKNESS, LIGHTED ROAD",PEDESTRIAN,DIVIDED - W/MEDIAN (NOT RAISED),,STRAIGHT AND LEVEL,UNKNOWN,UNKNOWN,ON SCENE,NO INJURY / DRIVE AWAY,Y,,,"$501 - $1,500",11/2/2017 23:43,UNABLE TO DETERMINE,NOT APPLICABLE,5555,W,NORTH AVE,2532,,,,,,,2,NO INDICATION OF INJURY,0,0,0,0,0,3,0,23,5,11,41.90927457,-87.76518779,POINT (-87.765187784962 41.909274566712),1
JA496720,,11/2/2017 23:44,30,NO CONTROLS,NO CONTROLS,CLEAR,"DARKNESS, LIGHTED ROAD",SIDESWIPE SAME DIRECTION,NOT DIVIDED,2,STRAIGHT AND LEVEL,WET,NO DEFECTS,ON SCENE,INJURY AND / OR TOW DUE TO CRASH,,,,"OVER $1,500",11/2/2017 23:46,IMPROPER OVERTAKING/PASSING,NOT APPLICABLE,517,E,60TH ST,313,,,,,,,2,NO INDICATION OF INJURY,0,0,0,0,0,2,0,23,5,11,41.78564916,-87.61255475,POINT (-87.612554752487 41.785649155067),1
JA496721,,11/2/2017 23:45,40,NO CONTROLS,NO CONTROLS,CLEAR,"DARKNESS, LIGHTED ROAD",SIDESWIPE SAME DIRECTION,DIVIDED - W/MEDIAN BARRIER,,STRAIGHT ON GRADE,WET,NO DEFECTS,ON SCENE,INJURY AND / OR TOW DUE TO CRASH,,,Y,"OVER $1,500",11/2/2017 23:51,IMPROPER OVERTAKING/PASSING,DISREGARDING ROAD MARKINGS,4300,S,LAKE SHORE DR NB,222,,,,,,,2,NO INDICATION OF INJURY,0,0,0,0,0,2,0,23,5,11,41.81679293,-87.59494802,POINT (-87.594948019195 41.816792926274),1
JA496708,,11/2/2017 23:46,30,NO CONTROLS,NO CONTROLS,CLEAR,"DARKNESS, LIGHTED ROAD",SIDESWIPE SAME DIRECTION,NOT DIVIDED,,STRAIGHT AND LEVEL,DRY,NO DEFECTS,ON SCENE,INJURY AND / OR TOW DUE TO CRASH,,,,$500 OR LESS,11/2/2017 23:46,UNDER THE INFLUENCE OF ALCOHOL/DRUGS (USE WHEN ARREST IS EFFECTED),EXCEEDING AUTHORIZED SPEED LIMIT,323,E,PERSHING RD,213,,,,,,,2,NO INDICATION OF INJURY,0,0,0,0,0,3,0,23,5,11,41.82370523,-87.61838043,POINT (-87.618380433494 41.823705232292),1
JA496717,Y,11/2/2017 23:49,30,TRAFFIC SIGNAL,FUNCTIONING PROPERLY,RAIN,"DARKNESS, LIGHTED ROAD",FIXED OBJECT,DIVIDED - W/MEDIAN (NOT RAISED),4,STRAIGHT AND LEVEL,WET,NO DEFECTS,ON SCENE,INJURY AND / OR TOW DUE TO CRASH,Y,,,"$501 - $1,500",11/3/2017 0:08,UNABLE TO DETERMINE,NOT APPLICABLE,247,W,47TH ST,935,,,,,,,1,NONINCAPACITATING INJURY,1,0,0,1,0,0,0,23,5,11,41.80899133,-87.6326087,POINT (-87.632608701577 41.808991326336),1
JA496715,,11/2/2017 23:50,35,NO CONTROLS,NO CONTROLS,CLEAR,"DARKNESS, LIGHTED ROAD",FIXED OBJECT,NOT DIVIDED,2,STRAIGHT AND LEVEL,DRY,NO DEFECTS,ON SCENE,NO INJURY / DRIVE AWAY,,,,"OVER $1,500",11/2/2017 23:53,"EVASIVE ACTION DUE TO ANIMAL, OBJECT, NONMOTORIST","EVASIVE ACTION DUE TO ANIMAL, OBJECT, NONMOTORIST",7011,N,CALDWELL AVE,1621,,,,,,,1,NO INDICATION OF INJURY,0,0,0,0,0,1,0,23,5,11,42.00763505,-87.78482271,POINT (-87.784822713012 42.00763504696),1
JA496723,,11/3/2017 0:10,30,NO CONTROLS,NO CONTROLS,CLEAR,"DARKNESS, LIGHTED ROAD",PARKED MOTOR VEHICLE,OTHER,1,STRAIGHT AND LEVEL,WET,NO DEFECTS,ON SCENE,NO INJURY / DRIVE AWAY,,,,$500 OR LESS,11/3/2017 0:15,IMPROPER BACKING,NOT APPLICABLE,4703,N,HAMLIN AVE,1723,,,,,,,2,NO INDICATION OF INJURY,0,0,0,0,0,1,0,0,6,11,41.9665844,-87.72294676,POINT (-87.722946756237 41.966584400665),1
JA496769,,11/3/2017 0:20,30,TRAFFIC SIGNAL,FUNCTIONING PROPERLY,RAIN,"DARKNESS, LIGHTED ROAD",ANGLE,NOT DIVIDED,,STRAIGHT AND LEVEL,WET,NO DEFECTS,NOT ON SCENE (DESK REPORT),INJURY AND / OR TOW DUE TO CRASH,Y,,,"OVER $1,500",11/3/2017 1:05,FAILING TO YIELD RIGHT-OF-WAY,NOT APPLICABLE,300,W,LAKE ST,122,,,,,,,2,"REPORTED, NOT EVIDENT",3,0,0,0,3,2,0,0,6,11,41.88584617,-87.63547453,POINT (-87.635474529551 41.88584616588),1
JA497521,N,11/3/2017 1:00,30,NO CONTROLS,NO CONTROLS,CLEAR,UNKNOWN,PARKED MOTOR VEHICLE,DIVIDED - W/MEDIAN (NOT RAISED),,STRAIGHT AND LEVEL,UNKNOWN,NO DEFECTS,NOT ON SCENE (DESK REPORT),NO INJURY / DRIVE AWAY,,,Y,"$501 - $1,500",11/3/2017 16:20,UNABLE TO DETERMINE,UNABLE TO DETERMINE,1601,W,CHASE AVE,2423,,,,,,,2,NO INDICATION OF INJURY,0,0,0,0,0,1,0,1,6,11,42.01372906,-87.67034313,POINT (-87.670343132165 42.01372906422),1
JA496905,Y,11/3/2017 1:10,20,NO CONTROLS,NO CONTROLS,CLEAR,DARKNESS,PARKED MOTOR VEHICLE,NOT DIVIDED,,STRAIGHT AND LEVEL,DRY,NO DEFECTS,ON SCENE,INJURY AND / OR TOW DUE TO CRASH,,,Y,"OVER $1,500",11/3/2017 8:55,FAILING TO REDUCE SPEED TO AVOID CRASH,UNABLE TO DETERMINE,2438,E,76TH ST,421,,,,,,,2,NO INDICATION OF INJURY,0,0,0,0,0,1,0,1,6,11,41.75730222,-87.56481671,POINT (-87.564816704502 41.757302223103),1