RD_NO,CRASH_DATE_EST_I,CRASH_DATE,POSTED_SPEED_LIMIT,TRAFFIC_CONTROL_DEVICE,DEVICE_CONDITION,WEATHER_CONDITION,LIGHTING_CONDITION,FIRST_CRASH_TYPE,TRAFFICWAY_TYPE,LANE_CNT,ALIGNMENT,ROADWAY_SURFACE_COND,ROAD_DEFECT,REPORT_TYPE,CRASH_TYPE,INTERSECTION_RELATED_I,NOT_RIGHT_OF_WAY_I,HIT_AND_RUN_I,DAMAGE,DATE_POLICE_NOTIFIED,PRIM_CONTRIBUTORY_CAUSE,SEC_CONTRIBUTORY_CAUSE,STREET_NO,STREET_DIRECTION,STREET_NAME,BEAT_OF_OCCURRENCE,PHOTOS_TAKEN_I,STATEMENTS_TAKEN_I,DOORING_I,WORK_ZONE_I,WORK_ZONE_TYPE,WORKERS_PRESENT_I,NUM_UNITS,MOST_SEVERE_INJURY,INJURIES_TOTAL,INJURIES_FATAL,INJURIES_INCAPACITATING,INJURIES_NON_INCAPACITATING,INJURIES_REPORTED_NOT_EVIDENT,INJURIES_NO_INDICATION,INJURIES_UNKNOWN,CRASH_HOUR,CRASH_DAY_OF_WEEK,CRASH_MONTH,LATITUDE,LONGITUDE,LOCATION,Join
JA496774,,11/3/2017 1:26,30,TRAFFIC SIGNAL,FUNCTIONING PROPERLY,RAIN,"DARKNESS, LIGHTED ROAD",REAR END,DIVIDED - W/MEDIAN (NOT RAISED),2,STRAIGHT AND LEVEL,DRY,NO DEFECTS,ON SCENE,NO INJURY / DRIVE AWAY,,,,$500 OR LESS,11/3/2017 1:30,DISTRACTION - FROM INSIDE VEHICLE,FOLLOWING TOO CLOSELY,408,E,63RD ST,313,,,,,,,2,NO INDICATION OF INJURY,0,0,0,0,0,3,0,1,6,11,41.78035608,-87.61523006,POINT (-87.61523006207 41.780356077341),1
JA496779,,11/3/2017 1:45,40,NO CONTROLS,UNKNOWN,CLEAR,"DARKNESS, LIGHTED ROAD",FIXED OBJECT,ONE-WAY,3,STRAIGHT AND LEVEL,DRY,UNKNOWN,NOT ON SCENE (DESK REPORT),INJURY AND / OR TOW DUE TO CRASH,,,,"OVER $1,500",11/3/2017 2:07,UNDER THE INFLUENCE OF ALCOHOL/DRUGS (USE WHEN ARREST IS EFFECTED),PHYSICAL CONDITION OF DRIVER,5301,S,LAKE SHORE DR SB,234,,,,,,,1,NO INDICATION OF INJURY,0,0,0,0,0,1,0,1,6,11,41.79960819,-87.58126029,POINT (-87.581260288846 41.799608188394),1
JA503637,,11/3/2017 2:00,20,NO CONTROLS,NO CONTROLS,UNKNOWN,UNKNOWN,PARKED MOTOR VEHICLE,ONE-WAY,1,STRAIGHT AND LEVEL,UNKNOWN,OTHER,ON SCENE,NO INJURY / DRIVE AWAY,,,Y,$500 OR LESS,11/8/2017 11:00,NOT APPLICABLE,UNABLE TO DETERMINE,4411,N,MOZART ST,1724,,,,Y,MAINTENANCE,,2,NO INDICATION OF INJURY,0,0,0,0,0,1,0,2,6,11,41.96161935,-87.69955166,POINT (-87.699551658259 41.961619344973),1
JA496786,,11/3/2017 2:20,35,OTHER,OTHER,CLEAR,"DARKNESS, LIGHTED ROAD",FIXED OBJECT,NOT DIVIDED,,STRAIGHT AND LEVEL,DRY,NO DEFECTS,ON SCENE,INJURY AND / OR TOW DUE TO CRASH,,,N,"$501 - $1,500",11/3/2017 2:20,"OPERATING VEHICLE IN ERRATIC, RECKLESS, CARELESS, NEGLIGENT OR AGGRESSIVE MANNER",NOT APPLICABLE,5509,S,UNION AVE,711,,,,,,,1,NO INDICATION OF INJURY,0,0,0,0,0,1,0,2,6,11,41.79369388,-87.64256371,POINT (-87.642563710554 41.793693881534),1
JA496806,,11/3/2017 3:35,30,TRAFFIC SIGNAL,FUNCTIONING PROPERLY,CLEAR,"DARKNESS, LIGHTED ROAD",REAR END,NOT DIVIDED,4,STRAIGHT AND LEVEL,DRY,NO DEFECTS,ON SCENE,NO INJURY / DRIVE AWAY,Y,,Y,"OVER $1,500",11/3/2017 3:40,FOLLOWING TOO CLOSELY,NOT APPLICABLE,3414,S,ARCHER AVE,912,,,,,,,2,NO INDICATION OF INJURY,0,0,0,0,0,2,0,3,6,11,41.83183073,-87.67552719,POINT (-87.675527191958 41.831830730215),1
JA496811,,11/3/2017 3:54,35,TRAFFIC SIGNAL,FUNCTIONING PROPERLY,CLEAR,"DARKNESS, LIGHTED ROAD",ANGLE,DIVIDED - W/MEDIAN BARRIER,,STRAIGHT AND LEVEL,DRY,NO DEFECTS,ON SCENE,INJURY AND / OR TOW DUE TO CRASH,Y,,,"OVER $1,500",11/3/2017 3:56,FAILING TO REDUCE SPEED TO AVOID CRASH,UNABLE TO DETERMINE,5500,S,CICERO AVE,813,,,,,,,2,NO INDICATION OF INJURY,0,0,0,0,0,3,0,3,6,11,41.79291088,-87.74207734,POINT (-87.742077342959 41.792910883497),1
JA498789,,11/3/2017 4:00,30,NO CONTROLS,NO CONTROLS,CLEAR,DARKNESS,PARKED MOTOR VEHICLE,DIVIDED - W/MEDIAN (NOT RAISED),2,STRAIGHT AND LEVEL,DRY,NO DEFECTS,NOT ON SCENE (DESK REPORT),NO INJURY / DRIVE AWAY,,,Y,"OVER $1,500",11/4/2017 15:30,UNABLE TO DETERMINE,UNABLE TO DETERMINE,3604,N,OAK PARK AVE,1632,,,,,,,2,NO INDICATION OF INJURY,0,0,0,0,0,1,0,4,6,11,41.94567174,-87.79614227,POINT (-87.796142265829 41.945671736559),1
JA496820,N,11/3/2017 4:34,20,NO CONTROLS,NO CONTROLS,CLEAR,DARKNESS,OTHER OBJECT,ALLEY,1,STRAIGHT AND LEVEL,UNKNOWN,NO DEFECTS,ON SCENE,NO INJURY / DRIVE AWAY,,,,$500 OR LESS,11/3/2017 5:00,UNABLE TO DETERMINE,UNABLE TO DETERMINE,2352,S,ASHLAND AVE,1034,,,,N,,,1,NO INDICATION OF INJURY,0,0,0,0,0,1,0,4,6,11,41.84887456,-87.66612592,POINT (-87.666125923002 41.848874555502),1
JA496819,,11/3/2017 4:44,30,TRAFFIC SIGNAL,FUNCTIONING PROPERLY,CLEAR,"DARKNESS, LIGHTED ROAD",SIDESWIPE SAME DIRECTION,NOT DIVIDED,4,STRAIGHT AND LEVEL,DRY,NO DEFECTS,ON SCENE,INJURY AND / OR TOW DUE TO CRASH,,,Y,"OVER $1,500",11/3/2017 4:46,"OPERATING VEHICLE IN ERRATIC, RECKLESS, CARELESS, NEGLIGENT OR AGGRESSIVE MANNER",NOT APPLICABLE,6500,N,CLARK ST,2432,,,,,,,3,"REPORTED, NOT EVIDENT",1,0,0,0,1,4,0,4,6,11,41.9999364,-87.67138055,POINT (-87.671380550014 41.999936403912),1
JA505974,,11/3/2017 5:25,35,TRAFFIC SIGNAL,FUNCTIONING PROPERLY,CLEAR,"DARKNESS, LIGHTED ROAD",REAR END,DIVIDED - W/MEDIAN BARRIER,6,STRAIGHT AND LEVEL,DRY,NO DEFECTS,NOT ON SCENE (DESK REPORT),NO INJURY / DRIVE AWAY,Y,,,"OVER $1,500",11/10/2017 6:20,FAILING TO REDUCE SPEED TO AVOID CRASH,EXCEEDING SAFE SPEED FOR CONDITIONS,400,N,DEARBORN ST,1831,,,,,,,2,NO INDICATION OF INJURY,0,0,0,0,0,2,0,5,6,11,41.88926953,-87.62973533,POINT (-87.629735331044 41.889269528172),1
JA496831,,11/3/2017 5:30,30,TRAFFIC SIGNAL,FUNCTIONING PROPERLY,CLEAR,"DARKNESS, LIGHTED ROAD",SIDESWIPE SAME DIRECTION,DIVIDED - W/MEDIAN BARRIER,7,STRAIGHT AND LEVEL,DRY,NO DEFECTS,NOT ON SCENE (DESK REPORT),NO INJURY / DRIVE AWAY,,,,"OVER $1,500",11/3/2017 6:05,FAILING TO YIELD RIGHT-OF-WAY,NOT APPLICABLE,211,S,MICHIGAN AVE,114,,,,,,,2,NO INDICATION OF INJURY,0,0,0,0,0,2,0,5,6,11,41.87926369,-87.62419935,POINT (-87.624199353001 41.879263686381),1
JA496828,,11/3/2017 5:50,30,STOP SIGN/FLASHER,FUNCTIONING PROPERLY,CLEAR,"DARKNESS, LIGHTED ROAD",ANGLE,DIVIDED - W/MEDIAN (NOT RAISED),0,STRAIGHT AND LEVEL,DRY,NO DEFECTS,ON SCENE,INJURY AND / OR TOW DUE TO CRASH,Y,,,"OVER $1,500",11/3/2017 5:54,FAILING TO YIELD RIGHT-OF-WAY,NOT APPLICABLE,4300,N,LARAMIE AVE,1624,,,,,,,2,NO INDICATION OF INJURY,0,0,0,0,0,2,0,5,6,11,41.95881927,-87.75747437,POINT (-87.757474373098 41.958819269036),1
JA496859,,11/3/2017 6:43,30,NO CONTROLS,NO CONTROLS,CLEAR,DAWN,SIDESWIPE SAME DIRECTION,DIVIDED - W/MEDIAN (NOT RAISED),2,STRAIGHT AND LEVEL,DRY,NO DEFECTS,ON SCENE,NO INJURY / DRIVE AWAY,,,Y,$500 OR LESS,11/3/2017 6:57,IMPROPER OVERTAKING/PASSING,NOT APPLICABLE,5101,N,NAGLE AVE,1622,,,,,,,2,NO INDICATION OF INJURY,0,0,0,0,0,2,0,6,6,11,41.97393285,-87.78775868,POINT (-87.787758677882 41.973932852156),1
JA496851,,11/3/2017 6:45,30,TRAFFIC SIGNAL,FUNCTIONING PROPERLY,CLEAR,DAWN,PEDESTRIAN,DIVIDED - W/MEDIAN (NOT RAISED),4,STRAIGHT AND LEVEL,DRY,NO DEFECTS,ON SCENE,INJURY AND / OR TOW DUE TO CRASH,Y,,,$500 OR LESS,11/3/2017 6:55,UNABLE TO DETERMINE,UNABLE TO DETERMINE,5100,S,KEDZIE AVE,822,,,,,,,2,NONINCAPACITATING INJURY,1,0,0,1,0,1,0,6,6,11,41.80072726,-87.70391022,POINT (-87.703910217369 41.800727259896),1
JA496866,,11/3/2017 7:00,30,TRAFFIC SIGNAL,FUNCTIONING PROPERLY,CLEAR,DAYLIGHT,TURNING,ONE-WAY,3,STRAIGHT AND LEVEL,DRY,NO DEFECTS,ON SCENE,INJURY AND / OR TOW DUE TO CRASH,Y,,Y,"$501 - $1,500",11/3/2017 7:06,IMPROPER TURNING/NO SIGNAL,"OPERATING VEHICLE IN ERRATIC, RECKLESS, CARELESS, NEGLIGENT OR AGGRESSIVE MANNER",11901,S,ASHLAND AVE,524,,,,,,,2,"REPORTED, NOT EVIDENT",1,0,0,0,1,1,0,7,6,11,41.67743887,-87.66123603,POINT (-87.661236027425 41.677438869926),1
JA496854,,11/3/2017 7:00,30,NO CONTROLS,NO CONTROLS,CLEAR,DAYLIGHT,SIDESWIPE SAME DIRECTION,DIVIDED - W/MEDIAN (NOT RAISED),,STRAIGHT AND LEVEL,DRY,NO DEFECTS,NOT ON SCENE (DESK REPORT),NO INJURY / DRIVE AWAY,,,,"$501 - $1,500",11/3/2017 7:12,UNABLE TO DETERMINE,UNABLE TO DETERMINE,1936,W,BELMONT AVE,1922,,,,,,,2,NO INDICATION OF INJURY,0,0,0,0,0,2,0,7,6,11,41.93969218,-87.67740923,POINT (-87.677409229223 41.939692176939),1
JA497276,,11/3/2017 7:00,15,TRAFFIC SIGNAL,FUNCTIONING PROPERLY,CLEAR,DAYLIGHT,PEDESTRIAN,NOT DIVIDED,4,STRAIGHT AND LEVEL,DRY,NO DEFECTS,NOT ON SCENE (DESK REPORT),NO INJURY / DRIVE AWAY,Y,,Y,"OVER $1,500",11/3/2017 13:40,FAILING TO YIELD RIGHT-OF-WAY,UNABLE TO DETERMINE,4300,S,COTTAGE GROVE AVE,221,,,,,,,2,NO INDICATION OF INJURY,0,0,0,0,0,2,0,7,6,11,41.81672163,-87.60685357,POINT (-87.606853565078 41.816721626101),1
JA496886,,11/3/2017 7:30,30,STOP SIGN/FLASHER,FUNCTIONING PROPERLY,CLEAR,DAYLIGHT,ANGLE,DIVIDED - W/MEDIAN (NOT RAISED),0,STRAIGHT AND LEVEL,DRY,NO DEFECTS,ON SCENE,INJURY AND / OR TOW DUE TO CRASH,Y,,,"OVER $1,500",11/3/2017 7:36,FAILING TO YIELD RIGHT-OF-WAY,NOT APPLICABLE,5400,N,NAGLE AVE,1613,,,,,,,2,"REPORTED, NOT EVIDENT",1,0,0,0,1,2,0,7,6,11,41.97936406,-87.78795077,POINT (-87.787950772066 41.979364061738),1
JA506025,,11/3/2017 7:43,30,NO CONTROLS,NO CONTROLS,CLOUDY/OVERCAST,DAYLIGHT,ANGLE,NOT DIVIDED,4,STRAIGHT AND LEVEL,DRY,NO DEFECTS,ON SCENE,NO INJURY / DRIVE AWAY,,,Y,"OVER $1,500",11/10/2017 7:43,FAILING TO YIELD RIGHT-OF-WAY,NOT APPLICABLE,435,N,ASHLAND AVE,1215,,,,,,,2,NO INDICATION OF INJURY,0,0,0,0,0,3,0,7,6,11,41.88983746,-87.66696317,POINT (-87.666963167185 41.889837461891),1
JA496878,,11/3/2017 7:44,30,STOP SIGN/FLASHER,FUNCTIONING PROPERLY,CLEAR,DAYLIGHT,TURNING,NOT DIVIDED,2,STRAIGHT AND LEVEL,DRY,NO DEFECTS,ON SCENE,INJURY AND / OR TOW DUE TO CRASH,Y,Y,,"OVER $1,500",11/3/2017 7:44,DRIVING SKILLS/KNOWLEDGE/EXPERIENCE,UNABLE TO DETERMINE,3500,W,31ST ST,1032,,,,,,,2,NONINCAPACITATING INJURY,1,0,0,1,0,1,0,7,6,11,41.83721147,-87.7121884,POINT (-87.712188403329 41.837211464732),1
JA497076,,11/3/2017 7:50,35,TRAFFIC SIGNAL,FUNCTIONING PROPERLY,CLOUDY/OVERCAST,DAYLIGHT,SIDESWIPE SAME DIRECTION,NOT DIVIDED,4,STRAIGHT AND LEVEL,DRY,NO DEFECTS,NOT ON SCENE (DESK REPORT),NO INJURY / DRIVE AWAY,,,Y,"OVER $1,500",11/3/2017 11:20,IMPROPER OVERTAKING/PASSING,IMPROPER OVERTAKING/PASSING,6246,S,COTTAGE GROVE AVE,313,,,,,,,2,NO INDICATION OF INJURY,0,0,0,0,0,2,0,7,6,11,41.78083867,-87.60608652,POINT (-87.60608651777 41.78083866922),1
JA496891,,11/3/2017 7:55,30,TRAFFIC SIGNAL,FUNCTIONING PROPERLY,CLEAR,DAYLIGHT,SIDESWIPE SAME DIRECTION,NOT DIVIDED,4,STRAIGHT AND LEVEL,DRY,NO DEFECTS,ON SCENE,NO INJURY / DRIVE AWAY,,,Y,"$501 - $1,500",11/3/2017 8:00,IMPROPER LANE USAGE,IMPROPER OVERTAKING/PASSING,3920,N,ASHLAND AVE,1922,,,,,,,2,NO INDICATION OF INJURY,0,0,0,0,0,3,0,7,6,11,41.95310209,-87.66916218,POINT (-87.669162182952 41.953102089271),1
JA498942,,11/3/2017 8:00,30,NO CONTROLS,NO CONTROLS,CLEAR,DAYLIGHT,PARKED MOTOR VEHICLE,ONE-WAY,,STRAIGHT AND LEVEL,DRY,NO DEFECTS,NOT ON SCENE (DESK REPORT),NO INJURY / DRIVE AWAY,,,Y,"OVER $1,500",11/4/2017 17:25,UNABLE TO DETERMINE,UNABLE TO DETERMINE,718,W,76TH ST,621,,,,,,,2,NO INDICATION OF INJURY,0,0,0,0,0,1,0,8,6,11,41.75621264,-87.64256378,POINT (-87.642563781445 41.756212635438),1
JA496949,,11/3/2017 8:00,30,NO CONTROLS,NO CONTROLS,CLEAR,DAYLIGHT,PARKED MOTOR VEHICLE,NOT DIVIDED,2,STRAIGHT AND LEVEL,DRY,NO DEFECTS,NOT ON SCENE (DESK REPORT),NO INJURY / DRIVE AWAY,,,Y,$500 OR LESS,11/3/2017 9:30,UNABLE TO DETERMINE,UNABLE TO DETERMINE,1154,N,KEDZIE AVE,1121,,,,,,,2,NO INDICATION OF INJURY,0,0,0,0,0,1,0,8,6,11,41.9026481,-87.70693184,POINT (-87.706931841363 41.902648102406),1
JA496913,,11/3/2017 8:00,30,NO CONTROLS,NO CONTROLS,CLOUDY/OVERCAST,DAYLIGHT,SIDESWIPE OPPOSITE DIRECTION,DIVIDED - W/MEDIAN (NOT RAISED),2,STRAIGHT AND LEVEL,DRY,NO DEFECTS,ON SCENE,NO INJURY / DRIVE AWAY,,,,$500 OR LESS,11/3/2017 8:10,IMPROPER OVERTAKING/PASSING,FAILING TO REDUCE SPEED TO AVOID CRASH,2001,W,19TH ST,1234,,,,,,,2,NO INDICATION OF INJURY,0,0,0,0,0,4,0,8,6,11,41.8557233,-87.67606619,POINT (-87.676066188438 41.855723301816),1
JA496889,Y,11/3/2017 8:00,25,NO CONTROLS,NO CONTROLS,CLEAR,DAYLIGHT,PARKED MOTOR VEHICLE,DIVIDED - W/MEDIAN (NOT RAISED),1,STRAIGHT AND LEVEL,DRY,NO DEFECTS,NOT ON SCENE (DESK REPORT),NO INJURY / DRIVE AWAY,,,,"OVER $1,500",11/3/2017 8:15,UNABLE TO DETERMINE,UNABLE TO DETERMINE,869,W,LILL AVE,1935,,,,,,,2,NO INDICATION OF INJURY,0,0,0,0,0,1,0,8,6,11,41.9280201,-87.65162473,POINT (-87.65162472688 41.928020101468),1
JA496925,,11/3/2017 8:05,30,NO CONTROLS,NO CONTROLS,CLEAR,DAYLIGHT,SIDESWIPE SAME DIRECTION,NOT DIVIDED,,STRAIGHT AND LEVEL,DRY,NO DEFECTS,NOT ON SCENE (DESK REPORT),NO INJURY / DRIVE AWAY,,,Y,"OVER $1,500",11/3/2017 9:00,DRIVING SKILLS/KNOWLEDGE/EXPERIENCE,UNABLE TO DETERMINE,4637,W,ROSCOE ST,1731,,,,,,,2,NO INDICATION OF INJURY,0,0,0,0,0,2,0,8,6,11,41.94241543,-87.74382319,POINT (-87.743823188472 41.942415426721),1
JA496898,,11/3/2017 8:05,30,TRAFFIC SIGNAL,FUNCTIONING PROPERLY,CLEAR,DAYLIGHT,ANGLE,ONE-WAY,,STRAIGHT AND LEVEL,DRY,NO DEFECTS,ON SCENE,INJURY AND / OR TOW DUE TO CRASH,Y,,,"OVER $1,500",11/3/2017 8:09,FAILING TO YIELD RIGHT-OF-WAY,DISREGARDING TRAFFIC SIGNALS,500,E,ILLINOIS ST,1834,,,,,,,3,NONINCAPACITATING INJURY,4,0,0,3,1,2,0,8,6,11,41.89120784,-87.6151303,POINT (-87.615130302871 41.891207840971),1
JA496910,,11/3/2017 8:06,30,NO CONTROLS,NO CONTROLS,CLEAR,DAYLIGHT,TURNING,NOT DIVIDED,,STRAIGHT AND LEVEL,DRY,NO DEFECTS,NOT ON SCENE (DESK REPORT),NO INJURY / DRIVE AWAY,,,,"$501 - $1,500",11/3/2017 8:36,IMPROPER TURNING/NO SIGNAL,NOT APPLICABLE,3815,N,BROADWAY,1925,,,,,,,2,NO INDICATION OF INJURY,0,0,0,0,0,2,0,8,6,11,41.95168452,-87.64947416,POINT (-87.649474160162 41.95168452349),1
JA506042,,11/3/2017 8:10,30,NO CONTROLS,NO CONTROLS,SNOW,DAYLIGHT,TURNING,NOT DIVIDED,4,STRAIGHT AND LEVEL,SNOW OR SLUSH,NO DEFECTS,ON SCENE,INJURY AND / OR TOW DUE TO CRASH,N,,,"OVER $1,500",11/10/2017 8:16,FAILING TO REDUCE SPEED TO AVOID CRASH,NOT APPLICABLE,6059,S,PULASKI RD,823,,,,,,,2,NO INDICATION OF INJURY,0,0,0,0,0,4,0,8,6,11,41.78234362,-87.72271721,POINT (-87.72271721425 41.78234361773),1
JA496901,,11/3/2017 8:15,30,NO CONTROLS,NO CONTROLS,CLEAR,DAYLIGHT,ANGLE,NOT DIVIDED,4,STRAIGHT AND LEVEL,DRY,NO DEFECTS,ON SCENE,NO INJURY / DRIVE AWAY,,,Y,"OVER $1,500",11/3/2017 8:30,FAILING TO YIELD RIGHT-OF-WAY,NOT APPLICABLE,1231,S,WABASH AVE,131,,,,,,,2,NO INDICATION OF INJURY,0,0,0,0,0,2,0,8,6,11,41.8665721,-87.62566434,POINT (-87.625664337226 41.866572099021),1
JA497417,,11/3/2017 8:25,45,NO CONTROLS,NO CONTROLS,CLEAR,DAYLIGHT,REAR END,ONE-WAY,3,STRAIGHT AND LEVEL,DRY,NO DEFECTS,NOT ON SCENE (DESK REPORT),NO INJURY / DRIVE AWAY,,,,"$501 - $1,500",11/3/2017 15:45,UNABLE TO DETERMINE,FOLLOWING TOO CLOSELY,2400,N,LAKE SHORE DR SB,1935,,,,,,,2,NO INDICATION OF INJURY,0,0,0,0,0,3,0,8,6,11,41.92616072,-87.63151467,POINT (-87.631514664826 41.926160719812),1
JA496915,,11/3/2017 8:30,35,NO CONTROLS,NO CONTROLS,CLEAR,DAYLIGHT,TURNING,NOT DIVIDED,4,STRAIGHT AND LEVEL,DRY,NO DEFECTS,ON SCENE,NO INJURY / DRIVE AWAY,,,,$500 OR LESS,11/3/2017 8:44,UNABLE TO DETERMINE,UNABLE TO DETERMINE,4000,W,MADISON ST,1115,,,,,,,2,NO INDICATION OF INJURY,0,0,0,0,0,2,0,8,6,11,41.8808343,-87.7257966,POINT (-87.725796597174 41.880834299772),1
JA497286,,11/3/2017 8:33,30,UNKNOWN,UNKNOWN,CLEAR,DAYLIGHT,SIDESWIPE SAME DIRECTION,NOT DIVIDED,2,STRAIGHT AND LEVEL,DRY,NO DEFECTS,NOT ON SCENE (DESK REPORT),NO INJURY / DRIVE AWAY,,,,"$501 - $1,500",11/3/2017 13:50,UNABLE TO DETERMINE,UNABLE TO DETERMINE,2347,W,63RD ST,825,,,,,,,2,NO INDICATION OF INJURY,0,0,0,0,0,2,0,8,6,11,41.77907528,-87.68302351,POINT (-87.683023511046 41.779075276921),1
JA496956,,11/3/2017 8:35,30,TRAFFIC SIGNAL,FUNCTIONING PROPERLY,CLEAR,DAYLIGHT,SIDESWIPE SAME DIRECTION,ONE-WAY,,STRAIGHT AND LEVEL,DRY,NO DEFECTS,ON SCENE,NO INJURY / DRIVE AWAY,Y,,Y,"OVER $1,500",11/3/2017 8:35,FOLLOWING TOO CLOSELY,IMPROPER OVERTAKING/PASSING,100,N,WELLS ST,122,,,,,,,2,NO INDICATION OF INJURY,0,0,0,0,0,2,0,8,6,11,41.88324209,-87.63400682,POINT (-87.634006820981 41.88324209419),1
JA496931,,11/3/2017 8:35,35,TRAFFIC SIGNAL,FUNCTIONING PROPERLY,CLOUDY/OVERCAST,DAYLIGHT,SIDESWIPE SAME DIRECTION,OTHER,,STRAIGHT AND LEVEL,DRY,NO DEFECTS,ON SCENE,NO INJURY / DRIVE AWAY,,,,"$501 - $1,500",11/3/2017 8:40,UNABLE TO DETERMINE,NOT APPLICABLE,803,S,CLARK ST,123,,,,,,,2,NO INDICATION OF INJURY,0,0,0,0,0,2,0,8,6,11,41.87213617,-87.63046125,POINT (-87.630461252843 41.87213617088),1
JA497598,,11/3/2017 8:43,30,NO CONTROLS,NO CONTROLS,CLEAR,DAYLIGHT,PARKED MOTOR VEHICLE,ONE-WAY,1,STRAIGHT AND LEVEL,DRY,NO DEFECTS,NOT ON SCENE (DESK REPORT),NO INJURY / DRIVE AWAY,,,Y,"$501 - $1,500",11/3/2017 17:14,IMPROPER OVERTAKING/PASSING,NOT APPLICABLE,310,N,SANGAMON ST,1214,Y,,,,,,2,NO INDICATION OF INJURY,0,0,0,0,0,1,0,8,6,11,41.88710986,-87.65116395,POINT (-87.651163948017 41.887109862169),1
JA497328,,11/3/2017 8:45,25,NO CONTROLS,NO CONTROLS,CLEAR,DAYLIGHT,PARKED MOTOR VEHICLE,DIVIDED - W/MEDIAN (NOT RAISED),4,STRAIGHT AND LEVEL,DRY,NO DEFECTS,NOT ON SCENE (DESK REPORT),NO INJURY / DRIVE AWAY,,,Y,"$501 - $1,500",11/3/2017 14:14,UNABLE TO DETERMINE,UNABLE TO DETERMINE,7000,W,ARCHER AVE,811,,,,,,,2,NO INDICATION OF INJURY,0,0,0,0,0,1,0,8,6,11,41.79217142,-87.79652511,POINT (-87.796525108066 41.792171417165),1
JA496930,,11/3/2017 8:45,20,NO CONTROLS,NO CONTROLS,CLEAR,DAYLIGHT,TURNING,NOT DIVIDED,2,STRAIGHT AND LEVEL,DRY,UNKNOWN,NOT ON SCENE (DESK REPORT),NO INJURY / DRIVE AWAY,,,,"$501 - $1,500",11/3/2017 9:15,UNABLE TO DETERMINE,UNABLE TO DETERMINE,3833,W,78TH PL,833,,,,,,,2,NO INDICATION OF INJURY,0,0,0,0,0,2,0,8,6,11,41.75056919,-87.71960986,POINT (-87.719609857482 41.750569190005),1
JA496923,,11/3/2017 8:50,30,NO CONTROLS,NO CONTROLS,CLEAR,DAYLIGHT,FIXED OBJECT,NOT DIVIDED,4,STRAIGHT AND LEVEL,DRY,NO DEFECTS,ON SCENE,INJURY AND / OR TOW DUE TO CRASH,,,,"$501 - $1,500",11/3/2017 8:51,UNABLE TO DETERMINE,NOT APPLICABLE,27,W,PERSHING RD,213,Y,,,,,,1,NO INDICATION OF INJURY,0,0,0,0,0,2,0,8,6,11,41.82359022,-87.62753174,POINT (-87.627531734591 41.823590215454),1
JA496958,,11/3/2017 8:50,30,NO CONTROLS,NO CONTROLS,CLOUDY/OVERCAST,DAYLIGHT,REAR END,DRIVEWAY,,STRAIGHT ON GRADE,DRY,NO DEFECTS,ON SCENE,INJURY AND / OR TOW DUE TO CRASH,,Y,,"$501 - $1,500",11/3/2017 9:20,UNABLE TO DETERMINE,NOT APPLICABLE,2233,W,DIVISION ST,1212,,,,,,,2,"REPORTED, NOT EVIDENT",1,0,0,0,1,1,0,8,6,11,41.90297191,-87.68348493,POINT (-87.683484931346 41.902971912262),1
JA797273,,11/3/2017 9:00,30,STOP SIGN/FLASHER,NO CONTROLS,CLEAR,DAYLIGHT,TURNING,NOT DIVIDED,,STRAIGHT AND LEVEL,DRY,NO DEFECTS,NOT ON SCENE (DESK REPORT),NO INJURY / DRIVE AWAY,,,,"$501 - $1,500",11/3/2017 13:42,FAILING TO YIELD RIGHT-OF-WAY,FAILING TO YIELD RIGHT-OF-WAY,318,S,FEDERAL ST,113,,,,,,,2,NO INDICATION OF INJURY,0,0,0,0,0,2,0,9,6,11,41.87762624,-87.62986197,POINT (-87.629861971218 41.877626240947),1
JA497719,,11/3/2017 9:00,30,NO CONTROLS,NO CONTROLS,CLEAR,DAYLIGHT,REAR END,NOT DIVIDED,4,STRAIGHT AND LEVEL,DRY,NO DEFECTS,NOT ON SCENE (DESK REPORT),NO INJURY / DRIVE AWAY,,,,"OVER $1,500",11/3/2017 18:30,FOLLOWING TOO CLOSELY,NOT APPLICABLE,600,W,CHICAGO AVE,1822,,,,,,,2,NO INDICATION OF INJURY,0,0,0,0,0,2,0,9,6,11,41.89658519,-87.64299618,POINT (-87.642996181725 41.8965851912),1
JA497197,,11/3/2017 9:00,30,NO CONTROLS,NO CONTROLS,CLEAR,DAYLIGHT,SIDESWIPE OPPOSITE DIRECTION,NOT DIVIDED,2,STRAIGHT AND LEVEL,DRY,NO DEFECTS,NOT ON SCENE (DESK REPORT),NO INJURY / DRIVE AWAY,Y,,,"OVER $1,500",11/3/2017 12:55,IMPROPER TURNING/NO SIGNAL,IMPROPER TURNING/NO SIGNAL,318,S,FEDERAL ST,113,,,,,,,2,NO INDICATION OF INJURY,0,0,0,0,0,2,0,9,6,11,41.87762624,-87.62986197,POINT (-87.629861971218 41.877626240947),1
JA496959,,11/3/2017 9:00,30,NO CONTROLS,NO CONTROLS,CLEAR,DAYLIGHT,TURNING,ONE-WAY,1,STRAIGHT AND LEVEL,DRY,NO DEFECTS,NOT ON SCENE (DESK REPORT),NO INJURY / DRIVE AWAY,,,,$500 OR LESS,11/3/2017 9:46,IMPROPER OVERTAKING/PASSING,NOT APPLICABLE,3000,E,91ST ST,424,,,,,,,2,NO INDICATION OF INJURY,0,0,0,0,0,2,0,9,6,11,41.73018666,-87.5511907,POINT (-87.551190698422 41.730186663725),1