RD_NO,CRASH_DATE_EST_I,CRASH_DATE,POSTED_SPEED_LIMIT,TRAFFIC_CONTROL_DEVICE,DEVICE_CONDITION,WEATHER_CONDITION,LIGHTING_CONDITION,FIRST_CRASH_TYPE,TRAFFICWAY_TYPE,LANE_CNT,ALIGNMENT,ROADWAY_SURFACE_COND,ROAD_DEFECT,REPORT_TYPE,CRASH_TYPE,INTERSECTION_RELATED_I,NOT_RIGHT_OF_WAY_I,HIT_AND_RUN_I,DAMAGE,DATE_POLICE_NOTIFIED,PRIM_CONTRIBUTORY_CAUSE,SEC_CONTRIBUTORY_CAUSE,STREET_NO,STREET_DIRECTION,STREET_NAME,BEAT_OF_OCCURRENCE,PHOTOS_TAKEN_I,STATEMENTS_TAKEN_I,DOORING_I,WORK_ZONE_I,WORK_ZONE_TYPE,WORKERS_PRESENT_I,NUM_UNITS,MOST_SEVERE_INJURY,INJURIES_TOTAL,INJURIES_FATAL,INJURIES_INCAPACITATING,INJURIES_NON_INCAPACITATING,INJURIES_REPORTED_NOT_EVIDENT,INJURIES_NO_INDICATION,INJURIES_UNKNOWN,CRASH_HOUR,CRASH_DAY_OF_WEEK,CRASH_MONTH,LATITUDE,LONGITUDE,LOCATION,Join
JA469939,,11/3/2017 9:00,30,STOP SIGN/FLASHER,FUNCTIONING PROPERLY,CLEAR,DAYLIGHT,ANGLE,OTHER,0,STRAIGHT AND LEVEL,DRY,NO DEFECTS,ON SCENE,NO INJURY / DRIVE AWAY,Y,,,$500 OR LESS,11/3/2017 9:01,FAILING TO YIELD RIGHT-OF-WAY,NOT APPLICABLE,5700,W,MONTROSE AVE,1622,,,,,,,2,NO INDICATION OF INJURY,0,0,0,0,0,2,0,9,6,11,41.96056026,-87.76975387,POINT (-87.769753865928 41.960560260059),1
JA513472,,11/3/2017 9:05,30,TRAFFIC SIGNAL,FUNCTIONING PROPERLY,CLEAR,DAYLIGHT,REAR END,DIVIDED - W/MEDIAN BARRIER,,STRAIGHT AND LEVEL,DRY,NO DEFECTS,NOT ON SCENE (DESK REPORT),NO INJURY / DRIVE AWAY,,,,"OVER $1,500",11/15/2017 22:15,FOLLOWING TOO CLOSELY,NOT APPLICABLE,701,S,LAKE SHORE DR W,114,,,,,,,2,NO INDICATION OF INJURY,0,0,0,0,0,2,0,9,6,11,41.87319589,-87.61693459,POINT (-87.616934585317 41.873195892637),1
JA496974,Y,11/3/2017 9:15,30,TRAFFIC SIGNAL,FUNCTIONING PROPERLY,CLEAR,DAYLIGHT,SIDESWIPE SAME DIRECTION,NOT DIVIDED,4,STRAIGHT AND LEVEL,DRY,NO DEFECTS,NOT ON SCENE (DESK REPORT),NO INJURY / DRIVE AWAY,,,,"OVER $1,500",11/3/2017 10:00,UNABLE TO DETERMINE,UNABLE TO DETERMINE,150,W,OHIO ST,1832,,,,,,,2,NO INDICATION OF INJURY,0,0,0,0,0,2,0,9,6,11,41.89251035,-87.63312845,POINT (-87.633128444993 41.892510345132),1
JA497158,,11/3/2017 9:15,5,NO CONTROLS,NO CONTROLS,CLEAR,DAYLIGHT,PARKED MOTOR VEHICLE,ONE-WAY,1,STRAIGHT AND LEVEL,DRY,NO DEFECTS,NOT ON SCENE (DESK REPORT),NO INJURY / DRIVE AWAY,,,Y,"OVER $1,500",11/3/2017 12:10,UNABLE TO DETERMINE,NOT APPLICABLE,8626,S,COLFAX AVE,423,,,,,,,2,NO INDICATION OF INJURY,0,0,0,0,0,1,0,9,6,11,41.73825021,-87.5613109,POINT (-87.561310900032 41.738250212214),1
JA496946,,11/3/2017 9:17,30,TRAFFIC SIGNAL,FUNCTIONING PROPERLY,CLEAR,DAYLIGHT,TURNING,CENTER TURN LANE,,STRAIGHT AND LEVEL,DRY,NO DEFECTS,ON SCENE,INJURY AND / OR TOW DUE TO CRASH,Y,,,"OVER $1,500",11/3/2017 9:22,IMPROPER LANE USAGE,IMPROPER OVERTAKING/PASSING,3400,S,CALIFORNIA AVE,911,,,,,,,2,NO INDICATION OF INJURY,0,0,0,0,0,2,0,9,6,11,41.83212713,-87.69502146,POINT (-87.695021463612 41.832127132976),1
JA496961,,11/3/2017 9:20,30,STOP SIGN/FLASHER,FUNCTIONING PROPERLY,CLEAR,DAYLIGHT,TURNING,DIVIDED - W/MEDIAN (NOT RAISED),,STRAIGHT AND LEVEL,DRY,NO DEFECTS,ON SCENE,NO INJURY / DRIVE AWAY,Y,,,"$501 - $1,500",11/3/2017 9:22,FAILING TO YIELD RIGHT-OF-WAY,UNABLE TO DETERMINE,3022,S,ARCHER AVE,913,,,,,,,2,NO INDICATION OF INJURY,0,0,0,0,0,2,0,9,6,11,41.83973881,-87.66218025,POINT (-87.662180250538 41.839738814028),1
JA496984,,11/3/2017 9:20,25,NO CONTROLS,NO CONTROLS,CLOUDY/OVERCAST,DAYLIGHT,SIDESWIPE SAME DIRECTION,NOT DIVIDED,4,STRAIGHT AND LEVEL,DRY,NO DEFECTS,ON SCENE,NO INJURY / DRIVE AWAY,,,,$500 OR LESS,11/3/2017 9:30,DRIVING SKILLS/KNOWLEDGE/EXPERIENCE,DRIVING SKILLS/KNOWLEDGE/EXPERIENCE,7345,N,WESTERN AVE,2411,,,,,,,2,NO INDICATION OF INJURY,0,0,0,0,0,2,0,9,6,11,42.01546866,-87.69006958,POINT (-87.690069581911 42.015468661112),1
JA497048,,11/3/2017 9:28,10,NO CONTROLS,NO CONTROLS,CLEAR,DAYLIGHT,REAR END,PARKING LOT,,STRAIGHT AND LEVEL,DRY,NO DEFECTS,NOT ON SCENE (DESK REPORT),NO INJURY / DRIVE AWAY,,,,"$501 - $1,500",11/3/2017 11:15,FOLLOWING TOO CLOSELY,NOT APPLICABLE,800,E,55TH ST,233,,,,,,,2,NO INDICATION OF INJURY,0,0,0,0,0,2,0,9,6,11,41.79507521,-87.60609661,POINT (-87.606096609283 41.795075206809),1
JA496969,,11/3/2017 9:30,30,STOP SIGN/FLASHER,FUNCTIONING PROPERLY,CLOUDY/OVERCAST,DAYLIGHT,PARKED MOTOR VEHICLE,NOT DIVIDED,2,STRAIGHT AND LEVEL,DRY,NO DEFECTS,ON SCENE,INJURY AND / OR TOW DUE TO CRASH,N,,,"OVER $1,500",11/3/2017 9:36,DISTRACTION - FROM INSIDE VEHICLE,UNABLE TO DETERMINE,3233,N,MENARD AVE,1633,,,,,,,3,NO INDICATION OF INJURY,0,0,0,0,0,1,0,9,6,11,41.93953321,-87.77124747,POINT (-87.77124747306 41.939533207204),1
JA496990,,11/3/2017 9:30,30,NO CONTROLS,NO CONTROLS,CLEAR,DAYLIGHT,SIDESWIPE SAME DIRECTION,NOT DIVIDED,2,STRAIGHT AND LEVEL,DRY,NO DEFECTS,NOT ON SCENE (DESK REPORT),NO INJURY / DRIVE AWAY,,,,$500 OR LESS,11/3/2017 9:45,UNABLE TO DETERMINE,UNABLE TO DETERMINE,199,E,63RD ST,312,,,,,,,2,NO INDICATION OF INJURY,0,0,0,0,0,3,0,9,6,11,41.77998928,-87.62046095,POINT (-87.620460948311 41.779989274788),1
JA496994,,11/3/2017 9:35,25,NO CONTROLS,NO CONTROLS,CLEAR,DAYLIGHT,PARKED MOTOR VEHICLE,NOT DIVIDED,2,STRAIGHT AND LEVEL,DRY,NO DEFECTS,NOT ON SCENE (DESK REPORT),NO INJURY / DRIVE AWAY,,,,"OVER $1,500",11/3/2017 9:38,UNABLE TO DETERMINE,UNABLE TO DETERMINE,767,W,DIVERSEY PKWY,1935,,,,,,,2,NO INDICATION OF INJURY,0,0,0,0,0,1,0,9,6,11,41.9326118,-87.64894018,POINT (-87.648940176555 41.932611797695),1
JA506181,,11/3/2017 9:55,30,STOP SIGN/FLASHER,FUNCTIONING PROPERLY,SNOW,DAYLIGHT,PARKED MOTOR VEHICLE,NOT DIVIDED,2,STRAIGHT AND LEVEL,SNOW OR SLUSH,NO DEFECTS,ON SCENE,NO INJURY / DRIVE AWAY,Y,,,"$501 - $1,500",11/10/2017 9:58,WEATHER,NOT APPLICABLE,1432,N,WOOD ST,1424,,,,,,,2,NO INDICATION OF INJURY,0,0,0,0,0,1,0,9,6,11,41.90814499,-87.67265729,POINT (-87.672657289192 41.908144994192),1
JA497084,,11/3/2017 10:00,30,NO CONTROLS,NO CONTROLS,CLEAR,DAYLIGHT,TURNING,NOT DIVIDED,,STRAIGHT AND LEVEL,DRY,NO DEFECTS,NOT ON SCENE (DESK REPORT),INJURY AND / OR TOW DUE TO CRASH,,,,"OVER $1,500",11/3/2017 11:23,IMPROPER TURNING/NO SIGNAL,NOT APPLICABLE,5459,W,WASHINGTON BLVD,1522,,,,,,,2,"REPORTED, NOT EVIDENT",2,0,0,0,2,1,0,10,6,11,41.8821653,-87.76251251,POINT (-87.762512505597 41.882165298467),1
JA497585,,11/3/2017 10:00,30,NO CONTROLS,NO CONTROLS,CLEAR,DAYLIGHT,PEDESTRIAN,DIVIDED - W/MEDIAN (NOT RAISED),2,STRAIGHT AND LEVEL,WET,NO DEFECTS,NOT ON SCENE (DESK REPORT),INJURY AND / OR TOW DUE TO CRASH,,,Y,$500 OR LESS,11/3/2017 17:05,UNABLE TO DETERMINE,UNABLE TO DETERMINE,2805,N,HARLEM AVE,2511,,,,,,,2,NONINCAPACITATING INJURY,1,0,0,1,0,1,0,10,6,11,41.93101403,-87.80635531,POINT (-87.806355313973 41.931014027371),1
JA497090,N,11/3/2017 10:00,30,NO CONTROLS,NO CONTROLS,CLEAR,DAYLIGHT,PARKED MOTOR VEHICLE,NOT DIVIDED,2,STRAIGHT AND LEVEL,DRY,NO DEFECTS,NOT ON SCENE (DESK REPORT),NO INJURY / DRIVE AWAY,,,Y,"$501 - $1,500",11/3/2017 11:27,UNABLE TO DETERMINE,UNABLE TO DETERMINE,4209,W,JACKSON BLVD,1132,,,,,,,2,NO INDICATION OF INJURY,0,0,0,0,0,1,0,10,6,11,41.87691166,-87.73087284,POINT (-87.730872844218 41.876911654559),1
JA497068,,11/3/2017 10:05,30,UNKNOWN,UNKNOWN,CLEAR,DAYLIGHT,PEDESTRIAN,ONE-WAY,,STRAIGHT AND LEVEL,UNKNOWN,UNKNOWN,NOT ON SCENE (DESK REPORT),INJURY AND / OR TOW DUE TO CRASH,,,,"OVER $1,500",11/3/2017 10:35,UNABLE TO DETERMINE,UNABLE TO DETERMINE,817,S,WOLCOTT AVE,1231,,,,,,,2,NONINCAPACITATING INJURY,1,0,0,1,0,1,0,10,6,11,41.87101122,-87.67360537,POINT (-87.673605372589 41.87101122003),1
JA497017,,11/3/2017 10:05,30,NO CONTROLS,NO CONTROLS,CLEAR,DAYLIGHT,REAR END,DIVIDED - W/MEDIAN (NOT RAISED),6,STRAIGHT AND LEVEL,DRY,NO DEFECTS,ON SCENE,NO INJURY / DRIVE AWAY,,,,"$501 - $1,500",11/3/2017 10:16,FOLLOWING TOO CLOSELY,FAILING TO REDUCE SPEED TO AVOID CRASH,3543,S,ARCHER AVE,912,,,,,,,2,NO INDICATION OF INJURY,0,0,0,0,0,2,0,10,6,11,41.82956111,-87.67876881,POINT (-87.678768812071 41.829561109616),1
JA497013,,11/3/2017 10:13,30,NO CONTROLS,NO CONTROLS,CLOUDY/OVERCAST,DAYLIGHT,SIDESWIPE SAME DIRECTION,DIVIDED - W/MEDIAN (NOT RAISED),2,STRAIGHT AND LEVEL,DRY,NO DEFECTS,ON SCENE,INJURY AND / OR TOW DUE TO CRASH,,,,"OVER $1,500",11/3/2017 10:20,FAILING TO YIELD RIGHT-OF-WAY,DISTRACTION - FROM INSIDE VEHICLE,430,N,DAMEN AVE,1221,,,,,,,2,NO INDICATION OF INJURY,0,0,0,0,0,2,0,10,6,11,41.889673,-87.67701892,POINT (-87.677018914729 41.889672998448),1
JA497015,,11/3/2017 10:19,30,TRAFFIC SIGNAL,FUNCTIONING PROPERLY,CLOUDY/OVERCAST,DAYLIGHT,TURNING,NOT DIVIDED,2,STRAIGHT AND LEVEL,DRY,NO DEFECTS,ON SCENE,NO INJURY / DRIVE AWAY,Y,,,"OVER $1,500",11/3/2017 10:22,DRIVING SKILLS/KNOWLEDGE/EXPERIENCE,DISREGARDING OTHER TRAFFIC SIGNS,9900,S,DR MARTIN LUTHER KING JR DR,511,,,,,,,2,NO INDICATION OF INJURY,0,0,0,0,0,2,0,10,6,11,41.71458064,-87.6141234,POINT (-87.614123395176 41.714580637087),1
JA497037,,11/3/2017 10:20,30,NO CONTROLS,NO CONTROLS,CLEAR,DAYLIGHT,PARKED MOTOR VEHICLE,ONE-WAY,3,STRAIGHT AND LEVEL,DRY,NO DEFECTS,ON SCENE,NO INJURY / DRIVE AWAY,,,,"OVER $1,500",11/3/2017 10:32,DRIVING SKILLS/KNOWLEDGE/EXPERIENCE,NOT APPLICABLE,310,S,CLINTON ST,121,,,,,,,2,NO INDICATION OF INJURY,0,0,0,0,0,1,0,10,6,11,41.87765874,-87.64120018,POINT (-87.641200177641 41.877658738882),1
JA497072,,11/3/2017 10:40,30,NO CONTROLS,NO CONTROLS,CLEAR,DAYLIGHT,SIDESWIPE OPPOSITE DIRECTION,NOT DIVIDED,2,STRAIGHT AND LEVEL,DRY,NO DEFECTS,NOT ON SCENE (DESK REPORT),NO INJURY / DRIVE AWAY,,,,"OVER $1,500",11/3/2017 11:20,IMPROPER BACKING,IMPROPER BACKING,2462,S,BLUE ISLAND AVE,1034,,,,,,,2,NO INDICATION OF INJURY,0,0,0,0,0,2,0,10,6,11,41.8476772,-87.67831668,POINT (-87.678316682197 41.847677200391),1
JA497113,,11/3/2017 10:45,15,NO CONTROLS,NO CONTROLS,CLEAR,DAYLIGHT,FIXED OBJECT,PARKING LOT,,STRAIGHT AND LEVEL,DRY,NO DEFECTS,ON SCENE,NO INJURY / DRIVE AWAY,,Y,,"OVER $1,500",11/3/2017 11:18,DRIVING SKILLS/KNOWLEDGE/EXPERIENCE,NOT APPLICABLE,8357,S,COTTAGE GROVE AVE,632,,,,,,,1,NO INDICATION OF INJURY,0,0,0,0,0,2,0,10,6,11,41.74226463,-87.60483675,POINT (-87.604836752016 41.742264630727),1
JA497106,,11/3/2017 10:50,15,NO CONTROLS,NO CONTROLS,CLEAR,DAYLIGHT,SIDESWIPE OPPOSITE DIRECTION,ALLEY,,STRAIGHT AND LEVEL,DRY,NO DEFECTS,ON SCENE,NO INJURY / DRIVE AWAY,,,,"OVER $1,500",11/3/2017 11:01,IMPROPER BACKING,NOT APPLICABLE,1500,N,HALSTED ST,1822,,,,,,,2,NO INDICATION OF INJURY,0,0,0,0,0,2,0,10,6,11,41.90863959,-87.64836015,POINT (-87.648360152682 41.908639591728),1
JA497059,,11/3/2017 10:50,35,TRAFFIC SIGNAL,FUNCTIONING PROPERLY,CLEAR,DAYLIGHT,SIDESWIPE SAME DIRECTION,NOT DIVIDED,,STRAIGHT AND LEVEL,DRY,NO DEFECTS,ON SCENE,NO INJURY / DRIVE AWAY,,,,$500 OR LESS,11/3/2017 11:00,UNABLE TO DETERMINE,UNABLE TO DETERMINE,7901,S,WESTERN AVE,835,,,,,,,2,NO INDICATION OF INJURY,0,0,0,0,0,3,0,10,6,11,41.75006036,-87.68269913,POINT (-87.682699127318 41.750060362735),1
JA497109,,11/3/2017 10:50,30,NO CONTROLS,NO CONTROLS,CLEAR,DAYLIGHT,SIDESWIPE SAME DIRECTION,DIVIDED - W/MEDIAN (NOT RAISED),2,STRAIGHT AND LEVEL,DRY,NO DEFECTS,ON SCENE,NO INJURY / DRIVE AWAY,,,,"OVER $1,500",11/3/2017 11:15,FOLLOWING TOO CLOSELY,NOT APPLICABLE,2618,W,AUGUSTA BLVD,1211,,,,,,,2,NO INDICATION OF INJURY,0,0,0,0,0,2,0,10,6,11,41.89943336,-87.69267629,POINT (-87.692676286879 41.899433362775),1
JA497078,,11/3/2017 10:55,30,NO CONTROLS,NO CONTROLS,CLEAR,DAYLIGHT,REAR END,NOT DIVIDED,2,STRAIGHT AND LEVEL,DRY,NO DEFECTS,ON SCENE,NO INJURY / DRIVE AWAY,,,,$500 OR LESS,11/3/2017 10:55,FOLLOWING TOO CLOSELY,NOT APPLICABLE,100,W,KINZIE ST,1831,,,,,,,2,NO INDICATION OF INJURY,0,0,0,0,0,2,0,10,6,11,41.88932169,-87.63113299,POINT (-87.631132985275 41.88932168585),1
JA497094,,11/3/2017 11:00,15,NO CONTROLS,NO CONTROLS,CLEAR,DAYLIGHT,PEDESTRIAN,DIVIDED - W/MEDIAN BARRIER,2,STRAIGHT AND LEVEL,DRY,NO DEFECTS,ON SCENE,INJURY AND / OR TOW DUE TO CRASH,,,,"$501 - $1,500",11/3/2017 11:34,EXCEEDING SAFE SPEED FOR CONDITIONS,NOT APPLICABLE,2032,E,71ST ST,331,,,,,,,2,INCAPACITATING INJURY,1,0,1,0,0,1,0,11,6,11,41.7663626,-87.57494459,POINT (-87.574944587606 41.766362602128),1
JA498980,,11/3/2017 11:00,30,NO CONTROLS,NO CONTROLS,CLEAR,DAYLIGHT,PARKED MOTOR VEHICLE,NOT DIVIDED,2,STRAIGHT AND LEVEL,DRY,NO DEFECTS,NOT ON SCENE (DESK REPORT),NO INJURY / DRIVE AWAY,,,Y,$500 OR LESS,11/4/2017 18:10,UNABLE TO DETERMINE,UNABLE TO DETERMINE,318,S,FRANCISCO AVE,1124,,,,,,,2,NO INDICATION OF INJURY,0,0,0,0,0,1,0,11,6,11,41.87679861,-87.69877677,POINT (-87.698776767422 41.876798606952),1
JA498388,,11/3/2017 11:00,20,NO CONTROLS,NO CONTROLS,CLEAR,DAYLIGHT,PARKED MOTOR VEHICLE,ONE-WAY,1,STRAIGHT AND LEVEL,DRY,UNKNOWN,NOT ON SCENE (DESK REPORT),NO INJURY / DRIVE AWAY,,,Y,"$501 - $1,500",11/4/2017 10:20,UNABLE TO DETERMINE,UNABLE TO DETERMINE,5211,S,FAIRFIELD AVE,923,,,,,,,2,NO INDICATION OF INJURY,0,0,0,0,0,1,0,11,6,11,41.79881218,-87.69257305,POINT (-87.692573045692 41.798812181984),1
JA510043,,11/3/2017 11:00,30,NO CONTROLS,NO CONTROLS,CLEAR,DAYLIGHT,SIDESWIPE SAME DIRECTION,DIVIDED - W/MEDIAN (NOT RAISED),,STRAIGHT AND LEVEL,DRY,NO DEFECTS,NOT ON SCENE (DESK REPORT),NO INJURY / DRIVE AWAY,,,Y,"OVER $1,500",11/13/2017 11:30,DRIVING SKILLS/KNOWLEDGE/EXPERIENCE,NOT APPLICABLE,4720,S,CICERO AVE,814,,,,,,,2,NO INDICATION OF INJURY,0,0,0,0,0,2,0,11,6,11,41.80696309,-87.74328107,POINT (-87.743281068198 41.806963087306),1
JA497064,,11/3/2017 11:00,0,NO CONTROLS,NO CONTROLS,CLEAR,DAYLIGHT,PARKED MOTOR VEHICLE,PARKING LOT,0,STRAIGHT AND LEVEL,DRY,NO DEFECTS,ON SCENE,NO INJURY / DRIVE AWAY,,,Y,"OVER $1,500",11/3/2017 11:05,UNABLE TO DETERMINE,UNABLE TO DETERMINE,7118,W,GRAND AVE,2512,,,,,,,2,NO INDICATION OF INJURY,0,0,0,0,0,1,0,11,6,11,41.92367328,-87.80338178,POINT (-87.803381776697 41.923673274948),1
JA497342,,11/3/2017 11:03,30,NO CONTROLS,NO CONTROLS,CLEAR,DAYLIGHT,SIDESWIPE SAME DIRECTION,ONE-WAY,,STRAIGHT AND LEVEL,DRY,NO DEFECTS,ON SCENE,NO INJURY / DRIVE AWAY,,,,"$501 - $1,500",11/3/2017 11:15,NOT APPLICABLE,NOT APPLICABLE,7943,S,LANGLEY AVE,624,,,,,,,2,NO INDICATION OF INJURY,0,0,0,0,0,2,0,11,6,11,41.74996363,-87.60747998,POINT (-87.60747998047 41.749963625181),1
JA497087,,11/3/2017 11:05,30,STOP SIGN/FLASHER,FUNCTIONING PROPERLY,CLEAR,DAYLIGHT,FIXED OBJECT,OTHER,,STRAIGHT AND LEVEL,WET,NO DEFECTS,ON SCENE,NO INJURY / DRIVE AWAY,Y,Y,,$500 OR LESS,11/3/2017 11:10,UNABLE TO DETERMINE,UNABLE TO DETERMINE,2623,W,LOGAN BLVD,1431,,,,,,,1,NO INDICATION OF INJURY,0,0,0,0,0,2,0,11,6,11,41.92839049,-87.6935806,POINT (-87.693580600123 41.928390488971),1
JA497265,,11/3/2017 11:08,25,NO CONTROLS,NO CONTROLS,CLEAR,DAYLIGHT,PARKED MOTOR VEHICLE,PARKING LOT,1,STRAIGHT AND LEVEL,DRY,NO DEFECTS,NOT ON SCENE (DESK REPORT),NO INJURY / DRIVE AWAY,,,,"$501 - $1,500",11/3/2017 13:30,UNABLE TO DETERMINE,UNABLE TO DETERMINE,4412,S,PULASKI RD,815,,,,,,,2,NO INDICATION OF INJURY,0,0,0,0,0,1,0,11,6,11,41.81293268,-87.72392083,POINT (-87.723920831766 41.812932679516),1
JA497139,,11/3/2017 11:15,30,TRAFFIC SIGNAL,FUNCTIONING PROPERLY,CLEAR,DAYLIGHT,REAR END,DIVIDED - W/MEDIAN (NOT RAISED),4,STRAIGHT AND LEVEL,DRY,NO DEFECTS,NOT ON SCENE (DESK REPORT),NO INJURY / DRIVE AWAY,,,,"$501 - $1,500",11/3/2017 12:09,FOLLOWING TOO CLOSELY,NOT APPLICABLE,3947,S,DR MARTIN LUTHER KING JR DR,214,,,,,,,2,NO INDICATION OF INJURY,0,0,0,0,0,2,0,11,6,11,41.82254786,-87.61681562,POINT (-87.616815618375 41.8225478573),1
JA497134,,11/3/2017 11:15,30,NO CONTROLS,NO CONTROLS,CLEAR,DAYLIGHT,TURNING,DIVIDED - W/MEDIAN (NOT RAISED),,STRAIGHT AND LEVEL,DRY,NO DEFECTS,,INJURY AND / OR TOW DUE TO CRASH,,,,"OVER $1,500",11/3/2017 11:20,IMPROPER LANE USAGE,UNABLE TO DETERMINE,701,N,SACRAMENTO BLVD,1221,,,,,,,2,NONINCAPACITATING INJURY,1,0,0,1,0,3,0,11,6,11,41.89379723,-87.70200421,POINT (-87.702004213035 41.893797229945),1
JA497141,,11/3/2017 11:20,30,NO CONTROLS,NO CONTROLS,CLEAR,DAYLIGHT,PARKED MOTOR VEHICLE,PARKING LOT,,STRAIGHT AND LEVEL,DRY,NO DEFECTS,ON SCENE,NO INJURY / DRIVE AWAY,,Y,Y,$500 OR LESS,11/3/2017 11:39,UNABLE TO DETERMINE,UNABLE TO DETERMINE,3500,S,DR MARTIN LUTHER KING JR DR,212,,,,,,,2,NO INDICATION OF INJURY,0,0,0,0,0,1,0,11,6,11,41.83108657,-87.61746054,POINT (-87.617460541867 41.831086574167),1
JA497120,,11/3/2017 11:25,10,NO CONTROLS,NO CONTROLS,CLEAR,DAYLIGHT,ANGLE,NOT DIVIDED,,STRAIGHT AND LEVEL,DRY,NO DEFECTS,ON SCENE,NO INJURY / DRIVE AWAY,,,,"OVER $1,500",11/3/2017 11:43,UNABLE TO DETERMINE,UNABLE TO DETERMINE,4649,N,KENTON AVE,1722,,,,,,,2,NO INDICATION OF INJURY,0,0,0,0,0,3,0,11,6,11,41.96588496,-87.74262239,POINT (-87.742622390181 41.965884960686),1
JA497115,,11/3/2017 11:25,30,TRAFFIC SIGNAL,FUNCTIONING PROPERLY,CLOUDY/OVERCAST,DAYLIGHT,PEDALCYCLIST,OTHER,3,STRAIGHT AND LEVEL,DRY,NO DEFECTS,ON SCENE,INJURY AND / OR TOW DUE TO CRASH,,,Y,$500 OR LESS,11/3/2017 11:31,DISREGARDING TRAFFIC SIGNALS,UNABLE TO DETERMINE,100,N,CLINTON ST,121,,,,,,,2,INCAPACITATING INJURY,1,0,1,0,0,1,0,11,6,11,41.8832369,-87.64138162,POINT (-87.641381615901 41.88323689522),1
JA497680,,11/3/2017 11:30,30,TRAFFIC SIGNAL,FUNCTIONING PROPERLY,CLEAR,DAYLIGHT,REAR END,ONE-WAY,3,STRAIGHT AND LEVEL,DRY,NO DEFECTS,NOT ON SCENE (DESK REPORT),NO INJURY / DRIVE AWAY,,,,"OVER $1,500",11/3/2017 17:30,FOLLOWING TOO CLOSELY,NOT APPLICABLE,9900,S,HALSTED ST,2232,,,,,,,2,NO INDICATION OF INJURY,0,0,0,0,0,2,0,11,6,11,41.71411887,-87.64314541,POINT (-87.643145408182 41.71411886809),1
JA501106,,11/3/2017 11:30,30,NO CONTROLS,NO CONTROLS,UNKNOWN,DAYLIGHT,PARKED MOTOR VEHICLE,NOT DIVIDED,1,STRAIGHT AND LEVEL,UNKNOWN,NO DEFECTS,NOT ON SCENE (DESK REPORT),NO INJURY / DRIVE AWAY,,,Y,"OVER $1,500",11/6/2017 12:50,UNABLE TO DETERMINE,UNABLE TO DETERMINE,4600,S,KOLIN AVE,815,,,,,,,2,NO INDICATION OF INJURY,0,0,0,0,0,1,0,11,6,11,41.80949738,-87.73258873,POINT (-87.732588730895 41.809497378089),1
JA497144,,11/3/2017 11:44,35,NO CONTROLS,NO CONTROLS,CLOUDY/OVERCAST,DAYLIGHT,SIDESWIPE SAME DIRECTION,NOT DIVIDED,2,STRAIGHT AND LEVEL,DRY,NO DEFECTS,ON SCENE,INJURY AND / OR TOW DUE TO CRASH,,,,"OVER $1,500",11/3/2017 11:45,"OPERATING VEHICLE IN ERRATIC, RECKLESS, CARELESS, NEGLIGENT OR AGGRESSIVE MANNER",FAILING TO YIELD RIGHT-OF-WAY,2711,W,MONTROSE AVE,1724,,,,,,,2,NO INDICATION OF INJURY,0,0,0,0,0,2,0,11,6,11,41.9611519,-87.6965925,POINT (-87.696592502279 41.961151896758),1
JA497215,,11/3/2017 11:50,30,NO CONTROLS,NO CONTROLS,CLEAR,DAYLIGHT,TURNING,NOT DIVIDED,,STRAIGHT AND LEVEL,DRY,NO DEFECTS,ON SCENE,NO INJURY / DRIVE AWAY,,,,"OVER $1,500",11/3/2017 11:56,IMPROPER TURNING/NO SIGNAL,NOT APPLICABLE,1238,W,BELMONT AVE,1924,,,,N,,,2,NO INDICATION OF INJURY,0,0,0,0,0,2,0,11,6,11,41.93991938,-87.66047147,POINT (-87.66047146675 41.93991937945),1
JA497169,,11/3/2017 12:00,30,TRAFFIC SIGNAL,FUNCTIONING PROPERLY,CLOUDY/OVERCAST,DAYLIGHT,TURNING,DIVIDED - W/MEDIAN (NOT RAISED),,STRAIGHT AND LEVEL,DRY,NO DEFECTS,ON SCENE,NO INJURY / DRIVE AWAY,Y,,,"OVER $1,500",11/3/2017 12:05,FAILING TO YIELD RIGHT-OF-WAY,DISTRACTION - FROM INSIDE VEHICLE,1159,N,DAMEN AVE,1212,,,,,,,2,NO INDICATION OF INJURY,0,0,0,0,0,2,0,12,6,11,41.90316898,-87.67711017,POINT (-87.677110174009 41.903168978816),1
JA497591,,11/3/2017 12:00,30,NO CONTROLS,NO CONTROLS,CLEAR,"DARKNESS, LIGHTED ROAD",PARKED MOTOR VEHICLE,NOT DIVIDED,2,STRAIGHT AND LEVEL,DRY,NO DEFECTS,NOT ON SCENE (DESK REPORT),NO INJURY / DRIVE AWAY,,,,"OVER $1,500",11/3/2017 18:00,UNABLE TO DETERMINE,NOT APPLICABLE,11705,S,LONGWOOD DR,2212,,,,,,,2,NO INDICATION OF INJURY,0,0,0,0,0,1,0,12,6,11,41.68090303,-87.67446179,POINT (-87.674461791432 41.680903027008),1
JA497227,,11/3/2017 12:00,30,TRAFFIC SIGNAL,FUNCTIONING PROPERLY,CLEAR,DAYLIGHT,TURNING,DIVIDED - W/MEDIAN BARRIER,4,STRAIGHT AND LEVEL,DRY,NO DEFECTS,NOT ON SCENE (DESK REPORT),INJURY AND / OR TOW DUE TO CRASH,Y,,,"OVER $1,500",11/3/2017 12:20,UNABLE TO DETERMINE,NOT APPLICABLE,4100,S,CICERO AVE,814,,,,,,,2,NO INDICATION OF INJURY,0,0,0,0,0,2,0,12,6,11,41.8181781,-87.74361186,POINT (-87.743611856242 41.818178096923),1