RD_NO,CRASH_DATE_EST_I,CRASH_DATE,POSTED_SPEED_LIMIT,TRAFFIC_CONTROL_DEVICE,DEVICE_CONDITION,WEATHER_CONDITION,LIGHTING_CONDITION,FIRST_CRASH_TYPE,TRAFFICWAY_TYPE,LANE_CNT,ALIGNMENT,ROADWAY_SURFACE_COND,ROAD_DEFECT,REPORT_TYPE,CRASH_TYPE,INTERSECTION_RELATED_I,NOT_RIGHT_OF_WAY_I,HIT_AND_RUN_I,DAMAGE,DATE_POLICE_NOTIFIED,PRIM_CONTRIBUTORY_CAUSE,SEC_CONTRIBUTORY_CAUSE,STREET_NO,STREET_DIRECTION,STREET_NAME,BEAT_OF_OCCURRENCE,PHOTOS_TAKEN_I,STATEMENTS_TAKEN_I,DOORING_I,WORK_ZONE_I,WORK_ZONE_TYPE,WORKERS_PRESENT_I,NUM_UNITS,MOST_SEVERE_INJURY,INJURIES_TOTAL,INJURIES_FATAL,INJURIES_INCAPACITATING,INJURIES_NON_INCAPACITATING,INJURIES_REPORTED_NOT_EVIDENT,INJURIES_NO_INDICATION,INJURIES_UNKNOWN,CRASH_HOUR,CRASH_DAY_OF_WEEK,CRASH_MONTH,LATITUDE,LONGITUDE,LOCATION,Join
JA497178,,11/3/2017 12:00,30,TRAFFIC SIGNAL,FUNCTIONING PROPERLY,CLOUDY/OVERCAST,DAYLIGHT,REAR END,DIVIDED - W/MEDIAN (NOT RAISED),3,STRAIGHT AND LEVEL,DRY,NO DEFECTS,NOT ON SCENE (DESK REPORT),NO INJURY / DRIVE AWAY,,,,"OVER $1,500",11/3/2017 12:30,UNABLE TO DETERMINE,UNABLE TO DETERMINE,850,N,MICHIGAN AVE,1833,,,,,,,2,NO INDICATION OF INJURY,0,0,0,0,0,2,0,12,6,11,41.89827622,-87.62424579,POINT (-87.624245785547 41.898276218319),1
JA497579,,11/3/2017 12:05,20,NO CONTROLS,NO CONTROLS,CLEAR,DAYLIGHT,PARKED MOTOR VEHICLE,NOT DIVIDED,,STRAIGHT AND LEVEL,DRY,NO DEFECTS,NOT ON SCENE (DESK REPORT),NO INJURY / DRIVE AWAY,,,,"OVER $1,500",11/3/2017 17:00,IMPROPER LANE USAGE,NOT APPLICABLE,1225,W,117TH ST,524,,,,,,,2,NO INDICATION OF INJURY,0,0,0,0,0,1,0,12,6,11,41.6811906,-87.65283291,POINT (-87.652832914167 41.681190595907),1
JA497575,,11/3/2017 12:10,0,NO CONTROLS,NO CONTROLS,CLEAR,DAYLIGHT,PARKED MOTOR VEHICLE,PARKING LOT,,STRAIGHT AND LEVEL,DRY,NO DEFECTS,NOT ON SCENE (DESK REPORT),NO INJURY / DRIVE AWAY,,,,"OVER $1,500",11/3/2017 17:00,UNABLE TO DETERMINE,UNABLE TO DETERMINE,7900,S,PRINCETON AVE,623,,,,,,,2,NO INDICATION OF INJURY,0,0,0,0,0,1,0,12,6,11,41.75073063,-87.63202264,POINT (-87.632022639063 41.750730629947),1
JA497195,,11/3/2017 12:10,35,NO CONTROLS,NO CONTROLS,CLEAR,DAYLIGHT,ANGLE,NOT DIVIDED,4,STRAIGHT AND LEVEL,DRY,NO DEFECTS,NOT ON SCENE (DESK REPORT),NO INJURY / DRIVE AWAY,,,,"$501 - $1,500",11/3/2017 12:19,FAILING TO YIELD RIGHT-OF-WAY,UNABLE TO DETERMINE,3835,W,MADISON ST,1122,,,,,,,2,NO INDICATION OF INJURY,0,0,0,0,0,2,0,12,6,11,41.88065941,-87.72219367,POINT (-87.722193668857 41.880659411459),1
JA498573,,11/3/2017 12:15,35,NO CONTROLS,NO CONTROLS,RAIN,DAYLIGHT,REAR END,NOT DIVIDED,,STRAIGHT AND LEVEL,WET,NO DEFECTS,NOT ON SCENE (DESK REPORT),INJURY AND / OR TOW DUE TO CRASH,,,,"$501 - $1,500",11/4/2017 12:15,FOLLOWING TOO CLOSELY,NOT APPLICABLE,7270,W,DEVON AVE,1612,,,,,,,2,NONINCAPACITATING INJURY,1,0,0,1,0,1,0,12,6,11,41.99733612,-87.80917761,POINT (-87.809177612163 41.997336116887),1
JA497198,,11/3/2017 12:15,30,STOP SIGN/FLASHER,FUNCTIONING PROPERLY,CLEAR,DAYLIGHT,REAR END,NOT DIVIDED,2,STRAIGHT AND LEVEL,DRY,NO DEFECTS,NOT ON SCENE (DESK REPORT),NO INJURY / DRIVE AWAY,,,,"$501 - $1,500",11/3/2017 12:37,IMPROPER BACKING,IMPROPER BACKING,1500,S,ASHLAND AVE,1233,,,,,,,2,NO INDICATION OF INJURY,0,0,0,0,0,2,0,12,6,11,41.86141786,-87.66638826,POINT (-87.666388256198 41.861417857387),1
JA497152,,11/3/2017 12:15,30,NO CONTROLS,NO CONTROLS,CLEAR,DAYLIGHT,TURNING,NOT DIVIDED,4,STRAIGHT AND LEVEL,DRY,NO DEFECTS,ON SCENE,INJURY AND / OR TOW DUE TO CRASH,,,,"OVER $1,500",11/3/2017 12:20,IMPROPER TURNING/NO SIGNAL,FAILING TO YIELD RIGHT-OF-WAY,722,W,MONROE ST,1232,,,,,,,2,NONINCAPACITATING INJURY,1,0,0,1,0,2,0,12,6,11,41.88062766,-87.64513649,POINT (-87.645136492354 41.880627659526),1
JA497254,,11/3/2017 12:20,30,TRAFFIC SIGNAL,FUNCTIONING PROPERLY,CLEAR,DAYLIGHT,SIDESWIPE SAME DIRECTION,NOT DIVIDED,,STRAIGHT AND LEVEL,DRY,NO DEFECTS,NOT ON SCENE (DESK REPORT),NO INJURY / DRIVE AWAY,Y,,,"$501 - $1,500",11/3/2017 13:30,UNABLE TO DETERMINE,NOT APPLICABLE,2001,N,DAMEN AVE,1432,,,,,,,2,NO INDICATION OF INJURY,0,0,0,0,0,2,0,12,6,11,41.91779887,-87.67747594,POINT (-87.677475939724 41.917798867589),1
JA497499,,11/3/2017 12:23,10,NO CONTROLS,NO CONTROLS,CLEAR,DAYLIGHT,PARKED MOTOR VEHICLE,PARKING LOT,,STRAIGHT AND LEVEL,DRY,NO DEFECTS,ON SCENE,NO INJURY / DRIVE AWAY,,,Y,"OVER $1,500",11/3/2017 16:03,IMPROPER BACKING,NOT APPLICABLE,8560,S,COTTAGE GROVE AVE,632,,,,,,,2,NO INDICATION OF INJURY,0,0,0,0,0,2,0,12,6,11,41.73855093,-87.60502361,POINT (-87.605023605204 41.738550928713),1
JA500052,,11/3/2017 12:30,30,NO CONTROLS,NO CONTROLS,RAIN,DAYLIGHT,PARKED MOTOR VEHICLE,NOT DIVIDED,1,STRAIGHT ON GRADE,WET,NO DEFECTS,NOT ON SCENE (DESK REPORT),NO INJURY / DRIVE AWAY,,,,"$501 - $1,500",11/5/2017 15:30,FAILING TO REDUCE SPEED TO AVOID CRASH,DRIVING SKILLS/KNOWLEDGE/EXPERIENCE,10326,S,SANGAMON ST,2232,,,,,,,2,NO INDICATION OF INJURY,0,0,0,0,0,1,0,12,6,11,41.70605589,-87.64660153,POINT (-87.646601526666 41.706055889011),1
JA497372,,11/3/2017 12:35,15,STOP SIGN/FLASHER,FUNCTIONING PROPERLY,CLEAR,DAYLIGHT,REAR END,NOT DIVIDED,2,STRAIGHT AND LEVEL,DRY,NO DEFECTS,NOT ON SCENE (DESK REPORT),NO INJURY / DRIVE AWAY,,,,"OVER $1,500",11/3/2017 14:40,FOLLOWING TOO CLOSELY,UNABLE TO DETERMINE,1400,E,76TH ST,411,,,,,,,2,NO INDICATION OF INJURY,0,0,0,0,0,2,0,12,6,11,41.75701295,-87.59069543,POINT (-87.590695432338 41.757012950312),1
JA497196,,11/3/2017 12:35,30,STOP SIGN/FLASHER,NO CONTROLS,CLEAR,DAYLIGHT,ANGLE,DIVIDED - W/MEDIAN (NOT RAISED),,STRAIGHT AND LEVEL,DRY,NO DEFECTS,ON SCENE,NO INJURY / DRIVE AWAY,,,Y,"OVER $1,500",11/3/2017 12:40,FAILING TO YIELD RIGHT-OF-WAY,UNABLE TO DETERMINE,2931,W,ADDISON ST,1733,,,,,,,2,NO INDICATION OF INJURY,0,0,0,0,0,2,0,12,6,11,41.94653916,-87.70176911,POINT (-87.701769109441 41.946539154846),1
JA497214,,11/3/2017 12:43,30,NO CONTROLS,NO CONTROLS,CLEAR,DAYLIGHT,TURNING,NOT DIVIDED,2,STRAIGHT AND LEVEL,DRY,NO DEFECTS,ON SCENE,NO INJURY / DRIVE AWAY,,,,$500 OR LESS,11/3/2017 12:43,FAILING TO YIELD RIGHT-OF-WAY,"VISION OBSCURED (SIGNS, TREE LIMBS, BUILDINGS, ETC.)",346,S,KOSTNER AVE,1131,,,,,,,2,NO INDICATION OF INJURY,0,0,0,0,0,4,0,12,6,11,41.87552877,-87.73544494,POINT (-87.735444935426 41.875528770508),1
JA497289,,11/3/2017 12:45,30,TRAFFIC SIGNAL,UNKNOWN,CLEAR,DAYLIGHT,TURNING,OTHER,0,STRAIGHT AND LEVEL,DRY,NO DEFECTS,ON SCENE,INJURY AND / OR TOW DUE TO CRASH,Y,,,"OVER $1,500",11/3/2017 13:40,FAILING TO YIELD RIGHT-OF-WAY,UNABLE TO DETERMINE,8400,W,FOREST PRESERVE AVE,1631,,,,,,,2,NO INDICATION OF INJURY,0,0,0,0,0,2,0,12,6,11,41.94038113,-87.83671817,POINT (-87.836718168277 41.940381130911),1
JA497280,,11/3/2017 12:46,30,NO CONTROLS,NO CONTROLS,CLEAR,DAYLIGHT,TURNING,NOT DIVIDED,2,STRAIGHT AND LEVEL,DRY,NO DEFECTS,NOT ON SCENE (DESK REPORT),NO INJURY / DRIVE AWAY,,,,"OVER $1,500",11/3/2017 13:30,UNABLE TO DETERMINE,UNABLE TO DETERMINE,31,N,SANGAMON ST,1224,,,,,,,2,NO INDICATION OF INJURY,0,0,0,0,0,2,0,12,6,11,41.88271069,-87.65074364,POINT (-87.650743644366 41.882710691189),1
JA497245,,11/3/2017 12:53,30,TRAFFIC SIGNAL,FUNCTIONING PROPERLY,CLEAR,DAYLIGHT,REAR END,DIVIDED - W/MEDIAN BARRIER,2,STRAIGHT AND LEVEL,DRY,NO DEFECTS,ON SCENE,NO INJURY / DRIVE AWAY,Y,,,"OVER $1,500",11/3/2017 12:56,FOLLOWING TOO CLOSELY,FAILING TO REDUCE SPEED TO AVOID CRASH,1650,S,DAMEN AVE,1234,,,,,,,2,NO INDICATION OF INJURY,0,0,0,0,0,2,0,12,6,11,41.85861486,-87.67616737,POINT (-87.676167368693 41.858614856137),1
JA497288,,11/3/2017 12:53,30,NO CONTROLS,NO CONTROLS,CLEAR,DAYLIGHT,PARKED MOTOR VEHICLE,NOT DIVIDED,2,STRAIGHT AND LEVEL,DRY,NO DEFECTS,NOT ON SCENE (DESK REPORT),NO INJURY / DRIVE AWAY,,,Y,$500 OR LESS,11/3/2017 13:50,IMPROPER OVERTAKING/PASSING,NOT APPLICABLE,6900,W,NORTH AVE,2513,,,,,,,2,NO INDICATION OF INJURY,0,0,0,0,0,2,0,12,6,11,41.9091037,-87.79724629,POINT (-87.797246292323 41.909103703975),1
JA503329,N,11/3/2017 13:00,25,NO CONTROLS,NO CONTROLS,CLEAR,DAYLIGHT,PARKED MOTOR VEHICLE,OTHER,0,STRAIGHT AND LEVEL,DRY,NO DEFECTS,NOT ON SCENE (DESK REPORT),NO INJURY / DRIVE AWAY,,,Y,"OVER $1,500",11/8/2017 3:00,UNABLE TO DETERMINE,UNABLE TO DETERMINE,3119,N,CENTRAL AVE,2514,,,,,,,2,NO INDICATION OF INJURY,0,0,0,0,0,1,0,13,6,11,41.93735507,-87.76630745,POINT (-87.766307445397 41.937355069832),1
JA497418,,11/3/2017 13:00,15,NO CONTROLS,NO CONTROLS,CLEAR,DAYLIGHT,PARKED MOTOR VEHICLE,PARKING LOT,,STRAIGHT AND LEVEL,DRY,UNKNOWN,NOT ON SCENE (DESK REPORT),NO INJURY / DRIVE AWAY,,,Y,"OVER $1,500",11/3/2017 15:20,DRIVING SKILLS/KNOWLEDGE/EXPERIENCE,NOT APPLICABLE,3601,S,CALIFORNIA AVE,911,,,,,,,2,NO INDICATION OF INJURY,0,0,0,0,0,1,0,13,6,11,41.82822852,-87.69461616,POINT (-87.694616162959 41.828228522115),1
JA497453,,11/3/2017 13:00,30,STOP SIGN/FLASHER,FUNCTIONING PROPERLY,CLEAR,DAYLIGHT,PARKED MOTOR VEHICLE,DIVIDED - W/MEDIAN (NOT RAISED),,STRAIGHT AND LEVEL,DRY,NO DEFECTS,NOT ON SCENE (DESK REPORT),INJURY AND / OR TOW DUE TO CRASH,,,Y,"OVER $1,500",11/3/2017 15:00,UNABLE TO DETERMINE,UNABLE TO DETERMINE,2323,W,MONTROSE AVE,1911,,,,,,,2,NO INDICATION OF INJURY,0,0,0,0,0,1,0,13,6,11,41.9612231,-87.68723882,POINT (-87.687238816209 41.961223103501),1
JA497382,,11/3/2017 13:00,15,NO CONTROLS,NO CONTROLS,CLEAR,DAYLIGHT,ANGLE,PARKING LOT,0,STRAIGHT AND LEVEL,DRY,NO DEFECTS,NOT ON SCENE (DESK REPORT),NO INJURY / DRIVE AWAY,,,,"$501 - $1,500",11/3/2017 15:00,UNABLE TO DETERMINE,UNABLE TO DETERMINE,4335,W,ARMITAGE AVE,2534,,,,,,,2,NO INDICATION OF INJURY,0,0,0,0,0,2,0,13,6,11,41.91694606,-87.7353138,POINT (-87.735313794931 41.916946059023),1
JA497332,,11/3/2017 13:00,30,TRAFFIC SIGNAL,FUNCTIONING PROPERLY,CLEAR,DAYLIGHT,SIDESWIPE SAME DIRECTION,NOT DIVIDED,4,STRAIGHT AND LEVEL,DRY,NO DEFECTS,NOT ON SCENE (DESK REPORT),NO INJURY / DRIVE AWAY,,,,"$501 - $1,500",11/3/2017 14:20,DRIVING SKILLS/KNOWLEDGE/EXPERIENCE,UNABLE TO DETERMINE,4358,W,31ST ST,1031,,,,,,,2,NO INDICATION OF INJURY,0,0,0,0,0,2,0,13,6,11,41.8368837,-87.73401397,POINT (-87.734013966299 41.836883696311),1
JA497310,,11/3/2017 13:05,30,TRAFFIC SIGNAL,FUNCTIONING PROPERLY,CLEAR,DAYLIGHT,PARKED MOTOR VEHICLE,CENTER TURN LANE,,STRAIGHT AND LEVEL,DRY,NO DEFECTS,ON SCENE,NO INJURY / DRIVE AWAY,Y,,,"OVER $1,500",11/3/2017 13:30,FAILING TO REDUCE SPEED TO AVOID CRASH,IMPROPER OVERTAKING/PASSING,9100,S,COTTAGE GROVE AVE,633,,,,,,,2,NO INDICATION OF INJURY,0,0,0,0,0,1,0,13,6,11,41.72930684,-87.60479254,POINT (-87.604792543012 41.729306834503),1
JA497319,,11/3/2017 13:10,30,NO CONTROLS,NO CONTROLS,CLEAR,DAYLIGHT,REAR END,DIVIDED - W/MEDIAN BARRIER,4,STRAIGHT AND LEVEL,DRY,NO DEFECTS,ON SCENE,NO INJURY / DRIVE AWAY,,,,"OVER $1,500",11/3/2017 13:10,FOLLOWING TOO CLOSELY,FAILING TO REDUCE SPEED TO AVOID CRASH,1520,W,95TH ST,2221,,,,,,,2,NO INDICATION OF INJURY,0,0,0,0,0,2,0,13,6,11,41.72134493,-87.66111825,POINT (-87.661118245454 41.721344933629),1
JA497296,,11/3/2017 13:20,35,NO CONTROLS,NO CONTROLS,CLEAR,DAYLIGHT,REAR END,NOT DIVIDED,,STRAIGHT AND LEVEL,DRY,NO DEFECTS,NOT ON SCENE (DESK REPORT),NO INJURY / DRIVE AWAY,,,,"$501 - $1,500",11/3/2017 13:45,UNABLE TO DETERMINE,UNABLE TO DETERMINE,4130,W,BELMONT AVE,1731,,,,,,,2,NO INDICATION OF INJURY,0,0,0,0,0,2,0,13,6,11,41.93915688,-87.73087986,POINT (-87.730879861515 41.939156880764),1
JA497284,,11/3/2017 13:25,30,STOP SIGN/FLASHER,FUNCTIONING PROPERLY,CLEAR,DAYLIGHT,TURNING,NOT DIVIDED,,STRAIGHT AND LEVEL,DRY,NO DEFECTS,ON SCENE,NO INJURY / DRIVE AWAY,,,,"$501 - $1,500",11/3/2017 13:35,FAILING TO YIELD RIGHT-OF-WAY,NOT APPLICABLE,2534,N,HALSTED ST,1935,,,,,,,2,NO INDICATION OF INJURY,0,0,0,0,0,2,0,13,6,11,41.92828617,-87.64900868,POINT (-87.649008675885 41.928286169894),1
JA497541,,11/3/2017 13:30,25,NO CONTROLS,NO CONTROLS,CLEAR,DAYLIGHT,TURNING,DIVIDED - W/MEDIAN (NOT RAISED),4,STRAIGHT AND LEVEL,DRY,NO DEFECTS,NOT ON SCENE (DESK REPORT),NO INJURY / DRIVE AWAY,,,Y,"$501 - $1,500",11/3/2017 16:34,UNABLE TO DETERMINE,UNABLE TO DETERMINE,6300,S,WESTERN AVE,825,,,,,,,2,NO INDICATION OF INJURY,0,0,0,0,0,2,0,13,6,11,41.77912348,-87.6837831,POINT (-87.683783098636 41.77912348384),1
JA497281,,11/3/2017 13:30,30,UNKNOWN,UNKNOWN,CLEAR,DAYLIGHT,ANGLE,NOT DIVIDED,,STRAIGHT AND LEVEL,DRY,UNKNOWN,NOT ON SCENE (DESK REPORT),NO INJURY / DRIVE AWAY,,,Y,"$501 - $1,500",11/3/2017 13:55,UNABLE TO DETERMINE,NOT APPLICABLE,6130,W,ADDISON ST,1633,,,,,,,2,NO INDICATION OF INJURY,0,0,0,0,0,2,0,13,6,11,41.94584355,-87.78019592,POINT (-87.780195917377 41.945843546524),1
JA497338,,11/3/2017 13:35,20,NO CONTROLS,NO CONTROLS,CLEAR,DAYLIGHT,PARKED MOTOR VEHICLE,NOT DIVIDED,2,STRAIGHT AND LEVEL,DRY,NO DEFECTS,ON SCENE,NO INJURY / DRIVE AWAY,,,Y,"OVER $1,500",11/3/2017 13:45,NOT APPLICABLE,NOT APPLICABLE,1056,W,WINONA ST,2024,,,,,,,2,NO INDICATION OF INJURY,0,0,0,0,0,1,0,13,6,11,41.97535787,-87.65724746,POINT (-87.65724745559 41.975357869285),1
JA497298,,11/3/2017 13:35,30,NO CONTROLS,NO CONTROLS,CLEAR,DAYLIGHT,PARKED MOTOR VEHICLE,ONE-WAY,1,STRAIGHT AND LEVEL,DRY,NO DEFECTS,ON SCENE,NO INJURY / DRIVE AWAY,,,Y,"OVER $1,500",11/3/2017 13:36,UNABLE TO DETERMINE,UNABLE TO DETERMINE,5402,W,RACE AVE,1523,,,,,,,2,NO INDICATION OF INJURY,0,0,0,0,0,4,0,13,6,11,41.89011613,-87.76068274,POINT (-87.76068273934 41.890116134259),1
JA497365,,11/3/2017 13:36,25,NO CONTROLS,NO CONTROLS,CLEAR,DAYLIGHT,REAR END,DIVIDED - W/MEDIAN (NOT RAISED),4,STRAIGHT AND LEVEL,DRY,NO DEFECTS,NOT ON SCENE (DESK REPORT),NO INJURY / DRIVE AWAY,,,,"$501 - $1,500",11/3/2017 14:41,UNABLE TO DETERMINE,UNABLE TO DETERMINE,6430,S,CICERO AVE,813,,,,,,,2,NO INDICATION OF INJURY,0,0,0,0,0,2,0,13,6,11,41.77566337,-87.74232781,POINT (-87.742327811139 41.775663367554),1
JA497300,Y,11/3/2017 13:40,30,TRAFFIC SIGNAL,FUNCTIONING PROPERLY,CLEAR,DAYLIGHT,TURNING,NOT DIVIDED,2,STRAIGHT AND LEVEL,DRY,NO DEFECTS,NOT ON SCENE (DESK REPORT),NO INJURY / DRIVE AWAY,,,,"OVER $1,500",11/3/2017 13:50,IMPROPER TURNING/NO SIGNAL,IMPROPER TURNING/NO SIGNAL,1608,W,MORSE AVE,2431,,,,,,,2,NO INDICATION OF INJURY,0,0,0,0,0,2,0,13,6,11,42.00794147,-87.67045799,POINT (-87.67045798987 42.007941471696),1
JA497297,,11/3/2017 13:45,30,TRAFFIC SIGNAL,FUNCTIONING PROPERLY,CLEAR,DAYLIGHT,ANGLE,DIVIDED - W/MEDIAN BARRIER,4,STRAIGHT AND LEVEL,DRY,NO DEFECTS,NOT ON SCENE (DESK REPORT),NO INJURY / DRIVE AWAY,,,,"OVER $1,500",11/3/2017 14:00,UNABLE TO DETERMINE,UNABLE TO DETERMINE,3606,N,WESTERN AVE,1921,,,,,,,2,NO INDICATION OF INJURY,0,0,0,0,0,3,0,13,6,11,41.94698909,-87.68841026,POINT (-87.688410255515 41.946989089178),1
JA497305,,11/3/2017 13:45,30,NO CONTROLS,NO CONTROLS,CLEAR,DAYLIGHT,SIDESWIPE SAME DIRECTION,DIVIDED - W/MEDIAN (NOT RAISED),2,STRAIGHT AND LEVEL,DRY,NO DEFECTS,NOT ON SCENE (DESK REPORT),NO INJURY / DRIVE AWAY,,,,"OVER $1,500",11/3/2017 14:10,UNABLE TO DETERMINE,UNABLE TO DETERMINE,4802,W,ARMITAGE AVE,2522,,,,,,,2,NO INDICATION OF INJURY,0,0,0,0,0,2,0,13,6,11,41.91704132,-87.74626458,POINT (-87.74626458302 41.917041316662),1
JA499009,Y,11/3/2017 13:50,30,TRAFFIC SIGNAL,FUNCTIONING PROPERLY,RAIN,DAYLIGHT,PARKED MOTOR VEHICLE,NOT DIVIDED,2,STRAIGHT AND LEVEL,DRY,NO DEFECTS,NOT ON SCENE (DESK REPORT),NO INJURY / DRIVE AWAY,,,,"OVER $1,500",11/4/2017 18:31,IMPROPER OVERTAKING/PASSING,NOT APPLICABLE,50,E,16TH ST,131,,,,,,,2,NO INDICATION OF INJURY,0,0,0,0,0,2,0,13,6,11,41.86032362,-87.6253161,POINT (-87.625316103857 41.860323623803),1
JA497595,,11/3/2017 14:00,25,NO CONTROLS,NO CONTROLS,CLEAR,DAYLIGHT,PARKED MOTOR VEHICLE,ONE-WAY,2,STRAIGHT AND LEVEL,UNKNOWN,UNKNOWN,NOT ON SCENE (DESK REPORT),NO INJURY / DRIVE AWAY,,,,"$501 - $1,500",11/3/2017 17:00,IMPROPER LANE USAGE,NOT APPLICABLE,222,E,PEARSON ST,1833,,,,,,,2,NO INDICATION OF INJURY,0,0,0,0,0,1,0,14,6,11,41.89773944,-87.62089544,POINT (-87.620895437846 41.89773943904),1
JA497339,,11/3/2017 14:00,35,TRAFFIC SIGNAL,FUNCTIONING PROPERLY,CLEAR,DAYLIGHT,PARKED MOTOR VEHICLE,NOT DIVIDED,,STRAIGHT AND LEVEL,DRY,NO DEFECTS,ON SCENE,INJURY AND / OR TOW DUE TO CRASH,,,,$500 OR LESS,11/3/2017 14:05,UNABLE TO DETERMINE,NOT APPLICABLE,1001,S,WESTERN AVE,1225,,,,,,,2,NO INDICATION OF INJURY,0,0,0,0,0,1,0,14,6,11,41.8689511,-87.68595494,POINT (-87.6859549393 41.868951103526),1
JA497480,,11/3/2017 14:00,30,NO CONTROLS,NO CONTROLS,CLEAR,DAYLIGHT,REAR END,DIVIDED - W/MEDIAN (NOT RAISED),2,STRAIGHT AND LEVEL,DRY,NO DEFECTS,NOT ON SCENE (DESK REPORT),INJURY AND / OR TOW DUE TO CRASH,,,,"OVER $1,500",11/3/2017 16:00,UNABLE TO DETERMINE,UNABLE TO DETERMINE,3758,W,DIVERSEY AVE,2523,,,,,,,2,"REPORTED, NOT EVIDENT",1,0,0,0,1,1,0,14,6,11,41.93196163,-87.72202829,POINT (-87.72202828855 41.931961633577),1
JA497322,,11/3/2017 14:00,30,STOP SIGN/FLASHER,FUNCTIONING PROPERLY,CLEAR,DAYLIGHT,TURNING,DIVIDED - W/MEDIAN BARRIER,2,STRAIGHT AND LEVEL,DRY,NO DEFECTS,NOT ON SCENE (DESK REPORT),INJURY AND / OR TOW DUE TO CRASH,,,,"OVER $1,500",11/3/2017 14:00,EXCEEDING AUTHORIZED SPEED LIMIT,NOT APPLICABLE,5925,W,MADISON ST,1513,,,,,,,2,NONINCAPACITATING INJURY,5,0,0,5,0,1,0,14,6,11,41.88000473,-87.77295794,POINT (-87.772957940069 41.880004727804),1
JA497323,,11/3/2017 14:02,30,TRAFFIC SIGNAL,FUNCTIONING PROPERLY,CLEAR,DAYLIGHT,PEDESTRIAN,DIVIDED - W/MEDIAN (NOT RAISED),,STRAIGHT AND LEVEL,DRY,NO DEFECTS,ON SCENE,INJURY AND / OR TOW DUE TO CRASH,Y,,,$500 OR LESS,11/3/2017 14:02,FAILING TO YIELD RIGHT-OF-WAY,FAILING TO REDUCE SPEED TO AVOID CRASH,3400,W,CHICAGO AVE,1121,,N,,,,,2,NONINCAPACITATING INJURY,1,0,0,1,0,3,0,14,6,11,41.89561585,-87.71149859,POINT (-87.711498589633 41.895615850546),1
JA497876,,11/3/2017 14:04,35,NO CONTROLS,NO CONTROLS,CLEAR,DAYLIGHT,HEAD ON,PARKING LOT,,STRAIGHT AND LEVEL,DRY,NO DEFECTS,NOT ON SCENE (DESK REPORT),NO INJURY / DRIVE AWAY,,Y,,"OVER $1,500",11/3/2017 20:45,DRIVING SKILLS/KNOWLEDGE/EXPERIENCE,DRIVING SKILLS/KNOWLEDGE/EXPERIENCE,251,E,HURON ST,1834,,,,,,,2,NO INDICATION OF INJURY,0,0,0,0,0,2,0,14,6,11,41.8949033,-87.62074373,POINT (-87.62074372624 41.894903302355),1
JA497397,,11/3/2017 14:10,30,NO CONTROLS,NO CONTROLS,CLEAR,DAYLIGHT,SIDESWIPE SAME DIRECTION,NOT DIVIDED,2,STRAIGHT AND LEVEL,DRY,NO DEFECTS,ON SCENE,INJURY AND / OR TOW DUE TO CRASH,,,,"OVER $1,500",11/3/2017 14:14,NOT APPLICABLE,NOT APPLICABLE,1124,W,WILSON AVE,1913,,,,,,,2,NO INDICATION OF INJURY,0,0,0,0,0,2,0,14,6,11,41.96549603,-87.65848068,POINT (-87.658480680151 41.965496028801),1
JA497452,,11/3/2017 14:10,30,TRAFFIC SIGNAL,FUNCTIONING IMPROPERLY,CLEAR,DAYLIGHT,SIDESWIPE SAME DIRECTION,NOT DIVIDED,2,STRAIGHT AND LEVEL,DRY,NO DEFECTS,NOT ON SCENE (DESK REPORT),NO INJURY / DRIVE AWAY,,,,"OVER $1,500",11/3/2017 15:51,IMPROPER OVERTAKING/PASSING,NOT APPLICABLE,6406,W,IRVING PARK RD,1632,,,,,,,2,NO INDICATION OF INJURY,0,0,0,0,0,2,0,14,6,11,41.95302221,-87.78688791,POINT (-87.786887907815 41.953022209833),1
JA504914,,11/3/2017 14:13,30,NO CONTROLS,NO CONTROLS,CLEAR,DAYLIGHT,PARKED MOTOR VEHICLE,PARKING LOT,0,STRAIGHT AND LEVEL,DRY,NO DEFECTS,NOT ON SCENE (DESK REPORT),NO INJURY / DRIVE AWAY,,Y,Y,"$501 - $1,500",11/9/2017 10:45,UNABLE TO DETERMINE,NOT APPLICABLE,3160,W,OGDEN AVE,1022,,,,,,,2,NO INDICATION OF INJURY,0,0,0,0,0,1,0,14,6,11,41.85817338,-87.70523094,POINT (-87.705230939309 41.858173374948),1
JA497605,,11/3/2017 14:15,30,STOP SIGN/FLASHER,FUNCTIONING PROPERLY,CLEAR,DAYLIGHT,ANGLE,NOT DIVIDED,,STRAIGHT AND LEVEL,DRY,NO DEFECTS,ON SCENE,INJURY AND / OR TOW DUE TO CRASH,Y,,,"OVER $1,500",11/3/2017 16:36,DISREGARDING STOP SIGN,NOT APPLICABLE,3127,W,ADDISON ST,1733,,,,,,,2,NO INDICATION OF INJURY,0,0,0,0,0,3,0,14,6,11,41.9465305,-87.70653344,POINT (-87.706533439369 41.946530502583),1
JA497363,,11/3/2017 14:15,30,NO CONTROLS,NO CONTROLS,CLEAR,DAYLIGHT,PARKED MOTOR VEHICLE,NOT DIVIDED,1,STRAIGHT ON GRADE,DRY,NO DEFECTS,ON SCENE,INJURY AND / OR TOW DUE TO CRASH,,,,"OVER $1,500",11/3/2017 14:15,EXCEEDING AUTHORIZED SPEED LIMIT,NOT APPLICABLE,10941,S,HERMOSA AVE,2212,,,,,,,3,NO INDICATION OF INJURY,0,0,0,0,0,1,0,14,6,11,41.69435396,-87.66476629,POINT (-87.664766290972 41.694353958737),1