RD_NO,CRASH_DATE_EST_I,CRASH_DATE,POSTED_SPEED_LIMIT,TRAFFIC_CONTROL_DEVICE,DEVICE_CONDITION,WEATHER_CONDITION,LIGHTING_CONDITION,FIRST_CRASH_TYPE,TRAFFICWAY_TYPE,LANE_CNT,ALIGNMENT,ROADWAY_SURFACE_COND,ROAD_DEFECT,REPORT_TYPE,CRASH_TYPE,INTERSECTION_RELATED_I,NOT_RIGHT_OF_WAY_I,HIT_AND_RUN_I,DAMAGE,DATE_POLICE_NOTIFIED,PRIM_CONTRIBUTORY_CAUSE,SEC_CONTRIBUTORY_CAUSE,STREET_NO,STREET_DIRECTION,STREET_NAME,BEAT_OF_OCCURRENCE,PHOTOS_TAKEN_I,STATEMENTS_TAKEN_I,DOORING_I,WORK_ZONE_I,WORK_ZONE_TYPE,WORKERS_PRESENT_I,NUM_UNITS,MOST_SEVERE_INJURY,INJURIES_TOTAL,INJURIES_FATAL,INJURIES_INCAPACITATING,INJURIES_NON_INCAPACITATING,INJURIES_REPORTED_NOT_EVIDENT,INJURIES_NO_INDICATION,INJURIES_UNKNOWN,CRASH_HOUR,CRASH_DAY_OF_WEEK,CRASH_MONTH,LATITUDE,LONGITUDE,LOCATION,Join
JA497692,,11/3/2017 17:41,30,NO CONTROLS,NO CONTROLS,CLEAR,DAYLIGHT,SIDESWIPE SAME DIRECTION,ONE-WAY,,STRAIGHT AND LEVEL,DRY,NO DEFECTS,NOT ON SCENE (DESK REPORT),NO INJURY / DRIVE AWAY,,,,"$501 - $1,500",11/3/2017 18:00,UNABLE TO DETERMINE,UNABLE TO DETERMINE,707,W,GRAND AVE,1214,,,,,,,2,NO INDICATION OF INJURY,0,0,0,0,0,2,0,17,6,11,41.89109215,-87.64621996,POINT (-87.646219955701 41.891092153471),1
JA497702,,11/3/2017 17:45,15,NO CONTROLS,NO CONTROLS,CLEAR,DUSK,FIXED OBJECT,ALLEY,,STRAIGHT AND LEVEL,DRY,NO DEFECTS,ON SCENE,INJURY AND / OR TOW DUE TO CRASH,,,Y,"OVER $1,500",11/3/2017 17:50,UNABLE TO DETERMINE,IMPROPER OVERTAKING/PASSING,4004,W,LAKE ST,1114,,,,,,,1,,,,,,,,,17,6,11,41.88558506,-87.72607483,POINT (-87.726074834197 41.885585061074),1
JA497686,,11/3/2017 17:45,30,UNKNOWN,OTHER,UNKNOWN,UNKNOWN,REAR END,CENTER TURN LANE,,STRAIGHT AND LEVEL,UNKNOWN,UNKNOWN,NOT ON SCENE (DESK REPORT),NO INJURY / DRIVE AWAY,,,,$500 OR LESS,11/3/2017 18:00,FOLLOWING TOO CLOSELY,NOT APPLICABLE,2551,N,WESTERN AVE,1432,,,,,,,2,NO INDICATION OF INJURY,0,0,0,0,0,2,0,17,6,11,41.9283284,-87.68761557,POINT (-87.687615572498 41.928328397774),1
JA511684,,11/3/2017 17:48,30,NO CONTROLS,NO CONTROLS,CLEAR,DUSK,PEDESTRIAN,NOT DIVIDED,2,STRAIGHT AND LEVEL,DRY,NO DEFECTS,NOT ON SCENE (DESK REPORT),INJURY AND / OR TOW DUE TO CRASH,,,,$500 OR LESS,11/14/2017 16:29,UNABLE TO DETERMINE,NOT APPLICABLE,4700,S,HALSTED ST,933,,,,,,,2,NONINCAPACITATING INJURY,1,0,0,1,0,1,0,17,6,11,41.80881504,-87.64568295,POINT (-87.645682953152 41.808815039296),1
JA497699,,11/3/2017 17:50,30,NO CONTROLS,NO CONTROLS,CLEAR,DUSK,PARKED MOTOR VEHICLE,OTHER,4,STRAIGHT AND LEVEL,DRY,NO DEFECTS,,INJURY AND / OR TOW DUE TO CRASH,,,,"OVER $1,500",11/3/2017 17:57,UNABLE TO DETERMINE,UNABLE TO DETERMINE,6027,S,ASHLAND AVE,713,,,,,,,3,NONINCAPACITATING INJURY,1,0,0,1,0,1,0,17,6,11,41.78410659,-87.66418572,POINT (-87.664185721122 41.78410658921),1
JA497724,,11/3/2017 17:50,30,TRAFFIC SIGNAL,FUNCTIONING PROPERLY,CLEAR,"DARKNESS, LIGHTED ROAD",TURNING,DIVIDED - W/MEDIAN BARRIER,,STRAIGHT AND LEVEL,DRY,NO DEFECTS,ON SCENE,INJURY AND / OR TOW DUE TO CRASH,Y,,,"OVER $1,500",11/3/2017 18:23,FAILING TO YIELD RIGHT-OF-WAY,NOT APPLICABLE,360,W,WACKER DR,122,,,,,,,2,NO INDICATION OF INJURY,0,0,0,0,0,2,0,17,6,11,41.88582821,-87.6370915,POINT (-87.637091502663 41.885828209986),1
JA497693,,11/3/2017 17:50,30,TRAFFIC SIGNAL,FUNCTIONING PROPERLY,CLEAR,"DARKNESS, LIGHTED ROAD",REAR END,NOT DIVIDED,2,STRAIGHT AND LEVEL,DRY,NO DEFECTS,NOT ON SCENE (DESK REPORT),NO INJURY / DRIVE AWAY,Y,,,"OVER $1,500",11/3/2017 18:05,UNABLE TO DETERMINE,NOT APPLICABLE,2400,N,KEDZIE BLVD,1413,,,,,,,2,NO INDICATION OF INJURY,0,0,0,0,0,4,0,17,6,11,41.92479693,-87.70736773,POINT (-87.707367724723 41.924796933803),1
JA497769,,11/3/2017 17:53,30,NO CONTROLS,NO CONTROLS,CLEAR,DUSK,REAR END,DIVIDED - W/MEDIAN (NOT RAISED),2,STRAIGHT AND LEVEL,DRY,NO DEFECTS,NOT ON SCENE (DESK REPORT),NO INJURY / DRIVE AWAY,,,,"OVER $1,500",11/3/2017 19:15,UNABLE TO DETERMINE,UNABLE TO DETERMINE,4058,W,ADDISON ST,1732,,,,,,,2,NO INDICATION OF INJURY,0,0,0,0,0,4,0,17,6,11,41.94646164,-87.72913902,POINT (-87.729139017664 41.946461643974),1
JA497685,,11/3/2017 17:57,30,STOP SIGN/FLASHER,FUNCTIONING PROPERLY,CLEAR,DUSK,REAR END,DIVIDED - W/MEDIAN (NOT RAISED),2,STRAIGHT AND LEVEL,DRY,UNKNOWN,ON SCENE,INJURY AND / OR TOW DUE TO CRASH,Y,,,"OVER $1,500",11/3/2017 17:57,FOLLOWING TOO CLOSELY,NOT APPLICABLE,1053,E,93RD ST,413,,,,,,,3,NONINCAPACITATING INJURY,2,0,0,2,0,1,0,17,6,11,41.72569899,-87.59760942,POINT (-87.597609417677 41.725698989104),1
JA497732,,11/3/2017 18:00,25,NO CONTROLS,NO CONTROLS,CLEAR,"DARKNESS, LIGHTED ROAD",FIXED OBJECT,NOT DIVIDED,2,STRAIGHT AND LEVEL,DRY,UNKNOWN,ON SCENE,INJURY AND / OR TOW DUE TO CRASH,,,,"$501 - $1,500",11/3/2017 18:05,UNABLE TO DETERMINE,UNABLE TO DETERMINE,5567,W,VAN BUREN ST,1522,,,,,,,1,NONINCAPACITATING INJURY,1,0,0,1,0,0,0,18,6,11,41.87462398,-87.76420912,POINT (-87.764209116854 41.874623975146),1
JA497705,,11/3/2017 18:00,25,NO CONTROLS,NO CONTROLS,CLEAR,"DARKNESS, LIGHTED ROAD",REAR END,NOT DIVIDED,,STRAIGHT AND LEVEL,DRY,NO DEFECTS,ON SCENE,NO INJURY / DRIVE AWAY,,,,"OVER $1,500",11/3/2017 18:05,UNABLE TO DETERMINE,NOT APPLICABLE,1800,W,MONTROSE AVE,1912,,,,,,,2,NO INDICATION OF INJURY,0,0,0,0,0,4,0,18,6,11,41.96162692,-87.67455924,POINT (-87.6745592365 41.961626917209),1
JA497792,,11/3/2017 18:00,30,NO CONTROLS,NO CONTROLS,CLEAR,"DARKNESS, LIGHTED ROAD",REAR END,DIVIDED - W/MEDIAN BARRIER,,STRAIGHT AND LEVEL,DRY,NO DEFECTS,NOT ON SCENE (DESK REPORT),INJURY AND / OR TOW DUE TO CRASH,,,,"OVER $1,500",11/3/2017 18:50,FOLLOWING TOO CLOSELY,NOT APPLICABLE,1600,S,DAMEN AVE,1234,,,,,,,3,"REPORTED, NOT EVIDENT",1,0,0,0,1,3,0,18,6,11,41.85942697,-87.67619322,POINT (-87.676193219675 41.859426973386),1
JA497738,,11/3/2017 18:05,30,NO CONTROLS,NO CONTROLS,CLEAR,"DARKNESS, LIGHTED ROAD",PARKED MOTOR VEHICLE,DIVIDED - W/MEDIAN (NOT RAISED),,STRAIGHT AND LEVEL,DRY,NO DEFECTS,NOT ON SCENE (DESK REPORT),NO INJURY / DRIVE AWAY,,,,$500 OR LESS,11/3/2017 18:46,UNABLE TO DETERMINE,NOT APPLICABLE,1719,N,KIMBALL AVE,1422,,,,,,,2,NO INDICATION OF INJURY,0,0,0,0,0,1,0,18,6,11,41.91244943,-87.71161391,POINT (-87.711613908932 41.912449427188),1
JA499054,,11/3/2017 18:10,30,TRAFFIC SIGNAL,FUNCTIONING PROPERLY,CLEAR,DUSK,SIDESWIPE SAME DIRECTION,NOT DIVIDED,,STRAIGHT AND LEVEL,DRY,NO DEFECTS,NOT ON SCENE (DESK REPORT),NO INJURY / DRIVE AWAY,,,,"$501 - $1,500",11/4/2017 19:05,UNABLE TO DETERMINE,UNABLE TO DETERMINE,600,W,BELMONT AVE,1925,,,,,,,2,NO INDICATION OF INJURY,0,0,0,0,0,3,0,18,6,11,41.94015208,-87.6445257,POINT (-87.644525700326 41.94015207546),1
JA499760,,11/3/2017 18:13,30,NO CONTROLS,NO CONTROLS,CLEAR,DARKNESS,SIDESWIPE OPPOSITE DIRECTION,DIVIDED - W/MEDIAN BARRIER,2,STRAIGHT AND LEVEL,DRY,NO DEFECTS,NOT ON SCENE (DESK REPORT),NO INJURY / DRIVE AWAY,,,,"OVER $1,500",11/5/2017 11:25,IMPROPER OVERTAKING/PASSING,NOT APPLICABLE,355,N,LARAMIE AVE,1532,,,,,,,2,NO INDICATION OF INJURY,0,0,0,0,0,2,0,18,6,11,41.88712142,-87.75517364,POINT (-87.755173643863 41.887121416928),1
JA497703,,11/3/2017 18:15,30,NO CONTROLS,NO CONTROLS,CLEAR,DARKNESS,PARKED MOTOR VEHICLE,DIVIDED - W/MEDIAN (NOT RAISED),1,STRAIGHT AND LEVEL,DRY,NO DEFECTS,ON SCENE,NO INJURY / DRIVE AWAY,,,Y,"$501 - $1,500",11/3/2017 18:20,IMPROPER OVERTAKING/PASSING,UNABLE TO DETERMINE,1706,E,79TH ST,414,,,,,,,3,NO INDICATION OF INJURY,0,0,0,0,0,2,0,18,6,11,41.75163005,-87.58285441,POINT (-87.582854404832 41.751630045549),1
JA497729,,11/3/2017 18:16,30,TRAFFIC SIGNAL,NO CONTROLS,CLEAR,DARKNESS,TURNING,NOT DIVIDED,4,STRAIGHT AND LEVEL,DRY,NO DEFECTS,ON SCENE,INJURY AND / OR TOW DUE TO CRASH,,,,"OVER $1,500",11/3/2017 18:27,EQUIPMENT - VEHICLE CONDITION,UNABLE TO DETERMINE,5100,S,ARCHER AVE,815,,,,,,,2,NO INDICATION OF INJURY,0,0,0,0,0,2,0,18,6,11,41.80092785,-87.72912908,POINT (-87.729129080982 41.800927845204),1
JA498719,,11/3/2017 18:20,15,NO CONTROLS,NO CONTROLS,CLEAR,DAWN,ANGLE,PARKING LOT,2,STRAIGHT AND LEVEL,DRY,NO DEFECTS,NOT ON SCENE (DESK REPORT),NO INJURY / DRIVE AWAY,,,,"OVER $1,500",11/4/2017 14:40,UNABLE TO DETERMINE,NOT APPLICABLE,1,S,PULASKI RD,1122,,,,,,,2,NO INDICATION OF INJURY,0,0,0,0,0,2,0,18,6,11,41.88068044,-87.7255224,POINT (-87.725522400262 41.880680439079),1
JA497752,,11/3/2017 18:22,30,NO CONTROLS,NO CONTROLS,CLEAR,DUSK,REAR END,NOT DIVIDED,,STRAIGHT AND LEVEL,DRY,NO DEFECTS,NOT ON SCENE (DESK REPORT),NO INJURY / DRIVE AWAY,,,,"OVER $1,500",11/3/2017 18:42,NOT APPLICABLE,NOT APPLICABLE,6500,S,WESTERN AVE,832,,,,,,,2,NO INDICATION OF INJURY,0,0,0,0,0,6,0,18,6,11,41.77550576,-87.68369146,POINT (-87.683691462002 41.775505758518),1
JA497742,,11/3/2017 18:25,30,TRAFFIC SIGNAL,FUNCTIONING PROPERLY,CLEAR,"DARKNESS, LIGHTED ROAD",SIDESWIPE SAME DIRECTION,NOT DIVIDED,2,STRAIGHT AND LEVEL,DRY,NO DEFECTS,NOT ON SCENE (DESK REPORT),NO INJURY / DRIVE AWAY,Y,,,"OVER $1,500",11/3/2017 18:40,UNABLE TO DETERMINE,NOT APPLICABLE,2200,N,PULASKI RD,2525,,,,,,,2,NO INDICATION OF INJURY,0,0,0,0,0,3,0,18,6,11,41.92091598,-87.72681717,POINT (-87.726817165711 41.920915978434),1
JA497763,Y,11/3/2017 18:31,30,NO CONTROLS,NO CONTROLS,CLOUDY/OVERCAST,"DARKNESS, LIGHTED ROAD",SIDESWIPE OPPOSITE DIRECTION,DIVIDED - W/MEDIAN BARRIER,,STRAIGHT AND LEVEL,DRY,NO DEFECTS,ON SCENE,INJURY AND / OR TOW DUE TO CRASH,,,,"OVER $1,500",11/3/2017 18:40,UNABLE TO DETERMINE,UNABLE TO DETERMINE,4250,N,ASHLAND AVE,1912,,,,,,,3,NONINCAPACITATING INJURY,1,0,0,1,0,1,0,18,6,11,41.95944951,-87.66934261,POINT (-87.669342612865 41.959449507921),1
JA497759,,11/3/2017 18:40,30,NO CONTROLS,NO CONTROLS,CLEAR,DARKNESS,HEAD ON,ALLEY,,STRAIGHT AND LEVEL,DRY,NO DEFECTS,NOT ON SCENE (DESK REPORT),NO INJURY / DRIVE AWAY,,,Y,"OVER $1,500",11/3/2017 19:00,UNABLE TO DETERMINE,UNABLE TO DETERMINE,510,N,KEDZIE AVE,1121,,,,,,,2,NO INDICATION OF INJURY,0,0,0,0,0,5,0,18,6,11,41.89068361,-87.70655109,POINT (-87.706551086002 41.890683609574),1
JA502598,,11/3/2017 18:47,30,NO CONTROLS,NO CONTROLS,UNKNOWN,"DARKNESS, LIGHTED ROAD",TURNING,CENTER TURN LANE,,STRAIGHT AND LEVEL,DRY,NO DEFECTS,NOT ON SCENE (DESK REPORT),NO INJURY / DRIVE AWAY,N,,,"OVER $1,500",11/7/2017 14:30,UNABLE TO DETERMINE,UNABLE TO DETERMINE,4258,N,ASHLAND AVE,1912,,,,,,,2,NO INDICATION OF INJURY,0,0,0,0,0,2,0,18,6,11,41.9596753,-87.66934919,POINT (-87.669349185463 41.959675301621),1
JA497776,,11/3/2017 18:57,35,NO CONTROLS,NO CONTROLS,CLEAR,"DARKNESS, LIGHTED ROAD",PARKED MOTOR VEHICLE,NOT DIVIDED,4,STRAIGHT AND LEVEL,DRY,NO DEFECTS,ON SCENE,NO INJURY / DRIVE AWAY,,,,"OVER $1,500",11/3/2017 18:57,NOT APPLICABLE,NOT APPLICABLE,8649,S,COTTAGE GROVE AVE,632,,,,,,,2,NO INDICATION OF INJURY,0,0,0,0,0,1,0,18,6,11,41.7370237,-87.60468653,POINT (-87.604686532938 41.737023701174),1
JA515265,,11/3/2017 19:00,30,NO CONTROLS,NO CONTROLS,CLEAR,"DARKNESS, LIGHTED ROAD",REAR END,NOT DIVIDED,4,STRAIGHT AND LEVEL,DRY,NO DEFECTS,NOT ON SCENE (DESK REPORT),NO INJURY / DRIVE AWAY,,,,"OVER $1,500",11/17/2017 12:20,FOLLOWING TOO CLOSELY,UNABLE TO DETERMINE,3401,S,ARCHER AVE,912,,,,,,,2,NO INDICATION OF INJURY,0,0,0,0,0,2,0,19,6,11,41.8320639,-87.67468489,POINT (-87.674684893873 41.832063904317),1
JA499014,,11/3/2017 19:00,25,NO CONTROLS,NO CONTROLS,CLEAR,"DARKNESS, LIGHTED ROAD",PARKED MOTOR VEHICLE,DIVIDED - W/MEDIAN (NOT RAISED),2,STRAIGHT AND LEVEL,WET,NO DEFECTS,NOT ON SCENE (DESK REPORT),NO INJURY / DRIVE AWAY,,,,"$501 - $1,500",11/4/2017 18:30,UNABLE TO DETERMINE,UNABLE TO DETERMINE,3859,W,MARQUETTE RD,833,,,,,,,2,NO INDICATION OF INJURY,0,0,0,0,0,1,0,19,6,11,41.77130438,-87.71999805,POINT (-87.719998050968 41.771304378526),1
JA497809,,11/3/2017 19:00,30,TRAFFIC SIGNAL,FUNCTIONING PROPERLY,CLEAR,"DARKNESS, LIGHTED ROAD",REAR END,DIVIDED - W/MEDIAN (NOT RAISED),4,STRAIGHT AND LEVEL,DRY,NO DEFECTS,NOT ON SCENE (DESK REPORT),NO INJURY / DRIVE AWAY,,,,"$501 - $1,500",11/3/2017 19:30,UNABLE TO DETERMINE,UNABLE TO DETERMINE,4758,W,MADISON ST,1113,,,,,,,2,NO INDICATION OF INJURY,0,0,0,0,0,2,0,19,6,11,41.88060928,-87.74515764,POINT (-87.745157641199 41.880609277746),1
JA497811,,11/3/2017 19:05,30,NO CONTROLS,NO CONTROLS,CLEAR,DARKNESS,PARKED MOTOR VEHICLE,NOT DIVIDED,2,STRAIGHT AND LEVEL,DRY,NO DEFECTS,ON SCENE,INJURY AND / OR TOW DUE TO CRASH,,,Y,"OVER $1,500",11/3/2017 19:08,UNDER THE INFLUENCE OF ALCOHOL/DRUGS (USE WHEN ARREST IS EFFECTED),UNDER THE INFLUENCE OF ALCOHOL/DRUGS (USE WHEN ARREST IS EFFECTED),346,N,AVERS AVE,1122,,,,,,,3,NO INDICATION OF INJURY,0,0,0,0,0,1,0,19,6,11,41.88666627,-87.72267392,POINT (-87.722673917518 41.886666272939),1
JA497801,,11/3/2017 19:08,25,NO CONTROLS,NO CONTROLS,CLEAR,"DARKNESS, LIGHTED ROAD",REAR END,NOT DIVIDED,,STRAIGHT AND LEVEL,DRY,NO DEFECTS,ON SCENE,INJURY AND / OR TOW DUE TO CRASH,,,,"OVER $1,500",11/3/2017 19:31,FAILING TO REDUCE SPEED TO AVOID CRASH,FOLLOWING TOO CLOSELY,3031,S,KOSTNER AVE,1031,,,,,,,2,"REPORTED, NOT EVIDENT",2,0,0,0,2,4,0,19,6,11,41.8376702,-87.73394465,POINT (-87.733944647692 41.837670200288),1
JA497796,,11/3/2017 19:10,30,TRAFFIC SIGNAL,FUNCTIONING PROPERLY,RAIN,"DARKNESS, LIGHTED ROAD",PEDESTRIAN,NOT DIVIDED,2,STRAIGHT AND LEVEL,DRY,NO DEFECTS,NOT ON SCENE (DESK REPORT),NO INJURY / DRIVE AWAY,Y,,,"OVER $1,500",11/3/2017 19:20,FAILING TO YIELD RIGHT-OF-WAY,NOT APPLICABLE,10300,S,MICHIGAN AVE,512,,Y,,,,,2,NO INDICATION OF INJURY,0,0,0,0,0,2,0,19,6,11,41.70718218,-87.62036149,POINT (-87.620361492183 41.707182175387),1
JA497814,,11/3/2017 19:10,30,NO CONTROLS,NO CONTROLS,CLEAR,"DARKNESS, LIGHTED ROAD",SIDESWIPE SAME DIRECTION,NOT DIVIDED,2,STRAIGHT AND LEVEL,DRY,NO DEFECTS,ON SCENE,NO INJURY / DRIVE AWAY,,,Y,"$501 - $1,500",11/3/2017 19:25,UNABLE TO DETERMINE,UNABLE TO DETERMINE,7226,W,DEVON AVE,1611,,,,,,,2,NO INDICATION OF INJURY,0,0,0,0,0,2,0,19,6,11,41.99772526,-87.80785547,POINT (-87.807855474402 41.99772526236),1
JA497815,,11/3/2017 19:15,30,TRAFFIC SIGNAL,FUNCTIONING PROPERLY,CLEAR,"DARKNESS, LIGHTED ROAD",REAR END,OTHER,4,STRAIGHT AND LEVEL,DRY,NO DEFECTS,NOT ON SCENE (DESK REPORT),NO INJURY / DRIVE AWAY,,,Y,"OVER $1,500",11/3/2017 19:45,UNABLE TO DETERMINE,UNABLE TO DETERMINE,4001,W,IRVING PARK RD,1732,,,,,,,2,NO INDICATION OF INJURY,0,0,0,0,0,2,0,19,6,11,41.95353736,-87.72769519,POINT (-87.727695188773 41.953537356864),1
JA497810,,11/3/2017 19:23,25,NO CONTROLS,NO CONTROLS,CLEAR,DARKNESS,FIXED OBJECT,NOT DIVIDED,,STRAIGHT AND LEVEL,DRY,NO DEFECTS,ON SCENE,NO INJURY / DRIVE AWAY,,,,"OVER $1,500",11/3/2017 19:30,UNABLE TO DETERMINE,NOT APPLICABLE,1225,W,PRATT BLVD,2432,,,,,,,1,NO INDICATION OF INJURY,0,0,0,0,0,1,0,19,6,11,42.00541515,-87.66197376,POINT (-87.661973762222 42.005415146518),1
JA497836,,11/3/2017 19:30,30,NO CONTROLS,NO CONTROLS,CLEAR,"DARKNESS, LIGHTED ROAD",SIDESWIPE SAME DIRECTION,ONE-WAY,1,STRAIGHT AND LEVEL,DRY,NO DEFECTS,NOT ON SCENE (DESK REPORT),NO INJURY / DRIVE AWAY,,,,"$501 - $1,500",11/3/2017 20:05,FOLLOWING TOO CLOSELY,FOLLOWING TOO CLOSELY,5400,W,FERDINAND ST,1523,,,,,,,2,NO INDICATION OF INJURY,0,0,0,0,0,2,0,19,6,11,41.88900845,-87.76056663,POINT (-87.760566625987 41.889008454062),1
JA497835,,11/3/2017 19:30,30,TRAFFIC SIGNAL,FUNCTIONING PROPERLY,CLEAR,"DARKNESS, LIGHTED ROAD",TURNING,NOT DIVIDED,,STRAIGHT AND LEVEL,DRY,NO DEFECTS,NOT ON SCENE (DESK REPORT),NO INJURY / DRIVE AWAY,Y,,,"$501 - $1,500",11/3/2017 20:10,FOLLOWING TOO CLOSELY,FAILING TO YIELD RIGHT-OF-WAY,799,E,82ND ST,631,,,,,,,2,NO INDICATION OF INJURY,0,0,0,0,0,3,0,19,6,11,41.74568775,-87.60514339,POINT (-87.605143391908 41.745687753944),1
JA499927,,11/3/2017 19:30,30,NO CONTROLS,NO CONTROLS,CLEAR,"DARKNESS, LIGHTED ROAD",PARKED MOTOR VEHICLE,ONE-WAY,1,STRAIGHT AND LEVEL,DRY,NO DEFECTS,NOT ON SCENE (DESK REPORT),NO INJURY / DRIVE AWAY,,,Y,"OVER $1,500",11/5/2017 14:00,UNABLE TO DETERMINE,UNABLE TO DETERMINE,1130,N,MAYFIELD AVE,1511,,,,,,,2,NO INDICATION OF INJURY,0,0,0,0,0,1,0,19,6,11,41.9011492,-87.77305663,POINT (-87.773056634203 41.901149195289),1
JA497849,,11/3/2017 19:30,15,NO CONTROLS,NO CONTROLS,CLEAR,DARKNESS,FIXED OBJECT,ALLEY,1,STRAIGHT AND LEVEL,DRY,NO DEFECTS,ON SCENE,NO INJURY / DRIVE AWAY,,,,"OVER $1,500",11/3/2017 19:38,NOT APPLICABLE,NOT APPLICABLE,4401,S,ASHLAND AVE,924,,,,,,,1,NO INDICATION OF INJURY,0,0,0,0,0,4,0,19,6,11,41.81396978,-87.66496051,POINT (-87.664960509109 41.813969782477),1
JA497821,,11/3/2017 19:37,30,NO CONTROLS,NO CONTROLS,CLEAR,"DARKNESS, LIGHTED ROAD",SIDESWIPE SAME DIRECTION,NOT DIVIDED,2,STRAIGHT AND LEVEL,DRY,UNKNOWN,NOT ON SCENE (DESK REPORT),NO INJURY / DRIVE AWAY,,,,"OVER $1,500",11/3/2017 19:50,IMPROPER LANE USAGE,NOT APPLICABLE,201,S,LARAMIE AVE,1533,,,,,,,2,NO INDICATION OF INJURY,0,0,0,0,0,2,0,19,6,11,41.87842895,-87.7548478,POINT (-87.754847796627 41.878428945107),1
JA497830,,11/3/2017 19:40,30,STOP SIGN/FLASHER,FUNCTIONING PROPERLY,CLEAR,"DARKNESS, LIGHTED ROAD",ANGLE,NOT DIVIDED,4,STRAIGHT AND LEVEL,DRY,NO DEFECTS,ON SCENE,INJURY AND / OR TOW DUE TO CRASH,Y,,,"OVER $1,500",11/3/2017 19:50,FAILING TO YIELD RIGHT-OF-WAY,DRIVING SKILLS/KNOWLEDGE/EXPERIENCE,1500,S,ASHLAND AVE,1233,,,,,,,2,"REPORTED, NOT EVIDENT",1,0,0,0,1,2,0,19,6,11,41.86141786,-87.66638826,POINT (-87.666388256198 41.861417857387),1
JA497842,,11/3/2017 19:40,0,TRAFFIC SIGNAL,FUNCTIONING PROPERLY,CLEAR,"DARKNESS, LIGHTED ROAD",TURNING,OTHER,0,STRAIGHT AND LEVEL,DRY,NO DEFECTS,NOT ON SCENE (DESK REPORT),INJURY AND / OR TOW DUE TO CRASH,,,,"OVER $1,500",11/3/2017 20:10,FAILING TO YIELD RIGHT-OF-WAY,UNABLE TO DETERMINE,1400,W,76TH ST,612,,,,,,,2,NO INDICATION OF INJURY,0,0,0,0,0,8,0,19,6,11,41.755992,-87.65881408,POINT (-87.658814075348 41.755992000526),1
JA497891,,11/3/2017 19:45,30,NO CONTROLS,NO CONTROLS,CLEAR,DAYLIGHT,PARKED MOTOR VEHICLE,NOT DIVIDED,2,STRAIGHT AND LEVEL,DRY,NO DEFECTS,ON SCENE,NO INJURY / DRIVE AWAY,,,Y,"OVER $1,500",11/3/2017 19:50,UNABLE TO DETERMINE,UNABLE TO DETERMINE,6653,W,BELMONT AVE,2511,,,,,,,2,NO INDICATION OF INJURY,0,0,0,0,0,1,0,19,6,11,41.93809375,-87.79295447,POINT (-87.792954472506 41.938093749016),1
JA498940,,11/3/2017 19:45,30,TRAFFIC SIGNAL,FUNCTIONING PROPERLY,RAIN,"DARKNESS, LIGHTED ROAD",SIDESWIPE SAME DIRECTION,DIVIDED - W/MEDIAN (NOT RAISED),4,STRAIGHT AND LEVEL,WET,NO DEFECTS,NOT ON SCENE (DESK REPORT),NO INJURY / DRIVE AWAY,,,Y,"$501 - $1,500",11/4/2017 17:00,IMPROPER TURNING/NO SIGNAL,IMPROPER OVERTAKING/PASSING,500,S,RACINE AVE,1231,,,,,,,2,NO INDICATION OF INJURY,0,0,0,0,0,2,0,19,6,11,41.87528446,-87.6571153,POINT (-87.657115296866 41.875284464237),1
JA497877,,11/3/2017 19:50,30,TRAFFIC SIGNAL,FUNCTIONING PROPERLY,CLEAR,"DARKNESS, LIGHTED ROAD",REAR END,DIVIDED - W/MEDIAN (NOT RAISED),4,STRAIGHT AND LEVEL,DRY,NO DEFECTS,ON SCENE,INJURY AND / OR TOW DUE TO CRASH,,,,"OVER $1,500",11/3/2017 20:13,EQUIPMENT - VEHICLE CONDITION,FOLLOWING TOO CLOSELY,5223,N,CENTRAL AVE,1623,,,,,,,2,NO INDICATION OF INJURY,0,0,0,0,0,3,0,19,6,11,41.97619482,-87.76832366,POINT (-87.768323655955 41.976194815821),1
JA497834,,11/3/2017 19:51,25,NO CONTROLS,NO CONTROLS,OTHER,DARKNESS,FIXED OBJECT,OTHER,1,STRAIGHT AND LEVEL,DRY,NO DEFECTS,ON SCENE,NO INJURY / DRIVE AWAY,,,,"$501 - $1,500",11/3/2017 20:00,IMPROPER BACKING,IMPROPER BACKING,5712,S,NATOMA AVE,811,,,,,,,2,NO INDICATION OF INJURY,0,0,0,0,0,1,0,19,6,11,41.78814171,-87.78790582,POINT (-87.787905823908 41.78814170461),1
JA502480,Y,11/3/2017 20:00,30,NO CONTROLS,NO CONTROLS,UNKNOWN,UNKNOWN,PARKED MOTOR VEHICLE,PARKING LOT,,STRAIGHT AND LEVEL,UNKNOWN,NO DEFECTS,NOT ON SCENE (DESK REPORT),NO INJURY / DRIVE AWAY,,,Y,"$501 - $1,500",11/7/2017 13:10,UNABLE TO DETERMINE,NOT APPLICABLE,5950,N,KENMORE AVE,2433,,,,,,,2,NO INDICATION OF INJURY,0,0,0,0,0,1,0,20,6,11,41.99053945,-87.65697536,POINT (-87.656975360705 41.990539454146),1