RD_NO,CRASH_DATE_EST_I,CRASH_DATE,POSTED_SPEED_LIMIT,TRAFFIC_CONTROL_DEVICE,DEVICE_CONDITION,WEATHER_CONDITION,LIGHTING_CONDITION,FIRST_CRASH_TYPE,TRAFFICWAY_TYPE,LANE_CNT,ALIGNMENT,ROADWAY_SURFACE_COND,ROAD_DEFECT,REPORT_TYPE,CRASH_TYPE,INTERSECTION_RELATED_I,NOT_RIGHT_OF_WAY_I,HIT_AND_RUN_I,DAMAGE,DATE_POLICE_NOTIFIED,PRIM_CONTRIBUTORY_CAUSE,SEC_CONTRIBUTORY_CAUSE,STREET_NO,STREET_DIRECTION,STREET_NAME,BEAT_OF_OCCURRENCE,PHOTOS_TAKEN_I,STATEMENTS_TAKEN_I,DOORING_I,WORK_ZONE_I,WORK_ZONE_TYPE,WORKERS_PRESENT_I,NUM_UNITS,MOST_SEVERE_INJURY,INJURIES_TOTAL,INJURIES_FATAL,INJURIES_INCAPACITATING,INJURIES_NON_INCAPACITATING,INJURIES_REPORTED_NOT_EVIDENT,INJURIES_NO_INDICATION,INJURIES_UNKNOWN,CRASH_HOUR,CRASH_DAY_OF_WEEK,CRASH_MONTH,LATITUDE,LONGITUDE,LOCATION,Join
JA498051,,11/3/2017 23:15,30,OTHER WARNING SIGN,UNKNOWN,CLEAR,"DARKNESS, LIGHTED ROAD",REAR END,NOT DIVIDED,2,STRAIGHT AND LEVEL,UNKNOWN,UNKNOWN,NOT ON SCENE (DESK REPORT),NO INJURY / DRIVE AWAY,,,,"OVER $1,500",11/3/2017 23:30,UNABLE TO DETERMINE,NOT APPLICABLE,2448,N,HALSTED ST,1935,,,,,,,2,NO INDICATION OF INJURY,0,0,0,0,0,2,0,23,6,11,41.92687316,-87.64895798,POINT (-87.648957979502 41.926873157799),1
JA498049,,11/3/2017 23:15,30,STOP SIGN/FLASHER,FUNCTIONING PROPERLY,CLEAR,"DARKNESS, LIGHTED ROAD",ANGLE,OTHER,3,STRAIGHT AND LEVEL,DRY,NO DEFECTS,ON SCENE,INJURY AND / OR TOW DUE TO CRASH,Y,,,"OVER $1,500",11/4/2017 0:45,UNABLE TO DETERMINE,UNABLE TO DETERMINE,5600,S,MICHIGAN AVE,225,,,,,,,2,"REPORTED, NOT EVIDENT",2,0,0,0,2,1,0,23,6,11,41.79280951,-87.62256297,POINT (-87.622562966972 41.792809505121),1
JA498041,,11/3/2017 23:27,35,NO CONTROLS,NO CONTROLS,CLEAR,"DARKNESS, LIGHTED ROAD",SIDESWIPE SAME DIRECTION,DIVIDED - W/MEDIAN (NOT RAISED),,STRAIGHT AND LEVEL,DRY,NO DEFECTS,ON SCENE,INJURY AND / OR TOW DUE TO CRASH,,,Y,"OVER $1,500",11/3/2017 23:31,"OPERATING VEHICLE IN ERRATIC, RECKLESS, CARELESS, NEGLIGENT OR AGGRESSIVE MANNER","OPERATING VEHICLE IN ERRATIC, RECKLESS, CARELESS, NEGLIGENT OR AGGRESSIVE MANNER",5531,S,PULASKI RD,822,,,,,,,3,NONINCAPACITATING INJURY,1,0,0,1,0,2,0,23,6,11,41.79233004,-87.72298623,POINT (-87.722986230219 41.792330039883),1
JA504413,,11/3/2017 23:28,20,NO CONTROLS,NO CONTROLS,CLEAR,"DARKNESS, LIGHTED ROAD",ANGLE,ONE-WAY,,STRAIGHT AND LEVEL,DRY,NO DEFECTS,NOT ON SCENE (DESK REPORT),NO INJURY / DRIVE AWAY,,,,"OVER $1,500",11/8/2017 20:00,UNABLE TO DETERMINE,UNABLE TO DETERMINE,1217,W,NORTH SHORE AVE,2432,,,,,,,2,NO INDICATION OF INJURY,0,0,0,0,0,3,0,23,6,11,42.00342299,-87.66155296,POINT (-87.661552955483 42.003422988814),1
JA498047,,11/3/2017 23:37,30,TRAFFIC SIGNAL,FUNCTIONING PROPERLY,CLEAR,"DARKNESS, LIGHTED ROAD",ANGLE,NOT DIVIDED,2,STRAIGHT AND LEVEL,DRY,NO DEFECTS,ON SCENE,NO INJURY / DRIVE AWAY,Y,,,"OVER $1,500",11/3/2017 23:40,FAILING TO REDUCE SPEED TO AVOID CRASH,NOT APPLICABLE,4331,N,PULASKI RD,1723,,,,,,,2,NO INDICATION OF INJURY,0,0,0,0,0,2,0,23,6,11,41.96008288,-87.72765537,POINT (-87.727655366333 41.960082877678),1
JA498057,,11/3/2017 23:40,30,TRAFFIC SIGNAL,FUNCTIONING PROPERLY,CLEAR,"DARKNESS, LIGHTED ROAD",REAR END,NOT DIVIDED,4,STRAIGHT AND LEVEL,DRY,NO DEFECTS,NOT ON SCENE (DESK REPORT),NO INJURY / DRIVE AWAY,,,,"$501 - $1,500",11/3/2017 23:55,UNABLE TO DETERMINE,UNABLE TO DETERMINE,5028,N,BROADWAY,2033,,,,,,,2,NO INDICATION OF INJURY,0,0,0,0,0,2,0,23,6,11,41.97362234,-87.65994124,POINT (-87.659941243732 41.973622342666),1
JA498372,Y,11/4/2017 0:00,25,NO CONTROLS,NO CONTROLS,UNKNOWN,"DARKNESS, LIGHTED ROAD",PARKED MOTOR VEHICLE,NOT DIVIDED,2,STRAIGHT AND LEVEL,UNKNOWN,NO DEFECTS,ON SCENE,NO INJURY / DRIVE AWAY,,,Y,"OVER $1,500",11/4/2017 9:55,UNABLE TO DETERMINE,NOT APPLICABLE,1761,W,LUNT AVE,2424,,,,,,,2,NO INDICATION OF INJURY,0,0,0,0,0,1,0,0,7,11,42.00886404,-87.67464157,POINT (-87.674641567872 42.008864037605),1
JA498080,,11/4/2017 0:05,30,NO CONTROLS,NO CONTROLS,CLEAR,"DARKNESS, LIGHTED ROAD",FIXED OBJECT,ONE-WAY,2,STRAIGHT AND LEVEL,DRY,NO DEFECTS,ON SCENE,INJURY AND / OR TOW DUE TO CRASH,,,N,"OVER $1,500",11/4/2017 0:10,UNABLE TO DETERMINE,UNABLE TO DETERMINE,333,W,GARFIELD BLVD,711,,,,,,,1,NO INDICATION OF INJURY,0,0,0,0,0,1,0,0,7,11,41.79403116,-87.63420735,POINT (-87.634207352346 41.794031156614),1
JA498065,,11/4/2017 0:05,30,NO CONTROLS,NO CONTROLS,CLEAR,"DARKNESS, LIGHTED ROAD",REAR END,NOT DIVIDED,2,STRAIGHT AND LEVEL,DRY,NO DEFECTS,ON SCENE,NO INJURY / DRIVE AWAY,,,Y,"$501 - $1,500",11/4/2017 0:05,IMPROPER OVERTAKING/PASSING,NOT APPLICABLE,1507,N,SEDGWICK ST,1821,,,,,,,2,NO INDICATION OF INJURY,0,0,0,0,0,2,0,0,7,11,41.90947891,-87.63839445,POINT (-87.6383944528 41.909478909363),1
JA498088,,11/4/2017 0:10,25,NO CONTROLS,NO CONTROLS,CLEAR,"DARKNESS, LIGHTED ROAD",PARKED MOTOR VEHICLE,ONE-WAY,1,STRAIGHT AND LEVEL,DRY,NO DEFECTS,ON SCENE,NO INJURY / DRIVE AWAY,,,,"OVER $1,500",11/4/2017 0:23,IMPROPER BACKING,UNABLE TO DETERMINE,9146,S,ADA ST,2222,,,,,,,2,NO INDICATION OF INJURY,0,0,0,0,0,1,0,0,7,11,41.72719836,-87.65688431,POINT (-87.65688430469 41.727198360043),1
JA498085,,11/4/2017 0:15,30,NO CONTROLS,NO CONTROLS,CLEAR,"DARKNESS, LIGHTED ROAD",PARKED MOTOR VEHICLE,ONE-WAY,1,STRAIGHT AND LEVEL,DRY,NO DEFECTS,ON SCENE,NO INJURY / DRIVE AWAY,,,Y,"$501 - $1,500",11/4/2017 0:25,IMPROPER BACKING,NOT APPLICABLE,2101,N,MAPLEWOOD AVE,1431,,,,,,,2,NO INDICATION OF INJURY,0,0,0,0,0,1,0,0,7,11,41.91926647,-87.69118608,POINT (-87.691186083611 41.919266468842),1
JA498077,,11/4/2017 0:24,30,NO CONTROLS,NO CONTROLS,CLEAR,"DARKNESS, LIGHTED ROAD",PARKED MOTOR VEHICLE,ONE-WAY,,STRAIGHT AND LEVEL,DRY,NO DEFECTS,ON SCENE,INJURY AND / OR TOW DUE TO CRASH,,,,"OVER $1,500",11/4/2017 0:24,NOT APPLICABLE,NOT APPLICABLE,4808,N,KENTUCKY AVE,1712,,,,,,,2,NO INDICATION OF INJURY,0,0,0,0,0,1,0,0,7,11,41.96837786,-87.74394181,POINT (-87.743941807951 41.968377857677),1
JA498102,,11/4/2017 0:48,30,STOP SIGN/FLASHER,FUNCTIONING PROPERLY,CLEAR,"DARKNESS, LIGHTED ROAD",ANGLE,ONE-WAY,1,STRAIGHT AND LEVEL,DRY,NO DEFECTS,ON SCENE,NO INJURY / DRIVE AWAY,Y,,,"$501 - $1,500",11/4/2017 0:50,DISREGARDING STOP SIGN,FAILING TO YIELD RIGHT-OF-WAY,1400,W,81ST ST,612,,,,,,,2,NO INDICATION OF INJURY,0,0,0,0,0,4,0,0,7,11,41.74689466,-87.65855752,POINT (-87.65855751773 41.746894661685),1
JA498558,,11/4/2017 1:00,25,NO CONTROLS,NO CONTROLS,UNKNOWN,"DARKNESS, LIGHTED ROAD",PARKED MOTOR VEHICLE,ONE-WAY,1,STRAIGHT AND LEVEL,WET,NO DEFECTS,ON SCENE,NO INJURY / DRIVE AWAY,,,Y,"OVER $1,500",11/4/2017 12:50,UNABLE TO DETERMINE,UNABLE TO DETERMINE,6851,S,CHAPPEL AVE,331,,,,,,,2,NO INDICATION OF INJURY,0,0,0,0,0,1,0,1,7,11,41.77013532,-87.57503874,POINT (-87.575038744122 41.770135324283),1
JA503140,,11/4/2017 1:00,30,NO CONTROLS,NO CONTROLS,CLEAR,"DARKNESS, LIGHTED ROAD",PARKED MOTOR VEHICLE,NOT DIVIDED,,STRAIGHT AND LEVEL,DRY,NO DEFECTS,NOT ON SCENE (DESK REPORT),NO INJURY / DRIVE AWAY,,,,"$501 - $1,500",11/7/2017 21:00,IMPROPER OVERTAKING/PASSING,UNABLE TO DETERMINE,71,W,HUBBARD ST,1831,,,,,,,2,NO INDICATION OF INJURY,0,0,0,0,0,1,0,1,7,11,41.8899146,-87.63082841,POINT (-87.630828410162 41.889914599928),1
JA498150,,11/4/2017 1:00,20,NO CONTROLS,NO CONTROLS,CLEAR,"DARKNESS, LIGHTED ROAD",PARKED MOTOR VEHICLE,ONE-WAY,1,STRAIGHT AND LEVEL,DRY,NO DEFECTS,ON SCENE,NO INJURY / DRIVE AWAY,,,Y,"OVER $1,500",11/4/2017 1:10,IMPROPER BACKING,UNABLE TO DETERMINE,1224,N,SPRINGFIELD AVE,2535,,,,,,,2,NO INDICATION OF INJURY,0,0,0,0,0,1,0,1,7,11,41.90353853,-87.72403905,POINT (-87.724039052744 41.903538532661),1
JA498114,,11/4/2017 1:05,30,TRAFFIC SIGNAL,FUNCTIONING PROPERLY,CLEAR,"DARKNESS, LIGHTED ROAD",REAR END,NOT DIVIDED,2,STRAIGHT AND LEVEL,DRY,NO DEFECTS,ON SCENE,NO INJURY / DRIVE AWAY,,,,$500 OR LESS,11/4/2017 1:07,FAILING TO REDUCE SPEED TO AVOID CRASH,DRIVING SKILLS/KNOWLEDGE/EXPERIENCE,1401,W,IRVING PARK RD,1922,,,,,,,3,NO INDICATION OF INJURY,0,0,0,0,0,3,0,1,7,11,41.95424408,-87.66429422,POINT (-87.664294221698 41.954244081069),1
JA498119,,11/4/2017 1:09,30,TRAFFIC SIGNAL,FUNCTIONING PROPERLY,CLEAR,"DARKNESS, LIGHTED ROAD",TURNING,CENTER TURN LANE,4,STRAIGHT AND LEVEL,DRY,NO DEFECTS,ON SCENE,INJURY AND / OR TOW DUE TO CRASH,Y,,,"OVER $1,500",11/4/2017 1:16,FAILING TO YIELD RIGHT-OF-WAY,UNABLE TO DETERMINE,2130,W,FULLERTON AVE,1432,,,,,,,2,NONINCAPACITATING INJURY,1,0,0,1,0,2,0,1,7,11,41.92509105,-87.68191928,POINT (-87.681919279349 41.925091054084),1
JA498118,,11/4/2017 1:10,30,STOP SIGN/FLASHER,FUNCTIONING PROPERLY,CLEAR,"DARKNESS, LIGHTED ROAD",PARKED MOTOR VEHICLE,ONE-WAY,1,STRAIGHT AND LEVEL,DRY,NO DEFECTS,ON SCENE,INJURY AND / OR TOW DUE TO CRASH,,,,"OVER $1,500",11/4/2017 1:15,FAILING TO REDUCE SPEED TO AVOID CRASH,NOT APPLICABLE,4755,S,KOMENSKY AVE,815,,,,,,,3,NO INDICATION OF INJURY,0,0,0,0,0,1,0,1,7,11,41.80623248,-87.72461275,POINT (-87.724612753363 41.806232476198),1
JA498117,,11/4/2017 1:13,30,TRAFFIC SIGNAL,FUNCTIONING PROPERLY,CLEAR,"DARKNESS, LIGHTED ROAD",ANGLE,NOT DIVIDED,2,STRAIGHT AND LEVEL,DRY,NO DEFECTS,ON SCENE,NO INJURY / DRIVE AWAY,Y,,,"OVER $1,500",11/4/2017 1:17,NOT APPLICABLE,NOT APPLICABLE,2400,W,DIVISION ST,1423,,,,,,,2,NO INDICATION OF INJURY,0,0,0,0,0,2,0,1,7,11,41.9031249,-87.68707096,POINT (-87.68707096423 41.903124898943),1
JA498130,,11/4/2017 1:15,20,NO CONTROLS,NO CONTROLS,CLEAR,"DARKNESS, LIGHTED ROAD",PARKED MOTOR VEHICLE,ONE-WAY,1,STRAIGHT AND LEVEL,DRY,UNKNOWN,ON SCENE,INJURY AND / OR TOW DUE TO CRASH,,,Y,"OVER $1,500",11/4/2017 1:19,UNABLE TO DETERMINE,UNABLE TO DETERMINE,6752,S,ELIZABETH ST,724,,,,,,,2,NO INDICATION OF INJURY,0,0,0,0,0,1,0,1,7,11,41.77075518,-87.65562898,POINT (-87.655628975101 41.77075517597),1
JA498169,,11/4/2017 1:50,25,NO CONTROLS,NO CONTROLS,CLEAR,"DARKNESS, LIGHTED ROAD",SIDESWIPE SAME DIRECTION,NOT DIVIDED,2,STRAIGHT AND LEVEL,DRY,NO DEFECTS,NOT ON SCENE (DESK REPORT),NO INJURY / DRIVE AWAY,,,,"OVER $1,500",11/4/2017 3:00,IMPROPER OVERTAKING/PASSING,UNABLE TO DETERMINE,1571,N,MILWAUKEE AVE,1424,,,,,,,2,NO INDICATION OF INJURY,0,0,0,0,0,3,0,1,7,11,41.91014406,-87.67687503,POINT (-87.676875025237 41.910144059622),1
JA498148,,11/4/2017 1:55,30,NO CONTROLS,NO CONTROLS,CLEAR,"DARKNESS, LIGHTED ROAD",PARKED MOTOR VEHICLE,DIVIDED - W/MEDIAN (NOT RAISED),2,STRAIGHT AND LEVEL,DRY,NO DEFECTS,NOT ON SCENE (DESK REPORT),NO INJURY / DRIVE AWAY,,,Y,"$501 - $1,500",11/4/2017 2:14,NOT APPLICABLE,NOT APPLICABLE,2331,N,CALIFORNIA AVE,1431,,,,,,,2,NO INDICATION OF INJURY,0,0,0,0,0,1,0,1,7,11,41.92381304,-87.69724202,POINT (-87.697242020604 41.923813037144),1
JA498143,,11/4/2017 2:00,30,TRAFFIC SIGNAL,FUNCTIONING PROPERLY,CLEAR,"DARKNESS, LIGHTED ROAD",ANGLE,NOT DIVIDED,2,STRAIGHT AND LEVEL,DRY,NO DEFECTS,ON SCENE,INJURY AND / OR TOW DUE TO CRASH,Y,,Y,"OVER $1,500",11/4/2017 2:18,DISREGARDING TRAFFIC SIGNALS,NOT APPLICABLE,6300,S,WENTWORTH AVE,312,,,,,,,2,NONINCAPACITATING INJURY,1,0,0,1,0,1,0,2,7,11,41.77990261,-87.63029381,POINT (-87.630293805556 41.779902613439),1
JA498155,,11/4/2017 2:00,30,NO CONTROLS,NO CONTROLS,CLEAR,DARKNESS,REAR END,DIVIDED - W/MEDIAN (NOT RAISED),2,STRAIGHT AND LEVEL,DRY,NO DEFECTS,NOT ON SCENE (DESK REPORT),NO INJURY / DRIVE AWAY,,,,"OVER $1,500",11/4/2017 2:36,FOLLOWING TOO CLOSELY,DISTRACTION - FROM INSIDE VEHICLE,1958,W,NORTH AVE,1434,,,,,,,2,NO INDICATION OF INJURY,0,0,0,0,0,4,0,2,7,11,41.91058513,-87.67753277,POINT (-87.67753276477 41.910585126556),1
JA505130,,11/4/2017 2:00,30,TRAFFIC SIGNAL,FUNCTIONING PROPERLY,UNKNOWN,DARKNESS,TURNING,NOT DIVIDED,,STRAIGHT AND LEVEL,UNKNOWN,UNKNOWN,NOT ON SCENE (DESK REPORT),NO INJURY / DRIVE AWAY,Y,,,"OVER $1,500",11/9/2017 13:00,IMPROPER OVERTAKING/PASSING,UNABLE TO DETERMINE,7004,S,JEFFERY BLVD,332,,,,,,,2,NO INDICATION OF INJURY,0,0,0,0,0,2,0,2,7,11,41.7677839,-87.57648916,POINT (-87.576489161041 41.767783899363),1
JA498140,,11/4/2017 2:01,30,NO CONTROLS,NO CONTROLS,CLEAR,"DARKNESS, LIGHTED ROAD",TURNING,DIVIDED - W/MEDIAN (NOT RAISED),4,STRAIGHT AND LEVEL,DRY,NO DEFECTS,ON SCENE,INJURY AND / OR TOW DUE TO CRASH,Y,,,"OVER $1,500",11/4/2017 2:02,FAILING TO YIELD RIGHT-OF-WAY,FAILING TO REDUCE SPEED TO AVOID CRASH,6134,N,MILWAUKEE AVE,1611,,,,,,,2,NO INDICATION OF INJURY,0,0,0,0,0,2,0,2,7,11,41.99297451,-87.78395123,POINT (-87.783951230924 41.992974509438),1
JA498167,,11/4/2017 2:09,30,UNKNOWN,UNKNOWN,CLEAR,"DARKNESS, LIGHTED ROAD",PARKED MOTOR VEHICLE,ONE-WAY,1,STRAIGHT AND LEVEL,DRY,NO DEFECTS,ON SCENE,NO INJURY / DRIVE AWAY,,,Y,"OVER $1,500",11/4/2017 2:10,"OPERATING VEHICLE IN ERRATIC, RECKLESS, CARELESS, NEGLIGENT OR AGGRESSIVE MANNER",UNABLE TO DETERMINE,348,W,74TH ST,731,,,,,,,3,NO INDICATION OF INJURY,0,0,0,0,0,1,0,2,7,11,41.76001723,-87.63405323,POINT (-87.634053231139 41.760017232091),1
JA498149,,11/4/2017 2:09,30,NO CONTROLS,NO CONTROLS,CLEAR,"DARKNESS, LIGHTED ROAD",ANGLE,NOT DIVIDED,2,STRAIGHT AND LEVEL,DRY,NO DEFECTS,ON SCENE,INJURY AND / OR TOW DUE TO CRASH,Y,,Y,"OVER $1,500",11/4/2017 2:09,DISREGARDING STOP SIGN,FAILING TO YIELD RIGHT-OF-WAY,2400,W,THOMAS ST,1212,,,,,,,4,NO INDICATION OF INJURY,0,0,0,0,0,5,0,2,7,11,41.90130947,-87.68710457,POINT (-87.687104570969 41.901309467453),1
JA498153,,11/4/2017 2:10,35,TRAFFIC SIGNAL,FUNCTIONING PROPERLY,CLEAR,"DARKNESS, LIGHTED ROAD",SIDESWIPE OPPOSITE DIRECTION,DIVIDED - W/MEDIAN (NOT RAISED),,STRAIGHT AND LEVEL,DRY,NO DEFECTS,,NO INJURY / DRIVE AWAY,Y,,,"OVER $1,500",11/4/2017 2:12,FAILING TO YIELD RIGHT-OF-WAY,FAILING TO YIELD RIGHT-OF-WAY,2301,N,MILWAUKEE AVE,1414,,,,,,,2,NO INDICATION OF INJURY,0,0,0,0,0,4,0,2,7,11,41.92300939,-87.69729638,POINT (-87.69729638003 41.923009387151),1
JA498151,,11/4/2017 2:14,30,TRAFFIC SIGNAL,FUNCTIONING PROPERLY,CLEAR,"DARKNESS, LIGHTED ROAD",TURNING,DIVIDED - W/MEDIAN (NOT RAISED),,STRAIGHT AND LEVEL,DRY,NO DEFECTS,ON SCENE,INJURY AND / OR TOW DUE TO CRASH,,,Y,"$501 - $1,500",11/4/2017 2:14,IMPROPER TURNING/NO SIGNAL,NOT APPLICABLE,1,S,CENTRAL PARK BLVD,1123,,,,,,,2,NO INDICATION OF INJURY,0,0,0,0,0,2,0,2,7,11,41.88079197,-87.71574511,POINT (-87.715745111773 41.880791967127),1
JA498154,,11/4/2017 2:15,30,TRAFFIC SIGNAL,FUNCTIONING PROPERLY,CLEAR,"DARKNESS, LIGHTED ROAD",TURNING,DIVIDED - W/MEDIAN BARRIER,4,STRAIGHT ON GRADE,DRY,UNKNOWN,,INJURY AND / OR TOW DUE TO CRASH,Y,,,"OVER $1,500",11/4/2017 2:17,IMPROPER OVERTAKING/PASSING,FAILING TO YIELD RIGHT-OF-WAY,5701,W,FOSTER AVE,1622,,,,,,,2,NO INDICATION OF INJURY,0,0,0,0,0,2,0,2,7,11,41.97557021,-87.77123425,POINT (-87.771234249898 41.975570208858),1
JA498163,,11/4/2017 2:30,30,NO CONTROLS,NO CONTROLS,CLEAR,"DARKNESS, LIGHTED ROAD",SIDESWIPE SAME DIRECTION,NOT DIVIDED,4,STRAIGHT AND LEVEL,DRY,NO DEFECTS,NOT ON SCENE (DESK REPORT),NO INJURY / DRIVE AWAY,,,,"OVER $1,500",11/4/2017 2:45,UNABLE TO DETERMINE,UNABLE TO DETERMINE,1700,W,FULLERTON AVE,1931,,,,,,,2,NO INDICATION OF INJURY,0,0,0,0,0,5,0,2,7,11,41.92522582,-87.67082246,POINT (-87.670822459101 41.925225822718),1
JA498188,Y,11/4/2017 2:38,30,NO CONTROLS,NO CONTROLS,CLEAR,"DARKNESS, LIGHTED ROAD",PARKED MOTOR VEHICLE,NOT DIVIDED,2,STRAIGHT AND LEVEL,DRY,NO DEFECTS,ON SCENE,INJURY AND / OR TOW DUE TO CRASH,,,Y,"OVER $1,500",11/4/2017 3:39,NOT APPLICABLE,NOT APPLICABLE,3030,W,55TH ST,923,,,,,,,4,NO INDICATION OF INJURY,0,0,0,0,0,1,0,2,7,11,41.79368901,-87.70003533,POINT (-87.700035329243 41.793689005658),1
JA498168,,11/4/2017 2:50,30,NO CONTROLS,NO CONTROLS,CLEAR,"DARKNESS, LIGHTED ROAD",SIDESWIPE SAME DIRECTION,NOT DIVIDED,4,STRAIGHT AND LEVEL,DRY,NO DEFECTS,ON SCENE,NO INJURY / DRIVE AWAY,,,,$500 OR LESS,11/4/2017 2:51,UNABLE TO DETERMINE,NOT APPLICABLE,580,N,ORLEANS ST,1831,,,,,,,2,NO INDICATION OF INJURY,0,0,0,0,0,2,0,2,7,11,41.89233064,-87.63720047,POINT (-87.637200466336 41.892330639243),1
JA498172,,11/4/2017 2:55,30,NO CONTROLS,NO CONTROLS,CLEAR,DARKNESS,PARKED MOTOR VEHICLE,NOT DIVIDED,4,STRAIGHT AND LEVEL,DRY,NO DEFECTS,ON SCENE,INJURY AND / OR TOW DUE TO CRASH,,,,"OVER $1,500",11/4/2017 2:57,IMPROPER LANE USAGE,NOT APPLICABLE,1137,N,LARAMIE AVE,1531,,,,,,,2,NO INDICATION OF INJURY,0,0,0,0,0,2,0,2,7,11,41.90153409,-87.75561055,POINT (-87.755610545394 41.901534087027),1
JA498365,Y,11/4/2017 3:00,30,NO CONTROLS,NO CONTROLS,UNKNOWN,UNKNOWN,PARKED MOTOR VEHICLE,NOT DIVIDED,1,STRAIGHT AND LEVEL,UNKNOWN,NO DEFECTS,ON SCENE,INJURY AND / OR TOW DUE TO CRASH,Y,,Y,"OVER $1,500",11/4/2017 9:00,UNABLE TO DETERMINE,NOT APPLICABLE,5619,W,CATALPA AVE,1622,,,,,,,3,NO INDICATION OF INJURY,0,0,0,0,0,1,0,3,7,11,41.98100103,-87.76925882,POINT (-87.769258822801 41.981001031952),1
JA498177,,11/4/2017 3:03,30,NO CONTROLS,NO CONTROLS,CLEAR,"DARKNESS, LIGHTED ROAD",FIXED OBJECT,DIVIDED - W/MEDIAN (NOT RAISED),1,STRAIGHT AND LEVEL,DRY,UNKNOWN,ON SCENE,INJURY AND / OR TOW DUE TO CRASH,,Y,Y,"OVER $1,500",11/4/2017 3:04,UNABLE TO DETERMINE,UNABLE TO DETERMINE,1446,W,71ST ST,734,,,,,,,1,NO INDICATION OF INJURY,0,0,0,0,0,1,0,3,7,11,41.76506167,-87.66086673,POINT (-87.660866733019 41.765061669214),1
JA498220,,11/4/2017 3:05,35,NO CONTROLS,NO CONTROLS,OTHER,"DARKNESS, LIGHTED ROAD",FIXED OBJECT,DIVIDED - W/MEDIAN BARRIER,,"CURVE, LEVEL",DRY,NO DEFECTS,ON SCENE,INJURY AND / OR TOW DUE TO CRASH,,,,"OVER $1,500",11/4/2017 3:13,UNABLE TO DETERMINE,UNABLE TO DETERMINE,6957,S,VINCENNES AVE,731,,,,,,,1,NONINCAPACITATING INJURY,1,0,0,1,0,0,0,3,7,11,41.7674035,-87.62670573,POINT (-87.626705733929 41.767403497826),1
JA498185,,11/4/2017 3:20,30,STOP SIGN/FLASHER,FUNCTIONING PROPERLY,CLEAR,"DARKNESS, LIGHTED ROAD",ANGLE,NOT DIVIDED,4,STRAIGHT AND LEVEL,DRY,NO DEFECTS,ON SCENE,INJURY AND / OR TOW DUE TO CRASH,Y,,,"OVER $1,500",11/4/2017 3:30,DISREGARDING STOP SIGN,DISREGARDING STOP SIGN,3500,N,SOUTHPORT AVE,1922,,,,,,,2,"REPORTED, NOT EVIDENT",2,0,0,0,2,6,0,3,7,11,41.94528616,-87.66411623,POINT (-87.66411622887 41.945286155083),1
JA498184,,11/4/2017 3:20,25,NO CONTROLS,NO CONTROLS,CLEAR,"DARKNESS, LIGHTED ROAD",PARKED MOTOR VEHICLE,NOT DIVIDED,2,STRAIGHT AND LEVEL,DRY,NO DEFECTS,ON SCENE,INJURY AND / OR TOW DUE TO CRASH,,,Y,"OVER $1,500",11/4/2017 3:22,UNABLE TO DETERMINE,UNABLE TO DETERMINE,7293,W,BARRY AVE,2511,,,,,,,2,,,,,,,,,3,7,11,41.93618596,-87.80906547,POINT (-87.809065469429 41.936185963565),1
JA498187,,11/4/2017 3:30,10,NO CONTROLS,NO CONTROLS,CLEAR,DARKNESS,PARKED MOTOR VEHICLE,ONE-WAY,,STRAIGHT AND LEVEL,DRY,NO DEFECTS,NOT ON SCENE (DESK REPORT),NO INJURY / DRIVE AWAY,,,Y,"OVER $1,500",11/4/2017 3:51,UNABLE TO DETERMINE,UNABLE TO DETERMINE,3825,W,81ST PL,834,,,,,,,2,NO INDICATION OF INJURY,0,0,0,0,0,1,0,3,7,11,41.74487654,-87.71790884,POINT (-87.717908840351 41.744876539906),1
JA498195,,11/4/2017 3:30,30,NO CONTROLS,NO CONTROLS,CLEAR,"DARKNESS, LIGHTED ROAD",PARKED MOTOR VEHICLE,ONE-WAY,1,STRAIGHT AND LEVEL,DRY,NO DEFECTS,ON SCENE,INJURY AND / OR TOW DUE TO CRASH,,,,"OVER $1,500",11/4/2017 3:33,UNABLE TO DETERMINE,NOT APPLICABLE,1840,N,LEAVITT ST,1434,,,,,,,2,NO INDICATION OF INJURY,0,0,0,0,0,1,0,3,7,11,41.91484098,-87.68259992,POINT (-87.682599917935 41.914840974877),1
JA498219,,11/4/2017 3:40,35,NO CONTROLS,NO CONTROLS,CLEAR,"DARKNESS, LIGHTED ROAD",PARKED MOTOR VEHICLE,ONE-WAY,1,STRAIGHT AND LEVEL,DRY,NO DEFECTS,ON SCENE,INJURY AND / OR TOW DUE TO CRASH,,,Y,"OVER $1,500",11/4/2017 3:42,UNDER THE INFLUENCE OF ALCOHOL/DRUGS (USE WHEN ARREST IS EFFECTED),UNABLE TO DETERMINE,1224,W,LILL AVE,1932,,,,,,,3,NO INDICATION OF INJURY,0,0,0,0,0,1,0,3,7,11,41.92786239,-87.65949881,POINT (-87.659498805752 41.927862387883),1
JA498699,,11/4/2017 4:00,30,TRAFFIC SIGNAL,FUNCTIONING PROPERLY,CLEAR,"DARKNESS, LIGHTED ROAD",REAR END,DIVIDED - W/MEDIAN (NOT RAISED),4,STRAIGHT AND LEVEL,DRY,NO DEFECTS,NOT ON SCENE (DESK REPORT),NO INJURY / DRIVE AWAY,Y,,,"OVER $1,500",11/4/2017 14:20,FOLLOWING TOO CLOSELY,NOT APPLICABLE,1030,W,CHICAGO AVE,1213,,,,,,,2,NO INDICATION OF INJURY,0,0,0,0,0,3,0,4,7,11,41.89640005,-87.65374951,POINT (-87.65374951159 41.896400053928),1