RD_NO,CRASH_DATE_EST_I,CRASH_DATE,POSTED_SPEED_LIMIT,TRAFFIC_CONTROL_DEVICE,DEVICE_CONDITION,WEATHER_CONDITION,LIGHTING_CONDITION,FIRST_CRASH_TYPE,TRAFFICWAY_TYPE,LANE_CNT,ALIGNMENT,ROADWAY_SURFACE_COND,ROAD_DEFECT,REPORT_TYPE,CRASH_TYPE,INTERSECTION_RELATED_I,NOT_RIGHT_OF_WAY_I,HIT_AND_RUN_I,DAMAGE,DATE_POLICE_NOTIFIED,PRIM_CONTRIBUTORY_CAUSE,SEC_CONTRIBUTORY_CAUSE,STREET_NO,STREET_DIRECTION,STREET_NAME,BEAT_OF_OCCURRENCE,PHOTOS_TAKEN_I,STATEMENTS_TAKEN_I,DOORING_I,WORK_ZONE_I,WORK_ZONE_TYPE,WORKERS_PRESENT_I,NUM_UNITS,MOST_SEVERE_INJURY,INJURIES_TOTAL,INJURIES_FATAL,INJURIES_INCAPACITATING,INJURIES_NON_INCAPACITATING,INJURIES_REPORTED_NOT_EVIDENT,INJURIES_NO_INDICATION,INJURIES_UNKNOWN,CRASH_HOUR,CRASH_DAY_OF_WEEK,CRASH_MONTH,LATITUDE,LONGITUDE,LOCATION,Join
JA498714,,11/4/2017 4:00,30,NO CONTROLS,NO CONTROLS,CLOUDY/OVERCAST,DAWN,PARKED MOTOR VEHICLE,NOT DIVIDED,1,STRAIGHT AND LEVEL,WET,NO DEFECTS,NOT ON SCENE (DESK REPORT),NO INJURY / DRIVE AWAY,,,Y,"OVER $1,500",11/4/2017 14:30,FAILING TO YIELD RIGHT-OF-WAY,NOT APPLICABLE,2900,W,55TH ST,923,,,,,,,2,NO INDICATION OF INJURY,0,0,0,0,0,1,0,4,7,11,41.79375784,-87.69630453,POINT (-87.696304528186 41.793757841261),1
JA498244,,11/4/2017 4:00,30,NO CONTROLS,NO CONTROLS,CLEAR,DARKNESS,PARKED MOTOR VEHICLE,NOT DIVIDED,2,STRAIGHT AND LEVEL,DRY,UNKNOWN,ON SCENE,NO INJURY / DRIVE AWAY,,,Y,"OVER $1,500",11/4/2017 4:40,UNABLE TO DETERMINE,UNABLE TO DETERMINE,627,E,38TH PL,212,,,,,,,2,NO INDICATION OF INJURY,0,0,0,0,0,1,0,4,7,11,41.82473784,-87.61172541,POINT (-87.611725410129 41.824737844225),1
JA502510,,11/4/2017 4:00,10,NO CONTROLS,NO CONTROLS,UNKNOWN,"DARKNESS, LIGHTED ROAD",PARKED MOTOR VEHICLE,PARKING LOT,,STRAIGHT AND LEVEL,UNKNOWN,UNKNOWN,NOT ON SCENE (DESK REPORT),NO INJURY / DRIVE AWAY,,,Y,"OVER $1,500",11/7/2017 14:00,UNABLE TO DETERMINE,UNABLE TO DETERMINE,425,W,SURF ST,1934,,,,,,,2,NO INDICATION OF INJURY,0,0,0,0,0,1,0,4,7,11,41.93421557,-87.64040265,POINT (-87.640402651853 41.934215574437),1
JA498210,,11/4/2017 4:05,5,NO CONTROLS,NO CONTROLS,CLEAR,"DARKNESS, LIGHTED ROAD",PARKED MOTOR VEHICLE,PARKING LOT,,STRAIGHT AND LEVEL,DRY,NO DEFECTS,ON SCENE,NO INJURY / DRIVE AWAY,,,,"$501 - $1,500",11/4/2017 4:10,UNABLE TO DETERMINE,IMPROPER BACKING,3598,N,HALSTED ST,1924,,,,,,,2,NO INDICATION OF INJURY,0,0,0,0,0,1,0,4,7,11,41.94726451,-87.64963142,POINT (-87.649631415553 41.947264510386),1
JA513872,,11/4/2017 4:10,30,NO CONTROLS,NO CONTROLS,CLEAR,DARKNESS,PARKED MOTOR VEHICLE,NOT DIVIDED,,STRAIGHT AND LEVEL,DRY,NO DEFECTS,NOT ON SCENE (DESK REPORT),NO INJURY / DRIVE AWAY,,,Y,"$501 - $1,500",11/16/2017 11:10,UNABLE TO DETERMINE,NOT APPLICABLE,631,W,BELMONT AVE,1934,,,,,,,2,NO INDICATION OF INJURY,0,0,0,0,0,1,0,4,7,11,41.93991154,-87.64561791,POINT (-87.645617905803 41.939911540001),1
JA498213,,11/4/2017 4:12,35,NO CONTROLS,NO CONTROLS,CLEAR,"DARKNESS, LIGHTED ROAD",FIXED OBJECT,NOT DIVIDED,,STRAIGHT AND LEVEL,DRY,NO DEFECTS,ON SCENE,INJURY AND / OR TOW DUE TO CRASH,,N,,"OVER $1,500",11/4/2017 4:15,UNABLE TO DETERMINE,UNABLE TO DETERMINE,5813,N,RIDGE AVE,2013,,,,,,,1,NO INDICATION OF INJURY,0,0,0,0,0,1,0,4,7,11,41.9876686,-87.66644027,POINT (-87.666440270537 41.987668602843),1
JA498224,,11/4/2017 4:40,30,NO CONTROLS,NO CONTROLS,CLEAR,"DARKNESS, LIGHTED ROAD",PARKED MOTOR VEHICLE,ONE-WAY,1,STRAIGHT AND LEVEL,DRY,NO DEFECTS,ON SCENE,NO INJURY / DRIVE AWAY,,,,"OVER $1,500",11/4/2017 4:46,DRIVING SKILLS/KNOWLEDGE/EXPERIENCE,NOT APPLICABLE,6930,N,GREENVIEW AVE,2431,,,,,,,2,NO INDICATION OF INJURY,0,0,0,0,0,1,0,4,7,11,42.00757879,-87.66799873,POINT (-87.667998732157 42.007578791408),1
JA498225,,11/4/2017 4:46,30,NO CONTROLS,NO CONTROLS,CLEAR,"DARKNESS, LIGHTED ROAD",PARKED MOTOR VEHICLE,NOT DIVIDED,2,STRAIGHT AND LEVEL,DRY,NO DEFECTS,ON SCENE,INJURY AND / OR TOW DUE TO CRASH,,,Y,"OVER $1,500",11/4/2017 4:47,"OPERATING VEHICLE IN ERRATIC, RECKLESS, CARELESS, NEGLIGENT OR AGGRESSIVE MANNER",DRIVING SKILLS/KNOWLEDGE/EXPERIENCE,2641,W,CHICAGO AVE,1221,,,,,,,2,NO INDICATION OF INJURY,0,0,0,0,0,2,0,4,7,11,41.89556665,-87.69342334,POINT (-87.69342334172 41.895566649992),1
JA498228,,11/4/2017 4:50,30,NO CONTROLS,NO CONTROLS,CLEAR,"DARKNESS, LIGHTED ROAD",PARKED MOTOR VEHICLE,NOT DIVIDED,2,STRAIGHT AND LEVEL,DRY,NO DEFECTS,,INJURY AND / OR TOW DUE TO CRASH,,,,"OVER $1,500",11/4/2017 4:55,EXCEEDING AUTHORIZED SPEED LIMIT,DRIVING ON WRONG SIDE/WRONG WAY,2905,W,55TH ST,824,,,,,,,4,NO INDICATION OF INJURY,0,0,0,0,0,1,0,4,7,11,41.7935353,-87.69648103,POINT (-87.696481027874 41.793535296816),1
JA498239,,11/4/2017 5:30,30,NO CONTROLS,NO CONTROLS,CLEAR,"DARKNESS, LIGHTED ROAD",PARKED MOTOR VEHICLE,NOT DIVIDED,2,STRAIGHT AND LEVEL,DRY,NO DEFECTS,ON SCENE,INJURY AND / OR TOW DUE TO CRASH,,,,"OVER $1,500",11/4/2017 5:31,FAILING TO REDUCE SPEED TO AVOID CRASH,NOT APPLICABLE,9936,S,VINCENNES AVE,2213,,N,,,,,2,NO INDICATION OF INJURY,0,0,0,0,0,1,0,5,7,11,41.71305,-87.65385141,POINT (-87.653851412923 41.713049995734),1
JA498264,Y,11/4/2017 5:30,30,NO CONTROLS,NO CONTROLS,CLEAR,UNKNOWN,PARKED MOTOR VEHICLE,NOT DIVIDED,2,STRAIGHT AND LEVEL,DRY,NO DEFECTS,ON SCENE,NO INJURY / DRIVE AWAY,,,Y,"OVER $1,500",11/4/2017 6:40,UNABLE TO DETERMINE,NOT APPLICABLE,325,E,107TH ST,513,,,,,,,3,NO INDICATION OF INJURY,0,0,0,0,0,1,0,5,7,11,41.69988181,-87.61493172,POINT (-87.614931717272 41.699881805119),1
JA498254,,11/4/2017 6:00,30,TRAFFIC SIGNAL,FUNCTIONING PROPERLY,CLEAR,"DARKNESS, LIGHTED ROAD",REAR END,ONE-WAY,4,STRAIGHT AND LEVEL,DRY,NO DEFECTS,ON SCENE,NO INJURY / DRIVE AWAY,,,,"OVER $1,500",11/4/2017 6:12,DISTRACTION - FROM INSIDE VEHICLE,FAILING TO REDUCE SPEED TO AVOID CRASH,7102,S,STATE ST,323,,,,,,,2,NO INDICATION OF INJURY,0,0,0,0,0,2,0,6,7,11,41.76533871,-87.62504921,POINT (-87.62504920711 41.765338707348),1
JA498261,,11/4/2017 6:06,30,NO CONTROLS,NO CONTROLS,CLEAR,DAWN,PARKED MOTOR VEHICLE,ONE-WAY,1,STRAIGHT AND LEVEL,DRY,NO DEFECTS,ON SCENE,INJURY AND / OR TOW DUE TO CRASH,,,Y,"OVER $1,500",11/4/2017 6:42,UNABLE TO DETERMINE,NOT APPLICABLE,3836,W,19TH ST,1014,,,,,,,2,NO INDICATION OF INJURY,0,0,0,0,0,1,0,6,7,11,41.85514165,-87.7213342,POINT (-87.721334195365 41.855141652358),1
JA498297,,11/4/2017 6:20,35,TRAFFIC SIGNAL,FUNCTIONING PROPERLY,CLEAR,"DARKNESS, LIGHTED ROAD",TURNING,NOT DIVIDED,2,STRAIGHT AND LEVEL,DRY,NO DEFECTS,NOT ON SCENE (DESK REPORT),NO INJURY / DRIVE AWAY,,,,"$501 - $1,500",11/4/2017 8:40,DISREGARDING TRAFFIC SIGNALS,DISREGARDING TRAFFIC SIGNALS,3902,S,WALLACE ST,925,,,,,,,2,NO INDICATION OF INJURY,0,0,0,0,0,2,0,6,7,11,41.82337677,-87.6412069,POINT (-87.64120689672 41.823376769442),1
JA498266,,11/4/2017 6:20,30,TRAFFIC SIGNAL,FUNCTIONING PROPERLY,CLEAR,DAWN,ANGLE,DIVIDED - W/MEDIAN (NOT RAISED),4,STRAIGHT AND LEVEL,DRY,NO DEFECTS,ON SCENE,NO INJURY / DRIVE AWAY,Y,,Y,"$501 - $1,500",11/4/2017 6:44,DISREGARDING TRAFFIC SIGNALS,UNABLE TO DETERMINE,3900,S,WALLACE ST,925,,,,,,,2,NO INDICATION OF INJURY,0,0,0,0,0,2,0,6,7,11,41.82343237,-87.64120789,POINT (-87.641207888873 41.823432370008),1
JA498260,,11/4/2017 6:23,25,TRAFFIC SIGNAL,FUNCTIONING PROPERLY,CLEAR,DARKNESS,TURNING,OTHER,2,STRAIGHT AND LEVEL,DRY,NO DEFECTS,NOT ON SCENE (DESK REPORT),NO INJURY / DRIVE AWAY,,,,"OVER $1,500",11/4/2017 7:03,FAILING TO YIELD RIGHT-OF-WAY,IMPROPER TURNING/NO SIGNAL,3900,S,WALLACE ST,925,,,,,,,2,NO INDICATION OF INJURY,0,0,0,0,0,2,0,6,7,11,41.82343237,-87.64120789,POINT (-87.641207888873 41.823432370008),1
JA498252,,11/4/2017 6:24,30,NO CONTROLS,NO CONTROLS,CLEAR,"DARKNESS, LIGHTED ROAD",PARKED MOTOR VEHICLE,NOT DIVIDED,,"CURVE, LEVEL",DRY,NO DEFECTS,ON SCENE,NO INJURY / DRIVE AWAY,,,Y,"OVER $1,500",11/4/2017 6:24,UNABLE TO DETERMINE,NOT APPLICABLE,5627,N,RIDGE AVE,2013,,,,,,,2,NO INDICATION OF INJURY,0,0,0,0,0,1,0,6,7,11,41.98430122,-87.66093899,POINT (-87.66093898511 41.984301223398),1
JA498263,,11/4/2017 6:40,25,YIELD,FUNCTIONING PROPERLY,CLOUDY/OVERCAST,DAYLIGHT,TURNING,ONE-WAY,1,STRAIGHT AND LEVEL,DRY,NO DEFECTS,NOT ON SCENE (DESK REPORT),INJURY AND / OR TOW DUE TO CRASH,Y,,,"OVER $1,500",11/4/2017 6:50,FAILING TO YIELD RIGHT-OF-WAY,NOT APPLICABLE,2200,E,71ST ST,331,,,,,,,2,NO INDICATION OF INJURY,0,0,0,0,0,2,0,6,7,11,41.76639714,-87.57134594,POINT (-87.571345935413 41.766397140399),1
JA498775,,11/4/2017 7:00,30,NO CONTROLS,NO CONTROLS,RAIN,DAYLIGHT,TURNING,PARKING LOT,,STRAIGHT AND LEVEL,WET,NO DEFECTS,NOT ON SCENE (DESK REPORT),NO INJURY / DRIVE AWAY,,Y,,"OVER $1,500",11/4/2017 15:00,FAILING TO YIELD RIGHT-OF-WAY,NOT APPLICABLE,2406,S,WOLCOTT AVE,1034,,,,,,,2,NO INDICATION OF INJURY,0,0,0,0,0,2,0,7,7,11,41.8482749,-87.67343238,POINT (-87.67343238082 41.848274899855),1
JA498286,,11/4/2017 7:30,30,NO CONTROLS,NO CONTROLS,RAIN,DAWN,REAR END,NOT DIVIDED,2,STRAIGHT AND LEVEL,WET,NO DEFECTS,ON SCENE,NO INJURY / DRIVE AWAY,Y,,,"OVER $1,500",11/4/2017 7:45,UNABLE TO DETERMINE,NOT APPLICABLE,3831,W,26TH ST,1031,,,,,,,2,NO INDICATION OF INJURY,0,0,0,0,0,2,0,7,7,11,41.84419028,-87.72082805,POINT (-87.720828050735 41.844190275694),1
JA498275,,11/4/2017 7:36,30,TRAFFIC SIGNAL,FUNCTIONING PROPERLY,RAIN,"DARKNESS, LIGHTED ROAD",TURNING,NOT DIVIDED,0,STRAIGHT AND LEVEL,WET,NO DEFECTS,ON SCENE,INJURY AND / OR TOW DUE TO CRASH,Y,,,"OVER $1,500",11/4/2017 7:40,IMPROPER LANE USAGE,EQUIPMENT - VEHICLE CONDITION,3604,W,ROOSEVELT RD,1133,,,,,,,2,NO INDICATION OF INJURY,0,0,0,0,0,2,0,7,7,11,41.86639716,-87.71563807,POINT (-87.715638073882 41.866397157071),1
JA498292,,11/4/2017 7:40,20,TRAFFIC SIGNAL,FUNCTIONING PROPERLY,RAIN,DAYLIGHT,REAR END,NOT DIVIDED,4,STRAIGHT AND LEVEL,WET,UNKNOWN,ON SCENE,NO INJURY / DRIVE AWAY,,,,$500 OR LESS,11/4/2017 8:00,FOLLOWING TOO CLOSELY,UNABLE TO DETERMINE,4300,S,CALIFORNIA AVE,922,,,,,,,2,NO INDICATION OF INJURY,0,0,0,0,0,2,0,7,7,11,41.81544961,-87.6945694,POINT (-87.694569400937 41.815449611067),1
JA506338,,11/4/2017 7:40,30,NO CONTROLS,NO CONTROLS,CLEAR,DAYLIGHT,TURNING,NOT DIVIDED,2,STRAIGHT AND LEVEL,DRY,NO DEFECTS,ON SCENE,NO INJURY / DRIVE AWAY,,,,"$501 - $1,500",11/10/2017 11:15,IMPROPER TURNING/NO SIGNAL,IMPROPER TURNING/NO SIGNAL,1511,N,MILWAUKEE AVE,1424,,,,,,,2,NO INDICATION OF INJURY,0,0,0,0,0,2,0,7,7,11,41.90903765,-87.67514592,POINT (-87.67514592249 41.909037654061),1
JA498387,,11/4/2017 7:45,35,TRAFFIC SIGNAL,FUNCTIONING PROPERLY,CLEAR,DAYLIGHT,REAR END,NOT DIVIDED,2,STRAIGHT AND LEVEL,DRY,NO DEFECTS,NOT ON SCENE (DESK REPORT),NO INJURY / DRIVE AWAY,,,,"$501 - $1,500",11/4/2017 10:09,FOLLOWING TOO CLOSELY,FOLLOWING TOO CLOSELY,232,W,63RD ST,711,,,,,,,2,NO INDICATION OF INJURY,0,0,0,0,0,3,0,7,7,11,41.78007919,-87.63139823,POINT (-87.631398227912 41.780079189939),1
JA498276,Y,11/4/2017 7:45,20,NO CONTROLS,NO CONTROLS,RAIN,DAYLIGHT,SIDESWIPE SAME DIRECTION,ONE-WAY,1,STRAIGHT AND LEVEL,WET,NO DEFECTS,NOT ON SCENE (DESK REPORT),NO INJURY / DRIVE AWAY,,,,"OVER $1,500",11/4/2017 7:50,UNABLE TO DETERMINE,UNABLE TO DETERMINE,601,N,RUSH ST,1834,,,,,,,2,NO INDICATION OF INJURY,0,0,0,0,0,2,0,7,7,11,41.89256836,-87.6252484,POINT (-87.625248397383 41.892568363917),1
JA498284,,11/4/2017 7:48,30,TRAFFIC SIGNAL,FUNCTIONING PROPERLY,CLOUDY/OVERCAST,DAYLIGHT,SIDESWIPE SAME DIRECTION,NOT DIVIDED,6,STRAIGHT AND LEVEL,WET,NO DEFECTS,ON SCENE,NO INJURY / DRIVE AWAY,,,,$500 OR LESS,11/4/2017 8:01,DRIVING SKILLS/KNOWLEDGE/EXPERIENCE,UNABLE TO DETERMINE,6858,S,WESTERN AVE,832,,,,,,,2,NO INDICATION OF INJURY,0,0,0,0,0,2,0,7,7,11,41.76842012,-87.68349303,POINT (-87.683493032482 41.768420118063),1
JA500967,,11/4/2017 8:00,25,NO CONTROLS,NO CONTROLS,RAIN,DAYLIGHT,PARKED MOTOR VEHICLE,NOT DIVIDED,,STRAIGHT AND LEVEL,WET,NO DEFECTS,NOT ON SCENE (DESK REPORT),NO INJURY / DRIVE AWAY,,,Y,"$501 - $1,500",11/6/2017 11:30,UNABLE TO DETERMINE,UNABLE TO DETERMINE,101,W,DIVISION ST,1824,,,,,,,2,NO INDICATION OF INJURY,0,0,0,0,0,1,0,8,7,11,41.90378983,-87.63151543,POINT (-87.631515429359 41.903789830013),1
JA498312,,11/4/2017 8:00,30,NO CONTROLS,NO CONTROLS,CLEAR,DAYLIGHT,PARKED MOTOR VEHICLE,NOT DIVIDED,4,STRAIGHT AND LEVEL,WET,NO DEFECTS,ON SCENE,NO INJURY / DRIVE AWAY,,,Y,"$501 - $1,500",11/4/2017 8:31,UNABLE TO DETERMINE,UNABLE TO DETERMINE,10409,S,WESTERN AVE,2212,,,,,,,2,NO INDICATION OF INJURY,0,0,0,0,0,1,0,8,7,11,41.70423994,-87.6814083,POINT (-87.68140829849 41.704239935644),1
JA498294,,11/4/2017 8:05,30,NO CONTROLS,NO CONTROLS,RAIN,DAWN,REAR END,NOT DIVIDED,2,STRAIGHT AND LEVEL,WET,NO DEFECTS,ON SCENE,INJURY AND / OR TOW DUE TO CRASH,Y,,,"OVER $1,500",11/4/2017 8:10,UNABLE TO DETERMINE,"VISION OBSCURED (SIGNS, TREE LIMBS, BUILDINGS, ETC.)",3835,W,71ST ST,833,,,,,,,3,NO INDICATION OF INJURY,0,0,0,0,0,3,0,8,7,11,41.76403615,-87.71877918,POINT (-87.718779180805 41.76403614829),1
JA498296,,11/4/2017 8:09,30,NO CONTROLS,NO CONTROLS,RAIN,"DARKNESS, LIGHTED ROAD",PARKED MOTOR VEHICLE,DIVIDED - W/MEDIAN (NOT RAISED),4,STRAIGHT AND LEVEL,WET,NO DEFECTS,ON SCENE,INJURY AND / OR TOW DUE TO CRASH,,,,"OVER $1,500",11/4/2017 8:10,DISTRACTION - FROM INSIDE VEHICLE,WEATHER,5918,W,IRVING PARK RD,1624,,,,,,,3,NO INDICATION OF INJURY,0,0,0,0,0,1,0,8,7,11,41.95318354,-87.77510102,POINT (-87.775101019986 41.95318353908),1
JA498295,,11/4/2017 8:10,30,NO CONTROLS,NO CONTROLS,RAIN,DAYLIGHT,REAR END,DIVIDED - W/MEDIAN (NOT RAISED),2,STRAIGHT AND LEVEL,WET,NO DEFECTS,NOT ON SCENE (DESK REPORT),NO INJURY / DRIVE AWAY,,,,"OVER $1,500",11/4/2017 8:30,FAILING TO YIELD RIGHT-OF-WAY,IMPROPER BACKING,3157,S,CALIFORNIA AVE,1034,,,,,,,2,NO INDICATION OF INJURY,0,0,0,0,0,2,0,8,7,11,41.8349859,-87.69481519,POINT (-87.694815191365 41.834985899131),1
JA498307,,11/4/2017 8:10,30,NO CONTROLS,NO CONTROLS,CLOUDY/OVERCAST,DAYLIGHT,REAR END,DIVIDED - W/MEDIAN (NOT RAISED),,STRAIGHT AND LEVEL,WET,NO DEFECTS,NOT ON SCENE (DESK REPORT),NO INJURY / DRIVE AWAY,,,,"OVER $1,500",11/4/2017 9:06,FAILING TO YIELD RIGHT-OF-WAY,FAILING TO YIELD RIGHT-OF-WAY,2323,W,111TH ST,2212,,,,,,,2,NO INDICATION OF INJURY,0,0,0,0,0,2,0,8,7,11,41.6916792,-87.67977917,POINT (-87.679779172526 41.691679204031),1
JA498349,,11/4/2017 8:15,15,NO CONTROLS,NO CONTROLS,RAIN,DAYLIGHT,ANIMAL,ALLEY,1,STRAIGHT AND LEVEL,WET,NO DEFECTS,ON SCENE,NO INJURY / DRIVE AWAY,,,N,"$501 - $1,500",11/4/2017 9:12,UNABLE TO DETERMINE,UNABLE TO DETERMINE,5422,W,ADDISON ST,1633,,,,,,,1,NO INDICATION OF INJURY,0,0,0,0,0,1,0,8,7,11,41.94603819,-87.76276949,POINT (-87.762769490272 41.946038190686),1
JA498309,N,11/4/2017 8:20,30,TRAFFIC SIGNAL,FUNCTIONING PROPERLY,RAIN,DAYLIGHT,TURNING,DIVIDED - W/MEDIAN (NOT RAISED),3,STRAIGHT AND LEVEL,WET,NO DEFECTS,ON SCENE,NO INJURY / DRIVE AWAY,,,Y,"OVER $1,500",11/4/2017 8:31,IMPROPER OVERTAKING/PASSING,FAILING TO YIELD RIGHT-OF-WAY,8300,S,DAMEN AVE,614,,,,,,,2,NO INDICATION OF INJURY,0,0,0,0,0,3,0,8,7,11,41.74284998,-87.67310736,POINT (-87.673107362988 41.742849980643),1
JA498336,,11/4/2017 8:30,30,TRAFFIC SIGNAL,FUNCTIONING PROPERLY,RAIN,DAYLIGHT,TURNING,NOT DIVIDED,2,STRAIGHT AND LEVEL,WET,NO DEFECTS,NOT ON SCENE (DESK REPORT),NO INJURY / DRIVE AWAY,,,,"OVER $1,500",11/4/2017 9:28,FAILING TO YIELD RIGHT-OF-WAY,UNABLE TO DETERMINE,130,E,RANDOLPH ST,114,,,,,,,2,NO INDICATION OF INJURY,0,0,0,0,0,2,0,8,7,11,41.88458837,-87.62327256,POINT (-87.623272561055 41.884588371969),1
JA498323,Y,11/4/2017 8:45,25,TRAFFIC SIGNAL,FUNCTIONING PROPERLY,RAIN,DAYLIGHT,REAR END,NOT DIVIDED,2,STRAIGHT AND LEVEL,WET,NO DEFECTS,ON SCENE,NO INJURY / DRIVE AWAY,,,,$500 OR LESS,11/4/2017 8:52,UNABLE TO DETERMINE,NOT APPLICABLE,311,W,BELMONT AVE,1934,,,,,,,2,NO INDICATION OF INJURY,0,0,0,0,0,2,0,8,7,11,41.94032177,-87.63834967,POINT (-87.638349669471 41.940321768867),1
JA498338,,11/4/2017 9:00,30,TRAFFIC SIGNAL,FUNCTIONING PROPERLY,RAIN,DAYLIGHT,PEDESTRIAN,NOT DIVIDED,,STRAIGHT AND LEVEL,WET,NO DEFECTS,ON SCENE,INJURY AND / OR TOW DUE TO CRASH,Y,,,"OVER $1,500",11/4/2017 9:05,DRIVING SKILLS/KNOWLEDGE/EXPERIENCE,WEATHER,5200,W,MADISON ST,1522,,,,,,,2,NONINCAPACITATING INJURY,1,0,0,1,0,1,0,9,7,11,41.88048075,-87.75513043,POINT (-87.755130432965 41.880480751702),1
JA504836,,11/4/2017 9:00,30,UNKNOWN,UNKNOWN,UNKNOWN,DAYLIGHT,OTHER OBJECT,UNKNOWN,,STRAIGHT AND LEVEL,UNKNOWN,UNKNOWN,NOT ON SCENE (DESK REPORT),NO INJURY / DRIVE AWAY,,,,"OVER $1,500",11/9/2017 9:45,"EVASIVE ACTION DUE TO ANIMAL, OBJECT, NONMOTORIST",UNABLE TO DETERMINE,5800,S,THROOP ST,713,,,,,,,1,NO INDICATION OF INJURY,0,0,0,0,0,1,0,9,7,11,41.78862848,-87.6573083,POINT (-87.657308299618 41.788628479575),1
JA498331,,11/4/2017 9:00,40,NO CONTROLS,NO CONTROLS,RAIN,DAYLIGHT,SIDESWIPE SAME DIRECTION,DIVIDED - W/MEDIAN BARRIER,8,STRAIGHT AND LEVEL,WET,OTHER,ON SCENE,INJURY AND / OR TOW DUE TO CRASH,,,,"OVER $1,500",11/4/2017 9:10,WEATHER,ROAD ENGINEERING/SURFACE/MARKING DEFECTS,2701,N,LAKE SHORE DR NB,1935,,,,,,,2,NO INDICATION OF INJURY,0,0,0,0,0,2,0,9,7,11,41.93151166,-87.6317741,POINT (-87.631774099085 41.93151166222),1
JA498562,,11/4/2017 9:10,30,NO CONTROLS,NO CONTROLS,RAIN,DAYLIGHT,PARKED MOTOR VEHICLE,PARKING LOT,,STRAIGHT AND LEVEL,SNOW OR SLUSH,NO DEFECTS,NOT ON SCENE (DESK REPORT),NO INJURY / DRIVE AWAY,,,Y,"$501 - $1,500",11/4/2017 12:25,UNABLE TO DETERMINE,UNABLE TO DETERMINE,1655,E,95TH ST,431,,,,,,,2,NO INDICATION OF INJURY,0,0,0,0,0,1,0,9,7,11,41.7222632,-87.58291764,POINT (-87.582917634619 41.722263198134),1
JA498533,,11/4/2017 9:14,30,NO CONTROLS,UNKNOWN,RAIN,DAYLIGHT,FIXED OBJECT,ALLEY,,STRAIGHT AND LEVEL,WET,NO DEFECTS,ON SCENE,NO INJURY / DRIVE AWAY,,Y,Y,"OVER $1,500",11/4/2017 11:15,IMPROPER BACKING,NOT APPLICABLE,1052,N,MASSASOIT AVE,1511,,,,,,,1,NO INDICATION OF INJURY,0,0,0,0,0,1,0,9,7,11,41.900004,-87.76936909,POINT (-87.769369084605 41.90000400303),1
JA498359,,11/4/2017 9:25,35,TRAFFIC SIGNAL,FUNCTIONING PROPERLY,RAIN,DAYLIGHT,REAR END,DIVIDED - W/MEDIAN (NOT RAISED),4,STRAIGHT AND LEVEL,WET,NO DEFECTS,NOT ON SCENE (DESK REPORT),NO INJURY / DRIVE AWAY,,,,"$501 - $1,500",11/4/2017 9:25,FOLLOWING TOO CLOSELY,NOT APPLICABLE,6400,W,NORTH AVE,2513,,,,,,,2,NO INDICATION OF INJURY,0,0,0,0,0,2,0,9,7,11,41.90925707,-87.78505659,POINT (-87.785056592855 41.909257073207),1
JA506695,,11/4/2017 9:25,25,UNKNOWN,UNKNOWN,UNKNOWN,DAYLIGHT,SIDESWIPE SAME DIRECTION,ONE-WAY,3,STRAIGHT AND LEVEL,UNKNOWN,UNKNOWN,NOT ON SCENE (DESK REPORT),NO INJURY / DRIVE AWAY,,,,"OVER $1,500",11/10/2017 16:05,UNABLE TO DETERMINE,UNABLE TO DETERMINE,350,N,ORLEANS ST,1831,,,,,,,2,NO INDICATION OF INJURY,0,0,0,0,0,3,0,9,7,11,41.88874104,-87.63708054,POINT (-87.637080540588 41.888741038132),1
JA498368,,11/4/2017 9:26,15,NO CONTROLS,NO CONTROLS,RAIN,DAYLIGHT,PEDESTRIAN,DIVIDED - W/MEDIAN BARRIER,2,STRAIGHT AND LEVEL,WET,NO DEFECTS,ON SCENE,INJURY AND / OR TOW DUE TO CRASH,,,Y,$500 OR LESS,11/4/2017 9:36,IMPROPER LANE USAGE,DISREGARDING STOP SIGN,705,E,81ST ST,631,,,,,,,2,"REPORTED, NOT EVIDENT",1,0,0,0,1,1,0,9,7,11,41.74748505,-87.60732694,POINT (-87.6073269354 41.747485045797),1
JA498363,,11/4/2017 9:28,30,NO CONTROLS,NO CONTROLS,RAIN,DAYLIGHT,TURNING,ALLEY,2,STRAIGHT AND LEVEL,WET,NO DEFECTS,ON SCENE,INJURY AND / OR TOW DUE TO CRASH,N,,,"OVER $1,500",11/4/2017 9:30,FAILING TO YIELD RIGHT-OF-WAY,IMPROPER TURNING/NO SIGNAL,914,N,NOBLE ST,1213,,,,,,,2,NONINCAPACITATING INJURY,1,0,0,1,0,1,0,9,7,11,41.89845446,-87.66261333,POINT (-87.662613328392 41.898454457421),1
JA498350,,11/4/2017 9:30,30,NO CONTROLS,NO CONTROLS,RAIN,DAYLIGHT,FIXED OBJECT,DIVIDED - W/MEDIAN BARRIER,3,STRAIGHT AND LEVEL,WET,NO DEFECTS,NOT ON SCENE (DESK REPORT),INJURY AND / OR TOW DUE TO CRASH,,,,"OVER $1,500",11/4/2017 9:45,NOT APPLICABLE,NOT APPLICABLE,6835,S,STONY ISLAND AVE,332,,,,,,,1,NO INDICATION OF INJURY,0,0,0,0,0,2,0,9,7,11,41.77047097,-87.58581907,POINT (-87.585819071588 41.770470971234),1