RD_NO,CRASH_DATE_EST_I,CRASH_DATE,POSTED_SPEED_LIMIT,TRAFFIC_CONTROL_DEVICE,DEVICE_CONDITION,WEATHER_CONDITION,LIGHTING_CONDITION,FIRST_CRASH_TYPE,TRAFFICWAY_TYPE,LANE_CNT,ALIGNMENT,ROADWAY_SURFACE_COND,ROAD_DEFECT,REPORT_TYPE,CRASH_TYPE,INTERSECTION_RELATED_I,NOT_RIGHT_OF_WAY_I,HIT_AND_RUN_I,DAMAGE,DATE_POLICE_NOTIFIED,PRIM_CONTRIBUTORY_CAUSE,SEC_CONTRIBUTORY_CAUSE,STREET_NO,STREET_DIRECTION,STREET_NAME,BEAT_OF_OCCURRENCE,PHOTOS_TAKEN_I,STATEMENTS_TAKEN_I,DOORING_I,WORK_ZONE_I,WORK_ZONE_TYPE,WORKERS_PRESENT_I,NUM_UNITS,MOST_SEVERE_INJURY,INJURIES_TOTAL,INJURIES_FATAL,INJURIES_INCAPACITATING,INJURIES_NON_INCAPACITATING,INJURIES_REPORTED_NOT_EVIDENT,INJURIES_NO_INDICATION,INJURIES_UNKNOWN,CRASH_HOUR,CRASH_DAY_OF_WEEK,CRASH_MONTH,LATITUDE,LONGITUDE,LOCATION,Join
JA498352,,11/4/2017 9:30,25,NO CONTROLS,NO CONTROLS,RAIN,DAYLIGHT,PARKED MOTOR VEHICLE,NOT DIVIDED,1,STRAIGHT AND LEVEL,WET,NO DEFECTS,ON SCENE,NO INJURY / DRIVE AWAY,,,Y,"OVER $1,500",11/4/2017 9:30,"OPERATING VEHICLE IN ERRATIC, RECKLESS, CARELESS, NEGLIGENT OR AGGRESSIVE MANNER",UNABLE TO DETERMINE,458,N,AVERS AVE,1122,,,,,,,2,NO INDICATION OF INJURY,0,0,0,0,0,1,0,9,7,11,41.88962789,-87.72239488,POINT (-87.722394884219 41.889627886907),1
JA498367,,11/4/2017 9:40,0,NO CONTROLS,NO CONTROLS,RAIN,DAYLIGHT,PEDESTRIAN,ALLEY,,STRAIGHT AND LEVEL,WET,NO DEFECTS,ON SCENE,INJURY AND / OR TOW DUE TO CRASH,,N,Y,"OVER $1,500",11/4/2017 9:44,FAILING TO YIELD RIGHT-OF-WAY,NOT APPLICABLE,5451,S,LAFLIN ST,934,,,,,,,2,NONINCAPACITATING INJURY,1,0,0,1,0,1,0,9,7,11,41.79437253,-87.66201831,POINT (-87.662018305735 41.794372526595),1
JA498571,,11/4/2017 9:40,30,STOP SIGN/FLASHER,FUNCTIONING PROPERLY,RAIN,DAYLIGHT,ANGLE,NOT DIVIDED,2,STRAIGHT AND LEVEL,WET,NO DEFECTS,NOT ON SCENE (DESK REPORT),NO INJURY / DRIVE AWAY,Y,,,"$501 - $1,500",11/4/2017 12:48,UNABLE TO DETERMINE,UNABLE TO DETERMINE,4454,N,DAMEN AVE,1911,,,,,,,2,NO INDICATION OF INJURY,0,0,0,0,0,2,0,9,7,11,41.9630679,-87.67916942,POINT (-87.679169420602 41.963067900093),1
JA498445,,11/4/2017 9:42,25,TRAFFIC SIGNAL,FUNCTIONING PROPERLY,RAIN,DAYLIGHT,REAR END,NOT DIVIDED,2,STRAIGHT AND LEVEL,WET,NO DEFECTS,ON SCENE,INJURY AND / OR TOW DUE TO CRASH,,,,"OVER $1,500",11/4/2017 10:35,DISREGARDING OTHER TRAFFIC SIGNS,FAILING TO REDUCE SPEED TO AVOID CRASH,345,W,FULLERTON PKWY,1814,,,,,,,2,NONINCAPACITATING INJURY,2,0,0,2,0,1,0,9,7,11,41.92551685,-87.63822189,POINT (-87.638221889715 41.925516848013),1
JA498393,,11/4/2017 9:45,30,TRAFFIC SIGNAL,FUNCTIONING PROPERLY,RAIN,DAYLIGHT,TURNING,DIVIDED - W/MEDIAN (NOT RAISED),4,STRAIGHT AND LEVEL,WET,NO DEFECTS,NOT ON SCENE (DESK REPORT),NO INJURY / DRIVE AWAY,Y,,Y,"OVER $1,500",11/4/2017 10:20,FAILING TO YIELD RIGHT-OF-WAY,UNABLE TO DETERMINE,4798,W,FULLERTON AVE,2521,,,,,,,2,NO INDICATION OF INJURY,0,0,0,0,0,2,0,9,7,11,41.92434992,-87.74624359,POINT (-87.746243590888 41.924349915846),1
JA498375,,11/4/2017 9:45,25,STOP SIGN/FLASHER,FUNCTIONING PROPERLY,RAIN,DAYLIGHT,PEDESTRIAN,DIVIDED - W/MEDIAN BARRIER,4,STRAIGHT AND LEVEL,WET,NO DEFECTS,ON SCENE,INJURY AND / OR TOW DUE TO CRASH,Y,,,"OVER $1,500",11/4/2017 9:50,DISREGARDING STOP SIGN,WEATHER,500,E,SOLIDARITY DR,132,,,,,,,3,"REPORTED, NOT EVIDENT",1,0,0,0,1,2,0,9,7,11,41.86643601,-87.61399834,POINT (-87.613998339216 41.86643601238),1
JA501126,,11/4/2017 9:45,30,STOP SIGN/FLASHER,FUNCTIONING PROPERLY,RAIN,DAYLIGHT,ANGLE,NOT DIVIDED,4,STRAIGHT AND LEVEL,UNKNOWN,UNKNOWN,NOT ON SCENE (DESK REPORT),NO INJURY / DRIVE AWAY,Y,,,"$501 - $1,500",11/6/2017 13:00,FAILING TO YIELD RIGHT-OF-WAY,FAILING TO YIELD RIGHT-OF-WAY,2000,W,SUNNYSIDE AVE,1911,,,,,,,2,NO INDICATION OF INJURY,0,0,0,0,0,2,0,9,7,11,41.96338284,-87.679112,POINT (-87.679111996142 41.963382837096),1
JA511664,,11/4/2017 10:00,35,TRAFFIC SIGNAL,FUNCTIONING PROPERLY,RAIN,DAYLIGHT,REAR END,NOT DIVIDED,4,STRAIGHT AND LEVEL,WET,NO DEFECTS,NOT ON SCENE (DESK REPORT),NO INJURY / DRIVE AWAY,Y,,,"$501 - $1,500",11/14/2017 16:09,FOLLOWING TOO CLOSELY,WEATHER,1098,W,SHERIDAN RD,2432,,,,,,,2,NO INDICATION OF INJURY,0,0,0,0,0,2,0,10,7,11,41.99831378,-87.65910848,POINT (-87.659108477214 41.998313780637),1
JA498381,,11/4/2017 10:00,30,TRAFFIC SIGNAL,UNKNOWN,RAIN,DAYLIGHT,PARKED MOTOR VEHICLE,NOT DIVIDED,2,STRAIGHT AND LEVEL,WET,UNKNOWN,ON SCENE,INJURY AND / OR TOW DUE TO CRASH,Y,,Y,"OVER $1,500",11/4/2017 10:05,DRIVING SKILLS/KNOWLEDGE/EXPERIENCE,UNABLE TO DETERMINE,3400,W,DOUGLAS BLVD,1021,,,,,,,5,INCAPACITATING INJURY,2,0,1,1,0,2,0,10,7,11,41.86301568,-87.71056628,POINT (-87.710566277072 41.863015682088),1
JA498416,,11/4/2017 10:00,30,STOP SIGN/FLASHER,FUNCTIONING PROPERLY,RAIN,DAYLIGHT,TURNING,DIVIDED - W/MEDIAN (NOT RAISED),2,STRAIGHT AND LEVEL,WET,NO DEFECTS,NOT ON SCENE (DESK REPORT),NO INJURY / DRIVE AWAY,Y,,Y,"OVER $1,500",11/4/2017 10:30,DISREGARDING STOP SIGN,DISREGARDING STOP SIGN,3018,N,MILWAUKEE AVE,2523,,,,,,,2,NO INDICATION OF INJURY,0,0,0,0,0,2,0,10,7,11,41.93598866,-87.71898231,POINT (-87.718982312677 41.935988658917),1
JA498495,,11/4/2017 10:00,20,NO CONTROLS,NO CONTROLS,RAIN,DAYLIGHT,SIDESWIPE OPPOSITE DIRECTION,NOT DIVIDED,1,STRAIGHT AND LEVEL,WET,NO DEFECTS,ON SCENE,NO INJURY / DRIVE AWAY,,,,"OVER $1,500",11/4/2017 10:15,UNABLE TO DETERMINE,FAILING TO REDUCE SPEED TO AVOID CRASH,3300,W,ADAMS ST,1124,,,,,,,2,NO INDICATION OF INJURY,0,0,0,0,0,2,0,10,7,11,41.87846559,-87.70855616,POINT (-87.708556161845 41.878465589911),1
JA498392,N,11/4/2017 10:01,30,NO CONTROLS,NO CONTROLS,RAIN,DAYLIGHT,PEDALCYCLIST,DIVIDED - W/MEDIAN (NOT RAISED),2,STRAIGHT AND LEVEL,WET,UNKNOWN,ON SCENE,INJURY AND / OR TOW DUE TO CRASH,,,,"$501 - $1,500",11/4/2017 10:03,WEATHER,WEATHER,4631,S,COTTAGE GROVE AVE,221,,Y,,,,,2,NONINCAPACITATING INJURY,1,0,0,1,0,1,0,10,7,11,41.81041718,-87.60643737,POINT (-87.606437368407 41.810417175906),1
JA498412,,11/4/2017 10:02,30,TRAFFIC SIGNAL,FUNCTIONING PROPERLY,RAIN,DAYLIGHT,REAR END,NOT DIVIDED,,STRAIGHT AND LEVEL,WET,NO DEFECTS,NOT ON SCENE (DESK REPORT),NO INJURY / DRIVE AWAY,Y,,Y,"OVER $1,500",11/4/2017 10:45,FOLLOWING TOO CLOSELY,IMPROPER OVERTAKING/PASSING,1001,W,IRVING PARK RD,1923,,,,,,,2,NO INDICATION OF INJURY,0,0,0,0,0,3,0,10,7,11,41.95437744,-87.65462132,POINT (-87.654621318301 41.954377436807),1
JA498444,,11/4/2017 10:15,0,NO CONTROLS,NO CONTROLS,RAIN,DAYLIGHT,SIDESWIPE SAME DIRECTION,NOT DIVIDED,1,STRAIGHT AND LEVEL,WET,NO DEFECTS,ON SCENE,NO INJURY / DRIVE AWAY,,,,"$501 - $1,500",11/4/2017 10:20,UNABLE TO DETERMINE,UNABLE TO DETERMINE,8318,S,KOSTNER AVE,834,,,,,,,2,NO INDICATION OF INJURY,0,0,0,0,0,2,0,10,7,11,41.74140467,-87.73151098,POINT (-87.731510979211 41.741404666854),1
JA498526,Y,11/4/2017 10:15,30,NO CONTROLS,NO CONTROLS,RAIN,DAYLIGHT,FIXED OBJECT,OTHER,1,STRAIGHT AND LEVEL,WET,NO DEFECTS,ON SCENE,NO INJURY / DRIVE AWAY,,,Y,"OVER $1,500",11/4/2017 12:00,NOT APPLICABLE,NOT APPLICABLE,1000,W,NORTH AVE,1811,,,,,,,2,NO INDICATION OF INJURY,0,0,0,0,0,2,0,10,7,11,41.91094876,-87.65315955,POINT (-87.653159551272 41.910948762561),1
JA498580,,11/4/2017 10:20,30,TRAFFIC SIGNAL,FUNCTIONING PROPERLY,RAIN,DAYLIGHT,REAR END,DIVIDED - W/MEDIAN (NOT RAISED),4,STRAIGHT AND LEVEL,WET,NO DEFECTS,NOT ON SCENE (DESK REPORT),INJURY AND / OR TOW DUE TO CRASH,Y,,,"OVER $1,500",11/4/2017 12:20,IMPROPER OVERTAKING/PASSING,UNABLE TO DETERMINE,500,W,ROOSEVELT RD,124,,,,,,,3,NONINCAPACITATING INJURY,1,0,0,1,0,5,0,10,7,11,41.86736269,-87.6392932,POINT (-87.639293194642 41.867362692617),1
JA498555,,11/4/2017 10:20,30,NO CONTROLS,NO CONTROLS,RAIN,DAYLIGHT,ANGLE,NOT DIVIDED,1,STRAIGHT AND LEVEL,WET,NO DEFECTS,NOT ON SCENE (DESK REPORT),NO INJURY / DRIVE AWAY,,,,"$501 - $1,500",11/4/2017 12:30,FAILING TO YIELD RIGHT-OF-WAY,FAILING TO YIELD RIGHT-OF-WAY,151,E,WACKER DR,114,,,,,,,2,NO INDICATION OF INJURY,0,0,0,0,0,2,0,10,7,11,41.88799989,-87.62256513,POINT (-87.62256513256 41.887999887349),1
JA498399,,11/4/2017 10:24,25,NO CONTROLS,NO CONTROLS,RAIN,DAYLIGHT,SIDESWIPE SAME DIRECTION,ONE-WAY,1,STRAIGHT ON GRADE,WET,NO DEFECTS,ON SCENE,INJURY AND / OR TOW DUE TO CRASH,,,,"OVER $1,500",11/4/2017 10:24,FAILING TO YIELD RIGHT-OF-WAY,UNABLE TO DETERMINE,5836,W,64TH PL,812,,,,,,,2,NO INDICATION OF INJURY,0,0,0,0,0,2,0,10,7,11,41.77531431,-87.7679916,POINT (-87.767991602592 41.775314304925),1
JA498474,,11/4/2017 10:30,20,NO CONTROLS,NO CONTROLS,RAIN,DAYLIGHT,FIXED OBJECT,PARKING LOT,1,STRAIGHT AND LEVEL,WET,UNKNOWN,NOT ON SCENE (DESK REPORT),INJURY AND / OR TOW DUE TO CRASH,,,N,"$501 - $1,500",11/4/2017 11:35,UNABLE TO DETERMINE,UNABLE TO DETERMINE,7050,S,PULASKI RD,833,,,,,,,1,NO INDICATION OF INJURY,0,0,0,0,0,1,0,10,7,11,41.76437292,-87.72251906,POINT (-87.72251905987 41.764372920118),1
JA489472,,11/4/2017 10:30,30,NO CONTROLS,NO CONTROLS,RAIN,DAYLIGHT,SIDESWIPE SAME DIRECTION,DIVIDED - W/MEDIAN BARRIER,4,STRAIGHT AND LEVEL,WET,NO DEFECTS,NOT ON SCENE (DESK REPORT),NO INJURY / DRIVE AWAY,N,,,"$501 - $1,500",11/4/2017 11:15,NOT APPLICABLE,NOT APPLICABLE,5518,S,CICERO AVE,813,,,,,,,2,NO INDICATION OF INJURY,0,0,0,0,0,4,0,10,7,11,41.79247402,-87.74184571,POINT (-87.741845708948 41.792474017912),1
JA498443,,11/4/2017 10:30,30,NO CONTROLS,NO CONTROLS,RAIN,DAYLIGHT,TURNING,ONE-WAY,,STRAIGHT AND LEVEL,WET,NO DEFECTS,NOT ON SCENE (DESK REPORT),NO INJURY / DRIVE AWAY,Y,,,"OVER $1,500",11/4/2017 11:18,IMPROPER TURNING/NO SIGNAL,IMPROPER OVERTAKING/PASSING,133,E,GRAND AVE,1834,,,,,,,2,NO INDICATION OF INJURY,0,0,0,0,0,3,0,10,7,11,41.89162116,-87.62425393,POINT (-87.624253929022 41.891621161011),1
JA501389,,11/4/2017 10:30,30,TRAFFIC SIGNAL,FUNCTIONING PROPERLY,RAIN,DAYLIGHT,OTHER NONCOLLISION,DIVIDED - W/MEDIAN (NOT RAISED),,STRAIGHT AND LEVEL,WET,UNKNOWN,NOT ON SCENE (DESK REPORT),NO INJURY / DRIVE AWAY,,,,"OVER $1,500",11/6/2017 16:04,NOT APPLICABLE,NOT APPLICABLE,455,N,COLUMBUS DR,1834,,,,,,,1,NO INDICATION OF INJURY,0,0,0,0,0,1,0,10,7,11,41.8902152,-87.62015088,POINT (-87.620150881862 41.890215195113),1
JA498487,,11/4/2017 10:30,30,TRAFFIC SIGNAL,FUNCTIONING PROPERLY,RAIN,DAYLIGHT,REAR END,NOT DIVIDED,2,STRAIGHT AND LEVEL,WET,NO DEFECTS,NOT ON SCENE (DESK REPORT),NO INJURY / DRIVE AWAY,,,,"OVER $1,500",11/4/2017 11:40,FOLLOWING TOO CLOSELY,NOT APPLICABLE,6163,N,NAGLE AVE,1611,,,,,,,2,NO INDICATION OF INJURY,0,0,0,0,0,2,0,10,7,11,41.9932577,-87.78739392,POINT (-87.787393920248 41.993257694682),1
JA498425,,11/4/2017 10:30,30,TRAFFIC SIGNAL,UNKNOWN,RAIN,DAYLIGHT,SIDESWIPE SAME DIRECTION,DIVIDED - W/MEDIAN (NOT RAISED),,STRAIGHT AND LEVEL,WET,NO DEFECTS,NOT ON SCENE (DESK REPORT),NO INJURY / DRIVE AWAY,,,Y,"OVER $1,500",11/4/2017 10:50,WEATHER,UNABLE TO DETERMINE,2931,W,PETERSON AVE,2011,,,,,,,2,NO INDICATION OF INJURY,0,0,0,0,0,2,0,10,7,11,41.99031353,-87.70297799,POINT (-87.702977987652 41.990313528649),1
JA498636,,11/4/2017 10:30,30,NO CONTROLS,NO CONTROLS,RAIN,DAYLIGHT,REAR END,DIVIDED - W/MEDIAN (NOT RAISED),2,STRAIGHT AND LEVEL,WET,NO DEFECTS,NOT ON SCENE (DESK REPORT),NO INJURY / DRIVE AWAY,,,,"OVER $1,500",11/4/2017 13:15,FOLLOWING TOO CLOSELY,FAILING TO REDUCE SPEED TO AVOID CRASH,5201,W,LAWRENCE AVE,1623,,,,,,,2,NO INDICATION OF INJURY,0,0,0,0,0,3,0,10,7,11,41.9677908,-87.75777711,POINT (-87.757777113666 41.967790795849),1
JA498428,,11/4/2017 10:40,30,STOP SIGN/FLASHER,FUNCTIONING PROPERLY,RAIN,DAYLIGHT,TURNING,NOT DIVIDED,,STRAIGHT AND LEVEL,WET,SHOULDER DEFECT,ON SCENE,INJURY AND / OR TOW DUE TO CRASH,Y,,,"OVER $1,500",11/4/2017 10:40,IMPROPER TURNING/NO SIGNAL,FOLLOWING TOO CLOSELY,6800,N,CLARK ST,2424,,,,,,,2,INCAPACITATING INJURY,1,0,1,0,0,1,0,10,7,11,42.00536657,-87.67326201,POINT (-87.67326200571 42.005366572754),1
JA498442,,11/4/2017 10:40,30,NO CONTROLS,NO CONTROLS,RAIN,DAYLIGHT,TURNING,DIVIDED - W/MEDIAN BARRIER,2,STRAIGHT AND LEVEL,WET,NO DEFECTS,ON SCENE,INJURY AND / OR TOW DUE TO CRASH,,,,"OVER $1,500",11/4/2017 10:50,IMPROPER TURNING/NO SIGNAL,NOT APPLICABLE,8345,S,ASHLAND AVE,614,,,,,,,2,"REPORTED, NOT EVIDENT",1,0,0,0,1,2,0,10,7,11,41.74174165,-87.66307333,POINT (-87.663073329251 41.741741651402),1
JA498418,,11/4/2017 10:40,30,STOP SIGN/FLASHER,OTHER,RAIN,DAYLIGHT,ANGLE,OTHER,,STRAIGHT AND LEVEL,WET,NO DEFECTS,ON SCENE,INJURY AND / OR TOW DUE TO CRASH,Y,,,"OVER $1,500",11/4/2017 10:41,DISREGARDING STOP SIGN,FAILING TO YIELD RIGHT-OF-WAY,1900,N,CALIFORNIA AVE,1421,,,,,,,2,NO INDICATION OF INJURY,0,0,0,0,0,3,0,10,7,11,41.91576102,-87.69729581,POINT (-87.697295810855 41.915761023246),1
JA498589,Y,11/4/2017 10:45,30,NO CONTROLS,NO CONTROLS,UNKNOWN,UNKNOWN,PARKED MOTOR VEHICLE,DIVIDED - W/MEDIAN (NOT RAISED),,STRAIGHT AND LEVEL,UNKNOWN,NO DEFECTS,ON SCENE,NO INJURY / DRIVE AWAY,,,Y,"OVER $1,500",11/4/2017 13:00,UNABLE TO DETERMINE,NOT APPLICABLE,2449,N,RACINE AVE,1932,,,,,,,3,NO INDICATION OF INJURY,0,0,0,0,0,1,0,10,7,11,41.92674977,-87.65835659,POINT (-87.658356594058 41.926749766094),1
JA498458,,11/4/2017 10:45,30,STOP SIGN/FLASHER,FUNCTIONING PROPERLY,RAIN,DAYLIGHT,SIDESWIPE OPPOSITE DIRECTION,ONE-WAY,1,STRAIGHT AND LEVEL,WET,NO DEFECTS,NOT ON SCENE (DESK REPORT),NO INJURY / DRIVE AWAY,,,,"$501 - $1,500",11/4/2017 11:05,"VISION OBSCURED (SIGNS, TREE LIMBS, BUILDINGS, ETC.)",WEATHER,297,S,KILDARE AVE,1115,,,,,,,2,NO INDICATION OF INJURY,0,0,0,0,0,2,0,10,7,11,41.87704472,-87.73275427,POINT (-87.732754268806 41.877044719527),1
JA500107,,11/4/2017 10:49,0,NO CONTROLS,NO CONTROLS,CLEAR,DARKNESS,PARKED MOTOR VEHICLE,PARKING LOT,0,STRAIGHT AND LEVEL,DRY,NO DEFECTS,NOT ON SCENE (DESK REPORT),NO INJURY / DRIVE AWAY,,Y,,"OVER $1,500",11/5/2017 16:25,FAILING TO REDUCE SPEED TO AVOID CRASH,DRIVING SKILLS/KNOWLEDGE/EXPERIENCE,4400,S,PULASKI RD,815,,,,,,,2,NO INDICATION OF INJURY,0,0,0,0,0,1,0,10,7,11,41.8132716,-87.72393521,POINT (-87.723935214329 41.813271598175),1
JA498456,,11/4/2017 10:52,30,TRAFFIC SIGNAL,FUNCTIONING PROPERLY,RAIN,DAYLIGHT,REAR END,DIVIDED - W/MEDIAN BARRIER,8,STRAIGHT AND LEVEL,WET,NO DEFECTS,ON SCENE,NO INJURY / DRIVE AWAY,Y,,Y,"OVER $1,500",11/4/2017 10:53,UNABLE TO DETERMINE,NOT APPLICABLE,9503,S,STONY ISLAND AVE,431,,,,,,,2,NO INDICATION OF INJURY,0,0,0,0,0,2,0,10,7,11,41.72217898,-87.58496182,POINT (-87.584961821575 41.722178979621),1
JA498441,,11/4/2017 10:58,30,TRAFFIC SIGNAL,FUNCTIONING PROPERLY,RAIN,DAYLIGHT,REAR END,DIVIDED - W/MEDIAN (NOT RAISED),,STRAIGHT AND LEVEL,WET,NO DEFECTS,ON SCENE,INJURY AND / OR TOW DUE TO CRASH,Y,,,$500 OR LESS,11/4/2017 10:59,FAILING TO REDUCE SPEED TO AVOID CRASH,WEATHER,5831,W,IRVING PARK RD,1633,,,,,,,3,"REPORTED, NOT EVIDENT",1,0,0,0,1,4,0,10,7,11,41.95299188,-87.77317035,POINT (-87.773170345231 41.952991877587),1
JA498479,,11/4/2017 11:00,30,NO CONTROLS,NO CONTROLS,RAIN,DAYLIGHT,TURNING,DIVIDED - W/MEDIAN (NOT RAISED),2,STRAIGHT AND LEVEL,WET,NO DEFECTS,ON SCENE,NO INJURY / DRIVE AWAY,Y,,,$500 OR LESS,11/4/2017 11:06,FAILING TO REDUCE SPEED TO AVOID CRASH,EXCEEDING SAFE SPEED FOR CONDITIONS,3235,W,51ST ST,822,,,,,,,2,NO INDICATION OF INJURY,0,0,0,0,0,2,0,11,7,11,41.80069263,-87.70513113,POINT (-87.705131125388 41.800692626629),1
JA498462,,11/4/2017 11:00,30,TRAFFIC SIGNAL,FUNCTIONING PROPERLY,RAIN,DAYLIGHT,TURNING,CENTER TURN LANE,,STRAIGHT AND LEVEL,WET,NO DEFECTS,ON SCENE,NO INJURY / DRIVE AWAY,Y,,,"OVER $1,500",11/4/2017 11:08,IMPROPER LANE USAGE,NOT APPLICABLE,3200,W,47TH ST,821,,,,,,,2,NO INDICATION OF INJURY,0,0,0,0,0,2,0,11,7,11,41.80822625,-87.70403167,POINT (-87.70403167216 41.808226246244),1
JA498791,,11/4/2017 11:00,30,NO CONTROLS,NO CONTROLS,RAIN,DAYLIGHT,ANGLE,ALLEY,1,STRAIGHT AND LEVEL,WET,UNKNOWN,NOT ON SCENE (DESK REPORT),NO INJURY / DRIVE AWAY,,,Y,"$501 - $1,500",11/4/2017 15:15,UNABLE TO DETERMINE,UNABLE TO DETERMINE,7548,S,EMERALD AVE,621,,,,,,,2,NO INDICATION OF INJURY,0,0,0,0,0,2,0,11,7,11,41.75645658,-87.64311435,POINT (-87.643114348751 41.756456574951),1
JA498440,,11/4/2017 11:02,30,NO CONTROLS,NO CONTROLS,CLEAR,DAYLIGHT,SIDESWIPE SAME DIRECTION,NOT DIVIDED,,STRAIGHT AND LEVEL,WET,NO DEFECTS,ON SCENE,INJURY AND / OR TOW DUE TO CRASH,,,,"OVER $1,500",11/4/2017 11:23,IMPROPER OVERTAKING/PASSING,UNABLE TO DETERMINE,8125,S,HALSTED ST,622,,,,,,,3,NONINCAPACITATING INJURY,2,0,0,2,0,0,0,11,7,11,41.74623627,-87.64376604,POINT (-87.643766037833 41.74623627172),1
JA498447,,11/4/2017 11:05,30,TRAFFIC SIGNAL,FUNCTIONING PROPERLY,RAIN,DAYLIGHT,PEDESTRIAN,DIVIDED - W/MEDIAN (NOT RAISED),,STRAIGHT AND LEVEL,WET,NO DEFECTS,ON SCENE,INJURY AND / OR TOW DUE TO CRASH,Y,,,"OVER $1,500",11/4/2017 11:05,DISREGARDING YIELD SIGN,NOT APPLICABLE,4309,W,ADDISON ST,1731,,,,,,,2,INCAPACITATING INJURY,1,0,1,0,0,1,0,11,7,11,41.94615758,-87.73564469,POINT (-87.735644687312 41.946157575612),1
JA498468,,11/4/2017 11:05,30,NO CONTROLS,NO CONTROLS,RAIN,DAYLIGHT,REAR END,DIVIDED - W/MEDIAN (NOT RAISED),2,STRAIGHT AND LEVEL,WET,NO DEFECTS,ON SCENE,INJURY AND / OR TOW DUE TO CRASH,,,,"OVER $1,500",11/4/2017 11:10,FAILING TO REDUCE SPEED TO AVOID CRASH,UNABLE TO DETERMINE,423,W,MARQUETTE RD,722,,,,,,,3,NONINCAPACITATING INJURY,1,0,0,1,0,3,0,11,7,11,41.77250938,-87.6357983,POINT (-87.635798298865 41.772509374626),1
JA498464,,11/4/2017 11:10,30,NO CONTROLS,NO CONTROLS,CLEAR,DAYLIGHT,TURNING,NOT DIVIDED,4,STRAIGHT AND LEVEL,WET,NO DEFECTS,NOT ON SCENE (DESK REPORT),NO INJURY / DRIVE AWAY,,,,"OVER $1,500",11/4/2017 11:34,IMPROPER TURNING/NO SIGNAL,UNABLE TO DETERMINE,21,N,STATE ST,112,,,,,,,2,NO INDICATION OF INJURY,0,0,0,0,0,2,0,11,7,11,41.88254365,-87.62770368,POINT (-87.627703679621 41.882543649986),1
JA498704,,11/4/2017 11:13,30,TRAFFIC SIGNAL,FUNCTIONING PROPERLY,RAIN,DAYLIGHT,SIDESWIPE SAME DIRECTION,NOT DIVIDED,,STRAIGHT AND LEVEL,WET,NO DEFECTS,NOT ON SCENE (DESK REPORT),NO INJURY / DRIVE AWAY,Y,,Y,"OVER $1,500",11/4/2017 14:20,IMPROPER OVERTAKING/PASSING,NOT APPLICABLE,1901,N,ELSTON AVE,1433,,,,,,,2,NO INDICATION OF INJURY,0,0,0,0,0,2,0,11,7,11,41.91654727,-87.66631168,POINT (-87.666311678945 41.916547274199),1
JA498489,,11/4/2017 11:15,30,STOP SIGN/FLASHER,FUNCTIONING PROPERLY,RAIN,DAYLIGHT,TURNING,NOT DIVIDED,2,STRAIGHT AND LEVEL,WET,NO DEFECTS,ON SCENE,INJURY AND / OR TOW DUE TO CRASH,Y,,,"OVER $1,500",11/4/2017 11:28,FAILING TO YIELD RIGHT-OF-WAY,FAILING TO YIELD RIGHT-OF-WAY,1000,N,PARKSIDE AVE,1511,,,,,,,2,"REPORTED, NOT EVIDENT",2,0,0,0,2,1,0,11,7,11,41.89856818,-87.7668863,POINT (-87.766886303588 41.898568175062),1
JA498471,,11/4/2017 11:15,30,NO CONTROLS,NO CONTROLS,RAIN,DAYLIGHT,PARKED MOTOR VEHICLE,DIVIDED - W/MEDIAN (NOT RAISED),,STRAIGHT AND LEVEL,WET,NO DEFECTS,NOT ON SCENE (DESK REPORT),NO INJURY / DRIVE AWAY,,,,"OVER $1,500",11/4/2017 11:30,WEATHER,NOT APPLICABLE,1723,W,DEVON AVE,2433,,,,,,,2,NO INDICATION OF INJURY,0,0,0,0,0,1,0,11,7,11,41.99792364,-87.67291498,POINT (-87.672914984215 41.997923642893),1
JA498578,,11/4/2017 11:15,30,NO CONTROLS,NO CONTROLS,RAIN,DAYLIGHT,PARKED MOTOR VEHICLE,ONE-WAY,1,STRAIGHT AND LEVEL,WET,NO DEFECTS,NOT ON SCENE (DESK REPORT),NO INJURY / DRIVE AWAY,,,Y,"OVER $1,500",11/4/2017 11:15,IMPROPER LANE USAGE,DRIVING SKILLS/KNOWLEDGE/EXPERIENCE,227,N,KOSTNER AVE,1114,,,,,,,2,NO INDICATION OF INJURY,0,0,0,0,0,1,0,11,7,11,41.88422263,-87.73544339,POINT (-87.735443387328 41.884222626724),1
JA498631,,11/4/2017 11:20,30,NO CONTROLS,NO CONTROLS,RAIN,DAYLIGHT,ANGLE,ONE-WAY,,STRAIGHT AND LEVEL,WET,NO DEFECTS,NOT ON SCENE (DESK REPORT),NO INJURY / DRIVE AWAY,Y,,,"OVER $1,500",11/4/2017 13:32,IMPROPER LANE USAGE,IMPROPER LANE USAGE,2728,W,61ST ST,825,,,,,,,2,NO INDICATION OF INJURY,0,0,0,0,0,2,0,11,7,11,41.78288975,-87.69221924,POINT (-87.692219241782 41.782889750649),1
JA498499,,11/4/2017 11:23,30,NO CONTROLS,NO CONTROLS,RAIN,DAYLIGHT,SIDESWIPE SAME DIRECTION,NOT DIVIDED,2,STRAIGHT AND LEVEL,WET,NO DEFECTS,ON SCENE,NO INJURY / DRIVE AWAY,,,,"OVER $1,500",11/4/2017 11:33,IMPROPER OVERTAKING/PASSING,UNABLE TO DETERMINE,3729,W,LAWRENCE AVE,1723,,,,,,,2,NO INDICATION OF INJURY,0,0,0,0,0,3,0,11,7,11,41.968198,-87.72197704,POINT (-87.721977034541 41.968198001312),1