RD_NO,CRASH_DATE_EST_I,CRASH_DATE,POSTED_SPEED_LIMIT,TRAFFIC_CONTROL_DEVICE,DEVICE_CONDITION,WEATHER_CONDITION,LIGHTING_CONDITION,FIRST_CRASH_TYPE,TRAFFICWAY_TYPE,LANE_CNT,ALIGNMENT,ROADWAY_SURFACE_COND,ROAD_DEFECT,REPORT_TYPE,CRASH_TYPE,INTERSECTION_RELATED_I,NOT_RIGHT_OF_WAY_I,HIT_AND_RUN_I,DAMAGE,DATE_POLICE_NOTIFIED,PRIM_CONTRIBUTORY_CAUSE,SEC_CONTRIBUTORY_CAUSE,STREET_NO,STREET_DIRECTION,STREET_NAME,BEAT_OF_OCCURRENCE,PHOTOS_TAKEN_I,STATEMENTS_TAKEN_I,DOORING_I,WORK_ZONE_I,WORK_ZONE_TYPE,WORKERS_PRESENT_I,NUM_UNITS,MOST_SEVERE_INJURY,INJURIES_TOTAL,INJURIES_FATAL,INJURIES_INCAPACITATING,INJURIES_NON_INCAPACITATING,INJURIES_REPORTED_NOT_EVIDENT,INJURIES_NO_INDICATION,INJURIES_UNKNOWN,CRASH_HOUR,CRASH_DAY_OF_WEEK,CRASH_MONTH,LATITUDE,LONGITUDE,LOCATION,Join
JA498493,,11/4/2017 11:25,0,STOP SIGN/FLASHER,FUNCTIONING PROPERLY,RAIN,DAYLIGHT,ANGLE,ONE-WAY,,STRAIGHT AND LEVEL,WET,NO DEFECTS,ON SCENE,INJURY AND / OR TOW DUE TO CRASH,Y,,,"OVER $1,500",11/4/2017 11:32,NOT APPLICABLE,NOT APPLICABLE,1158,W,SCHOOL ST,1924,,,,,,,2,NO INDICATION OF INJURY,0,0,0,0,0,4,0,11,7,11,41.94177182,-87.6589668,POINT (-87.658966802497 41.941771817927),1
JA498518,,11/4/2017 11:25,30,NO CONTROLS,NO CONTROLS,RAIN,DAYLIGHT,SIDESWIPE SAME DIRECTION,NOT DIVIDED,4,STRAIGHT AND LEVEL,WET,NO DEFECTS,NOT ON SCENE (DESK REPORT),NO INJURY / DRIVE AWAY,,,,"OVER $1,500",11/4/2017 12:07,FAILING TO YIELD RIGHT-OF-WAY,IMPROPER LANE USAGE,200,S,STATE ST,113,,,,,,,2,NO INDICATION OF INJURY,0,0,0,0,0,2,0,11,7,11,41.87942705,-87.62785649,POINT (-87.627856485786 41.879427045001),1
JA498670,,11/4/2017 11:30,25,TRAFFIC SIGNAL,FUNCTIONING PROPERLY,CLEAR,DAYLIGHT,ANGLE,DIVIDED - W/MEDIAN (NOT RAISED),4,STRAIGHT AND LEVEL,DRY,NO DEFECTS,NOT ON SCENE (DESK REPORT),NO INJURY / DRIVE AWAY,,,,"$501 - $1,500",11/4/2017 13:48,UNABLE TO DETERMINE,UNABLE TO DETERMINE,4500,S,WESTERN AVE,922,,,,,,,2,NO INDICATION OF INJURY,0,0,0,0,0,2,0,11,7,11,41.81201703,-87.68467692,POINT (-87.684676914642 41.812017027229),1
JA498514,,11/4/2017 11:30,30,OTHER,OTHER,RAIN,DAYLIGHT,ANGLE,DIVIDED - W/MEDIAN BARRIER,,STRAIGHT AND LEVEL,WET,OTHER,ON SCENE,INJURY AND / OR TOW DUE TO CRASH,,,,"OVER $1,500",11/4/2017 12:00,FAILING TO YIELD RIGHT-OF-WAY,FAILING TO REDUCE SPEED TO AVOID CRASH,5408,N,MILWAUKEE AVE,1622,,,,,,,2,NO INDICATION OF INJURY,0,0,0,0,0,2,0,11,7,11,41.97959091,-87.77149819,POINT (-87.771498188772 41.979590909922),1
JA498784,,11/4/2017 11:30,25,NO CONTROLS,NO CONTROLS,RAIN,DAYLIGHT,ANGLE,DIVIDED - W/MEDIAN (NOT RAISED),2,STRAIGHT AND LEVEL,WET,NO DEFECTS,NOT ON SCENE (DESK REPORT),NO INJURY / DRIVE AWAY,,,,"$501 - $1,500",11/4/2017 15:17,UNABLE TO DETERMINE,UNABLE TO DETERMINE,5930,S,NAGLE AVE,811,,,,,,,2,NO INDICATION OF INJURY,0,0,0,0,0,2,0,11,7,11,41.78407493,-87.78287253,POINT (-87.782872531757 41.784074929629),1
JA498502,,11/4/2017 11:35,30,NO CONTROLS,NO CONTROLS,RAIN,DAYLIGHT,SIDESWIPE SAME DIRECTION,ONE-WAY,,STRAIGHT AND LEVEL,WET,NO DEFECTS,ON SCENE,NO INJURY / DRIVE AWAY,,,Y,$500 OR LESS,11/4/2017 11:40,FOLLOWING TOO CLOSELY,NOT APPLICABLE,50,E,GRAND AVE,1834,,,,,,,2,NO INDICATION OF INJURY,0,0,0,0,0,2,0,11,7,11,41.89180548,-87.62608938,POINT (-87.626089378443 41.891805483488),1
JA498528,,11/4/2017 11:42,30,STOP SIGN/FLASHER,FUNCTIONING PROPERLY,RAIN,DAYLIGHT,REAR END,NOT DIVIDED,2,STRAIGHT AND LEVEL,WET,NO DEFECTS,ON SCENE,INJURY AND / OR TOW DUE TO CRASH,Y,,,"OVER $1,500",11/4/2017 11:57,FOLLOWING TOO CLOSELY,FAILING TO REDUCE SPEED TO AVOID CRASH,1258,W,98TH ST,2213,,,,,,,2,"REPORTED, NOT EVIDENT",1,0,0,0,1,1,0,11,7,11,41.71594097,-87.65511475,POINT (-87.655114745253 41.715940973788),1
JA498646,,11/4/2017 11:45,25,NO CONTROLS,NO CONTROLS,RAIN,DAYLIGHT,REAR END,DIVIDED - W/MEDIAN (NOT RAISED),4,STRAIGHT AND LEVEL,WET,NO DEFECTS,NOT ON SCENE (DESK REPORT),NO INJURY / DRIVE AWAY,,,,"OVER $1,500",11/4/2017 13:30,FOLLOWING TOO CLOSELY,NOT APPLICABLE,2450,W,55TH ST,923,,,,,,,2,NO INDICATION OF INJURY,0,0,0,0,0,2,0,11,7,11,41.79394386,-87.68604897,POINT (-87.686048966727 41.793943863361),1
JA498756,,11/4/2017 11:45,0,NO CONTROLS,NO CONTROLS,RAIN,DAYLIGHT,PARKED MOTOR VEHICLE,PARKING LOT,0,STRAIGHT AND LEVEL,WET,NO DEFECTS,ON SCENE,NO INJURY / DRIVE AWAY,,Y,Y,"OVER $1,500",11/4/2017 14:41,IMPROPER BACKING,UNABLE TO DETERMINE,11213,S,VINCENNES AVE,2234,,,,,,,2,NO INDICATION OF INJURY,0,0,0,0,0,1,0,11,7,11,41.68961055,-87.66476887,POINT (-87.66476886982 41.689610551618),1
JA498630,,11/4/2017 11:48,30,TRAFFIC SIGNAL,FUNCTIONING PROPERLY,RAIN,DAYLIGHT,REAR END,NOT DIVIDED,,STRAIGHT AND LEVEL,WET,NO DEFECTS,NOT ON SCENE (DESK REPORT),NO INJURY / DRIVE AWAY,,,,"OVER $1,500",11/4/2017 13:30,FOLLOWING TOO CLOSELY,NOT APPLICABLE,1615,S,CLARK ST,131,,,,,,,2,NO INDICATION OF INJURY,0,0,0,0,0,2,0,11,7,11,41.85962968,-87.6301249,POINT (-87.630124899277 41.859629677313),1
JA498566,,11/4/2017 11:50,30,NO CONTROLS,NO CONTROLS,RAIN,DAYLIGHT,ANGLE,ONE-WAY,1,STRAIGHT AND LEVEL,WET,NO DEFECTS,NOT ON SCENE (DESK REPORT),NO INJURY / DRIVE AWAY,,,,"OVER $1,500",11/4/2017 12:45,FAILING TO YIELD RIGHT-OF-WAY,NOT APPLICABLE,2532,W,BERWYN AVE,2011,,,,,,,2,NO INDICATION OF INJURY,0,0,0,0,0,2,0,11,7,11,41.97778802,-87.69387708,POINT (-87.693877083265 41.977788015156),1
JA498577,,11/4/2017 11:50,30,TRAFFIC SIGNAL,FUNCTIONING PROPERLY,RAIN,DAYLIGHT,REAR END,NOT DIVIDED,2,STRAIGHT AND LEVEL,WET,NO DEFECTS,NOT ON SCENE (DESK REPORT),NO INJURY / DRIVE AWAY,,,,"OVER $1,500",11/4/2017 12:38,FOLLOWING TOO CLOSELY,EXCEEDING AUTHORIZED SPEED LIMIT,850,N,DAMEN AVE,1212,,,,,,,2,NO INDICATION OF INJURY,0,0,0,0,0,3,0,11,7,11,41.89743421,-87.67724266,POINT (-87.677242656243 41.897434213461),1
JA498511,,11/4/2017 12:00,10,NO CONTROLS,NO CONTROLS,RAIN,DAYLIGHT,ANGLE,PARKING LOT,0,STRAIGHT AND LEVEL,WET,NO DEFECTS,ON SCENE,NO INJURY / DRIVE AWAY,,,,"$501 - $1,500",11/4/2017 12:10,"OPERATING VEHICLE IN ERRATIC, RECKLESS, CARELESS, NEGLIGENT OR AGGRESSIVE MANNER",DRIVING SKILLS/KNOWLEDGE/EXPERIENCE,4210,N,KEDZIE AVE,1724,,,,,,,2,NO INDICATION OF INJURY,0,0,0,0,0,2,0,12,7,11,41.95792272,-87.70828844,POINT (-87.708288435779 41.957922716403),1
JA498565,,11/4/2017 12:00,0,NO CONTROLS,NO CONTROLS,CLOUDY/OVERCAST,DAYLIGHT,SIDESWIPE OPPOSITE DIRECTION,ALLEY,,STRAIGHT AND LEVEL,WET,UNKNOWN,NOT ON SCENE (DESK REPORT),NO INJURY / DRIVE AWAY,,,,"OVER $1,500",11/4/2017 12:15,UNABLE TO DETERMINE,UNABLE TO DETERMINE,11400,S,PRAIRIE AVE,531,,,,,,,2,NO INDICATION OF INJURY,0,0,0,0,0,4,0,12,7,11,41.68707857,-87.61700284,POINT (-87.617002838522 41.687078565107),1
JA498557,,11/4/2017 12:00,25,NO CONTROLS,NO CONTROLS,CLOUDY/OVERCAST,DAYLIGHT,REAR END,ONE-WAY,1,STRAIGHT AND LEVEL,WET,NO DEFECTS,NOT ON SCENE (DESK REPORT),NO INJURY / DRIVE AWAY,,,,"OVER $1,500",11/4/2017 12:33,IMPROPER BACKING,NOT APPLICABLE,3727,N,OSCEOLA AVE,1631,,,,,,,2,NO INDICATION OF INJURY,0,0,0,0,0,3,0,12,7,11,41.94745324,-87.81305585,POINT (-87.813055845112 41.94745323674),1
JA498831,,11/4/2017 12:00,30,NO CONTROLS,NO CONTROLS,RAIN,DAYLIGHT,PARKED MOTOR VEHICLE,NOT DIVIDED,2,STRAIGHT AND LEVEL,WET,NO DEFECTS,NOT ON SCENE (DESK REPORT),NO INJURY / DRIVE AWAY,,,Y,"$501 - $1,500",11/4/2017 16:00,UNABLE TO DETERMINE,UNABLE TO DETERMINE,1600,W,LAKE ST,1215,,,,,,,2,NO INDICATION OF INJURY,0,0,0,0,0,1,0,12,7,11,41.88543499,-87.66708806,POINT (-87.667088055261 41.885434986143),1
JA500973,,11/4/2017 12:00,30,NO CONTROLS,NO CONTROLS,RAIN,DAYLIGHT,PARKED MOTOR VEHICLE,DIVIDED - W/MEDIAN (NOT RAISED),2,STRAIGHT AND LEVEL,DRY,NO DEFECTS,NOT ON SCENE (DESK REPORT),NO INJURY / DRIVE AWAY,,,Y,$500 OR LESS,11/6/2017 11:37,UNABLE TO DETERMINE,UNABLE TO DETERMINE,845,W,MONROE ST,1232,,,,,,,2,NO INDICATION OF INJURY,0,0,0,0,0,1,0,12,7,11,41.88034996,-87.64911194,POINT (-87.649111939878 41.880349961257),1
JA500893,,11/4/2017 12:00,25,NO CONTROLS,NO CONTROLS,CLEAR,DAYLIGHT,PARKED MOTOR VEHICLE,NOT DIVIDED,,STRAIGHT AND LEVEL,DRY,NO DEFECTS,NOT ON SCENE (DESK REPORT),NO INJURY / DRIVE AWAY,,,,"OVER $1,500",11/6/2017 10:35,UNABLE TO DETERMINE,UNABLE TO DETERMINE,4430,W,FULTON ST,1113,,,,,,,2,NO INDICATION OF INJURY,0,0,0,0,0,1,0,12,7,11,41.88546989,-87.73689555,POINT (-87.736895551283 41.88546988877),1
JA498521,,11/4/2017 12:00,20,NO CONTROLS,NO CONTROLS,RAIN,DAYLIGHT,ANGLE,ONE-WAY,1,STRAIGHT AND LEVEL,WET,UNKNOWN,ON SCENE,NO INJURY / DRIVE AWAY,,,,"$501 - $1,500",11/4/2017 12:10,UNABLE TO DETERMINE,UNABLE TO DETERMINE,4102,S,ALBANY AVE,921,,,,,,,2,NO INDICATION OF INJURY,0,0,0,0,0,2,0,12,7,11,41.81892202,-87.70207586,POINT (-87.702075864216 41.818922017658),1
JA498547,,11/4/2017 12:00,30,NO CONTROLS,NO CONTROLS,RAIN,DAYLIGHT,ANGLE,NOT DIVIDED,,STRAIGHT AND LEVEL,WET,NO DEFECTS,ON SCENE,NO INJURY / DRIVE AWAY,,,,"$501 - $1,500",11/4/2017 12:06,IMPROPER BACKING,NOT APPLICABLE,1615,W,46TH ST,924,,,,,,,2,NO INDICATION OF INJURY,0,0,0,0,0,3,0,12,7,11,41.8103025,-87.66571931,POINT (-87.665719307093 41.810302495738),1
JA498543,,11/4/2017 12:10,30,TRAFFIC SIGNAL,FUNCTIONING IMPROPERLY,CLEAR,DAYLIGHT,ANGLE,NOT DIVIDED,,STRAIGHT AND LEVEL,WET,NO DEFECTS,ON SCENE,INJURY AND / OR TOW DUE TO CRASH,Y,,,"OVER $1,500",11/4/2017 12:11,DISREGARDING TRAFFIC SIGNALS,DRIVING SKILLS/KNOWLEDGE/EXPERIENCE,732,W,31ST ST,914,,,,,,,2,NO INDICATION OF INJURY,0,0,0,0,0,2,0,12,7,11,41.83816898,-87.64512821,POINT (-87.645128213284 41.83816898039),1
JA498618,,11/4/2017 12:10,30,TRAFFIC SIGNAL,FUNCTIONING PROPERLY,RAIN,DAYLIGHT,ANGLE,NOT DIVIDED,,STRAIGHT AND LEVEL,DRY,NO DEFECTS,NOT ON SCENE (DESK REPORT),NO INJURY / DRIVE AWAY,,,,$500 OR LESS,11/4/2017 13:21,UNABLE TO DETERMINE,UNABLE TO DETERMINE,4299,S,MARSHFIELD AVE,924,,,,,,,2,NO INDICATION OF INJURY,0,0,0,0,0,2,0,12,7,11,41.81594781,-87.6662167,POINT (-87.666216701335 41.815947804957),1
JA498587,,11/4/2017 12:15,20,NO CONTROLS,NO CONTROLS,RAIN,DAYLIGHT,PARKED MOTOR VEHICLE,ONE-WAY,1,STRAIGHT AND LEVEL,WET,NO DEFECTS,ON SCENE,NO INJURY / DRIVE AWAY,,,Y,"OVER $1,500",11/4/2017 12:15,UNABLE TO DETERMINE,NOT APPLICABLE,3507,N,LAWNDALE AVE,1732,,,,,,,2,NO INDICATION OF INJURY,0,0,0,0,0,1,0,12,7,11,41.9449036,-87.71986889,POINT (-87.719868893643 41.944903595585),1
JA498579,,11/4/2017 12:16,30,NO CONTROLS,NO CONTROLS,RAIN,DUSK,SIDESWIPE OPPOSITE DIRECTION,DIVIDED - W/MEDIAN (NOT RAISED),2,STRAIGHT AND LEVEL,WET,NO DEFECTS,ON SCENE,INJURY AND / OR TOW DUE TO CRASH,,Y,Y,"OVER $1,500",11/4/2017 12:18,UNABLE TO DETERMINE,NOT APPLICABLE,3130,N,CENTRAL PARK AVE,2523,,,,,,,2,"REPORTED, NOT EVIDENT",3,0,0,0,3,1,0,12,7,11,41.93832991,-87.71751179,POINT (-87.717511788274 41.938329906095),1
JA498830,,11/4/2017 12:20,15,STOP SIGN/FLASHER,FUNCTIONING PROPERLY,RAIN,DAYLIGHT,TURNING,PARKING LOT,,STRAIGHT AND LEVEL,WET,NO DEFECTS,NOT ON SCENE (DESK REPORT),NO INJURY / DRIVE AWAY,,,,"OVER $1,500",11/4/2017 15:55,UNABLE TO DETERMINE,NOT APPLICABLE,4300,N,NARRAGANSETT AVE,1632,,,,,,,2,NO INDICATION OF INJURY,0,0,0,0,0,2,0,12,7,11,41.95854835,-87.78691899,POINT (-87.786918988769 41.958548345645),1
JA498569,,11/4/2017 12:25,30,TRAFFIC SIGNAL,FUNCTIONING PROPERLY,RAIN,DAYLIGHT,REAR END,NOT DIVIDED,3,STRAIGHT AND LEVEL,WET,NO DEFECTS,ON SCENE,NO INJURY / DRIVE AWAY,Y,,,"OVER $1,500",11/4/2017 12:25,WEATHER,DRIVING SKILLS/KNOWLEDGE/EXPERIENCE,3433,E,126TH ST,433,,,,,,,2,NO INDICATION OF INJURY,0,0,0,0,0,2,0,12,7,11,41.6660041,-87.54006899,POINT (-87.540068987637 41.666004104395),1
JA498642,,11/4/2017 12:30,30,TRAFFIC SIGNAL,FUNCTIONING PROPERLY,RAIN,DAYLIGHT,REAR END,NOT DIVIDED,4,STRAIGHT AND LEVEL,WET,NO DEFECTS,NOT ON SCENE (DESK REPORT),NO INJURY / DRIVE AWAY,,,,"$501 - $1,500",11/4/2017 13:30,FOLLOWING TOO CLOSELY,NOT APPLICABLE,6501,S,CICERO AVE,833,,,,,,,2,NO INDICATION OF INJURY,0,0,0,0,0,3,0,12,7,11,41.77469454,-87.7420133,POINT (-87.742013300808 41.774694541589),1
JA498702,,11/4/2017 12:30,30,NO CONTROLS,NO CONTROLS,UNKNOWN,UNKNOWN,PARKED MOTOR VEHICLE,DIVIDED - W/MEDIAN (NOT RAISED),1,STRAIGHT AND LEVEL,UNKNOWN,NO DEFECTS,NOT ON SCENE (DESK REPORT),INJURY AND / OR TOW DUE TO CRASH,,,Y,"OVER $1,500",11/4/2017 14:15,UNABLE TO DETERMINE,NOT APPLICABLE,517,N,CENTRAL PARK AVE,1121,,,,,,,2,NO INDICATION OF INJURY,0,0,0,0,0,1,0,12,7,11,41.89089018,-87.71602858,POINT (-87.716028584311 41.890890180056),1
JA498625,,11/4/2017 12:30,20,NO CONTROLS,NO CONTROLS,RAIN,DAYLIGHT,PARKED MOTOR VEHICLE,NOT DIVIDED,3,STRAIGHT AND LEVEL,WET,NO DEFECTS,NOT ON SCENE (DESK REPORT),NO INJURY / DRIVE AWAY,,,,$500 OR LESS,11/4/2017 13:15,DRIVING SKILLS/KNOWLEDGE/EXPERIENCE,NOT APPLICABLE,4631,S,INDIANA AVE,215,,,,,,,2,NO INDICATION OF INJURY,0,0,0,0,0,1,0,12,7,11,41.81019191,-87.62108971,POINT (-87.62108971022 41.810191914381),1
JA498570,,11/4/2017 12:30,30,LANE USE MARKING,UNKNOWN,RAIN,DAYLIGHT,REAR END,NOT DIVIDED,2,STRAIGHT AND LEVEL,WET,UNKNOWN,ON SCENE,NO INJURY / DRIVE AWAY,,,,"OVER $1,500",11/4/2017 12:35,FAILING TO REDUCE SPEED TO AVOID CRASH,FOLLOWING TOO CLOSELY,4554,W,DIVERSEY AVE,2521,,,,,,,2,NO INDICATION OF INJURY,0,0,0,0,0,2,0,12,7,11,41.93171075,-87.74138584,POINT (-87.741385841165 41.931710750023),1
JA498593,,11/4/2017 12:35,30,NO CONTROLS,NO CONTROLS,CLEAR,DAYLIGHT,REAR END,NOT DIVIDED,4,STRAIGHT AND LEVEL,WET,NO DEFECTS,ON SCENE,NO INJURY / DRIVE AWAY,,,,"OVER $1,500",11/4/2017 12:47,UNABLE TO DETERMINE,UNABLE TO DETERMINE,3331,N,AUSTIN AVE,1633,,,,,,,2,NO INDICATION OF INJURY,0,0,0,0,0,2,0,12,7,11,41.9412413,-87.77617553,POINT (-87.776175527931 41.941241295827),1
JA498599,,11/4/2017 12:35,30,NO CONTROLS,NO CONTROLS,RAIN,DAYLIGHT,TURNING,NOT DIVIDED,2,STRAIGHT AND LEVEL,WET,NO DEFECTS,ON SCENE,INJURY AND / OR TOW DUE TO CRASH,,,,"OVER $1,500",11/4/2017 12:42,IMPROPER TURNING/NO SIGNAL,FAILING TO YIELD RIGHT-OF-WAY,5751,N,ELSTON AVE,1622,,,,,,,2,NO INDICATION OF INJURY,0,0,0,0,0,2,0,12,7,11,41.98601586,-87.76999864,POINT (-87.769998634821 41.986015859057),1
JA498568,,11/4/2017 12:37,30,LANE USE MARKING,WORN REFLECTIVE MATERIAL,RAIN,DAYLIGHT,TURNING,DIVIDED - W/MEDIAN (NOT RAISED),4,STRAIGHT AND LEVEL,WET,WORN SURFACE,ON SCENE,INJURY AND / OR TOW DUE TO CRASH,,,,"OVER $1,500",11/4/2017 12:40,FAILING TO YIELD RIGHT-OF-WAY,"VISION OBSCURED (SIGNS, TREE LIMBS, BUILDINGS, ETC.)",6223,N,BROADWAY,2433,,,,,,,2,NO INDICATION OF INJURY,0,0,0,0,0,2,0,12,7,11,41.995268,-87.66027965,POINT (-87.660279648847 41.995268001076),1
JA498892,,11/4/2017 12:45,30,NO CONTROLS,NO CONTROLS,RAIN,DAYLIGHT,ANGLE,ONE-WAY,1,STRAIGHT AND LEVEL,WET,NO DEFECTS,NOT ON SCENE (DESK REPORT),NO INJURY / DRIVE AWAY,,,,"OVER $1,500",11/4/2017 16:00,DRIVING SKILLS/KNOWLEDGE/EXPERIENCE,UNABLE TO DETERMINE,8642,S,VERNON AVE,632,,,,,,,2,NO INDICATION OF INJURY,0,0,0,0,0,2,0,12,7,11,41.7370703,-87.61306739,POINT (-87.613067386149 41.737070302648),1
JA498607,,11/4/2017 12:50,15,NO CONTROLS,NO CONTROLS,RAIN,DAYLIGHT,REAR END,NOT DIVIDED,1,STRAIGHT AND LEVEL,WET,UNKNOWN,NOT ON SCENE (DESK REPORT),NO INJURY / DRIVE AWAY,,,,"$501 - $1,500",11/4/2017 13:10,WEATHER,IMPROPER BACKING,3847,W,CERMAK RD,1013,,,,,,,2,NO INDICATION OF INJURY,0,0,0,0,0,2,0,12,7,11,41.85147888,-87.72168948,POINT (-87.721689483406 41.851478875758),1
JA498610,,11/4/2017 12:50,30,TRAFFIC SIGNAL,FUNCTIONING PROPERLY,RAIN,DAYLIGHT,REAR END,DIVIDED - W/MEDIAN BARRIER,6,STRAIGHT AND LEVEL,WET,NO DEFECTS,ON SCENE,INJURY AND / OR TOW DUE TO CRASH,,,,"OVER $1,500",11/4/2017 13:00,EXCEEDING SAFE SPEED FOR CONDITIONS,FOLLOWING TOO CLOSELY,5630,S,LAKE SHORE DR SB,331,,,,,,,3,NO INDICATION OF INJURY,0,0,0,0,0,3,0,12,7,11,41.79263407,-87.58047323,POINT (-87.580473228201 41.792634072953),1
JA498717,,11/4/2017 12:50,25,TRAFFIC SIGNAL,FUNCTIONING PROPERLY,RAIN,DAYLIGHT,REAR END,DIVIDED - W/MEDIAN (NOT RAISED),4,STRAIGHT AND LEVEL,WET,NO DEFECTS,NOT ON SCENE (DESK REPORT),NO INJURY / DRIVE AWAY,,,,"$501 - $1,500",11/4/2017 14:42,UNABLE TO DETERMINE,UNABLE TO DETERMINE,5329,S,HARLEM AVE,811,,,,,,,2,NO INDICATION OF INJURY,0,0,0,0,0,2,0,12,7,11,41.79490743,-87.80146773,POINT (-87.801467732307 41.794907425507),1
JA498619,,11/4/2017 12:50,30,TRAFFIC SIGNAL,FUNCTIONING PROPERLY,RAIN,DAYLIGHT,PARKED MOTOR VEHICLE,DIVIDED - W/MEDIAN (NOT RAISED),2,STRAIGHT AND LEVEL,WET,NO DEFECTS,NOT ON SCENE (DESK REPORT),NO INJURY / DRIVE AWAY,Y,,,"$501 - $1,500",11/4/2017 13:10,DISTRACTION - FROM OUTSIDE VEHICLE,NOT APPLICABLE,623,W,WRIGHTWOOD AVE,1935,,,,,,,2,NO INDICATION OF INJURY,0,0,0,0,0,4,0,12,7,11,41.92931283,-87.64378602,POINT (-87.64378602199 41.929312824574),1
JA498624,Y,11/4/2017 12:50,30,NO CONTROLS,NO CONTROLS,RAIN,DAYLIGHT,REAR END,NOT DIVIDED,,STRAIGHT AND LEVEL,WET,NO DEFECTS,ON SCENE,NO INJURY / DRIVE AWAY,,,Y,$500 OR LESS,11/4/2017 13:30,FOLLOWING TOO CLOSELY,NOT APPLICABLE,31,N,STATE ST,112,,,,,,,2,NO INDICATION OF INJURY,0,0,0,0,0,2,0,12,7,11,41.88276415,-87.62771101,POINT (-87.627711013557 41.882764148161),1
JA498705,,11/4/2017 12:55,30,TRAFFIC SIGNAL,FUNCTIONING PROPERLY,RAIN,DAYLIGHT,TURNING,NOT DIVIDED,2,STRAIGHT AND LEVEL,WET,OTHER,NOT ON SCENE (DESK REPORT),NO INJURY / DRIVE AWAY,,,,"OVER $1,500",11/4/2017 13:30,DRIVING SKILLS/KNOWLEDGE/EXPERIENCE,UNABLE TO DETERMINE,11801,S,AVENUE O,433,,,,,,,2,NO INDICATION OF INJURY,0,0,0,0,0,4,0,12,7,11,41.68085614,-87.5399566,POINT (-87.539956597346 41.680856136277),1
JA498611,,11/4/2017 12:55,30,TRAFFIC SIGNAL,FUNCTIONING PROPERLY,RAIN,DAYLIGHT,PEDESTRIAN,DIVIDED - W/MEDIAN (NOT RAISED),,STRAIGHT AND LEVEL,WET,UNKNOWN,ON SCENE,INJURY AND / OR TOW DUE TO CRASH,,,,$500 OR LESS,11/4/2017 12:58,UNABLE TO DETERMINE,NOT APPLICABLE,1000,N,WELLS ST,1823,,,,,,,3,NONINCAPACITATING INJURY,2,0,0,2,0,1,0,12,7,11,41.90057823,-87.63450237,POINT (-87.634502372759 41.900578225469),1
JA498685,,11/4/2017 12:55,30,TRAFFIC SIGNAL,FUNCTIONING PROPERLY,RAIN,DAYLIGHT,REAR END,NOT DIVIDED,4,STRAIGHT AND LEVEL,WET,UNKNOWN,NOT ON SCENE (DESK REPORT),NO INJURY / DRIVE AWAY,,,Y,$500 OR LESS,11/4/2017 13:59,FOLLOWING TOO CLOSELY,FOLLOWING TOO CLOSELY,3033,N,ASHLAND AVE,1932,,,,,,,2,NO INDICATION OF INJURY,0,0,0,0,0,2,0,12,7,11,41.93700636,-87.66841861,POINT (-87.668418614344 41.937006363028),1
JA498634,,11/4/2017 12:57,25,NO CONTROLS,NO CONTROLS,RAIN,DAYLIGHT,TURNING,NOT DIVIDED,1,STRAIGHT AND LEVEL,WET,UNKNOWN,NOT ON SCENE (DESK REPORT),NO INJURY / DRIVE AWAY,,,,"$501 - $1,500",11/4/2017 13:25,UNABLE TO DETERMINE,UNABLE TO DETERMINE,2999,W,57TH ST,824,,,,,,,2,NO INDICATION OF INJURY,0,0,0,0,0,2,0,12,7,11,41.7898562,-87.69851237,POINT (-87.698512368804 41.789856198853),1
JA498643,,11/4/2017 13:00,30,NO CONTROLS,NO CONTROLS,RAIN,DAYLIGHT,PARKED MOTOR VEHICLE,DIVIDED - W/MEDIAN (NOT RAISED),2,STRAIGHT AND LEVEL,WET,NO DEFECTS,ON SCENE,NO INJURY / DRIVE AWAY,,,,"OVER $1,500",11/4/2017 13:20,UNABLE TO DETERMINE,UNABLE TO DETERMINE,925,S,KEDZIE AVE,1134,,,,,,,2,NO INDICATION OF INJURY,0,0,0,0,0,1,0,13,7,11,41.8691823,-87.70561121,POINT (-87.705611208827 41.869182296724),1
JA498829,,11/4/2017 13:00,30,TRAFFIC SIGNAL,FUNCTIONING PROPERLY,RAIN,DAYLIGHT,TURNING,DIVIDED - W/MEDIAN (NOT RAISED),,STRAIGHT AND LEVEL,WET,NO DEFECTS,ON SCENE,INJURY AND / OR TOW DUE TO CRASH,Y,,,"OVER $1,500",11/4/2017 15:42,FAILING TO YIELD RIGHT-OF-WAY,IMPROPER LANE USAGE,1224,W,VAN BUREN ST,1231,,Y,,,,,2,NO INDICATION OF INJURY,0,0,0,0,0,3,0,13,7,11,41.87661239,-87.65803758,POINT (-87.658037575334 41.876612388201),1
JA498644,,11/4/2017 13:00,20,STOP SIGN/FLASHER,FUNCTIONING PROPERLY,CLEAR,DAYLIGHT,ANGLE,ONE-WAY,1,STRAIGHT AND LEVEL,DRY,NO DEFECTS,ON SCENE,INJURY AND / OR TOW DUE TO CRASH,Y,,Y,"OVER $1,500",11/4/2017 13:10,"EVASIVE ACTION DUE TO ANIMAL, OBJECT, NONMOTORIST",DISTRACTION - FROM OUTSIDE VEHICLE,5600,S,JUSTINE ST,713,,,,,,,2,NO INDICATION OF INJURY,0,0,0,0,0,2,0,13,7,11,41.79213067,-87.6634492,POINT (-87.663449197709 41.792130667559),1