RD_NO,CRASH_DATE_EST_I,CRASH_DATE,POSTED_SPEED_LIMIT,TRAFFIC_CONTROL_DEVICE,DEVICE_CONDITION,WEATHER_CONDITION,LIGHTING_CONDITION,FIRST_CRASH_TYPE,TRAFFICWAY_TYPE,LANE_CNT,ALIGNMENT,ROADWAY_SURFACE_COND,ROAD_DEFECT,REPORT_TYPE,CRASH_TYPE,INTERSECTION_RELATED_I,NOT_RIGHT_OF_WAY_I,HIT_AND_RUN_I,DAMAGE,DATE_POLICE_NOTIFIED,PRIM_CONTRIBUTORY_CAUSE,SEC_CONTRIBUTORY_CAUSE,STREET_NO,STREET_DIRECTION,STREET_NAME,BEAT_OF_OCCURRENCE,PHOTOS_TAKEN_I,STATEMENTS_TAKEN_I,DOORING_I,WORK_ZONE_I,WORK_ZONE_TYPE,WORKERS_PRESENT_I,NUM_UNITS,MOST_SEVERE_INJURY,INJURIES_TOTAL,INJURIES_FATAL,INJURIES_INCAPACITATING,INJURIES_NON_INCAPACITATING,INJURIES_REPORTED_NOT_EVIDENT,INJURIES_NO_INDICATION,INJURIES_UNKNOWN,CRASH_HOUR,CRASH_DAY_OF_WEEK,CRASH_MONTH,LATITUDE,LONGITUDE,LOCATION,Join
JA498645,,11/4/2017 13:00,30,NO CONTROLS,NO CONTROLS,RAIN,DAYLIGHT,PARKED MOTOR VEHICLE,DIVIDED - W/MEDIAN (NOT RAISED),4,STRAIGHT AND LEVEL,WET,NO DEFECTS,ON SCENE,INJURY AND / OR TOW DUE TO CRASH,,Y,,"OVER $1,500",11/4/2017 13:18,EXCEEDING AUTHORIZED SPEED LIMIT,WEATHER,4750,S,ARCHER AVE,821,,,,,,,3,NO INDICATION OF INJURY,0,0,0,0,0,1,0,13,7,11,41.80717947,-87.71576887,POINT (-87.715768871737 41.807179473772),1
JA498664,,11/4/2017 13:10,10,NO CONTROLS,NO CONTROLS,RAIN,DAYLIGHT,REAR END,OTHER,2,STRAIGHT AND LEVEL,WET,UNKNOWN,NOT ON SCENE (DESK REPORT),NO INJURY / DRIVE AWAY,,Y,,"OVER $1,500",11/4/2017 13:30,UNABLE TO DETERMINE,UNABLE TO DETERMINE,7059,S,STATE ST,322,,,,,,,2,NO INDICATION OF INJURY,0,0,0,0,0,2,0,13,7,11,41.76546907,-87.62475894,POINT (-87.624758940498 41.765469066053),1
JA498658,,11/4/2017 13:15,30,NO CONTROLS,NO CONTROLS,CLEAR,DAYLIGHT,SIDESWIPE SAME DIRECTION,NOT DIVIDED,6,STRAIGHT AND LEVEL,WET,NO DEFECTS,NOT ON SCENE (DESK REPORT),NO INJURY / DRIVE AWAY,,,,"$501 - $1,500",11/4/2017 13:40,UNABLE TO DETERMINE,UNABLE TO DETERMINE,1604,W,CHICAGO AVE,1213,,,,,,,2,NO INDICATION OF INJURY,0,0,0,0,0,5,0,13,7,11,41.89617941,-87.66752545,POINT (-87.667525445306 41.896179409912),1
JA499843,,11/4/2017 13:15,30,TRAFFIC SIGNAL,FUNCTIONING PROPERLY,RAIN,DAYLIGHT,REAR END,NOT DIVIDED,2,STRAIGHT AND LEVEL,WET,NO DEFECTS,NOT ON SCENE (DESK REPORT),NO INJURY / DRIVE AWAY,,,,"OVER $1,500",11/5/2017 12:40,FAILING TO REDUCE SPEED TO AVOID CRASH,NOT APPLICABLE,25,E,OAK ST,1833,,,,,,,2,NO INDICATION OF INJURY,0,0,0,0,0,2,0,13,7,11,41.90064978,-87.62741681,POINT (-87.627416813024 41.900649781594),1
JA502411,,11/4/2017 13:15,15,NO CONTROLS,NO CONTROLS,RAIN,DAYLIGHT,PARKED MOTOR VEHICLE,ALLEY,,STRAIGHT AND LEVEL,WET,NO DEFECTS,NOT ON SCENE (DESK REPORT),NO INJURY / DRIVE AWAY,,,Y,"OVER $1,500",11/7/2017 12:30,UNABLE TO DETERMINE,UNABLE TO DETERMINE,3906,W,ARGYLE ST,1712,,,,,,,2,NO INDICATION OF INJURY,0,0,0,0,0,1,0,13,7,11,41.97201664,-87.72602299,POINT (-87.726022991664 41.972016634595),1
JA498694,,11/4/2017 13:15,25,NO CONTROLS,NO CONTROLS,RAIN,DAYLIGHT,PARKED MOTOR VEHICLE,DIVIDED - W/MEDIAN (NOT RAISED),4,STRAIGHT AND LEVEL,WET,NO DEFECTS,NOT ON SCENE (DESK REPORT),NO INJURY / DRIVE AWAY,,,,"$501 - $1,500",11/4/2017 14:12,UNABLE TO DETERMINE,UNABLE TO DETERMINE,6000,S,KEDZIE AVE,823,,,,,,,2,NO INDICATION OF INJURY,0,0,0,0,0,1,0,13,7,11,41.78433325,-87.7034373,POINT (-87.70343729709 41.784333248946),1
JA498772,,11/4/2017 13:18,30,STOP SIGN/FLASHER,FUNCTIONING PROPERLY,CLEAR,DAYLIGHT,SIDESWIPE SAME DIRECTION,ONE-WAY,,STRAIGHT AND LEVEL,WET,NO DEFECTS,NOT ON SCENE (DESK REPORT),NO INJURY / DRIVE AWAY,Y,,Y,"$501 - $1,500",11/4/2017 15:25,UNABLE TO DETERMINE,UNABLE TO DETERMINE,7501,S,BLACKSTONE AVE,411,,,,N,,,2,NO INDICATION OF INJURY,0,0,0,0,0,3,0,13,7,11,41.75870175,-87.58821987,POINT (-87.588219865004 41.758701748878),1
JA498697,,11/4/2017 13:20,30,TRAFFIC SIGNAL,FUNCTIONING PROPERLY,RAIN,DAYLIGHT,REAR END,ONE-WAY,2,STRAIGHT AND LEVEL,WET,NO DEFECTS,NOT ON SCENE (DESK REPORT),NO INJURY / DRIVE AWAY,,,,"$501 - $1,500",11/4/2017 14:20,FOLLOWING TOO CLOSELY,NOT APPLICABLE,340,N,LOWER MICHIGAN AVE,111,,,,,,,2,NO INDICATION OF INJURY,0,0,0,0,0,2,0,13,7,11,41.88784576,-87.62474279,POINT (-87.624742790729 41.887845762022),1
JA498676,,11/4/2017 13:28,20,UNKNOWN,UNKNOWN,UNKNOWN,DAYLIGHT,ANGLE,OTHER,,STRAIGHT AND LEVEL,UNKNOWN,UNKNOWN,NOT ON SCENE (DESK REPORT),NO INJURY / DRIVE AWAY,,,,"$501 - $1,500",11/4/2017 14:00,UNABLE TO DETERMINE,UNABLE TO DETERMINE,4555,W,GRAND AVE,2533,,,,,,,2,NO INDICATION OF INJURY,0,0,0,0,0,2,0,13,7,11,41.91162468,-87.74052044,POINT (-87.740520441877 41.91162467933),1
JA498683,,11/4/2017 13:30,30,NO CONTROLS,NO CONTROLS,RAIN,DAYLIGHT,SIDESWIPE SAME DIRECTION,DIVIDED - W/MEDIAN (NOT RAISED),2,STRAIGHT AND LEVEL,WET,NO DEFECTS,NOT ON SCENE (DESK REPORT),NO INJURY / DRIVE AWAY,,,,"OVER $1,500",11/4/2017 14:00,UNABLE TO DETERMINE,UNABLE TO DETERMINE,4620,W,BELMONT AVE,1731,,,,,,,2,NO INDICATION OF INJURY,0,0,0,0,0,2,0,13,7,11,41.93898839,-87.74312142,POINT (-87.743121422564 41.93898839076),1
JA498816,,11/4/2017 13:30,30,NO CONTROLS,NO CONTROLS,CLEAR,DAYLIGHT,REAR END,DIVIDED - W/MEDIAN (NOT RAISED),1,STRAIGHT AND LEVEL,DRY,NO DEFECTS,NOT ON SCENE (DESK REPORT),NO INJURY / DRIVE AWAY,,,,"OVER $1,500",11/4/2017 13:50,IMPROPER BACKING,UNABLE TO DETERMINE,116,N,STATE ST,111,,,,,,,2,NO INDICATION OF INJURY,0,0,0,0,0,2,0,13,7,11,41.88359861,-87.62802862,POINT (-87.628028619824 41.883598608156),1
JA498754,,11/4/2017 13:35,25,NO CONTROLS,NO CONTROLS,RAIN,DAYLIGHT,ANGLE,DIVIDED - W/MEDIAN (NOT RAISED),4,STRAIGHT AND LEVEL,WET,NO DEFECTS,NOT ON SCENE (DESK REPORT),NO INJURY / DRIVE AWAY,,,,"$501 - $1,500",11/4/2017 15:00,UNABLE TO DETERMINE,UNABLE TO DETERMINE,5400,S,PULASKI RD,815,,,,,,,2,NO INDICATION OF INJURY,0,0,0,0,0,2,0,13,7,11,41.79495745,-87.72335657,POINT (-87.723356564996 41.794957444828),1
JA498655,,11/4/2017 13:37,30,NO CONTROLS,NO CONTROLS,RAIN,DAYLIGHT,REAR END,NOT DIVIDED,,STRAIGHT AND LEVEL,WET,NO DEFECTS,ON SCENE,NO INJURY / DRIVE AWAY,,,,"$501 - $1,500",11/4/2017 13:45,WEATHER,FOLLOWING TOO CLOSELY,4699,N,MILWAUKEE AVE,1623,,,,,,,3,NO INDICATION OF INJURY,0,0,0,0,0,3,0,13,7,11,41.96563243,-87.75863587,POINT (-87.758635869986 41.965632430626),1
JA498687,,11/4/2017 13:40,30,NO CONTROLS,NO CONTROLS,RAIN,DAYLIGHT,TURNING,NOT DIVIDED,4,STRAIGHT AND LEVEL,WET,NO DEFECTS,NOT ON SCENE (DESK REPORT),NO INJURY / DRIVE AWAY,,,,"$501 - $1,500",11/4/2017 14:05,FAILING TO YIELD RIGHT-OF-WAY,NOT APPLICABLE,4700,S,LAWNDALE AVE,821,,,,,,,2,NO INDICATION OF INJURY,0,0,0,0,0,2,0,13,7,11,41.80790245,-87.71637597,POINT (-87.716375968062 41.807902449705),1
JA498732,,11/4/2017 13:43,25,TRAFFIC SIGNAL,FUNCTIONING PROPERLY,RAIN,DAYLIGHT,ANGLE,DIVIDED - W/MEDIAN (NOT RAISED),4,STRAIGHT AND LEVEL,DRY,NO DEFECTS,NOT ON SCENE (DESK REPORT),NO INJURY / DRIVE AWAY,,,,"$501 - $1,500",11/4/2017 14:43,UNABLE TO DETERMINE,UNABLE TO DETERMINE,8301,S,CICERO AVE,834,,,,,,,2,NO INDICATION OF INJURY,0,0,0,0,0,2,0,13,7,11,41.7418036,-87.74095358,POINT (-87.740953581987 41.741803598989),1
JA498688,,11/4/2017 13:45,30,NO CONTROLS,NO CONTROLS,RAIN,DAYLIGHT,PARKED MOTOR VEHICLE,NOT DIVIDED,,STRAIGHT AND LEVEL,WET,NO DEFECTS,ON SCENE,INJURY AND / OR TOW DUE TO CRASH,,,,"OVER $1,500",11/4/2017 13:49,EXCEEDING SAFE SPEED FOR CONDITIONS,NOT APPLICABLE,11312,S,MICHIGAN AVE,531,,,,,,,2,NO INDICATION OF INJURY,0,0,0,0,0,1,0,13,7,11,41.68852934,-87.62114755,POINT (-87.621147550396 41.688529337994),1
JA498740,,11/4/2017 13:45,15,NO CONTROLS,NO CONTROLS,CLOUDY/OVERCAST,DAYLIGHT,TURNING,PARKING LOT,1,STRAIGHT AND LEVEL,WET,NO DEFECTS,NOT ON SCENE (DESK REPORT),NO INJURY / DRIVE AWAY,,,Y,"OVER $1,500",11/4/2017 14:50,FAILING TO YIELD RIGHT-OF-WAY,NOT APPLICABLE,5600,S,KEDZIE AVE,822,,,,,,,2,NO INDICATION OF INJURY,0,0,0,0,0,2,0,13,7,11,41.79160504,-87.70364888,POINT (-87.703648882176 41.791605035051),1
JA498692,,11/4/2017 13:50,30,TRAFFIC SIGNAL,FUNCTIONING PROPERLY,RAIN,DAYLIGHT,TURNING,NOT DIVIDED,,STRAIGHT AND LEVEL,WET,NO DEFECTS,NOT ON SCENE (DESK REPORT),NO INJURY / DRIVE AWAY,,,,"OVER $1,500",11/4/2017 14:23,FAILING TO YIELD RIGHT-OF-WAY,NOT APPLICABLE,200,S,MICHIGAN AVE,113,,,,,,,2,NO INDICATION OF INJURY,0,0,0,0,0,2,0,13,7,11,41.87948933,-87.62449813,POINT (-87.624498124934 41.879489328698),1
JA498723,,11/4/2017 14:00,30,NO CONTROLS,NO CONTROLS,RAIN,DAYLIGHT,REAR END,NOT DIVIDED,2,STRAIGHT AND LEVEL,WET,UNKNOWN,NOT ON SCENE (DESK REPORT),INJURY AND / OR TOW DUE TO CRASH,,,,"$501 - $1,500",11/4/2017 14:45,WEATHER,WEATHER,1812,N,CENTRAL AVE,2531,,,,,,,3,NO INDICATION OF INJURY,0,0,0,0,0,6,0,14,7,11,41.91345191,-87.76579173,POINT (-87.765791729828 41.913451907777),1
JA498698,,11/4/2017 14:00,35,NO CONTROLS,NO CONTROLS,RAIN,DAYLIGHT,REAR END,DIVIDED - W/MEDIAN (NOT RAISED),,STRAIGHT AND LEVEL,WET,NO DEFECTS,NOT ON SCENE (DESK REPORT),INJURY AND / OR TOW DUE TO CRASH,,,Y,"OVER $1,500",11/4/2017 14:20,FOLLOWING TOO CLOSELY,NOT APPLICABLE,6800,W,DEVON AVE,1611,,,,,,,2,"REPORTED, NOT EVIDENT",1,0,0,0,1,1,0,14,7,11,41.99706396,-87.7972901,POINT (-87.797290101532 41.997063955333),1
JA498752,,11/4/2017 14:00,30,STOP SIGN/FLASHER,NO CONTROLS,RAIN,DAYLIGHT,TURNING,NOT DIVIDED,2,STRAIGHT AND LEVEL,WET,NO DEFECTS,NOT ON SCENE (DESK REPORT),NO INJURY / DRIVE AWAY,Y,,,"$501 - $1,500",11/4/2017 14:39,UNABLE TO DETERMINE,UNABLE TO DETERMINE,199,E,127TH ST,532,,,,,,,2,NO INDICATION OF INJURY,0,0,0,0,0,6,0,14,7,11,41.66323253,-87.61771683,POINT (-87.617716829553 41.66323253011),1
JA498733,,11/4/2017 14:00,20,NO CONTROLS,NO CONTROLS,RAIN,DAYLIGHT,ANGLE,NOT DIVIDED,2,STRAIGHT AND LEVEL,WET,UNKNOWN,NOT ON SCENE (DESK REPORT),NO INJURY / DRIVE AWAY,,,,"$501 - $1,500",11/4/2017 14:40,FAILING TO YIELD RIGHT-OF-WAY,NOT APPLICABLE,2630,S,WHIPPLE ST,1033,,,,,,,2,NO INDICATION OF INJURY,0,0,0,0,0,2,0,14,7,11,41.84366654,-87.70147499,POINT (-87.701474992786 41.843666544133),1
JA502667,,11/4/2017 14:00,30,NO CONTROLS,NO CONTROLS,RAIN,DAYLIGHT,SIDESWIPE SAME DIRECTION,NOT DIVIDED,,STRAIGHT AND LEVEL,WET,NO DEFECTS,NOT ON SCENE (DESK REPORT),NO INJURY / DRIVE AWAY,,,,"OVER $1,500",11/7/2017 15:15,UNABLE TO DETERMINE,UNABLE TO DETERMINE,6641,S,CICERO AVE,833,,,,,,,2,NO INDICATION OF INJURY,0,0,0,0,0,2,0,14,7,11,41.7717351,-87.7419234,POINT (-87.741923395725 41.771735098662),1
JA498788,,11/4/2017 14:05,30,TRAFFIC SIGNAL,FUNCTIONING PROPERLY,RAIN,DAYLIGHT,REAR END,NOT DIVIDED,4,STRAIGHT AND LEVEL,WET,NO DEFECTS,ON SCENE,NO INJURY / DRIVE AWAY,N,,,"OVER $1,500",11/4/2017 14:10,FOLLOWING TOO CLOSELY,NOT APPLICABLE,6399,W,FULLERTON AVE,2512,,,,,,,2,NO INDICATION OF INJURY,0,0,0,0,0,3,0,14,7,11,41.92356899,-87.7853792,POINT (-87.78537919603 41.923568992727),1
JA498743,,11/4/2017 14:05,30,TRAFFIC SIGNAL,FUNCTIONING PROPERLY,CLOUDY/OVERCAST,DAYLIGHT,REAR END,DIVIDED - W/MEDIAN (NOT RAISED),4,STRAIGHT AND LEVEL,WET,NO DEFECTS,NOT ON SCENE (DESK REPORT),INJURY AND / OR TOW DUE TO CRASH,,,,"$501 - $1,500",11/4/2017 14:59,UNABLE TO DETERMINE,NOT APPLICABLE,5140,W,CHICAGO AVE,1531,,,,,,,2,"REPORTED, NOT EVIDENT",1,0,0,0,1,1,0,14,7,11,41.89505703,-87.7548334,POINT (-87.754833400985 41.895057031082),1
JA498728,,11/4/2017 14:07,30,NO CONTROLS,NO CONTROLS,RAIN,DAYLIGHT,REAR END,NOT DIVIDED,2,STRAIGHT AND LEVEL,WET,UNKNOWN,NOT ON SCENE (DESK REPORT),NO INJURY / DRIVE AWAY,,,,"OVER $1,500",11/4/2017 14:50,UNABLE TO DETERMINE,UNABLE TO DETERMINE,1135,W,115TH ST,524,,,,,,,2,NO INDICATION OF INJURY,0,0,0,0,0,4,0,14,7,11,41.68485556,-87.6508035,POINT (-87.650803499818 41.684855559654),1
JA498750,,11/4/2017 14:10,30,TRAFFIC SIGNAL,FUNCTIONING PROPERLY,RAIN,DAYLIGHT,ANGLE,DIVIDED - W/MEDIAN (NOT RAISED),,STRAIGHT AND LEVEL,WET,NO DEFECTS,ON SCENE,NO INJURY / DRIVE AWAY,,,,"OVER $1,500",11/4/2017 14:33,DISREGARDING TRAFFIC SIGNALS,FAILING TO REDUCE SPEED TO AVOID CRASH,5601,N,WESTERN AVE,2012,,,,,,,2,NO INDICATION OF INJURY,0,0,0,0,0,2,0,14,7,11,41.98326196,-87.6893048,POINT (-87.689304804223 41.983261960459),1
JA498720,,11/4/2017 14:10,30,STOP SIGN/FLASHER,FUNCTIONING PROPERLY,RAIN,DAYLIGHT,ANGLE,OTHER,,STRAIGHT AND LEVEL,WET,NO DEFECTS,NOT ON SCENE (DESK REPORT),NO INJURY / DRIVE AWAY,Y,,,"OVER $1,500",11/4/2017 14:35,FAILING TO YIELD RIGHT-OF-WAY,NOT APPLICABLE,4400,N,PAULINA ST,1912,,,,,,,2,NO INDICATION OF INJURY,0,0,0,0,0,5,0,14,7,11,41.96165923,-87.67098769,POINT (-87.670987689747 41.96165923195),1
JA498760,,11/4/2017 14:15,30,TRAFFIC SIGNAL,FUNCTIONING PROPERLY,RAIN,DAYLIGHT,REAR END,NOT DIVIDED,4,STRAIGHT AND LEVEL,WET,NO DEFECTS,NOT ON SCENE (DESK REPORT),NO INJURY / DRIVE AWAY,,,,$500 OR LESS,11/4/2017 15:00,NOT APPLICABLE,NOT APPLICABLE,9100,S,ASHLAND AVE,2221,,,,,,,2,NO INDICATION OF INJURY,0,0,0,0,0,2,0,14,7,11,41.72838921,-87.66299565,POINT (-87.662995652744 41.728389213977),1
JA499775,,11/4/2017 14:15,0,TRAFFIC SIGNAL,FUNCTIONING PROPERLY,CLEAR,DAYLIGHT,REAR END,NOT DIVIDED,1,STRAIGHT AND LEVEL,DRY,NO DEFECTS,NOT ON SCENE (DESK REPORT),NO INJURY / DRIVE AWAY,,,,"OVER $1,500",11/5/2017 11:40,FOLLOWING TOO CLOSELY,NOT APPLICABLE,4118,W,115TH ST,2211,,,,,,,2,NO INDICATION OF INJURY,0,0,0,0,0,2,0,14,7,11,41.684024,-87.72323579,POINT (-87.72323579042 41.68402400324),1
JA498734,,11/4/2017 14:20,30,TRAFFIC SIGNAL,FUNCTIONING PROPERLY,RAIN,DAYLIGHT,REAR END,DIVIDED - W/MEDIAN (NOT RAISED),,STRAIGHT AND LEVEL,WET,NO DEFECTS,ON SCENE,NO INJURY / DRIVE AWAY,Y,,,$500 OR LESS,11/4/2017 14:41,FOLLOWING TOO CLOSELY,NOT APPLICABLE,6001,N,CALIFORNIA AVE,2413,,,,,,,2,NO INDICATION OF INJURY,0,0,0,0,0,5,0,14,7,11,41.9905322,-87.69925788,POINT (-87.699257878864 41.990532203884),1
JA498747,,11/4/2017 14:30,25,TRAFFIC SIGNAL,FUNCTIONING PROPERLY,RAIN,DAYLIGHT,SIDESWIPE SAME DIRECTION,CENTER TURN LANE,4,STRAIGHT AND LEVEL,WET,NO DEFECTS,ON SCENE,NO INJURY / DRIVE AWAY,,,,"OVER $1,500",11/4/2017 14:35,IMPROPER LANE USAGE,IMPROPER LANE USAGE,1632,E,57TH DR,331,,,,,,,3,NO INDICATION OF INJURY,0,0,0,0,0,5,0,14,7,11,41.79176432,-87.58555981,POINT (-87.585559805973 41.791764324294),1
JA500030,,11/4/2017 14:30,30,TRAFFIC SIGNAL,FUNCTIONING PROPERLY,UNKNOWN,DAYLIGHT,REAR END,DIVIDED - W/MEDIAN BARRIER,4,STRAIGHT AND LEVEL,UNKNOWN,UNKNOWN,NOT ON SCENE (DESK REPORT),NO INJURY / DRIVE AWAY,,,Y,"OVER $1,500",11/5/2017 14:30,FAILING TO REDUCE SPEED TO AVOID CRASH,UNABLE TO DETERMINE,3001,W,NORTH AVE,1423,,,,,,,2,NO INDICATION OF INJURY,0,0,0,0,0,3,0,14,7,11,41.91006272,-87.70227342,POINT (-87.702273420997 41.910062722443),1
JA498755,Y,11/4/2017 14:30,30,NO CONTROLS,NO CONTROLS,RAIN,DAYLIGHT,TURNING,NOT DIVIDED,2,STRAIGHT AND LEVEL,WET,NO DEFECTS,NOT ON SCENE (DESK REPORT),NO INJURY / DRIVE AWAY,,,,"$501 - $1,500",11/4/2017 15:05,IMPROPER TURNING/NO SIGNAL,IMPROPER TURNING/NO SIGNAL,5499,N,ASHLAND AVE,2012,,,,,,,2,NO INDICATION OF INJURY,0,0,0,0,0,3,0,14,7,11,41.98160797,-87.6696173,POINT (-87.669617299592 41.981607972534),1
JA500064,,11/4/2017 14:35,45,NO CONTROLS,NO CONTROLS,CLOUDY/OVERCAST,DAYLIGHT,SIDESWIPE SAME DIRECTION,DIVIDED - W/MEDIAN BARRIER,8,STRAIGHT AND LEVEL,UNKNOWN,UNKNOWN,NOT ON SCENE (DESK REPORT),NO INJURY / DRIVE AWAY,,,,"$501 - $1,500",11/5/2017 15:35,IMPROPER LANE USAGE,IMPROPER LANE USAGE,4000,N,LAKE SHORE DR SB,1915,,,,,,,2,NO INDICATION OF INJURY,0,0,0,0,0,2,0,14,7,11,41.95468924,-87.64497464,POINT (-87.644974644209 41.954689241342),1
JA498746,,11/4/2017 14:40,30,TRAFFIC SIGNAL,FUNCTIONING PROPERLY,RAIN,DAYLIGHT,REAR END,DIVIDED - W/MEDIAN (NOT RAISED),,STRAIGHT AND LEVEL,WET,NO DEFECTS,ON SCENE,INJURY AND / OR TOW DUE TO CRASH,,,,"OVER $1,500",11/4/2017 15:00,FAILING TO REDUCE SPEED TO AVOID CRASH,NOT APPLICABLE,3350,W,115TH ST,2211,,,,,,,2,"REPORTED, NOT EVIDENT",1,0,0,0,1,2,0,14,7,11,41.68430389,-87.70499558,POINT (-87.704995578083 41.684303891198),1
JA498736,,11/4/2017 14:42,40,TRAFFIC SIGNAL,FUNCTIONING PROPERLY,RAIN,DAYLIGHT,REAR END,DIVIDED - W/MEDIAN (NOT RAISED),10,STRAIGHT AND LEVEL,WET,NO DEFECTS,ON SCENE,NO INJURY / DRIVE AWAY,,,,"OVER $1,500",11/4/2017 14:45,UNABLE TO DETERMINE,UNABLE TO DETERMINE,500,S,LAKE SHORE DR SB,114,,,,,,,3,NO INDICATION OF INJURY,0,0,0,0,0,6,0,14,7,11,41.87575626,-87.61751568,POINT (-87.617515679751 41.875756255241),1
JA498817,,11/4/2017 14:45,30,TRAFFIC SIGNAL,UNKNOWN,RAIN,DAYLIGHT,REAR END,CENTER TURN LANE,3,STRAIGHT AND LEVEL,UNKNOWN,UNKNOWN,NOT ON SCENE (DESK REPORT),NO INJURY / DRIVE AWAY,,,Y,"$501 - $1,500",11/4/2017 15:00,UNABLE TO DETERMINE,NOT APPLICABLE,3541,N,KEDZIE AVE,1733,,,,,,,2,NO INDICATION OF INJURY,0,0,0,0,0,3,0,14,7,11,41.94595581,-87.70765752,POINT (-87.707657520211 41.945955810649),1
JA498764,,11/4/2017 14:45,30,TRAFFIC SIGNAL,FUNCTIONING PROPERLY,RAIN,DUSK,PEDESTRIAN,NOT DIVIDED,2,STRAIGHT AND LEVEL,WET,NO DEFECTS,ON SCENE,INJURY AND / OR TOW DUE TO CRASH,Y,,,"$501 - $1,500",11/4/2017 15:05,UNABLE TO DETERMINE,NOT APPLICABLE,3959,W,ROOSEVELT RD,1011,,,,,,,2,INCAPACITATING INJURY,1,0,1,0,0,1,0,14,7,11,41.86606326,-87.72510652,POINT (-87.725106516484 41.866063260699),1
JA500727,,11/4/2017 14:45,25,NO CONTROLS,NO CONTROLS,UNKNOWN,UNKNOWN,PARKED MOTOR VEHICLE,NOT DIVIDED,1,STRAIGHT AND LEVEL,DRY,UNKNOWN,NOT ON SCENE (DESK REPORT),NO INJURY / DRIVE AWAY,,,Y,"OVER $1,500",11/6/2017 8:30,PHYSICAL CONDITION OF DRIVER,UNABLE TO DETERMINE,10439,S,MORGAN ST,2232,,,,,,,2,NO INDICATION OF INJURY,0,0,0,0,0,1,0,14,7,11,41.70386218,-87.64745805,POINT (-87.64745804752 41.703862178945),1
JA498757,,11/4/2017 14:50,30,NO CONTROLS,NO CONTROLS,RAIN,DAYLIGHT,REAR END,DIVIDED - W/MEDIAN (NOT RAISED),4,STRAIGHT AND LEVEL,WET,NO DEFECTS,ON SCENE,INJURY AND / OR TOW DUE TO CRASH,,,,"OVER $1,500",11/4/2017 14:55,FAILING TO REDUCE SPEED TO AVOID CRASH,WEATHER,3375,W,DEVON AVE,1711,,,,,,,2,NO INDICATION OF INJURY,0,0,0,0,0,2,0,14,7,11,41.99719976,-87.71422302,POINT (-87.714223015367 41.997199758275),1
JA498800,,11/4/2017 14:51,30,STOP SIGN/FLASHER,FUNCTIONING PROPERLY,RAIN,DAYLIGHT,REAR END,DIVIDED - W/MEDIAN (NOT RAISED),2,STRAIGHT AND LEVEL,WET,NO DEFECTS,ON SCENE,INJURY AND / OR TOW DUE TO CRASH,,,,"OVER $1,500",11/4/2017 15:14,EXCEEDING SAFE SPEED FOR CONDITIONS,FOLLOWING TOO CLOSELY,1453,N,CALIFORNIA AVE,1423,,,,,,,2,NO INDICATION OF INJURY,0,0,0,0,0,2,0,14,7,11,41.90813805,-87.69685999,POINT (-87.696859985455 41.908138053692),1
JA498803,,11/4/2017 14:52,30,NO CONTROLS,NO CONTROLS,RAIN,DAYLIGHT,TURNING,DIVIDED - W/MEDIAN (NOT RAISED),2,STRAIGHT AND LEVEL,WET,NO DEFECTS,ON SCENE,INJURY AND / OR TOW DUE TO CRASH,,,,"OVER $1,500",11/4/2017 14:53,FAILING TO REDUCE SPEED TO AVOID CRASH,WEATHER,4417,W,76TH ST,833,,,,,,,2,NONINCAPACITATING INJURY,1,0,0,1,0,1,0,14,7,11,41.75479849,-87.73287929,POINT (-87.732879292504 41.754798488237),1
JA500128,,11/4/2017 14:55,30,NO CONTROLS,NO CONTROLS,RAIN,DARKNESS,ANGLE,NOT DIVIDED,2,STRAIGHT AND LEVEL,WET,NO DEFECTS,NOT ON SCENE (DESK REPORT),NO INJURY / DRIVE AWAY,,,,"OVER $1,500",11/5/2017 16:50,WEATHER,WEATHER,3042,S,KEDVALE AVE,1031,,,,,,,2,NO INDICATION OF INJURY,0,0,0,0,0,2,0,14,7,11,41.83744581,-87.72815746,POINT (-87.728157461498 41.837445812676),1
JA498804,,11/4/2017 15:00,10,NO CONTROLS,NO CONTROLS,RAIN,DAYLIGHT,SIDESWIPE OPPOSITE DIRECTION,DIVIDED - W/MEDIAN (NOT RAISED),1,STRAIGHT AND LEVEL,WET,NO DEFECTS,NOT ON SCENE (DESK REPORT),NO INJURY / DRIVE AWAY,,,,"OVER $1,500",11/4/2017 15:30,UNABLE TO DETERMINE,UNABLE TO DETERMINE,1100,N,LA SALLE DR,1824,,,,,,,2,NO INDICATION OF INJURY,0,0,0,0,0,2,0,15,7,11,41.90188637,-87.63300508,POINT (-87.633005083588 41.901886368565),1
JA498819,,11/4/2017 15:00,30,TRAFFIC SIGNAL,FUNCTIONING PROPERLY,RAIN,DAYLIGHT,FIXED OBJECT,OTHER,2,STRAIGHT AND LEVEL,WET,NO DEFECTS,ON SCENE,INJURY AND / OR TOW DUE TO CRASH,,,,"OVER $1,500",11/4/2017 15:03,IMPROPER LANE USAGE,WEATHER,6809,W,DEVON AVE,1611,,,,,,,1,NO INDICATION OF INJURY,0,0,0,0,0,1,0,15,7,11,41.99678822,-87.79753585,POINT (-87.797535849527 41.996788215111),1