RD_NO,CRASH_DATE_EST_I,CRASH_DATE,POSTED_SPEED_LIMIT,TRAFFIC_CONTROL_DEVICE,DEVICE_CONDITION,WEATHER_CONDITION,LIGHTING_CONDITION,FIRST_CRASH_TYPE,TRAFFICWAY_TYPE,LANE_CNT,ALIGNMENT,ROADWAY_SURFACE_COND,ROAD_DEFECT,REPORT_TYPE,CRASH_TYPE,INTERSECTION_RELATED_I,NOT_RIGHT_OF_WAY_I,HIT_AND_RUN_I,DAMAGE,DATE_POLICE_NOTIFIED,PRIM_CONTRIBUTORY_CAUSE,SEC_CONTRIBUTORY_CAUSE,STREET_NO,STREET_DIRECTION,STREET_NAME,BEAT_OF_OCCURRENCE,PHOTOS_TAKEN_I,STATEMENTS_TAKEN_I,DOORING_I,WORK_ZONE_I,WORK_ZONE_TYPE,WORKERS_PRESENT_I,NUM_UNITS,MOST_SEVERE_INJURY,INJURIES_TOTAL,INJURIES_FATAL,INJURIES_INCAPACITATING,INJURIES_NON_INCAPACITATING,INJURIES_REPORTED_NOT_EVIDENT,INJURIES_NO_INDICATION,INJURIES_UNKNOWN,CRASH_HOUR,CRASH_DAY_OF_WEEK,CRASH_MONTH,LATITUDE,LONGITUDE,LOCATION,Join
JA501762,,11/4/2017 15:00,30,NO CONTROLS,NO CONTROLS,CLEAR,DAYLIGHT,REAR END,NOT DIVIDED,2,STRAIGHT AND LEVEL,DRY,NO DEFECTS,NOT ON SCENE (DESK REPORT),NO INJURY / DRIVE AWAY,,,,"OVER $1,500",11/6/2017 20:05,FOLLOWING TOO CLOSELY,EXCEEDING AUTHORIZED SPEED LIMIT,6000,W,ADDISON ST,1633,,,,,,,3,NO INDICATION OF INJURY,0,0,0,0,0,4,0,15,7,11,41.94587968,-87.77662742,POINT (-87.776627420937 41.945879675591),1
JA498758,,11/4/2017 15:00,30,TRAFFIC SIGNAL,FUNCTIONING PROPERLY,RAIN,DAYLIGHT,TURNING,DIVIDED - W/MEDIAN (NOT RAISED),,STRAIGHT AND LEVEL,WET,NO DEFECTS,NOT ON SCENE (DESK REPORT),NO INJURY / DRIVE AWAY,,,,"OVER $1,500",11/4/2017 15:16,FAILING TO YIELD RIGHT-OF-WAY,UNABLE TO DETERMINE,600,S,STATE ST,123,,,,,,,2,NO INDICATION OF INJURY,0,0,0,0,0,3,0,15,7,11,41.87454144,-87.62775779,POINT (-87.627757787189 41.874541438718),1
JA498776,,11/4/2017 15:03,30,NO CONTROLS,NO CONTROLS,RAIN,DAYLIGHT,SIDESWIPE SAME DIRECTION,NOT DIVIDED,2,STRAIGHT AND LEVEL,WET,NO DEFECTS,ON SCENE,NO INJURY / DRIVE AWAY,Y,,,"$501 - $1,500",11/4/2017 15:07,FAILING TO YIELD RIGHT-OF-WAY,IMPROPER TURNING/NO SIGNAL,1722,W,GRAND AVE,1215,,,,,,,2,NO INDICATION OF INJURY,0,0,0,0,0,2,0,15,7,11,41.89103868,-87.67055709,POINT (-87.670557092347 41.891038675736),1
JA498893,,11/4/2017 15:15,30,NO CONTROLS,NO CONTROLS,RAIN,DAYLIGHT,PARKED MOTOR VEHICLE,ONE-WAY,,STRAIGHT AND LEVEL,WET,NO DEFECTS,NOT ON SCENE (DESK REPORT),NO INJURY / DRIVE AWAY,,,Y,"$501 - $1,500",11/4/2017 16:45,UNABLE TO DETERMINE,UNABLE TO DETERMINE,8334,S,OGLESBY AVE,412,,,,,,,2,NO INDICATION OF INJURY,0,0,0,0,0,1,0,15,7,11,41.74334172,-87.56747052,POINT (-87.56747052174 41.743341715929),1
JA498780,,11/4/2017 15:15,30,TRAFFIC SIGNAL,FUNCTIONING PROPERLY,RAIN,DAYLIGHT,TURNING,NOT DIVIDED,3,STRAIGHT AND LEVEL,WET,NO DEFECTS,ON SCENE,NO INJURY / DRIVE AWAY,,,Y,$500 OR LESS,11/4/2017 15:20,IMPROPER TURNING/NO SIGNAL,UNABLE TO DETERMINE,137,W,CERMAK RD,914,,,,,,,2,NO INDICATION OF INJURY,0,0,0,0,0,2,0,15,7,11,41.85275757,-87.63095287,POINT (-87.630952871001 41.852757571153),1
JA498840,,11/4/2017 15:20,15,NO CONTROLS,NO CONTROLS,CLEAR,DAYLIGHT,REAR END,PARKING LOT,2,STRAIGHT AND LEVEL,WET,NO DEFECTS,NOT ON SCENE (DESK REPORT),NO INJURY / DRIVE AWAY,,Y,,"$501 - $1,500",11/4/2017 15:50,FAILING TO YIELD RIGHT-OF-WAY,NOT APPLICABLE,10736,S,EWING AVE,432,,,,,,,2,NO INDICATION OF INJURY,0,0,0,0,0,3,0,15,7,11,41.69981485,-87.53542689,POINT (-87.535426890482 41.699814846467),1
JA498914,,11/4/2017 15:20,30,NO CONTROLS,NO CONTROLS,CLOUDY/OVERCAST,DAYLIGHT,REAR END,NOT DIVIDED,,STRAIGHT AND LEVEL,DRY,NO DEFECTS,NOT ON SCENE (DESK REPORT),NO INJURY / DRIVE AWAY,,,,"$501 - $1,500",11/4/2017 17:14,FAILING TO YIELD RIGHT-OF-WAY,FOLLOWING TOO CLOSELY,2799,N,LARAMIE AVE,2521,,,,,,,2,NO INDICATION OF INJURY,0,0,0,0,0,4,0,15,7,11,41.9313572,-87.75627167,POINT (-87.756271665065 41.93135719813),1
JA498798,,11/4/2017 15:21,30,STOP SIGN/FLASHER,NO CONTROLS,RAIN,DAYLIGHT,TURNING,NOT DIVIDED,4,STRAIGHT AND LEVEL,WET,NO DEFECTS,ON SCENE,INJURY AND / OR TOW DUE TO CRASH,Y,,,"OVER $1,500",11/4/2017 15:22,"OPERATING VEHICLE IN ERRATIC, RECKLESS, CARELESS, NEGLIGENT OR AGGRESSIVE MANNER",UNABLE TO DETERMINE,334,E,46TH ST,215,,,,,,,2,NO INDICATION OF INJURY,0,0,0,0,0,2,0,15,7,11,41.81128123,-87.61827891,POINT (-87.618278913934 41.811281225278),1
JA498845,,11/4/2017 15:24,30,NO CONTROLS,NO CONTROLS,RAIN,DAYLIGHT,PARKED MOTOR VEHICLE,NOT DIVIDED,2,STRAIGHT AND LEVEL,WET,NO DEFECTS,ON SCENE,INJURY AND / OR TOW DUE TO CRASH,,Y,Y,"OVER $1,500",11/4/2017 15:28,UNABLE TO DETERMINE,NOT APPLICABLE,2753,W,51ST ST,923,,,,,,,3,NO INDICATION OF INJURY,0,0,0,0,0,1,0,15,7,11,41.80088493,-87.69368249,POINT (-87.693682488665 41.800884929817),1
JA498848,Y,11/4/2017 15:25,30,TRAFFIC SIGNAL,FUNCTIONING PROPERLY,RAIN,DUSK,SIDESWIPE SAME DIRECTION,DIVIDED - W/MEDIAN BARRIER,,STRAIGHT AND LEVEL,WET,NO DEFECTS,ON SCENE,NO INJURY / DRIVE AWAY,,,,"OVER $1,500",11/4/2017 16:03,IMPROPER LANE USAGE,NOT APPLICABLE,98,S,MICHIGAN AVE,112,,,,,,,2,NO INDICATION OF INJURY,0,0,0,0,0,2,0,15,7,11,41.88089012,-87.62448327,POINT (-87.624483266019 41.88089011864),1
JA498850,,11/4/2017 15:25,25,TRAFFIC SIGNAL,FUNCTIONING PROPERLY,RAIN,DUSK,TURNING,DIVIDED - W/MEDIAN (NOT RAISED),4,STRAIGHT AND LEVEL,WET,NO DEFECTS,ON SCENE,INJURY AND / OR TOW DUE TO CRASH,Y,,,"OVER $1,500",11/4/2017 16:03,UNABLE TO DETERMINE,NOT APPLICABLE,299,S,AUSTIN BLVD,1513,,,,,,,2,NO INDICATION OF INJURY,0,0,0,0,0,2,0,15,7,11,41.8764777,-87.77438183,POINT (-87.77438183271 41.876477698719),1
JA522208,,11/4/2017 15:30,30,NO CONTROLS,NO CONTROLS,UNKNOWN,DAYLIGHT,REAR END,DIVIDED - W/MEDIAN (NOT RAISED),,STRAIGHT AND LEVEL,UNKNOWN,UNKNOWN,NOT ON SCENE (DESK REPORT),NO INJURY / DRIVE AWAY,Y,,,"$501 - $1,500",11/22/2017 20:45,FOLLOWING TOO CLOSELY,UNABLE TO DETERMINE,4660,W,LAWRENCE AVE,1712,,,,,,,2,NO INDICATION OF INJURY,0,0,0,0,0,2,0,15,7,11,41.96816515,-87.74525377,POINT (-87.745253770149 41.968165153507),1
JA498844,,11/4/2017 15:30,30,NO CONTROLS,NO CONTROLS,CLEAR,DAYLIGHT,REAR END,DIVIDED - W/MEDIAN (NOT RAISED),3,STRAIGHT AND LEVEL,DRY,NO DEFECTS,NOT ON SCENE (DESK REPORT),NO INJURY / DRIVE AWAY,,,,"OVER $1,500",11/4/2017 16:16,FAILING TO REDUCE SPEED TO AVOID CRASH,FOLLOWING TOO CLOSELY,6718,S,RACINE AVE,724,,,,,,,2,NO INDICATION OF INJURY,0,0,0,0,0,2,0,15,7,11,41.77173175,-87.65444208,POINT (-87.654442080273 41.7717317496),1
JA498837,,11/4/2017 15:35,30,NO CONTROLS,NO CONTROLS,RAIN,DUSK,ANGLE,DIVIDED - W/MEDIAN (NOT RAISED),,STRAIGHT AND LEVEL,WET,NO DEFECTS,ON SCENE,NO INJURY / DRIVE AWAY,,,Y,"OVER $1,500",11/4/2017 16:00,UNABLE TO DETERMINE,NOT APPLICABLE,3950,W,OGDEN AVE,1013,,,,,,,2,NO INDICATION OF INJURY,0,0,0,0,0,2,0,15,7,11,41.851635,-87.72363,POINT (-87.723630003513 41.851635001922),1
JA498843,,11/4/2017 15:40,25,NO CONTROLS,NO CONTROLS,RAIN,DAYLIGHT,SIDESWIPE SAME DIRECTION,DIVIDED - W/MEDIAN (NOT RAISED),4,STRAIGHT AND LEVEL,WET,NO DEFECTS,NOT ON SCENE (DESK REPORT),NO INJURY / DRIVE AWAY,,,,"$501 - $1,500",11/4/2017 16:06,UNABLE TO DETERMINE,UNABLE TO DETERMINE,5200,S,KEDZIE AVE,822,,,,,,,2,NO INDICATION OF INJURY,0,0,0,0,0,2,0,15,7,11,41.79889965,-87.703858,POINT (-87.703857997716 41.798899651482),1
JA501308,,11/4/2017 15:40,30,STOP SIGN/FLASHER,FUNCTIONING PROPERLY,CLEAR,DAYLIGHT,REAR END,DIVIDED - W/MEDIAN (NOT RAISED),2,STRAIGHT AND LEVEL,DRY,NO DEFECTS,NOT ON SCENE (DESK REPORT),NO INJURY / DRIVE AWAY,,,Y,"$501 - $1,500",11/6/2017 15:00,UNABLE TO DETERMINE,NOT APPLICABLE,2911,W,PRATT BLVD,2412,,,,,,,2,NO INDICATION OF INJURY,0,0,0,0,0,2,0,15,7,11,42.00468469,-87.7026852,POINT (-87.702685196387 42.004684691027),1
JA500957,Y,11/4/2017 15:40,30,TRAFFIC SIGNAL,FUNCTIONING PROPERLY,RAIN,DAYLIGHT,REAR END,NOT DIVIDED,3,STRAIGHT AND LEVEL,WET,NO DEFECTS,NOT ON SCENE (DESK REPORT),NO INJURY / DRIVE AWAY,,,,"OVER $1,500",11/6/2017 11:30,UNABLE TO DETERMINE,UNABLE TO DETERMINE,100,E,WACKER DR,114,,,,,,,2,NO INDICATION OF INJURY,0,0,0,0,0,2,0,15,7,11,41.88840303,-87.62439642,POINT (-87.624396422774 41.888403031993),1
JA498846,,11/4/2017 15:50,30,TRAFFIC SIGNAL,FUNCTIONING PROPERLY,RAIN,DAYLIGHT,SIDESWIPE SAME DIRECTION,NOT DIVIDED,4,STRAIGHT AND LEVEL,WET,NO DEFECTS,NOT ON SCENE (DESK REPORT),NO INJURY / DRIVE AWAY,,,,"$501 - $1,500",11/4/2017 16:12,FAILING TO YIELD RIGHT-OF-WAY,NOT APPLICABLE,5500,S,ARCHER AVE,814,,,,,,,2,NO INDICATION OF INJURY,0,0,0,0,0,2,0,15,7,11,41.79824285,-87.74665695,POINT (-87.746656944974 41.798242846192),1
JA498932,,11/4/2017 15:50,30,NO CONTROLS,NO CONTROLS,RAIN,DAYLIGHT,ANGLE,DIVIDED - W/MEDIAN (NOT RAISED),2,STRAIGHT AND LEVEL,WET,UNKNOWN,NOT ON SCENE (DESK REPORT),INJURY AND / OR TOW DUE TO CRASH,,,Y,"$501 - $1,500",11/4/2017 17:30,UNABLE TO DETERMINE,UNABLE TO DETERMINE,7205,S,ASHLAND AVE,734,,,,,,,2,"REPORTED, NOT EVIDENT",1,0,0,0,1,1,0,15,7,11,41.76291893,-87.66358525,POINT (-87.663585251737 41.762918925442),1
JA499791,,11/4/2017 15:50,30,YIELD,NO CONTROLS,RAIN,"DARKNESS, LIGHTED ROAD",SIDESWIPE SAME DIRECTION,ONE-WAY,,STRAIGHT AND LEVEL,WET,NO DEFECTS,NOT ON SCENE (DESK REPORT),NO INJURY / DRIVE AWAY,,Y,,"OVER $1,500",11/5/2017 11:50,FAILING TO YIELD RIGHT-OF-WAY,FAILING TO REDUCE SPEED TO AVOID CRASH,2908,N,MARMORA AVE,2514,,,,,,,2,NO INDICATION OF INJURY,0,0,0,0,0,2,0,15,7,11,41.93331646,-87.77375535,POINT (-87.773755353858 41.933316460919),1
JA498847,,11/4/2017 15:50,35,NO CONTROLS,NO CONTROLS,CLOUDY/OVERCAST,DAYLIGHT,FIXED OBJECT,DIVIDED - W/MEDIAN BARRIER,4,CURVE ON GRADE,WET,WORN SURFACE,ON SCENE,INJURY AND / OR TOW DUE TO CRASH,,,,"OVER $1,500",11/4/2017 15:54,EQUIPMENT - VEHICLE CONDITION,NOT APPLICABLE,9000,S,LAKE SHORE DR,424,,,,,,,1,"REPORTED, NOT EVIDENT",1,0,0,0,1,0,0,15,7,11,41.73194955,-87.54028434,POINT (-87.54028434318 41.731949548355),1
JA498877,,11/4/2017 15:59,30,TRAFFIC SIGNAL,FUNCTIONING PROPERLY,RAIN,DAYLIGHT,HEAD ON,NOT DIVIDED,2,STRAIGHT AND LEVEL,WET,NO DEFECTS,ON SCENE,INJURY AND / OR TOW DUE TO CRASH,Y,Y,,"OVER $1,500",11/4/2017 15:59,NOT APPLICABLE,NOT APPLICABLE,532,E,ILLINOIS ST,1834,,,,,,,2,NONINCAPACITATING INJURY,1,0,0,1,0,1,0,15,7,11,41.89123358,-87.61350125,POINT (-87.613501254346 41.891233580643),1
JA499154,,11/4/2017 16:00,35,NO CONTROLS,NO CONTROLS,RAIN,DAYLIGHT,ANGLE,NOT DIVIDED,4,STRAIGHT AND LEVEL,WET,NO DEFECTS,NOT ON SCENE (DESK REPORT),NO INJURY / DRIVE AWAY,,,,"$501 - $1,500",11/4/2017 21:00,FAILING TO YIELD RIGHT-OF-WAY,WEATHER,5143,S,PULASKI RD,822,,,,,,,2,NO INDICATION OF INJURY,0,0,0,0,0,3,0,16,7,11,41.79921768,-87.72318767,POINT (-87.723187665131 41.799217682399),1
JA498923,,11/4/2017 16:00,35,TRAFFIC SIGNAL,FUNCTIONING PROPERLY,RAIN,DAYLIGHT,SIDESWIPE SAME DIRECTION,CENTER TURN LANE,3,STRAIGHT AND LEVEL,WET,UNKNOWN,NOT ON SCENE (DESK REPORT),NO INJURY / DRIVE AWAY,Y,,,"$501 - $1,500",11/4/2017 17:12,NOT APPLICABLE,NOT APPLICABLE,7309,W,IRVING PARK RD,1631,,,,,,,2,NO INDICATION OF INJURY,0,0,0,0,0,2,0,16,7,11,41.95258417,-87.8102291,POINT (-87.810229100755 41.952584173003),1
JA500278,,11/4/2017 16:00,30,NO CONTROLS,NO CONTROLS,RAIN,DAYLIGHT,ANGLE,OTHER,0,STRAIGHT AND LEVEL,WET,NO DEFECTS,NOT ON SCENE (DESK REPORT),NO INJURY / DRIVE AWAY,,,,"OVER $1,500",11/5/2017 19:13,FAILING TO YIELD RIGHT-OF-WAY,DRIVING SKILLS/KNOWLEDGE/EXPERIENCE,1231,S,DAMEN AVE,1233,,,,,,,2,NO INDICATION OF INJURY,0,0,0,0,0,2,0,16,7,11,41.86580003,-87.67607361,POINT (-87.676073606076 41.865800031726),1
JA498891,,11/4/2017 16:04,30,UNKNOWN,UNKNOWN,RAIN,DAWN,REAR END,NOT DIVIDED,2,STRAIGHT AND LEVEL,WET,UNKNOWN,ON SCENE,INJURY AND / OR TOW DUE TO CRASH,,,,"OVER $1,500",11/4/2017 16:07,UNABLE TO DETERMINE,DRIVING SKILLS/KNOWLEDGE/EXPERIENCE,4435,W,FULLERTON AVE,2522,,Y,,,,,2,NO INDICATION OF INJURY,0,0,0,0,0,2,0,16,7,11,41.92424192,-87.73800148,POINT (-87.738001475362 41.924241917057),1
JA552509,,11/4/2017 16:05,30,TRAFFIC SIGNAL,FUNCTIONING PROPERLY,RAIN,DUSK,REAR END,ONE-WAY,3,STRAIGHT AND LEVEL,WET,UNKNOWN,NOT ON SCENE (DESK REPORT),NO INJURY / DRIVE AWAY,,,,"$501 - $1,500",12/17/2017 9:30,FOLLOWING TOO CLOSELY,FOLLOWING TOO CLOSELY,100,W,GRAND AVE,1831,,,,,,,2,NO INDICATION OF INJURY,0,0,0,0,0,2,0,16,7,11,41.89173502,-87.63120169,POINT (-87.631201688792 41.891735020379),1
JA498875,,11/4/2017 16:10,30,NO CONTROLS,NO CONTROLS,OTHER,DAYLIGHT,REAR END,DIVIDED - W/MEDIAN (NOT RAISED),,STRAIGHT AND LEVEL,WET,NO DEFECTS,NOT ON SCENE (DESK REPORT),INJURY AND / OR TOW DUE TO CRASH,,,,"OVER $1,500",11/4/2017 16:30,FOLLOWING TOO CLOSELY,FOLLOWING TOO CLOSELY,5821,N,SHERIDAN RD,2022,,,,,,,2,"REPORTED, NOT EVIDENT",1,0,0,0,1,2,0,16,7,11,41.98798952,-87.6551759,POINT (-87.655175895984 41.987989517899),1
JA498884,N,11/4/2017 16:10,30,TRAFFIC SIGNAL,FUNCTIONING PROPERLY,RAIN,"DARKNESS, LIGHTED ROAD",SIDESWIPE SAME DIRECTION,DIVIDED - W/MEDIAN BARRIER,4,STRAIGHT AND LEVEL,WET,NO DEFECTS,ON SCENE,NO INJURY / DRIVE AWAY,,,Y,$500 OR LESS,11/4/2017 16:15,IMPROPER OVERTAKING/PASSING,WEATHER,6401,N,SHERIDAN RD,2432,,,,,,,2,NO INDICATION OF INJURY,0,0,0,0,0,3,0,16,7,11,41.99830881,-87.65969638,POINT (-87.659696383256 41.99830880639),1
JA498901,,11/4/2017 16:10,30,TRAFFIC SIGNAL,FUNCTIONING PROPERLY,CLOUDY/OVERCAST,DAYLIGHT,TURNING,NOT DIVIDED,,STRAIGHT AND LEVEL,WET,NO DEFECTS,NOT ON SCENE (DESK REPORT),NO INJURY / DRIVE AWAY,Y,,Y,$500 OR LESS,11/4/2017 16:50,IMPROPER BACKING,NOT APPLICABLE,41,S,ASHLAND AVE,1224,,,,,,,2,NO INDICATION OF INJURY,0,0,0,0,0,2,0,16,7,11,41.88020656,-87.66661331,POINT (-87.666613313459 41.880206558235),1
JA498889,,11/4/2017 16:10,30,STOP SIGN/FLASHER,UNKNOWN,CLOUDY/OVERCAST,DAYLIGHT,REAR END,NOT DIVIDED,,STRAIGHT AND LEVEL,WET,UNKNOWN,NOT ON SCENE (DESK REPORT),NO INJURY / DRIVE AWAY,,,,"$501 - $1,500",11/4/2017 16:45,WEATHER,WEATHER,2131,N,KOSTNER AVE,2522,,,,,,,2,NO INDICATION OF INJURY,0,0,0,0,0,2,0,16,7,11,41.91983491,-87.73626017,POINT (-87.736260166276 41.919834908984),1
JA499766,,11/4/2017 16:15,30,STOP SIGN/FLASHER,FUNCTIONING PROPERLY,CLOUDY/OVERCAST,DAYLIGHT,REAR END,NOT DIVIDED,2,STRAIGHT AND LEVEL,WET,UNKNOWN,NOT ON SCENE (DESK REPORT),NO INJURY / DRIVE AWAY,,,,"$501 - $1,500",11/5/2017 11:23,FOLLOWING TOO CLOSELY,FOLLOWING TOO CLOSELY,634,E,115TH ST,531,,,,,,,2,NO INDICATION OF INJURY,0,0,0,0,0,2,0,16,7,11,41.68559188,-87.60697253,POINT (-87.606972530772 41.685591878832),1
JA498861,,11/4/2017 16:15,30,NO CONTROLS,NO CONTROLS,RAIN,DAYLIGHT,SIDESWIPE SAME DIRECTION,NOT DIVIDED,2,STRAIGHT AND LEVEL,WET,NO DEFECTS,ON SCENE,NO INJURY / DRIVE AWAY,,,,"$501 - $1,500",11/4/2017 16:19,IMPROPER LANE USAGE,UNABLE TO DETERMINE,7544,S,JEFFERY BLVD,414,,,,,,,2,NO INDICATION OF INJURY,0,0,0,0,0,2,0,16,7,11,41.75754325,-87.57626057,POINT (-87.576260567081 41.757543251659),1
JA498874,,11/4/2017 16:15,30,TRAFFIC SIGNAL,FUNCTIONING PROPERLY,CLOUDY/OVERCAST,DAYLIGHT,REAR END,NOT DIVIDED,,STRAIGHT AND LEVEL,WET,NO DEFECTS,ON SCENE,INJURY AND / OR TOW DUE TO CRASH,,,,"$501 - $1,500",11/4/2017 16:15,FOLLOWING TOO CLOSELY,NOT APPLICABLE,100,E,103RD ST,511,,,,,,,2,INCAPACITATING INJURY,2,0,1,1,0,2,0,16,7,11,41.70732593,-87.62013387,POINT (-87.620133867078 41.707325931756),1
JA498769,,11/4/2017 16:15,30,STOP SIGN/FLASHER,MISSING,RAIN,DAYLIGHT,ANGLE,NOT DIVIDED,4,STRAIGHT AND LEVEL,WET,NO DEFECTS,,INJURY AND / OR TOW DUE TO CRASH,Y,,,"OVER $1,500",11/11/2017 16:43,FAILING TO YIELD RIGHT-OF-WAY,WEATHER,759,N,LEAMINGTON AVE,1531,,,,,,,2,"REPORTED, NOT EVIDENT",1,0,0,0,1,3,0,16,7,11,41.89474537,-87.75422523,POINT (-87.754225227837 41.894745367338),1
JA498919,,11/4/2017 16:30,0,NO CONTROLS,NO CONTROLS,CLOUDY/OVERCAST,DAYLIGHT,REAR END,DIVIDED - W/MEDIAN (NOT RAISED),,STRAIGHT AND LEVEL,WET,NO DEFECTS,ON SCENE,INJURY AND / OR TOW DUE TO CRASH,,,N,"OVER $1,500",11/4/2017 16:45,NOT APPLICABLE,NOT APPLICABLE,3852,W,47TH ST,821,,,,,,,2,NO INDICATION OF INJURY,0,0,0,0,0,4,0,16,7,11,41.80801505,-87.72080704,POINT (-87.720807035051 41.808015045845),1
JA498984,Y,11/4/2017 16:30,30,TRAFFIC SIGNAL,FUNCTIONING PROPERLY,CLEAR,DAYLIGHT,TURNING,NOT DIVIDED,3,STRAIGHT AND LEVEL,DRY,NO DEFECTS,NOT ON SCENE (DESK REPORT),NO INJURY / DRIVE AWAY,,,,"OVER $1,500",11/4/2017 18:08,FOLLOWING TOO CLOSELY,NOT APPLICABLE,433,W,HARRISON ST,124,,,,,,,2,NO INDICATION OF INJURY,0,0,0,0,0,2,0,16,7,11,41.87430104,-87.63908212,POINT (-87.639082121332 41.874301044496),1
JA498937,,11/4/2017 16:30,30,NO CONTROLS,NO CONTROLS,RAIN,DAYLIGHT,REAR END,DIVIDED - W/MEDIAN (NOT RAISED),,STRAIGHT AND LEVEL,WET,NO DEFECTS,NOT ON SCENE (DESK REPORT),NO INJURY / DRIVE AWAY,,,,"OVER $1,500",11/4/2017 17:20,FOLLOWING TOO CLOSELY,NOT APPLICABLE,1701,N,HARLEM AVE,2513,,,,,,,2,NO INDICATION OF INJURY,0,0,0,0,0,2,0,16,7,11,41.91080032,-87.80568272,POINT (-87.805682715111 41.91080031883),1
JA498956,Y,11/4/2017 16:30,20,NO CONTROLS,NO CONTROLS,RAIN,UNKNOWN,PARKED MOTOR VEHICLE,ONE-WAY,3,STRAIGHT AND LEVEL,WET,NO DEFECTS,ON SCENE,NO INJURY / DRIVE AWAY,,,Y,$500 OR LESS,11/4/2017 17:27,UNABLE TO DETERMINE,UNABLE TO DETERMINE,2306,N,MANGO AVE,2515,,,,,,,2,NO INDICATION OF INJURY,0,0,0,0,0,1,0,16,7,11,41.92235793,-87.76972782,POINT (-87.769727824449 41.922357931668),1
JA498903,,11/4/2017 16:35,15,NO CONTROLS,NO CONTROLS,CLEAR,DAYLIGHT,PARKED MOTOR VEHICLE,PARKING LOT,1,STRAIGHT AND LEVEL,DRY,NO DEFECTS,NOT ON SCENE (DESK REPORT),NO INJURY / DRIVE AWAY,,,Y,"OVER $1,500",11/4/2017 16:50,UNABLE TO DETERMINE,UNABLE TO DETERMINE,6345,S,COTTAGE GROVE AVE,312,,,,,,,2,NO INDICATION OF INJURY,0,0,0,0,0,1,0,16,7,11,41.77908152,-87.60575476,POINT (-87.605754755655 41.779081515222),1
JA498958,,11/4/2017 16:40,30,NO CONTROLS,NO CONTROLS,CLOUDY/OVERCAST,DUSK,SIDESWIPE SAME DIRECTION,DIVIDED - W/MEDIAN (NOT RAISED),,STRAIGHT AND LEVEL,WET,NO DEFECTS,NOT ON SCENE (DESK REPORT),NO INJURY / DRIVE AWAY,,,,"OVER $1,500",11/4/2017 17:40,FAILING TO YIELD RIGHT-OF-WAY,NOT APPLICABLE,1251,W,103RD ST,2232,,,,,,,2,NO INDICATION OF INJURY,0,0,0,0,0,2,0,16,7,11,41.70669509,-87.65466453,POINT (-87.654664531136 41.706695092442),1
JA498896,,11/4/2017 16:40,40,NO CONTROLS,NO CONTROLS,RAIN,DAYLIGHT,REAR END,DIVIDED - W/MEDIAN BARRIER,,STRAIGHT AND LEVEL,WET,NO DEFECTS,ON SCENE,NO INJURY / DRIVE AWAY,,,,"OVER $1,500",11/4/2017 16:50,EXCEEDING SAFE SPEED FOR CONDITIONS,WEATHER,1000,N,LAKE SHORE DR NB,1824,,,,,,,2,NO INDICATION OF INJURY,0,0,0,0,0,2,0,16,7,11,41.90100286,-87.61977981,POINT (-87.619779806193 41.901002863094),1
JA498912,,11/4/2017 16:45,30,STOP SIGN/FLASHER,FUNCTIONING PROPERLY,RAIN,DAYLIGHT,REAR END,NOT DIVIDED,2,STRAIGHT AND LEVEL,WET,NO DEFECTS,NOT ON SCENE (DESK REPORT),NO INJURY / DRIVE AWAY,,,,$500 OR LESS,11/4/2017 17:00,NOT APPLICABLE,NOT APPLICABLE,5800,S,RACINE AVE,713,,,,,,,2,NO INDICATION OF INJURY,0,0,0,0,0,3,0,16,7,11,41.78866521,-87.65488347,POINT (-87.654883472849 41.788665207448),1
JA498931,,11/4/2017 16:45,30,TRAFFIC SIGNAL,FUNCTIONING PROPERLY,RAIN,DAYLIGHT,REAR END,NOT DIVIDED,4,STRAIGHT AND LEVEL,WET,NO DEFECTS,NOT ON SCENE (DESK REPORT),NO INJURY / DRIVE AWAY,,,,"OVER $1,500",11/4/2017 17:10,WEATHER,NOT APPLICABLE,90,E,LA SALLE DR,1814,,,,,,,2,NO INDICATION OF INJURY,0,0,0,0,0,2,0,16,7,11,41.91254854,-87.62716267,POINT (-87.627162667228 41.912548538618),1
JA499004,,11/4/2017 16:50,30,STOP SIGN/FLASHER,FUNCTIONING PROPERLY,RAIN,DUSK,REAR END,DIVIDED - W/MEDIAN (NOT RAISED),2,STRAIGHT AND LEVEL,WET,NO DEFECTS,NOT ON SCENE (DESK REPORT),INJURY AND / OR TOW DUE TO CRASH,,,,"OVER $1,500",11/4/2017 18:20,FAILING TO REDUCE SPEED TO AVOID CRASH,WEATHER,7501,W,ADDISON ST,1631,,,,,,,2,"REPORTED, NOT EVIDENT",1,0,0,0,1,1,0,16,7,11,41.94500923,-87.81439503,POINT (-87.814395026299 41.945009224848),1
JA498976,,11/4/2017 17:00,30,STOP SIGN/FLASHER,FUNCTIONING PROPERLY,RAIN,DUSK,TURNING,NOT DIVIDED,,"CURVE, LEVEL",WET,NO DEFECTS,ON SCENE,NO INJURY / DRIVE AWAY,,,,"OVER $1,500",11/4/2017 17:15,FOLLOWING TOO CLOSELY,DRIVING SKILLS/KNOWLEDGE/EXPERIENCE,13300,S,BRAINARD AVE,433,Y,,,,,,2,NO INDICATION OF INJURY,0,0,0,0,0,2,0,17,7,11,41.65348665,-87.55266796,POINT (-87.55266796284 41.653486646849),1