RD_NO,CRASH_DATE_EST_I,CRASH_DATE,POSTED_SPEED_LIMIT,TRAFFIC_CONTROL_DEVICE,DEVICE_CONDITION,WEATHER_CONDITION,LIGHTING_CONDITION,FIRST_CRASH_TYPE,TRAFFICWAY_TYPE,LANE_CNT,ALIGNMENT,ROADWAY_SURFACE_COND,ROAD_DEFECT,REPORT_TYPE,CRASH_TYPE,INTERSECTION_RELATED_I,NOT_RIGHT_OF_WAY_I,HIT_AND_RUN_I,DAMAGE,DATE_POLICE_NOTIFIED,PRIM_CONTRIBUTORY_CAUSE,SEC_CONTRIBUTORY_CAUSE,STREET_NO,STREET_DIRECTION,STREET_NAME,BEAT_OF_OCCURRENCE,PHOTOS_TAKEN_I,STATEMENTS_TAKEN_I,DOORING_I,WORK_ZONE_I,WORK_ZONE_TYPE,WORKERS_PRESENT_I,NUM_UNITS,MOST_SEVERE_INJURY,INJURIES_TOTAL,INJURIES_FATAL,INJURIES_INCAPACITATING,INJURIES_NON_INCAPACITATING,INJURIES_REPORTED_NOT_EVIDENT,INJURIES_NO_INDICATION,INJURIES_UNKNOWN,CRASH_HOUR,CRASH_DAY_OF_WEEK,CRASH_MONTH,LATITUDE,LONGITUDE,LOCATION,Join
JA499034,,11/4/2017 17:00,35,TRAFFIC SIGNAL,FUNCTIONING PROPERLY,RAIN,"DARKNESS, LIGHTED ROAD",REAR END,DIVIDED - W/MEDIAN BARRIER,,STRAIGHT ON GRADE,WET,NO DEFECTS,NOT ON SCENE (DESK REPORT),NO INJURY / DRIVE AWAY,,,,"OVER $1,500",11/4/2017 19:00,WEATHER,NOT APPLICABLE,5420,W,DEVON AVE,1621,,,,,,,2,NO INDICATION OF INJURY,0,0,0,0,0,2,0,17,7,11,41.99743895,-87.76463062,POINT (-87.764630624231 41.997438953581),1
JA502161,,11/4/2017 17:00,30,NO CONTROLS,NO CONTROLS,CLEAR,DAYLIGHT,REAR END,DIVIDED - W/MEDIAN (NOT RAISED),,STRAIGHT AND LEVEL,WET,NO DEFECTS,NOT ON SCENE (DESK REPORT),NO INJURY / DRIVE AWAY,,,,"OVER $1,500",11/7/2017 9:20,FAILING TO YIELD RIGHT-OF-WAY,FOLLOWING TOO CLOSELY,5232,W,LAWRENCE AVE,1623,,,,,,,2,NO INDICATION OF INJURY,0,0,0,0,0,2,0,17,7,11,41.96800136,-87.75891285,POINT (-87.758912849053 41.968001361809),1
JA498911,,11/4/2017 17:00,30,NO CONTROLS,NO CONTROLS,RAIN,DAYLIGHT,SIDESWIPE SAME DIRECTION,DIVIDED - W/MEDIAN BARRIER,,STRAIGHT AND LEVEL,WET,NO DEFECTS,NOT ON SCENE (DESK REPORT),NO INJURY / DRIVE AWAY,,,Y,"OVER $1,500",11/4/2017 17:00,IMPROPER LANE USAGE,UNABLE TO DETERMINE,720,S,MICHIGAN AVE,123,,,,,,,2,NO INDICATION OF INJURY,0,0,0,0,0,2,0,17,7,11,41.87279887,-87.62433781,POINT (-87.62433781031 41.872798869355),1
JA498946,,11/4/2017 17:00,30,NO CONTROLS,NO CONTROLS,CLOUDY/OVERCAST,DUSK,FIXED OBJECT,NOT DIVIDED,2,"CURVE, LEVEL",WET,NO DEFECTS,ON SCENE,INJURY AND / OR TOW DUE TO CRASH,,,,"OVER $1,500",11/4/2017 17:03,UNABLE TO DETERMINE,UNABLE TO DETERMINE,733,N,KILBOURN AVE,1111,,,,,,,1,NO INDICATION OF INJURY,0,0,0,0,0,1,0,17,7,11,41.89417953,-87.73940178,POINT (-87.739401784241 41.89417953364),1
JA499062,,11/4/2017 17:00,30,NO CONTROLS,NO CONTROLS,RAIN,"DARKNESS, LIGHTED ROAD",PARKED MOTOR VEHICLE,NOT DIVIDED,2,STRAIGHT AND LEVEL,WET,NO DEFECTS,NOT ON SCENE (DESK REPORT),NO INJURY / DRIVE AWAY,,,Y,"OVER $1,500",11/4/2017 19:20,UNABLE TO DETERMINE,NOT APPLICABLE,5442,S,DAMEN AVE,932,,,,,,,2,NO INDICATION OF INJURY,0,0,0,0,0,1,0,17,7,11,41.79446621,-87.67446512,POINT (-87.674465120101 41.794466205565),1
JA498913,,11/4/2017 17:04,35,NO CONTROLS,NO CONTROLS,CLOUDY/OVERCAST,DAYLIGHT,PARKED MOTOR VEHICLE,DIVIDED - W/MEDIAN BARRIER,4,CURVE ON GRADE,WET,WORN SURFACE,ON SCENE,INJURY AND / OR TOW DUE TO CRASH,,,,"OVER $1,500",11/4/2017 17:04,"VISION OBSCURED (SIGNS, TREE LIMBS, BUILDINGS, ETC.)",WEATHER,9000,S,LAKE SHORE DR,424,,,,,,,2,NO INDICATION OF INJURY,0,0,0,0,0,1,0,17,7,11,41.73194955,-87.54028434,POINT (-87.54028434318 41.731949548355),1
JA498939,,11/4/2017 17:10,25,STOP SIGN/FLASHER,FUNCTIONING PROPERLY,RAIN,DUSK,TURNING,DIVIDED - W/MEDIAN (NOT RAISED),2,STRAIGHT AND LEVEL,WET,NO DEFECTS,ON SCENE,NO INJURY / DRIVE AWAY,Y,,,"$501 - $1,500",11/4/2017 17:14,DISREGARDING STOP SIGN,FAILING TO YIELD RIGHT-OF-WAY,2800,W,66TH ST,831,,,,,,,2,NO INDICATION OF INJURY,0,0,0,0,0,2,0,17,7,11,41.77374974,-87.6933034,POINT (-87.693303398116 41.773749737209),1
JA498953,,11/4/2017 17:10,35,TRAFFIC SIGNAL,FUNCTIONING PROPERLY,RAIN,DARKNESS,HEAD ON,NOT DIVIDED,5,STRAIGHT AND LEVEL,WET,NO DEFECTS,ON SCENE,INJURY AND / OR TOW DUE TO CRASH,Y,,,"OVER $1,500",11/4/2017 17:12,WEATHER,EQUIPMENT - VEHICLE CONDITION,5248,W,MADISON ST,1522,,,,,,,2,INCAPACITATING INJURY,1,0,1,0,0,2,0,17,7,11,41.88045771,-87.75705279,POINT (-87.757052788866 41.880457705793),1
JA498948,,11/4/2017 17:15,30,TRAFFIC SIGNAL,FUNCTIONING PROPERLY,CLOUDY/OVERCAST,DAYLIGHT,REAR END,NOT DIVIDED,2,STRAIGHT AND LEVEL,WET,NO DEFECTS,ON SCENE,NO INJURY / DRIVE AWAY,,,,"$501 - $1,500",11/4/2017 17:24,DRIVING SKILLS/KNOWLEDGE/EXPERIENCE,FAILING TO REDUCE SPEED TO AVOID CRASH,1919,W,MONTROSE AVE,1912,,,,,,,3,NO INDICATION OF INJURY,0,0,0,0,0,3,0,17,7,11,41.96137293,-87.67682523,POINT (-87.67682523315 41.961372932887),1
JA498965,,11/4/2017 17:20,30,STOP SIGN/FLASHER,FUNCTIONING PROPERLY,RAIN,DUSK,REAR END,NOT DIVIDED,4,STRAIGHT AND LEVEL,WET,NO DEFECTS,NOT ON SCENE (DESK REPORT),NO INJURY / DRIVE AWAY,,,,"$501 - $1,500",11/4/2017 17:35,FOLLOWING TOO CLOSELY,NOT APPLICABLE,5500,S,PULASKI RD,813,,,,,,,2,NO INDICATION OF INJURY,0,0,0,0,0,3,0,17,7,11,41.79315506,-87.72330377,POINT (-87.723303764642 41.793155060731),1
JA498960,Y,11/4/2017 17:25,30,TRAFFIC SIGNAL,FUNCTIONING PROPERLY,CLOUDY/OVERCAST,"DARKNESS, LIGHTED ROAD",TURNING,DIVIDED - W/MEDIAN (NOT RAISED),,STRAIGHT AND LEVEL,WET,NO DEFECTS,ON SCENE,INJURY AND / OR TOW DUE TO CRASH,Y,,Y,"OVER $1,500",11/4/2017 17:28,DISREGARDING TRAFFIC SIGNALS,NOT APPLICABLE,3200,W,ADDISON ST,1733,,,,,,,2,NO INDICATION OF INJURY,0,0,0,0,0,2,0,17,7,11,41.94674003,-87.70787549,POINT (-87.707875489132 41.946740032195),1
JA498964,,11/4/2017 17:25,30,NO CONTROLS,NO CONTROLS,RAIN,"DARKNESS, LIGHTED ROAD",REAR END,NOT DIVIDED,2,STRAIGHT AND LEVEL,WET,NO DEFECTS,ON SCENE,INJURY AND / OR TOW DUE TO CRASH,,,,"OVER $1,500",11/4/2017 17:29,UNABLE TO DETERMINE,UNABLE TO DETERMINE,2207,E,87TH ST,412,,,,,,,2,NONINCAPACITATING INJURY,2,0,0,2,0,3,0,17,7,11,41.73702076,-87.57056033,POINT (-87.570560327624 41.73702075887),1
JA498966,,11/4/2017 17:29,30,NO CONTROLS,NO CONTROLS,CLOUDY/OVERCAST,DARKNESS,REAR END,NOT DIVIDED,2,STRAIGHT AND LEVEL,WET,NO DEFECTS,NOT ON SCENE (DESK REPORT),INJURY AND / OR TOW DUE TO CRASH,,,,"OVER $1,500",11/4/2017 17:55,FOLLOWING TOO CLOSELY,WEATHER,3254,W,ARMITAGE AVE,1413,,,,,,,2,"REPORTED, NOT EVIDENT",1,0,0,0,1,1,0,17,7,11,41.91748538,-87.7090848,POINT (-87.709084802764 41.917485376008),1
JA498962,,11/4/2017 17:30,35,NO CONTROLS,NO CONTROLS,RAIN,"DARKNESS, LIGHTED ROAD",REAR END,DIVIDED - W/MEDIAN BARRIER,2,STRAIGHT AND LEVEL,WET,NO DEFECTS,NOT ON SCENE (DESK REPORT),INJURY AND / OR TOW DUE TO CRASH,,,,"OVER $1,500",11/4/2017 17:50,ANIMAL,WEATHER,5940,N,MILWAUKEE AVE,1622,,,,,,,2,NONINCAPACITATING INJURY,1,0,0,1,0,1,0,17,7,11,41.98949037,-87.78057695,POINT (-87.780576952526 41.989490371099),1
JA501291,,11/4/2017 17:35,30,NO CONTROLS,NO CONTROLS,CLEAR,DAYLIGHT,PARKED MOTOR VEHICLE,NOT DIVIDED,2,STRAIGHT AND LEVEL,DRY,NO DEFECTS,NOT ON SCENE (DESK REPORT),NO INJURY / DRIVE AWAY,,,Y,"OVER $1,500",11/6/2017 14:50,UNABLE TO DETERMINE,UNABLE TO DETERMINE,2118,W,NORTH AVE,1434,,,,,,,2,NO INDICATION OF INJURY,0,0,0,0,0,1,0,17,7,11,41.91053371,-87.68076737,POINT (-87.680767367814 41.910533710446),1
JA499112,,11/4/2017 18:00,30,TRAFFIC SIGNAL,UNKNOWN,CLEAR,"DARKNESS, LIGHTED ROAD",TURNING,DIVIDED - W/MEDIAN BARRIER,8,STRAIGHT AND LEVEL,UNKNOWN,NO DEFECTS,NOT ON SCENE (DESK REPORT),INJURY AND / OR TOW DUE TO CRASH,Y,,,"OVER $1,500",11/4/2017 20:00,FAILING TO YIELD RIGHT-OF-WAY,UNABLE TO DETERMINE,340,W,LOWER WACKER DR,122,,,,,,,2,NO INDICATION OF INJURY,0,0,0,0,0,4,0,18,7,11,41.88609683,-87.63690289,POINT (-87.636902894121 41.886096828962),1
JA494100,,11/4/2017 18:00,30,NO CONTROLS,NO CONTROLS,RAIN,DARKNESS,SIDESWIPE SAME DIRECTION,DIVIDED - W/MEDIAN BARRIER,2,STRAIGHT AND LEVEL,WET,SHOULDER DEFECT,NOT ON SCENE (DESK REPORT),NO INJURY / DRIVE AWAY,,,,$500 OR LESS,11/4/2017 19:59,UNABLE TO DETERMINE,NOT APPLICABLE,400,E,76TH ST,624,,,,,,,2,NO INDICATION OF INJURY,0,0,0,0,0,2,0,18,7,11,41.75669384,-87.61502407,POINT (-87.615024070273 41.756693843989),1
JA499007,,11/4/2017 18:00,30,TRAFFIC SIGNAL,FUNCTIONING PROPERLY,RAIN,"DARKNESS, LIGHTED ROAD",TURNING,DIVIDED - W/MEDIAN (NOT RAISED),4,STRAIGHT AND LEVEL,WET,NO DEFECTS,ON SCENE,INJURY AND / OR TOW DUE TO CRASH,Y,,,"OVER $1,500",11/4/2017 18:15,FAILING TO YIELD RIGHT-OF-WAY,UNABLE TO DETERMINE,7900,S,PULASKI RD,834,,,,,,,2,NO INDICATION OF INJURY,0,0,0,0,0,3,0,18,7,11,41.749339,-87.72205209,POINT (-87.722052090915 41.749339000082),1
JA499019,,11/4/2017 18:01,5,NO CONTROLS,NO CONTROLS,RAIN,"DARKNESS, LIGHTED ROAD",PARKED MOTOR VEHICLE,PARKING LOT,0,STRAIGHT AND LEVEL,WET,NO DEFECTS,ON SCENE,NO INJURY / DRIVE AWAY,,,,"$501 - $1,500",11/4/2017 18:01,WEATHER,NOT APPLICABLE,4720,S,COTTAGE GROVE AVE,223,,,,,,,2,NO INDICATION OF INJURY,0,0,0,0,0,1,0,18,7,11,41.80890166,-87.60669697,POINT (-87.606696966181 41.808901663696),1
JA499061,,11/4/2017 18:15,30,NO CONTROLS,NO CONTROLS,CLEAR,"DARKNESS, LIGHTED ROAD",PARKED MOTOR VEHICLE,PARKING LOT,,STRAIGHT AND LEVEL,DRY,NO DEFECTS,NOT ON SCENE (DESK REPORT),NO INJURY / DRIVE AWAY,,,,"$501 - $1,500",11/4/2017 19:20,UNABLE TO DETERMINE,UNABLE TO DETERMINE,130,E,RANDOLPH ST,114,,,,,,,2,NO INDICATION OF INJURY,0,0,0,0,0,2,0,18,7,11,41.88458837,-87.62327256,POINT (-87.623272561055 41.884588371969),1
JA498997,,11/4/2017 18:20,30,TRAFFIC SIGNAL,FUNCTIONING PROPERLY,CLEAR,"DARKNESS, LIGHTED ROAD",SIDESWIPE SAME DIRECTION,DIVIDED - W/MEDIAN (NOT RAISED),2,STRAIGHT AND LEVEL,DRY,NO DEFECTS,NOT ON SCENE (DESK REPORT),NO INJURY / DRIVE AWAY,,,,"OVER $1,500",11/4/2017 18:30,FAILING TO YIELD RIGHT-OF-WAY,UNABLE TO DETERMINE,300,E,CERMAK RD,132,,,,,,,2,NO INDICATION OF INJURY,0,0,0,0,0,2,0,18,7,11,41.85301948,-87.62061121,POINT (-87.620611213991 41.853019478634),1
JA499065,Y,11/4/2017 18:23,30,NO CONTROLS,NO CONTROLS,RAIN,DARKNESS,PARKED MOTOR VEHICLE,NOT DIVIDED,1,STRAIGHT AND LEVEL,WET,NO DEFECTS,NOT ON SCENE (DESK REPORT),NO INJURY / DRIVE AWAY,,,Y,"$501 - $1,500",11/4/2017 19:20,UNABLE TO DETERMINE,UNABLE TO DETERMINE,7000,N,OAKLEY AVE,2411,,,,,,,2,NO INDICATION OF INJURY,0,0,0,0,0,1,0,18,7,11,42.00875126,-87.68824321,POINT (-87.688243212582 42.008751262545),1
JA501339,,11/4/2017 18:25,30,NO CONTROLS,NO CONTROLS,RAIN,DAYLIGHT,REAR END,DIVIDED - W/MEDIAN (NOT RAISED),5,STRAIGHT AND LEVEL,WET,NO DEFECTS,NOT ON SCENE (DESK REPORT),NO INJURY / DRIVE AWAY,,,,"OVER $1,500",11/6/2017 14:35,UNABLE TO DETERMINE,UNABLE TO DETERMINE,814,W,ROOSEVELT RD,1232,,,,,,,2,NO INDICATION OF INJURY,0,0,0,0,0,6,0,18,7,11,41.86725285,-87.64762217,POINT (-87.647622171718 41.867252851342),1
JA499043,,11/4/2017 18:25,30,STOP SIGN/FLASHER,FUNCTIONING PROPERLY,RAIN,"DARKNESS, LIGHTED ROAD",TURNING,DIVIDED - W/MEDIAN (NOT RAISED),4,STRAIGHT AND LEVEL,WET,WORN SURFACE,ON SCENE,INJURY AND / OR TOW DUE TO CRASH,Y,,,"OVER $1,500",11/4/2017 18:26,EQUIPMENT - VEHICLE CONDITION,FAILING TO YIELD RIGHT-OF-WAY,1232,E,87TH ST,412,,,,,,,2,"REPORTED, NOT EVIDENT",1,0,0,0,1,1,0,18,7,11,41.73690872,-87.59414324,POINT (-87.594143242083 41.73690872114),1
JA501693,,11/4/2017 18:30,30,STOP SIGN/FLASHER,FUNCTIONING PROPERLY,RAIN,DUSK,PEDESTRIAN,NOT DIVIDED,4,STRAIGHT AND LEVEL,WET,NO DEFECTS,NOT ON SCENE (DESK REPORT),INJURY AND / OR TOW DUE TO CRASH,Y,,Y,$500 OR LESS,11/6/2017 19:00,FAILING TO YIELD RIGHT-OF-WAY,FAILING TO REDUCE SPEED TO AVOID CRASH,12800,S,HALSTED ST,523,,,,,,,2,NONINCAPACITATING INJURY,1,0,0,1,0,1,0,18,7,11,41.66132051,-87.64150297,POINT (-87.641502974491 41.661320509783),1
JA499088,,11/4/2017 18:30,30,TRAFFIC SIGNAL,FUNCTIONING PROPERLY,CLOUDY/OVERCAST,"DARKNESS, LIGHTED ROAD",SIDESWIPE SAME DIRECTION,ONE-WAY,3,STRAIGHT AND LEVEL,WET,UNKNOWN,NOT ON SCENE (DESK REPORT),NO INJURY / DRIVE AWAY,Y,,,"OVER $1,500",11/4/2017 19:40,IMPROPER LANE USAGE,NOT APPLICABLE,141,N,JEFFERSON ST,121,,,,,,,2,NO INDICATION OF INJURY,0,0,0,0,0,2,0,18,7,11,41.88437214,-87.64258525,POINT (-87.6425852468 41.884372136115),1
JA499047,,11/4/2017 18:30,30,UNKNOWN,UNKNOWN,UNKNOWN,UNKNOWN,ANGLE,UNKNOWN,,STRAIGHT AND LEVEL,UNKNOWN,UNKNOWN,NOT ON SCENE (DESK REPORT),NO INJURY / DRIVE AWAY,,,,"$501 - $1,500",11/4/2017 19:00,UNABLE TO DETERMINE,UNABLE TO DETERMINE,3154,N,KNOX AVE,2521,,,,,,,2,NO INDICATION OF INJURY,0,0,0,0,0,2,0,18,7,11,41.93866963,-87.74337195,POINT (-87.743371951974 41.938669629427),1
JA499056,,11/4/2017 18:38,30,NO CONTROLS,NO CONTROLS,OTHER,"DARKNESS, LIGHTED ROAD",SIDESWIPE SAME DIRECTION,DIVIDED - W/MEDIAN (NOT RAISED),2,STRAIGHT AND LEVEL,WET,NO DEFECTS,NOT ON SCENE (DESK REPORT),NO INJURY / DRIVE AWAY,,,,"$501 - $1,500",11/4/2017 19:00,UNABLE TO DETERMINE,UNABLE TO DETERMINE,2408,N,CLARK ST,1935,,,,,,,2,NO INDICATION OF INJURY,0,0,0,0,0,2,0,18,7,11,41.92579607,-87.64077873,POINT (-87.640778732497 41.925796072402),1
JA499098,,11/4/2017 18:40,30,TRAFFIC SIGNAL,FUNCTIONING PROPERLY,CLEAR,"DARKNESS, LIGHTED ROAD",TURNING,ONE-WAY,2,STRAIGHT AND LEVEL,DRY,NO DEFECTS,NOT ON SCENE (DESK REPORT),NO INJURY / DRIVE AWAY,Y,,,"OVER $1,500",11/4/2017 19:50,IMPROPER TURNING/NO SIGNAL,UNABLE TO DETERMINE,100,N,JEFFERSON ST,121,,,,,,,2,NO INDICATION OF INJURY,0,0,0,0,0,2,0,18,7,11,41.88323332,-87.64284806,POINT (-87.642848062968 41.883233316295),1
JA499046,,11/4/2017 18:45,30,NO CONTROLS,NO CONTROLS,RAIN,"DARKNESS, LIGHTED ROAD",PARKED MOTOR VEHICLE,DIVIDED - W/MEDIAN (NOT RAISED),2,STRAIGHT AND LEVEL,WET,NO DEFECTS,ON SCENE,NO INJURY / DRIVE AWAY,,,Y,"$501 - $1,500",11/4/2017 18:47,UNABLE TO DETERMINE,UNABLE TO DETERMINE,4243,W,WRIGHTWOOD AVE,2524,,,,,,,2,NO INDICATION OF INJURY,0,0,0,0,0,1,0,18,7,11,41.92792012,-87.73353514,POINT (-87.73353514223 41.927920117109),1
JA499033,,11/4/2017 18:50,30,NO CONTROLS,NO CONTROLS,RAIN,DARKNESS,REAR END,NOT DIVIDED,,STRAIGHT AND LEVEL,WET,NO DEFECTS,NOT ON SCENE (DESK REPORT),NO INJURY / DRIVE AWAY,,,,"OVER $1,500",11/4/2017 19:00,FOLLOWING TOO CLOSELY,FAILING TO YIELD RIGHT-OF-WAY,650,W,63RD ST,711,,,,,,,2,NO INDICATION OF INJURY,0,0,0,0,0,2,0,18,7,11,41.77990486,-87.64185815,POINT (-87.641858145754 41.779904856232),1
JA499052,N,11/4/2017 18:50,30,TRAFFIC SIGNAL,FUNCTIONING PROPERLY,RAIN,"DARKNESS, LIGHTED ROAD",PEDESTRIAN,NOT DIVIDED,,STRAIGHT AND LEVEL,WET,NO DEFECTS,ON SCENE,INJURY AND / OR TOW DUE TO CRASH,Y,,,$500 OR LESS,11/4/2017 19:20,DISREGARDING TRAFFIC SIGNALS,WEATHER,631,W,DIVERSEY PKWY,1935,,,,,,,2,"REPORTED, NOT EVIDENT",1,0,0,0,1,1,0,18,7,11,41.9326922,-87.64481853,POINT (-87.644818532577 41.932692201239),1
JA499067,,11/4/2017 18:55,10,NO CONTROLS,NO CONTROLS,CLEAR,"DARKNESS, LIGHTED ROAD",FIXED OBJECT,OTHER,,STRAIGHT AND LEVEL,WET,NO DEFECTS,NOT ON SCENE (DESK REPORT),NO INJURY / DRIVE AWAY,,Y,,"$501 - $1,500",11/4/2017 19:00,IMPROPER BACKING,NOT APPLICABLE,1500,W,DEVON AVE,2432,,,,,,,1,NO INDICATION OF INJURY,0,0,0,0,0,7,0,18,7,11,41.99821788,-87.66802505,POINT (-87.668025053649 41.998217876132),1
JA499076,Y,11/4/2017 19:00,30,TRAFFIC SIGNAL,FUNCTIONING PROPERLY,CLEAR,DAYLIGHT,PARKED MOTOR VEHICLE,NOT DIVIDED,2,STRAIGHT AND LEVEL,DRY,NO DEFECTS,NOT ON SCENE (DESK REPORT),NO INJURY / DRIVE AWAY,,,,"OVER $1,500",11/4/2017 19:31,DRIVING SKILLS/KNOWLEDGE/EXPERIENCE,FAILING TO REDUCE SPEED TO AVOID CRASH,2300,S,FEDERAL ST,131,,,,,,,2,NO INDICATION OF INJURY,0,0,0,0,0,1,0,19,7,11,41.85097519,-87.62944706,POINT (-87.629447062444 41.850975191033),1
JA499053,,11/4/2017 19:00,30,NO CONTROLS,NO CONTROLS,RAIN,DARKNESS,SIDESWIPE SAME DIRECTION,NOT DIVIDED,1,STRAIGHT AND LEVEL,DRY,NO DEFECTS,NOT ON SCENE (DESK REPORT),NO INJURY / DRIVE AWAY,,,,"OVER $1,500",11/4/2017 19:15,FAILING TO YIELD RIGHT-OF-WAY,EXCEEDING AUTHORIZED SPEED LIMIT,6431,N,HARLEM AVE,1611,,,,,,,2,NO INDICATION OF INJURY,0,0,0,0,0,2,0,19,7,11,41.99773029,-87.80664512,POINT (-87.806645117018 41.997730287008),1
JA499042,Y,11/4/2017 19:00,30,STOP SIGN/FLASHER,FUNCTIONING PROPERLY,CLEAR,"DARKNESS, LIGHTED ROAD",REAR END,NOT DIVIDED,2,STRAIGHT AND LEVEL,DRY,NO DEFECTS,NOT ON SCENE (DESK REPORT),NO INJURY / DRIVE AWAY,,,,"OVER $1,500",11/4/2017 19:06,IMPROPER BACKING,NOT APPLICABLE,798,S,PLYMOUTH CT,123,,,,,,,2,NO INDICATION OF INJURY,0,0,0,0,0,2,0,19,7,11,41.87233938,-87.62878094,POINT (-87.62878093684 41.872339382687),1
JA499072,,11/4/2017 19:06,35,NO CONTROLS,NO CONTROLS,RAIN,DARKNESS,REAR END,DIVIDED - W/MEDIAN BARRIER,,STRAIGHT ON HILLCREST,WET,NO DEFECTS,ON SCENE,INJURY AND / OR TOW DUE TO CRASH,,,,"OVER $1,500",11/4/2017 19:15,FOLLOWING TOO CLOSELY,WEATHER,3959,S,PULASKI RD,821,,,,,,,3,NO INDICATION OF INJURY,0,0,0,0,0,3,0,19,7,11,41.81920148,-87.72381906,POINT (-87.723819060984 41.819201484248),1
JA499093,,11/4/2017 19:13,30,TRAFFIC SIGNAL,FUNCTIONING PROPERLY,CLOUDY/OVERCAST,"DARKNESS, LIGHTED ROAD",PEDALCYCLIST,DIVIDED - W/MEDIAN (NOT RAISED),6,STRAIGHT AND LEVEL,WET,NO DEFECTS,ON SCENE,INJURY AND / OR TOW DUE TO CRASH,Y,,,"OVER $1,500",11/4/2017 19:29,FAILING TO YIELD RIGHT-OF-WAY,NOT APPLICABLE,3263,N,PULASKI RD,1732,,,,,,,2,NONINCAPACITATING INJURY,1,0,0,1,0,1,0,19,7,11,41.94083979,-87.72708749,POINT (-87.727087487622 41.940839788282),1
JA499570,,11/4/2017 19:15,30,NO CONTROLS,NO CONTROLS,RAIN,DARKNESS,REAR END,NOT DIVIDED,,STRAIGHT AND LEVEL,WET,NO DEFECTS,NOT ON SCENE (DESK REPORT),NO INJURY / DRIVE AWAY,,,,$500 OR LESS,11/5/2017 8:15,UNABLE TO DETERMINE,UNABLE TO DETERMINE,1,W,WACKER DR,111,,,,,,,2,NO INDICATION OF INJURY,0,0,0,0,0,6,0,19,7,11,41.88670423,-87.62805356,POINT (-87.62805355978 41.886704228647),1
JA499055,,11/4/2017 19:18,30,DELINEATORS,OTHER,RAIN,UNKNOWN,FIXED OBJECT,ONE-WAY,1,STRAIGHT AND LEVEL,WET,OTHER,ON SCENE,NO INJURY / DRIVE AWAY,,Y,,"OVER $1,500",11/4/2017 19:47,UNABLE TO DETERMINE,UNABLE TO DETERMINE,2345,N,LAVERGNE AVE,2522,,,,,,,1,NO INDICATION OF INJURY,0,0,0,0,0,1,0,19,7,11,41.92373083,-87.75107121,POINT (-87.751071213323 41.923730831043),1
JA499124,,11/4/2017 19:25,30,TRAFFIC SIGNAL,FUNCTIONING PROPERLY,RAIN,DARKNESS,REAR END,NOT DIVIDED,2,STRAIGHT AND LEVEL,WET,NO DEFECTS,NOT ON SCENE (DESK REPORT),NO INJURY / DRIVE AWAY,Y,,,"$501 - $1,500",11/4/2017 19:40,UNABLE TO DETERMINE,UNABLE TO DETERMINE,2000,N,CLYBOURN AVE,1811,,,,,,,2,NO INDICATION OF INJURY,0,0,0,0,0,2,0,19,7,11,41.91758179,-87.6590229,POINT (-87.659022897666 41.917581791564),1
JA499273,,11/4/2017 19:30,30,NO CONTROLS,NO CONTROLS,UNKNOWN,UNKNOWN,PARKED MOTOR VEHICLE,DIVIDED - W/MEDIAN (NOT RAISED),2,STRAIGHT AND LEVEL,UNKNOWN,UNKNOWN,NOT ON SCENE (DESK REPORT),NO INJURY / DRIVE AWAY,,,,"$501 - $1,500",11/4/2017 23:35,DRIVING SKILLS/KNOWLEDGE/EXPERIENCE,NOT APPLICABLE,6320,N,WESTERN AVE,2413,,,,,,,2,NO INDICATION OF INJURY,0,0,0,0,0,1,0,19,7,11,41.99656399,-87.68999207,POINT (-87.689992067694 41.996563992366),1
JA499114,,11/4/2017 19:30,30,NO CONTROLS,NO CONTROLS,RAIN,"DARKNESS, LIGHTED ROAD",REAR END,NOT DIVIDED,2,STRAIGHT AND LEVEL,WET,NO DEFECTS,ON SCENE,INJURY AND / OR TOW DUE TO CRASH,,,,"OVER $1,500",11/4/2017 19:35,FOLLOWING TOO CLOSELY,NOT APPLICABLE,2319,S,DAMEN AVE,1034,,,,,,,2,NO INDICATION OF INJURY,0,0,0,0,0,3,0,19,7,11,41.84979126,-87.67563132,POINT (-87.675631316947 41.849791261248),1
JA501841,,11/4/2017 19:30,30,NO CONTROLS,NO CONTROLS,UNKNOWN,DAYLIGHT,ANGLE,PARKING LOT,0,STRAIGHT AND LEVEL,DRY,NO DEFECTS,NOT ON SCENE (DESK REPORT),NO INJURY / DRIVE AWAY,,Y,,"$501 - $1,500",11/6/2017 21:30,IMPROPER BACKING,NOT APPLICABLE,10300,S,DR MARTIN LUTHER KING JR DR,512,,,,,,,2,NO INDICATION OF INJURY,0,0,0,0,0,2,0,19,7,11,41.70722207,-87.61391161,POINT (-87.613911604658 41.707222065075),1
JA499106,,11/4/2017 19:32,30,STOP SIGN/FLASHER,FUNCTIONING PROPERLY,CLEAR,DARKNESS,ANGLE,NOT DIVIDED,2,STRAIGHT AND LEVEL,WET,UNKNOWN,ON SCENE,INJURY AND / OR TOW DUE TO CRASH,,,Y,"OVER $1,500",11/4/2017 19:33,UNABLE TO DETERMINE,UNABLE TO DETERMINE,4100,S,WENTWORTH AVE,925,,,,,,,2,NONINCAPACITATING INJURY,1,0,0,1,0,1,0,19,7,11,41.81984795,-87.63143432,POINT (-87.631434321432 41.819847947938),1