RD_NO,CRASH_DATE_EST_I,CRASH_DATE,POSTED_SPEED_LIMIT,TRAFFIC_CONTROL_DEVICE,DEVICE_CONDITION,WEATHER_CONDITION,LIGHTING_CONDITION,FIRST_CRASH_TYPE,TRAFFICWAY_TYPE,LANE_CNT,ALIGNMENT,ROADWAY_SURFACE_COND,ROAD_DEFECT,REPORT_TYPE,CRASH_TYPE,INTERSECTION_RELATED_I,NOT_RIGHT_OF_WAY_I,HIT_AND_RUN_I,DAMAGE,DATE_POLICE_NOTIFIED,PRIM_CONTRIBUTORY_CAUSE,SEC_CONTRIBUTORY_CAUSE,STREET_NO,STREET_DIRECTION,STREET_NAME,BEAT_OF_OCCURRENCE,PHOTOS_TAKEN_I,STATEMENTS_TAKEN_I,DOORING_I,WORK_ZONE_I,WORK_ZONE_TYPE,WORKERS_PRESENT_I,NUM_UNITS,MOST_SEVERE_INJURY,INJURIES_TOTAL,INJURIES_FATAL,INJURIES_INCAPACITATING,INJURIES_NON_INCAPACITATING,INJURIES_REPORTED_NOT_EVIDENT,INJURIES_NO_INDICATION,INJURIES_UNKNOWN,CRASH_HOUR,CRASH_DAY_OF_WEEK,CRASH_MONTH,LATITUDE,LONGITUDE,LOCATION,Join
JA499128,,11/4/2017 19:35,30,NO CONTROLS,NO CONTROLS,RAIN,"DARKNESS, LIGHTED ROAD",REAR END,DIVIDED - W/MEDIAN (NOT RAISED),4,STRAIGHT AND LEVEL,WET,NO DEFECTS,ON SCENE,INJURY AND / OR TOW DUE TO CRASH,,,,"OVER $1,500",11/4/2017 19:36,WEATHER,FOLLOWING TOO CLOSELY,1465,E,130TH ST,434,,,,,,,2,NO INDICATION OF INJURY,0,0,0,0,0,4,0,19,7,11,41.66028389,-87.58866624,POINT (-87.58866623998 41.660283893596),1
JA499113,,11/4/2017 19:40,35,TRAFFIC SIGNAL,FUNCTIONING PROPERLY,RAIN,DARKNESS,SIDESWIPE SAME DIRECTION,DIVIDED - W/MEDIAN (NOT RAISED),4,STRAIGHT AND LEVEL,WET,NO DEFECTS,ON SCENE,INJURY AND / OR TOW DUE TO CRASH,,,,"OVER $1,500",11/4/2017 19:56,UNABLE TO DETERMINE,WEATHER,8258,S,WESTERN AVE,835,,,,,,,2,NO INDICATION OF INJURY,0,0,0,0,0,3,0,19,7,11,41.74288959,-87.68282664,POINT (-87.682826638553 41.742889585658),1
JA499117,,11/4/2017 19:40,30,NO CONTROLS,NO CONTROLS,CLEAR,"DARKNESS, LIGHTED ROAD",PARKED MOTOR VEHICLE,NOT DIVIDED,2,STRAIGHT AND LEVEL,DRY,NO DEFECTS,NOT ON SCENE (DESK REPORT),NO INJURY / DRIVE AWAY,,,,"OVER $1,500",11/4/2017 20:00,UNABLE TO DETERMINE,NOT APPLICABLE,1835,W,NORTH AVE,1424,,,,,,,2,NO INDICATION OF INJURY,0,0,0,0,0,3,0,19,7,11,41.91042963,-87.67394168,POINT (-87.673941681121 41.910429625867),1
JA499148,,11/4/2017 19:45,30,NO CONTROLS,NO CONTROLS,RAIN,DARKNESS,PARKED MOTOR VEHICLE,NOT DIVIDED,,STRAIGHT AND LEVEL,WET,NO DEFECTS,ON SCENE,NO INJURY / DRIVE AWAY,,,Y,"$501 - $1,500",11/4/2017 19:50,UNABLE TO DETERMINE,NOT APPLICABLE,1319,N,CENTRAL AVE,2532,,,,,,,2,NO INDICATION OF INJURY,0,0,0,0,0,1,0,19,7,11,41.90460864,-87.76559733,POINT (-87.765597326779 41.904608642571),1
JA499150,,11/4/2017 19:45,30,NO CONTROLS,NO CONTROLS,RAIN,"DARKNESS, LIGHTED ROAD",REAR END,DRIVEWAY,,STRAIGHT AND LEVEL,WET,NO DEFECTS,NOT ON SCENE (DESK REPORT),NO INJURY / DRIVE AWAY,,,,"$501 - $1,500",11/4/2017 20:47,UNABLE TO DETERMINE,UNABLE TO DETERMINE,5700,S,LAKE SHORE DR,331,,,,,,,2,NO INDICATION OF INJURY,0,0,0,0,0,2,0,19,7,11,41.79142028,-87.58014777,POINT (-87.580147768689 41.791420282098),1
JA499105,,11/4/2017 19:46,35,TRAFFIC SIGNAL,FUNCTIONING PROPERLY,RAIN,"DARKNESS, LIGHTED ROAD",OTHER OBJECT,DIVIDED - W/MEDIAN BARRIER,,STRAIGHT AND LEVEL,WET,UNKNOWN,ON SCENE,INJURY AND / OR TOW DUE TO CRASH,,,Y,"OVER $1,500",11/4/2017 19:46,FOLLOWING TOO CLOSELY,NOT APPLICABLE,10300,S,HALSTED ST,2232,,,,,,,2,NO INDICATION OF INJURY,0,0,0,0,0,2,0,19,7,11,41.70682334,-87.64297747,POINT (-87.642977469284 41.706823336585),1
JA499115,,11/4/2017 19:49,30,STOP SIGN/FLASHER,FUNCTIONING PROPERLY,RAIN,"DARKNESS, LIGHTED ROAD",REAR END,NOT DIVIDED,2,STRAIGHT AND LEVEL,WET,NO DEFECTS,ON SCENE,NO INJURY / DRIVE AWAY,Y,,,"OVER $1,500",11/4/2017 19:55,WEATHER,FOLLOWING TOO CLOSELY,11001,S,AVENUE O,433,,,,,,,2,NO INDICATION OF INJURY,0,0,0,0,0,4,0,19,7,11,41.6953993,-87.53995698,POINT (-87.539956976919 41.69539929736),1
JA502358,,11/4/2017 19:50,30,NO CONTROLS,NO CONTROLS,CLEAR,DARKNESS,TURNING,NOT DIVIDED,2,STRAIGHT AND LEVEL,WET,NO DEFECTS,NOT ON SCENE (DESK REPORT),NO INJURY / DRIVE AWAY,,,,"$501 - $1,500",11/7/2017 11:45,FAILING TO YIELD RIGHT-OF-WAY,NOT APPLICABLE,1482,N,MILWAUKEE AVE,1424,,,,,,,2,NO INDICATION OF INJURY,0,0,0,0,0,2,0,19,7,11,41.9088191,-87.67525634,POINT (-87.675256337559 41.908819095618),1
JA499145,,11/4/2017 20:00,30,TRAFFIC SIGNAL,FUNCTIONING PROPERLY,RAIN,"DARKNESS, LIGHTED ROAD",REAR END,NOT DIVIDED,4,STRAIGHT AND LEVEL,WET,NO DEFECTS,NOT ON SCENE (DESK REPORT),NO INJURY / DRIVE AWAY,,,,"$501 - $1,500",11/4/2017 20:35,FOLLOWING TOO CLOSELY,NOT APPLICABLE,5100,S,KEDZIE AVE,822,,,,,,,2,NO INDICATION OF INJURY,0,0,0,0,0,4,0,20,7,11,41.80072726,-87.70391022,POINT (-87.703910217369 41.800727259896),1
JA502986,,11/4/2017 20:00,30,NO CONTROLS,NO CONTROLS,RAIN,DAYLIGHT,TURNING,NOT DIVIDED,2,STRAIGHT AND LEVEL,WET,UNKNOWN,NOT ON SCENE (DESK REPORT),NO INJURY / DRIVE AWAY,,,,"OVER $1,500",11/7/2017 18:54,UNABLE TO DETERMINE,UNABLE TO DETERMINE,206,W,127TH ST,523,,,,,,,2,NO INDICATION OF INJURY,0,0,0,0,0,3,0,20,7,11,41.66349476,-87.62729354,POINT (-87.627293540835 41.66349476121),1
JA499888,,11/4/2017 20:00,30,TRAFFIC SIGNAL,FUNCTIONING PROPERLY,RAIN,DARKNESS,REAR END,DIVIDED - W/MEDIAN (NOT RAISED),4,STRAIGHT AND LEVEL,WET,UNKNOWN,NOT ON SCENE (DESK REPORT),NO INJURY / DRIVE AWAY,,,,"OVER $1,500",11/5/2017 13:32,FOLLOWING TOO CLOSELY,DRIVING SKILLS/KNOWLEDGE/EXPERIENCE,455,S,CICERO AVE,1131,,,,,,,2,NO INDICATION OF INJURY,0,0,0,0,0,3,0,20,7,11,41.87414016,-87.74488983,POINT (-87.744889830024 41.87414015565),1
JA499165,,11/4/2017 20:00,30,NO CONTROLS,NO CONTROLS,RAIN,"DARKNESS, LIGHTED ROAD",REAR END,DIVIDED - W/MEDIAN (NOT RAISED),,STRAIGHT AND LEVEL,WET,NO DEFECTS,NOT ON SCENE (DESK REPORT),NO INJURY / DRIVE AWAY,,,Y,$500 OR LESS,11/4/2017 21:15,FOLLOWING TOO CLOSELY,WEATHER,7501,W,IRVING PARK RD,1631,,,,,,,2,NO INDICATION OF INJURY,0,0,0,0,0,3,0,20,7,11,41.95248309,-87.8146918,POINT (-87.814691799425 41.952483084614),1
JA499151,,11/4/2017 20:19,30,TRAFFIC SIGNAL,FUNCTIONING PROPERLY,RAIN,"DARKNESS, LIGHTED ROAD",TURNING,ONE-WAY,1,STRAIGHT AND LEVEL,WET,NO DEFECTS,ON SCENE,NO INJURY / DRIVE AWAY,Y,,,"$501 - $1,500",11/4/2017 21:00,IMPROPER TURNING/NO SIGNAL,NOT APPLICABLE,28,E,DELAWARE PL,1833,,,,,,,2,NO INDICATION OF INJURY,0,0,0,0,0,2,0,20,7,11,41.899272,-87.62701557,POINT (-87.627015566701 41.899272002338),1
JA499152,,11/4/2017 20:20,30,TRAFFIC SIGNAL,FUNCTIONING PROPERLY,CLEAR,"DARKNESS, LIGHTED ROAD",REAR END,DIVIDED - W/MEDIAN (NOT RAISED),1,STRAIGHT AND LEVEL,DRY,SHOULDER DEFECT,NOT ON SCENE (DESK REPORT),NO INJURY / DRIVE AWAY,,,,"OVER $1,500",11/4/2017 20:50,UNABLE TO DETERMINE,UNABLE TO DETERMINE,200,N,WABASH AVE,111,,,,,,,2,NO INDICATION OF INJURY,0,0,0,0,0,2,0,20,7,11,41.88575742,-87.62642637,POINT (-87.626426369268 41.88575741772),1
JA499178,N,11/4/2017 20:30,30,NO CONTROLS,NO CONTROLS,RAIN,"DARKNESS, LIGHTED ROAD",PARKED MOTOR VEHICLE,NOT DIVIDED,2,STRAIGHT AND LEVEL,WET,NO DEFECTS,ON SCENE,INJURY AND / OR TOW DUE TO CRASH,,,,"OVER $1,500",11/4/2017 21:31,EXCEEDING SAFE SPEED FOR CONDITIONS,WEATHER,1830,S,DAMEN AVE,1234,,,,,,,2,NO INDICATION OF INJURY,0,0,0,0,0,1,0,20,7,11,41.85679019,-87.67611822,POINT (-87.676118221858 41.85679018625),1
JA499156,,11/4/2017 20:40,35,NO CONTROLS,UNKNOWN,RAIN,"DARKNESS, LIGHTED ROAD",TURNING,NOT DIVIDED,2,STRAIGHT AND LEVEL,WET,NO DEFECTS,ON SCENE,NO INJURY / DRIVE AWAY,N,,,"$501 - $1,500",11/4/2017 20:44,UNABLE TO DETERMINE,NOT APPLICABLE,2683,N,HALSTED ST,1935,,,,,,,2,NO INDICATION OF INJURY,0,0,0,0,0,2,0,20,7,11,41.93137519,-87.64881848,POINT (-87.64881848229 41.93137518472),1
JA499222,,11/4/2017 20:45,30,TRAFFIC SIGNAL,FUNCTIONING PROPERLY,RAIN,"DARKNESS, LIGHTED ROAD",REAR END,DIVIDED - W/MEDIAN (NOT RAISED),,STRAIGHT AND LEVEL,WET,NO DEFECTS,NOT ON SCENE (DESK REPORT),NO INJURY / DRIVE AWAY,,,,"OVER $1,500",11/4/2017 22:45,IMPROPER BACKING,NOT APPLICABLE,2345,W,ARMITAGE AVE,1434,,,,,,,2,NO INDICATION OF INJURY,0,0,0,0,0,2,0,20,7,11,41.91746648,-87.68681624,POINT (-87.686816236886 41.91746648069),1
JA499219,,11/4/2017 21:00,10,NO CONTROLS,NO CONTROLS,RAIN,"DARKNESS, LIGHTED ROAD",PARKED MOTOR VEHICLE,PARKING LOT,,STRAIGHT AND LEVEL,WET,"RUT, HOLES",ON SCENE,NO INJURY / DRIVE AWAY,,,,$500 OR LESS,11/4/2017 21:00,WEATHER,NOT APPLICABLE,2111,W,LEXINGTON ST,1225,,,,N,,,2,NO INDICATION OF INJURY,0,0,0,0,0,1,0,21,7,11,41.87222535,-87.67937361,POINT (-87.679373606996 41.872225349407),1
JA499218,,11/4/2017 21:00,30,TRAFFIC SIGNAL,UNKNOWN,UNKNOWN,UNKNOWN,TURNING,NOT DIVIDED,,STRAIGHT AND LEVEL,UNKNOWN,UNKNOWN,ON SCENE,NO INJURY / DRIVE AWAY,,,Y,"OVER $1,500",11/4/2017 22:27,UNABLE TO DETERMINE,UNABLE TO DETERMINE,4300,S,LA SALLE ST,215,,,,,,,2,NO INDICATION OF INJURY,0,0,0,0,0,2,0,21,7,11,41.81643881,-87.6295866,POINT (-87.629586596136 41.816438804918),1
JA499176,,11/4/2017 21:00,30,NO CONTROLS,NO CONTROLS,RAIN,DARKNESS,SIDESWIPE SAME DIRECTION,NOT DIVIDED,2,STRAIGHT AND LEVEL,WET,NO DEFECTS,ON SCENE,NO INJURY / DRIVE AWAY,,,Y,"OVER $1,500",11/4/2017 21:20,UNABLE TO DETERMINE,UNABLE TO DETERMINE,5500,W,IRVING PARK RD,1624,,,,,,,2,NO INDICATION OF INJURY,0,0,0,0,0,2,0,21,7,11,41.95332015,-87.7646662,POINT (-87.764666197546 41.953320152506),1
JA500442,,11/4/2017 21:00,30,NO CONTROLS,NO CONTROLS,RAIN,"DARKNESS, LIGHTED ROAD",PARKED MOTOR VEHICLE,DIVIDED - W/MEDIAN (NOT RAISED),2,STRAIGHT AND LEVEL,WET,NO DEFECTS,ON SCENE,NO INJURY / DRIVE AWAY,,,Y,"OVER $1,500",11/5/2017 22:00,IMPROPER BACKING,IMPROPER BACKING,3717,W,26TH ST,1031,,,,,,,2,NO INDICATION OF INJURY,0,0,0,0,0,1,0,21,7,11,41.84422718,-87.71802222,POINT (-87.718022219612 41.844227176665),1
JA499211,,11/4/2017 21:00,30,UNKNOWN,UNKNOWN,RAIN,"DARKNESS, LIGHTED ROAD",PARKED MOTOR VEHICLE,ONE-WAY,1,STRAIGHT AND LEVEL,WET,UNKNOWN,NOT ON SCENE (DESK REPORT),NO INJURY / DRIVE AWAY,,,Y,"OVER $1,500",11/4/2017 21:46,UNABLE TO DETERMINE,WEATHER,314,N,LOREL AVE,1523,,,,,,,2,NO INDICATION OF INJURY,0,0,0,0,0,1,0,21,7,11,41.88607224,-87.75909374,POINT (-87.759093742125 41.88607223784),1
JA499171,,11/4/2017 21:15,30,NO CONTROLS,NO CONTROLS,RAIN,"DARKNESS, LIGHTED ROAD",PARKED MOTOR VEHICLE,NOT DIVIDED,2,STRAIGHT AND LEVEL,WET,NO DEFECTS,ON SCENE,NO INJURY / DRIVE AWAY,,,,"OVER $1,500",11/4/2017 21:20,WEATHER,NOT APPLICABLE,7056,S,MORGAN ST,733,,,,,,,2,NO INDICATION OF INJURY,0,0,0,0,0,1,0,21,7,11,41.76527348,-87.64941742,POINT (-87.649417419384 41.765273480749),1
JA499181,,11/4/2017 21:20,35,TRAFFIC SIGNAL,FUNCTIONING PROPERLY,FOG/SMOKE/HAZE,"DARKNESS, LIGHTED ROAD",PEDESTRIAN,DIVIDED - W/MEDIAN (NOT RAISED),4,STRAIGHT AND LEVEL,WET,NO DEFECTS,ON SCENE,INJURY AND / OR TOW DUE TO CRASH,Y,,,"$501 - $1,500",11/4/2017 21:21,FAILING TO YIELD RIGHT-OF-WAY,UNABLE TO DETERMINE,6359,W,FULLERTON AVE,2512,,Y,,,,,2,NONINCAPACITATING INJURY,1,0,0,1,0,1,0,21,7,11,41.92356899,-87.7853792,POINT (-87.78537919603 41.923568992727),1
JA500078,,11/4/2017 21:25,35,NO CONTROLS,NO CONTROLS,CLEAR,DARKNESS,REAR END,NOT DIVIDED,,STRAIGHT AND LEVEL,DRY,NO DEFECTS,NOT ON SCENE (DESK REPORT),NO INJURY / DRIVE AWAY,,,,"OVER $1,500",11/5/2017 16:00,DRIVING SKILLS/KNOWLEDGE/EXPERIENCE,DRIVING SKILLS/KNOWLEDGE/EXPERIENCE,2414,N,SHEFFIELD AVE,1932,,,,,,,2,NO INDICATION OF INJURY,0,0,0,0,0,2,0,21,7,11,41.92585538,-87.65377115,POINT (-87.653771154467 41.925855377207),1
JA499200,,11/4/2017 21:25,30,TRAFFIC SIGNAL,FUNCTIONING PROPERLY,RAIN,"DARKNESS, LIGHTED ROAD",REAR END,NOT DIVIDED,2,STRAIGHT AND LEVEL,WET,NO DEFECTS,ON SCENE,NO INJURY / DRIVE AWAY,Y,,,"$501 - $1,500",11/4/2017 21:33,UNABLE TO DETERMINE,UNABLE TO DETERMINE,5500,S,WELLS ST,711,,,,,,,3,NO INDICATION OF INJURY,0,0,0,0,0,3,0,21,7,11,41.79419949,-87.63192548,POINT (-87.631925482492 41.794199485414),1
JA499253,,11/4/2017 21:30,30,UNKNOWN,UNKNOWN,RAIN,"DARKNESS, LIGHTED ROAD",TURNING,DIVIDED - W/MEDIAN (NOT RAISED),4,STRAIGHT AND LEVEL,WET,UNKNOWN,ON SCENE,INJURY AND / OR TOW DUE TO CRASH,,,Y,"$501 - $1,500",11/4/2017 22:48,FOLLOWING TOO CLOSELY,UNABLE TO DETERMINE,2959,N,CICERO AVE,2521,,,,,,,2,NO INDICATION OF INJURY,0,0,0,0,0,2,0,21,7,11,41.93513866,-87.74659197,POINT (-87.746591973657 41.935138655966),1
JA499192,,11/4/2017 21:30,30,TRAFFIC SIGNAL,FUNCTIONING PROPERLY,RAIN,DARKNESS,REAR END,CENTER TURN LANE,,STRAIGHT AND LEVEL,WET,NO DEFECTS,ON SCENE,NO INJURY / DRIVE AWAY,,,,$500 OR LESS,11/4/2017 21:40,FAILING TO REDUCE SPEED TO AVOID CRASH,FOLLOWING TOO CLOSELY,4210,N,CICERO AVE,1624,,,,,,,2,NO INDICATION OF INJURY,0,0,0,0,0,2,0,21,7,11,41.95742942,-87.74757442,POINT (-87.747574416049 41.957429416618),1
JA499235,,11/4/2017 21:45,30,TRAFFIC SIGNAL,FUNCTIONING PROPERLY,RAIN,"DARKNESS, LIGHTED ROAD",TURNING,CENTER TURN LANE,4,STRAIGHT AND LEVEL,WET,NO DEFECTS,ON SCENE,INJURY AND / OR TOW DUE TO CRASH,Y,,Y,"OVER $1,500",11/4/2017 22:21,IMPROPER TURNING/NO SIGNAL,UNABLE TO DETERMINE,140,W,43RD ST,925,,,,,,,2,NO INDICATION OF INJURY,0,0,0,0,0,2,0,21,7,11,41.81654246,-87.63026813,POINT (-87.630268133818 41.816542463675),1
JA499622,,11/4/2017 21:45,40,TRAFFIC SIGNAL,FUNCTIONING PROPERLY,CLEAR,"DARKNESS, LIGHTED ROAD",REAR END,NOT DIVIDED,4,STRAIGHT AND LEVEL,WET,NO DEFECTS,NOT ON SCENE (DESK REPORT),NO INJURY / DRIVE AWAY,,,,$500 OR LESS,11/5/2017 9:29,FOLLOWING TOO CLOSELY,UNABLE TO DETERMINE,6350,W,DEVON AVE,1611,,,,,,,2,NO INDICATION OF INJURY,0,0,0,0,0,2,0,21,7,11,41.99746679,-87.7873386,POINT (-87.787338597339 41.997466794382),1
JA499213,,11/4/2017 21:56,30,UNKNOWN,FUNCTIONING PROPERLY,RAIN,"DARKNESS, LIGHTED ROAD",SIDESWIPE OPPOSITE DIRECTION,PARKING LOT,1,STRAIGHT AND LEVEL,WET,NO DEFECTS,NOT ON SCENE (DESK REPORT),NO INJURY / DRIVE AWAY,,,Y,"$501 - $1,500",11/4/2017 22:02,DRIVING ON WRONG SIDE/WRONG WAY,UNABLE TO DETERMINE,798,W,81ST ST,621,,,,,,,2,NO INDICATION OF INJURY,0,0,0,0,0,2,0,21,7,11,41.74710919,-87.64387706,POINT (-87.643877056496 41.747109190959),1
JA500127,,11/4/2017 22:00,30,TRAFFIC SIGNAL,FUNCTIONING PROPERLY,RAIN,"DARKNESS, LIGHTED ROAD",PEDESTRIAN,DIVIDED - W/MEDIAN (NOT RAISED),4,STRAIGHT AND LEVEL,WET,NO DEFECTS,ON SCENE,INJURY AND / OR TOW DUE TO CRASH,,,Y,$500 OR LESS,11/5/2017 16:32,FAILING TO YIELD RIGHT-OF-WAY,NOT APPLICABLE,6300,S,STATE ST,312,,,,,,,2,NONINCAPACITATING INJURY,1,0,0,1,0,1,0,22,7,11,41.78000828,-87.62552251,POINT (-87.625522511916 41.780008277408),1
JA500737,,11/4/2017 22:00,30,YIELD,FUNCTIONING PROPERLY,CLEAR,DARKNESS,SIDESWIPE SAME DIRECTION,ONE-WAY,,STRAIGHT AND LEVEL,DRY,NO DEFECTS,NOT ON SCENE (DESK REPORT),NO INJURY / DRIVE AWAY,,,,"$501 - $1,500",11/6/2017 8:47,IMPROPER LANE USAGE,NOT APPLICABLE,7601,S,STATE ST,623,,,,,,,2,NO INDICATION OF INJURY,0,0,0,0,0,2,0,22,7,11,41.75640309,-87.62457652,POINT (-87.624576515698 41.756403092616),1
JA498128,,11/4/2017 22:00,30,TRAFFIC SIGNAL,FUNCTIONING PROPERLY,CLEAR,"DARKNESS, LIGHTED ROAD",SIDESWIPE SAME DIRECTION,NOT DIVIDED,,STRAIGHT AND LEVEL,DRY,NO DEFECTS,,INJURY AND / OR TOW DUE TO CRASH,Y,,,"OVER $1,500",11/5/2017 1:30,IMPROPER LANE USAGE,NOT APPLICABLE,532,N,CLARK ST,1831,,,,,,,2,"REPORTED, NOT EVIDENT",1,0,0,0,1,1,0,22,7,11,41.89176598,-87.63127764,POINT (-87.631277644397 41.891765980964),1
JA500412,,11/4/2017 22:05,25,TRAFFIC SIGNAL,FUNCTIONING PROPERLY,CLEAR,"DARKNESS, LIGHTED ROAD",TURNING,NOT DIVIDED,2,STRAIGHT AND LEVEL,DRY,NO DEFECTS,NOT ON SCENE (DESK REPORT),NO INJURY / DRIVE AWAY,Y,,,"OVER $1,500",11/5/2017 21:25,UNABLE TO DETERMINE,UNABLE TO DETERMINE,1548,N,CLYBOURN AVE,1822,,,,,,,2,NO INDICATION OF INJURY,0,0,0,0,0,2,0,22,7,11,41.90951192,-87.64777803,POINT (-87.647778027718 41.909511922541),1
JA499262,,11/4/2017 22:15,45,NO CONTROLS,NO CONTROLS,RAIN,"DARKNESS, LIGHTED ROAD",FIXED OBJECT,RAMP,2,CURVE ON GRADE,WET,NO DEFECTS,ON SCENE,INJURY AND / OR TOW DUE TO CRASH,,,,"OVER $1,500",11/4/2017 22:52,EXCEEDING SAFE SPEED FOR CONDITIONS,WEATHER,6500,S,CHICAGO SKYWAY IB,312,,,,,,,1,NO INDICATION OF INJURY,0,0,0,0,0,3,0,22,7,11,41.77540468,-87.62764969,POINT (-87.627649690436 41.775404677534),1
JA499265,,11/4/2017 22:15,30,TRAFFIC SIGNAL,FUNCTIONING PROPERLY,RAIN,"DARKNESS, LIGHTED ROAD",TURNING,NOT DIVIDED,2,STRAIGHT AND LEVEL,WET,NO DEFECTS,NOT ON SCENE (DESK REPORT),NO INJURY / DRIVE AWAY,,,,"OVER $1,500",11/4/2017 23:15,FAILING TO YIELD RIGHT-OF-WAY,IMPROPER OVERTAKING/PASSING,1653,W,CONGRESS PKWY,1231,,,,,,,2,NO INDICATION OF INJURY,0,0,0,0,0,2,0,22,7,11,41.87503334,-87.668753,POINT (-87.668753001303 41.875033341441),1
JA505321,,11/4/2017 22:15,30,TRAFFIC SIGNAL,FUNCTIONING PROPERLY,RAIN,"DARKNESS, LIGHTED ROAD",REAR END,DIVIDED - W/MEDIAN (NOT RAISED),2,STRAIGHT AND LEVEL,WET,NO DEFECTS,NOT ON SCENE (DESK REPORT),NO INJURY / DRIVE AWAY,Y,,,"$501 - $1,500",11/9/2017 15:30,UNABLE TO DETERMINE,NOT APPLICABLE,351,E,87TH ST,632,,,,,,,2,NO INDICATION OF INJURY,0,0,0,0,0,2,0,22,7,11,41.73637677,-87.61573251,POINT (-87.615732511966 41.73637676746),1
JA499316,,11/4/2017 22:25,25,NO CONTROLS,NO CONTROLS,RAIN,"DARKNESS, LIGHTED ROAD",PARKED MOTOR VEHICLE,NOT DIVIDED,1,STRAIGHT AND LEVEL,WET,NO DEFECTS,ON SCENE,INJURY AND / OR TOW DUE TO CRASH,,,Y,"OVER $1,500",11/4/2017 23:56,UNABLE TO DETERMINE,UNABLE TO DETERMINE,3037,N,LONG AVE,2514,,,,,,,3,NO INDICATION OF INJURY,0,0,0,0,0,1,0,22,7,11,41.9361268,-87.7613586,POINT (-87.761358599411 41.936126798596),1
JA499233,,11/4/2017 22:25,30,TRAFFIC SIGNAL,FUNCTIONING PROPERLY,RAIN,"DARKNESS, LIGHTED ROAD",ANGLE,NOT DIVIDED,2,STRAIGHT AND LEVEL,WET,NO DEFECTS,ON SCENE,NO INJURY / DRIVE AWAY,Y,,,"OVER $1,500",11/4/2017 22:26,UNDER THE INFLUENCE OF ALCOHOL/DRUGS (USE WHEN ARREST IS EFFECTED),DISREGARDING TRAFFIC SIGNALS,1200,N,CENTRAL PARK AVE,2535,,,,,,,2,NO INDICATION OF INJURY,0,0,0,0,0,2,0,22,7,11,41.90284281,-87.71671138,POINT (-87.716711376801 41.902842810544),1
JA499242,,11/4/2017 22:30,30,TRAFFIC SIGNAL,FUNCTIONING PROPERLY,RAIN,"DARKNESS, LIGHTED ROAD",TURNING,UNKNOWN,,STRAIGHT AND LEVEL,WET,NO DEFECTS,NOT ON SCENE (DESK REPORT),NO INJURY / DRIVE AWAY,,,,"$501 - $1,500",11/4/2017 23:00,IMPROPER TURNING/NO SIGNAL,IMPROPER LANE USAGE,5700,N,SHERIDAN RD,2022,,,,,,,2,NO INDICATION OF INJURY,0,0,0,0,0,2,0,22,7,11,41.9856411,-87.65538854,POINT (-87.655388544127 41.985641095429),1
JA500254,,11/4/2017 22:30,30,TRAFFIC SIGNAL,FUNCTIONING PROPERLY,CLEAR,"DARKNESS, LIGHTED ROAD",SIDESWIPE SAME DIRECTION,NOT DIVIDED,,STRAIGHT AND LEVEL,WET,NO DEFECTS,NOT ON SCENE (DESK REPORT),NO INJURY / DRIVE AWAY,Y,,,"OVER $1,500",11/5/2017 17:45,UNABLE TO DETERMINE,UNABLE TO DETERMINE,827,W,NORTH AVE,1822,,,,,,,2,NO INDICATION OF INJURY,0,0,0,0,0,2,0,22,7,11,41.91079178,-87.64943657,POINT (-87.649436574473 41.910791777487),1
JA499266,,11/4/2017 22:40,30,TRAFFIC SIGNAL,FUNCTIONING PROPERLY,CLEAR,"DARKNESS, LIGHTED ROAD",SIDESWIPE SAME DIRECTION,DIVIDED - W/MEDIAN BARRIER,4,STRAIGHT AND LEVEL,WET,NO DEFECTS,,NO INJURY / DRIVE AWAY,Y,,,"$501 - $1,500",11/4/2017 23:15,IMPROPER LANE USAGE,NOT APPLICABLE,197,N,STATE ST,111,,,,,,,2,NO INDICATION OF INJURY,0,0,0,0,0,3,0,22,7,11,41.8856792,-87.62779159,POINT (-87.627791591719 41.885679201574),1
JA499279,Y,11/4/2017 22:40,15,NO CONTROLS,NO CONTROLS,RAIN,"DARKNESS, LIGHTED ROAD",PARKED MOTOR VEHICLE,ONE-WAY,1,STRAIGHT AND LEVEL,WET,NO DEFECTS,ON SCENE,INJURY AND / OR TOW DUE TO CRASH,,,Y,"OVER $1,500",11/4/2017 22:50,NOT APPLICABLE,NOT APPLICABLE,6044,S,EBERHART AVE,313,,,,,,,2,NO INDICATION OF INJURY,0,0,0,0,0,1,0,22,7,11,41.7844092,-87.61339095,POINT (-87.613390952909 41.784409204057),1
JA499248,,11/4/2017 22:40,25,NO CONTROLS,NO CONTROLS,RAIN,"DARKNESS, LIGHTED ROAD",PARKED MOTOR VEHICLE,NOT DIVIDED,1,STRAIGHT AND LEVEL,WET,NO DEFECTS,ON SCENE,INJURY AND / OR TOW DUE TO CRASH,,,,"OVER $1,500",11/4/2017 22:41,EXCEEDING SAFE SPEED FOR CONDITIONS,NOT APPLICABLE,9762,S,BEVERLY AVE,2213,,,,,,,2,NO INDICATION OF INJURY,0,0,0,0,0,1,0,22,7,11,41.71599097,-87.66078028,POINT (-87.660780274542 41.715990969024),1