RD_NO,CRASH_DATE_EST_I,CRASH_DATE,POSTED_SPEED_LIMIT,TRAFFIC_CONTROL_DEVICE,DEVICE_CONDITION,WEATHER_CONDITION,LIGHTING_CONDITION,FIRST_CRASH_TYPE,TRAFFICWAY_TYPE,LANE_CNT,ALIGNMENT,ROADWAY_SURFACE_COND,ROAD_DEFECT,REPORT_TYPE,CRASH_TYPE,INTERSECTION_RELATED_I,NOT_RIGHT_OF_WAY_I,HIT_AND_RUN_I,DAMAGE,DATE_POLICE_NOTIFIED,PRIM_CONTRIBUTORY_CAUSE,SEC_CONTRIBUTORY_CAUSE,STREET_NO,STREET_DIRECTION,STREET_NAME,BEAT_OF_OCCURRENCE,PHOTOS_TAKEN_I,STATEMENTS_TAKEN_I,DOORING_I,WORK_ZONE_I,WORK_ZONE_TYPE,WORKERS_PRESENT_I,NUM_UNITS,MOST_SEVERE_INJURY,INJURIES_TOTAL,INJURIES_FATAL,INJURIES_INCAPACITATING,INJURIES_NON_INCAPACITATING,INJURIES_REPORTED_NOT_EVIDENT,INJURIES_NO_INDICATION,INJURIES_UNKNOWN,CRASH_HOUR,CRASH_DAY_OF_WEEK,CRASH_MONTH,LATITUDE,LONGITUDE,LOCATION,Join
JA499247,,11/4/2017 22:40,30,TRAFFIC SIGNAL,FUNCTIONING PROPERLY,RAIN,"DARKNESS, LIGHTED ROAD",TURNING,NOT DIVIDED,,STRAIGHT AND LEVEL,WET,NO DEFECTS,ON SCENE,INJURY AND / OR TOW DUE TO CRASH,Y,,,"OVER $1,500",11/4/2017 22:46,FAILING TO YIELD RIGHT-OF-WAY,IMPROPER TURNING/NO SIGNAL,7900,S,STONY ISLAND AVE,411,,,,,,,2,NO INDICATION OF INJURY,0,0,0,0,0,2,0,22,7,11,41.7514606,-87.58597199,POINT (-87.585971992965 41.751460603167),1
JA499180,,11/4/2017 22:46,30,STOP SIGN/FLASHER,FUNCTIONING PROPERLY,RAIN,"DARKNESS, LIGHTED ROAD",TURNING,NOT DIVIDED,1,STRAIGHT AND LEVEL,WET,NO DEFECTS,ON SCENE,INJURY AND / OR TOW DUE TO CRASH,,,,"OVER $1,500",11/4/2017 22:49,FAILING TO YIELD RIGHT-OF-WAY,NOT APPLICABLE,10200,S,STATE ST,511,,,,,,,2,NO INDICATION OF INJURY,0,0,0,0,0,2,0,22,7,11,41.70893738,-87.62370426,POINT (-87.623704256889 41.708937376755),1
JA499269,,11/4/2017 22:58,30,NO CONTROLS,NO CONTROLS,FOG/SMOKE/HAZE,"DARKNESS, LIGHTED ROAD",TURNING,NOT DIVIDED,2,STRAIGHT AND LEVEL,WET,UNKNOWN,ON SCENE,INJURY AND / OR TOW DUE TO CRASH,,,Y,"OVER $1,500",11/4/2017 23:00,EXCEEDING SAFE SPEED FOR CONDITIONS,FAILING TO REDUCE SPEED TO AVOID CRASH,4805,N,LIPPS AVE,1623,,,,,,,2,NO INDICATION OF INJURY,0,0,0,0,0,2,0,22,7,11,41.96809673,-87.75928435,POINT (-87.759284353749 41.968096733632),1
JA499277,,11/4/2017 22:59,35,TRAFFIC SIGNAL,FUNCTIONING PROPERLY,CLEAR,"DARKNESS, LIGHTED ROAD",ANGLE,DIVIDED - W/MEDIAN (NOT RAISED),,STRAIGHT AND LEVEL,DRY,NO DEFECTS,ON SCENE,INJURY AND / OR TOW DUE TO CRASH,Y,,Y,"OVER $1,500",11/4/2017 23:09,"OPERATING VEHICLE IN ERRATIC, RECKLESS, CARELESS, NEGLIGENT OR AGGRESSIVE MANNER",DISREGARDING TRAFFIC SIGNALS,1200,S,HALSTED ST,1232,,,,,,,4,NO INDICATION OF INJURY,0,0,0,0,0,9,0,22,7,11,41.86712525,-87.64706481,POINT (-87.647064808299 41.867125250673),1
JA499342,,11/4/2017 23:00,45,LANE USE MARKING,NO CONTROLS,CLEAR,"DARKNESS, LIGHTED ROAD",SIDESWIPE SAME DIRECTION,DIVIDED - W/MEDIAN BARRIER,4,STRAIGHT AND LEVEL,WET,NO DEFECTS,NOT ON SCENE (DESK REPORT),NO INJURY / DRIVE AWAY,,,,"$501 - $1,500",11/5/2017 1:15,FAILING TO YIELD RIGHT-OF-WAY,NOT APPLICABLE,799,N,LAKE SHORE DR,1833,,,,,,,2,NO INDICATION OF INJURY,0,0,0,0,0,6,0,23,7,11,41.89683927,-87.6168843,POINT (-87.616884297948 41.896839271517),1
JA499830,,11/4/2017 23:00,0,TRAFFIC SIGNAL,FUNCTIONING PROPERLY,RAIN,"DARKNESS, LIGHTED ROAD",TURNING,NOT DIVIDED,6,STRAIGHT AND LEVEL,WET,NO DEFECTS,NOT ON SCENE (DESK REPORT),NO INJURY / DRIVE AWAY,,,Y,"OVER $1,500",11/5/2017 12:15,IMPROPER TURNING/NO SIGNAL,NOT APPLICABLE,6300,S,CORNELL DR,331,,,,,,,2,NO INDICATION OF INJURY,0,0,0,0,0,2,0,23,7,11,41.78055215,-87.5847433,POINT (-87.584743303478 41.780552152579),1
JA499303,,11/4/2017 23:02,30,NO CONTROLS,NO CONTROLS,FOG/SMOKE/HAZE,"DARKNESS, LIGHTED ROAD",SIDESWIPE SAME DIRECTION,NOT DIVIDED,4,STRAIGHT AND LEVEL,WET,NO DEFECTS,ON SCENE,INJURY AND / OR TOW DUE TO CRASH,,,Y,"OVER $1,500",11/4/2017 23:30,UNABLE TO DETERMINE,UNABLE TO DETERMINE,3926,W,FULLERTON AVE,2524,,,,,,,3,NO INDICATION OF INJURY,0,0,0,0,0,4,0,23,7,11,41.92461175,-87.72541554,POINT (-87.725415535848 41.924611753254),1
JA499263,Y,11/4/2017 23:10,30,UNKNOWN,FUNCTIONING PROPERLY,RAIN,"DARKNESS, LIGHTED ROAD",TURNING,NOT DIVIDED,,STRAIGHT AND LEVEL,WET,NO DEFECTS,NOT ON SCENE (DESK REPORT),NO INJURY / DRIVE AWAY,,,Y,"OVER $1,500",11/4/2017 23:23,CELL PHONE USE OTHER THAN TEXTING,DISTRACTION - FROM INSIDE VEHICLE,1304,W,DIVISION ST,1433,,,,,,,2,NO INDICATION OF INJURY,0,0,0,0,0,2,0,23,7,11,41.90355744,-87.66089063,POINT (-87.660890626866 41.903557439856),1
JA499280,,11/4/2017 23:15,30,TRAFFIC SIGNAL,FUNCTIONING PROPERLY,RAIN,"DARKNESS, LIGHTED ROAD",REAR END,DIVIDED - W/MEDIAN BARRIER,4,STRAIGHT AND LEVEL,WET,NO DEFECTS,ON SCENE,NO INJURY / DRIVE AWAY,Y,,,"OVER $1,500",11/4/2017 23:15,FOLLOWING TOO CLOSELY,WEATHER,1057,W,ROOSEVELT RD,1232,,,,,,,2,NO INDICATION OF INJURY,0,0,0,0,0,2,0,23,7,11,41.86694442,-87.65317105,POINT (-87.653171052509 41.866944420808),1
JA499336,Y,11/4/2017 23:23,30,NO CONTROLS,NO CONTROLS,OTHER,"DARKNESS, LIGHTED ROAD",FIXED OBJECT,DIVIDED - W/MEDIAN BARRIER,4,STRAIGHT AND LEVEL,WET,NO DEFECTS,ON SCENE,INJURY AND / OR TOW DUE TO CRASH,,,,"OVER $1,500",11/4/2017 23:23,NOT APPLICABLE,NOT APPLICABLE,6833,S,STONY ISLAND AVE,332,,,,,,,1,NO INDICATION OF INJURY,0,0,0,0,0,1,0,23,7,11,41.77052754,-87.58582044,POINT (-87.58582044116 41.770527536976),1
JA499282,,11/4/2017 23:27,30,TRAFFIC SIGNAL,FUNCTIONING PROPERLY,RAIN,"DARKNESS, LIGHTED ROAD",REAR END,DIVIDED - W/MEDIAN BARRIER,,STRAIGHT ON GRADE,WET,NO DEFECTS,ON SCENE,NO INJURY / DRIVE AWAY,,,Y,"OVER $1,500",11/4/2017 23:28,FOLLOWING TOO CLOSELY,EXCEEDING SAFE SPEED FOR CONDITIONS,5301,S,HARLEM AVE,811,,,,,,,2,NO INDICATION OF INJURY,0,0,0,0,0,4,0,23,7,11,41.79568805,-87.80145967,POINT (-87.801459670523 41.795688052768),1
JA500333,,11/4/2017 23:30,30,NO CONTROLS,NO CONTROLS,RAIN,DAYLIGHT,SIDESWIPE SAME DIRECTION,NOT DIVIDED,2,STRAIGHT AND LEVEL,WET,UNKNOWN,NOT ON SCENE (DESK REPORT),NO INJURY / DRIVE AWAY,,,,"OVER $1,500",11/5/2017 20:04,UNABLE TO DETERMINE,UNABLE TO DETERMINE,30,E,LAKE ST,111,,,,,,,2,NO INDICATION OF INJURY,0,0,0,0,0,2,0,23,7,11,41.88586211,-87.62685865,POINT (-87.626858645214 41.885862105116),1
JA501636,,11/4/2017 23:30,30,TRAFFIC SIGNAL,FUNCTIONING PROPERLY,CLOUDY/OVERCAST,"DARKNESS, LIGHTED ROAD",SIDESWIPE SAME DIRECTION,DIVIDED - W/MEDIAN (NOT RAISED),2,STRAIGHT AND LEVEL,WET,UNKNOWN,NOT ON SCENE (DESK REPORT),NO INJURY / DRIVE AWAY,Y,,,"$501 - $1,500",11/6/2017 18:30,UNABLE TO DETERMINE,UNABLE TO DETERMINE,185,N,STATE ST,111,,,,,,,2,NO INDICATION OF INJURY,0,0,0,0,0,2,0,23,7,11,41.88543825,-87.62778637,POINT (-87.627786371509 41.885438245281),1
JA499288,,11/4/2017 23:30,30,TRAFFIC SIGNAL,FUNCTIONING PROPERLY,RAIN,"DARKNESS, LIGHTED ROAD",TURNING,NOT DIVIDED,,STRAIGHT AND LEVEL,WET,NO DEFECTS,ON SCENE,INJURY AND / OR TOW DUE TO CRASH,Y,,Y,"OVER $1,500",11/4/2017 23:34,UNABLE TO DETERMINE,IMPROPER TURNING/NO SIGNAL,100,N,HAMLIN BLVD,1122,,,,,,,2,NO INDICATION OF INJURY,0,0,0,0,0,4,0,23,7,11,41.88194948,-87.7209688,POINT (-87.720968802268 41.881949477729),1
JA499546,,11/4/2017 23:30,30,NO CONTROLS,NO CONTROLS,RAIN,"DARKNESS, LIGHTED ROAD",FIXED OBJECT,NOT DIVIDED,2,STRAIGHT AND LEVEL,WET,NO DEFECTS,ON SCENE,INJURY AND / OR TOW DUE TO CRASH,,Y,,"$501 - $1,500",11/5/2017 7:19,UNABLE TO DETERMINE,UNABLE TO DETERMINE,3600,W,LEXINGTON ST,1133,,Y,,,,,1,NO INDICATION OF INJURY,0,0,0,0,0,1,0,23,7,11,41.87184926,-87.71570983,POINT (-87.715709828623 41.871849258907),1
JA500437,,11/4/2017 23:30,10,NO CONTROLS,NO CONTROLS,CLEAR,DARKNESS,PARKED MOTOR VEHICLE,PARKING LOT,,STRAIGHT AND LEVEL,DRY,NO DEFECTS,NOT ON SCENE (DESK REPORT),NO INJURY / DRIVE AWAY,,,,$500 OR LESS,11/5/2017 21:45,IMPROPER BACKING,UNABLE TO DETERMINE,329,N,DEARBORN ST,1831,,,,,,,2,NO INDICATION OF INJURY,0,0,0,0,0,1,0,23,7,11,41.88830123,-87.62940669,POINT (-87.629406692352 41.888301227425),1
JA499298,Y,11/4/2017 23:35,30,NO CONTROLS,NO CONTROLS,RAIN,DARKNESS,SIDESWIPE SAME DIRECTION,NOT DIVIDED,,STRAIGHT AND LEVEL,WET,NO DEFECTS,ON SCENE,NO INJURY / DRIVE AWAY,,,,$500 OR LESS,11/4/2017 23:37,IMPROPER TURNING/NO SIGNAL,FAILING TO REDUCE SPEED TO AVOID CRASH,2446,N,HALSTED ST,1935,,,,,,,3,NO INDICATION OF INJURY,0,0,0,0,0,2,0,23,7,11,41.92681524,-87.64895593,POINT (-87.648955925115 41.926815239567),1
JA499294,,11/4/2017 23:35,30,TRAFFIC SIGNAL,FUNCTIONING PROPERLY,FOG/SMOKE/HAZE,"DARKNESS, LIGHTED ROAD",REAR END,DIVIDED - W/MEDIAN (NOT RAISED),,STRAIGHT AND LEVEL,DRY,NO DEFECTS,ON SCENE,INJURY AND / OR TOW DUE TO CRASH,,,,"OVER $1,500",11/4/2017 23:38,FOLLOWING TOO CLOSELY,NOT APPLICABLE,5983,N,RIDGE AVE,2012,,,,,,,3,NO INDICATION OF INJURY,0,0,0,0,0,3,0,23,7,11,41.99056593,-87.67146156,POINT (-87.671461555433 41.990565933515),1
JA499287,,11/4/2017 23:41,30,NO CONTROLS,NO CONTROLS,OTHER,DARKNESS,PARKED MOTOR VEHICLE,ONE-WAY,,STRAIGHT AND LEVEL,WET,NO DEFECTS,ON SCENE,INJURY AND / OR TOW DUE TO CRASH,,,Y,"OVER $1,500",11/4/2017 23:44,"OPERATING VEHICLE IN ERRATIC, RECKLESS, CARELESS, NEGLIGENT OR AGGRESSIVE MANNER",DISREGARDING OTHER TRAFFIC SIGNS,4103,W,FLETCHER ST,2523,,,,,,,3,NO INDICATION OF INJURY,0,0,0,0,0,2,0,23,7,11,41.93803515,-87.72985704,POINT (-87.729857041443 41.938035147692),1
JA499311,,11/4/2017 23:45,15,NO CONTROLS,NO CONTROLS,RAIN,DUSK,PEDESTRIAN,ALLEY,,STRAIGHT AND LEVEL,WET,OTHER,ON SCENE,INJURY AND / OR TOW DUE TO CRASH,,,Y,$500 OR LESS,11/4/2017 23:50,"OPERATING VEHICLE IN ERRATIC, RECKLESS, CARELESS, NEGLIGENT OR AGGRESSIVE MANNER",EXCEEDING AUTHORIZED SPEED LIMIT,2009,S,WABASH AVE,131,,,,,,,2,NONINCAPACITATING INJURY,1,0,0,1,0,1,0,23,7,11,41.85518188,-87.62540566,POINT (-87.625405657306 41.855181877027),1
JA499319,,11/4/2017 23:55,45,NO CONTROLS,NO CONTROLS,RAIN,"DARKNESS, LIGHTED ROAD",OTHER OBJECT,DIVIDED - W/MEDIAN BARRIER,,STRAIGHT AND LEVEL,WET,NO DEFECTS,ON SCENE,INJURY AND / OR TOW DUE TO CRASH,,,,"OVER $1,500",11/5/2017 0:02,WEATHER,UNABLE TO DETERMINE,4301,S,LAKE SHORE DR NB,222,,,,,,,1,NONINCAPACITATING INJURY,1,0,0,1,0,0,0,23,7,11,41.8169018,-87.59469318,POINT (-87.594693182865 41.816901798316),1
JA503075,Y,11/4/2017 23:55,30,NO CONTROLS,NO CONTROLS,CLEAR,"DARKNESS, LIGHTED ROAD",PARKED MOTOR VEHICLE,DIVIDED - W/MEDIAN (NOT RAISED),,STRAIGHT AND LEVEL,WET,NO DEFECTS,NOT ON SCENE (DESK REPORT),NO INJURY / DRIVE AWAY,,,Y,$500 OR LESS,11/7/2017 19:50,UNABLE TO DETERMINE,NOT APPLICABLE,3402,N,MENARD AVE,1633,,,,,,,2,NO INDICATION OF INJURY,0,0,0,0,0,1,0,23,7,11,41.94227472,-87.77164461,POINT (-87.771644612568 41.942274722151),1
JA499706,Y,11/5/2017 0:01,15,NO CONTROLS,NO CONTROLS,UNKNOWN,UNKNOWN,PARKED MOTOR VEHICLE,PARKING LOT,,STRAIGHT AND LEVEL,UNKNOWN,NO DEFECTS,ON SCENE,NO INJURY / DRIVE AWAY,,Y,Y,"$501 - $1,500",11/5/2017 10:29,UNABLE TO DETERMINE,NOT APPLICABLE,848,W,MONTROSE AVE,1914,,,,,,,2,NO INDICATION OF INJURY,0,0,0,0,0,1,0,0,1,11,41.96192443,-87.65187823,POINT (-87.651878233771 41.961924431743),1
JA503965,,11/5/2017 0:01,0,NO CONTROLS,NO CONTROLS,RAIN,"DARKNESS, LIGHTED ROAD",REAR END,NOT DIVIDED,2,STRAIGHT AND LEVEL,WET,NO DEFECTS,NOT ON SCENE (DESK REPORT),INJURY AND / OR TOW DUE TO CRASH,,,,"OVER $1,500",11/8/2017 15:10,WEATHER,FOLLOWING TOO CLOSELY,141,W,76TH ST,623,,,,,,,2,"REPORTED, NOT EVIDENT",1,0,0,0,1,2,0,0,1,11,41.75623528,-87.62868056,POINT (-87.628680558122 41.756235277746),1
JA499330,,11/5/2017 0:01,25,NO CONTROLS,NO CONTROLS,RAIN,DARKNESS,PARKED MOTOR VEHICLE,NOT DIVIDED,2,STRAIGHT AND LEVEL,WET,NO DEFECTS,NOT ON SCENE (DESK REPORT),NO INJURY / DRIVE AWAY,,,Y,"$501 - $1,500",11/5/2017 0:31,UNABLE TO DETERMINE,UNABLE TO DETERMINE,5813,W,RICE ST,1511,,,,,,,2,NO INDICATION OF INJURY,0,0,0,0,0,1,0,0,1,11,41.8955713,-87.7708676,POINT (-87.770867603337 41.895571300487),1
JA499353,,11/5/2017 0:15,35,TRAFFIC SIGNAL,FUNCTIONING PROPERLY,RAIN,"DARKNESS, LIGHTED ROAD",TURNING,DIVIDED - W/MEDIAN (NOT RAISED),,STRAIGHT AND LEVEL,WET,NO DEFECTS,ON SCENE,NO INJURY / DRIVE AWAY,,,Y,"OVER $1,500",11/5/2017 1:20,IMPROPER OVERTAKING/PASSING,NOT APPLICABLE,8700,S,HALSTED ST,2223,,,,,,,2,NO INDICATION OF INJURY,0,0,0,0,0,2,0,0,1,11,41.73578527,-87.64375883,POINT (-87.643758829628 41.735785266472),1
JA499349,,11/5/2017 0:20,30,NO CONTROLS,NO CONTROLS,RAIN,"DARKNESS, LIGHTED ROAD",FIXED OBJECT,ONE-WAY,2,STRAIGHT AND LEVEL,WET,NO DEFECTS,ON SCENE,INJURY AND / OR TOW DUE TO CRASH,,,,"OVER $1,500",11/5/2017 0:29,WEATHER,UNABLE TO DETERMINE,1126,W,99TH ST,2223,,,,,,,1,NO INDICATION OF INJURY,0,0,0,0,0,1,0,0,1,11,41.7142405,-87.6514644,POINT (-87.651464396165 41.714240500986),1
JA499341,,11/5/2017 0:30,9,TRAFFIC SIGNAL,FUNCTIONING PROPERLY,RAIN,"DARKNESS, LIGHTED ROAD",TURNING,DIVIDED - W/MEDIAN (NOT RAISED),2,STRAIGHT AND LEVEL,WET,NO DEFECTS,NOT ON SCENE (DESK REPORT),NO INJURY / DRIVE AWAY,,,,"$501 - $1,500",11/5/2017 0:50,IMPROPER TURNING/NO SIGNAL,UNABLE TO DETERMINE,6700,S,JEFFERY BLVD,332,,,,,,,2,NO INDICATION OF INJURY,0,0,0,0,0,2,0,0,1,11,41.77336841,-87.57663855,POINT (-87.576638552177 41.773368408547),1
JA499460,,11/5/2017 0:30,30,TRAFFIC SIGNAL,FUNCTIONING PROPERLY,CLEAR,"DARKNESS, LIGHTED ROAD",PARKED MOTOR VEHICLE,NOT DIVIDED,2,STRAIGHT AND LEVEL,WET,NO DEFECTS,ON SCENE,INJURY AND / OR TOW DUE TO CRASH,,,Y,"OVER $1,500",11/5/2017 3:36,NOT APPLICABLE,NOT APPLICABLE,603,N,FRANKLIN ST,1831,,,,,,,2,NO INDICATION OF INJURY,0,0,0,0,0,1,0,0,1,11,41.89248212,-87.63545146,POINT (-87.635451456425 41.892482115995),1
JA499538,Y,11/5/2017 0:30,30,NO CONTROLS,NO CONTROLS,RAIN,"DARKNESS, LIGHTED ROAD",PARKED MOTOR VEHICLE,NOT DIVIDED,,STRAIGHT AND LEVEL,WET,NO DEFECTS,ON SCENE,NO INJURY / DRIVE AWAY,,,Y,"OVER $1,500",11/5/2017 6:10,EXCEEDING SAFE SPEED FOR CONDITIONS,UNABLE TO DETERMINE,529,N,KEDZIE AVE,1221,,,,Y,CONSTRUCTION,,2,NO INDICATION OF INJURY,0,0,0,0,0,1,0,0,1,11,41.8912235,-87.70627764,POINT (-87.706277642123 41.891223500494),1
JA499332,N,11/5/2017 0:37,30,NO CONTROLS,NO CONTROLS,RAIN,"DARKNESS, LIGHTED ROAD",PARKED MOTOR VEHICLE,ONE-WAY,1,STRAIGHT AND LEVEL,WET,NO DEFECTS,ON SCENE,NO INJURY / DRIVE AWAY,,,Y,"$501 - $1,500",11/5/2017 0:49,UNABLE TO DETERMINE,NOT APPLICABLE,5015,W,PALMER ST,2522,,,,,,,2,NO INDICATION OF INJURY,0,0,0,0,0,1,0,0,1,11,41.9204026,-87.75183054,POINT (-87.751830543661 41.920402601006),1
JA499333,,11/5/2017 0:41,30,TRAFFIC SIGNAL,FUNCTIONING PROPERLY,RAIN,"DARKNESS, LIGHTED ROAD",REAR END,DIVIDED - W/MEDIAN BARRIER,,STRAIGHT ON HILLCREST,WET,NO DEFECTS,ON SCENE,INJURY AND / OR TOW DUE TO CRASH,Y,,,"OVER $1,500",11/5/2017 0:46,WEATHER,UNABLE TO DETERMINE,3833,S,PULASKI RD,821,,,,,,,2,NO INDICATION OF INJURY,0,0,0,0,0,2,0,0,1,11,41.82328491,-87.72391032,POINT (-87.723910324486 41.823284912131),1
JA499372,,11/5/2017 0:45,30,NO CONTROLS,NO CONTROLS,RAIN,"DARKNESS, LIGHTED ROAD",SIDESWIPE SAME DIRECTION,DIVIDED - W/MEDIAN (NOT RAISED),2,STRAIGHT AND LEVEL,WET,NO DEFECTS,NOT ON SCENE (DESK REPORT),NO INJURY / DRIVE AWAY,,,,"$501 - $1,500",11/5/2017 1:19,DRIVING SKILLS/KNOWLEDGE/EXPERIENCE,NOT APPLICABLE,1471,W,WEBSTER AVE,1811,,,,,,,2,NO INDICATION OF INJURY,0,0,0,0,0,2,0,0,1,11,41.92149262,-87.6659985,POINT (-87.665998498257 41.921492621986),1
JA499351,,11/5/2017 0:45,30,NO CONTROLS,NO CONTROLS,RAIN,"DARKNESS, LIGHTED ROAD",TURNING,NOT DIVIDED,2,STRAIGHT AND LEVEL,WET,NO DEFECTS,NOT ON SCENE (DESK REPORT),NO INJURY / DRIVE AWAY,N,,N,"OVER $1,500",11/5/2017 1:30,IMPROPER TURNING/NO SIGNAL,PHYSICAL CONDITION OF DRIVER,49,E,HARRISON ST,123,,,,,,,2,NO INDICATION OF INJURY,0,0,0,0,0,2,0,0,1,11,41.87429802,-87.62603133,POINT (-87.626031331742 41.87429802381),1
JA499389,,11/5/2017 0:50,30,NO CONTROLS,NOT FUNCTIONING,RAIN,DARKNESS,REAR END,UNKNOWN,,STRAIGHT AND LEVEL,WET,NO DEFECTS,ON SCENE,NO INJURY / DRIVE AWAY,,N,Y,"OVER $1,500",11/5/2017 1:04,FOLLOWING TOO CLOSELY,FOLLOWING TOO CLOSELY,2801,W,DIVISION ST,1211,,,,,,,2,NO INDICATION OF INJURY,0,0,0,0,0,3,0,0,1,11,41.90281529,-87.6969387,POINT (-87.696938703372 41.902815291275),1
JA499403,,11/5/2017 0:55,30,NO CONTROLS,NO CONTROLS,RAIN,"DARKNESS, LIGHTED ROAD",FIXED OBJECT,DIVIDED - W/MEDIAN BARRIER,2,"CURVE, LEVEL",WET,NO DEFECTS,ON SCENE,INJURY AND / OR TOW DUE TO CRASH,,,,"$501 - $1,500",11/5/2017 1:01,UNABLE TO DETERMINE,DISTRACTION - FROM OUTSIDE VEHICLE,2233,S,DR MARTIN LUTHER KING JR DR,132,,,,,,,1,NONINCAPACITATING INJURY,1,0,0,1,0,0,0,0,1,11,41.85207557,-87.6188508,POINT (-87.618850803918 41.852075574499),1
JA499861,Y,11/5/2017 1:00,30,NO CONTROLS,NO CONTROLS,UNKNOWN,UNKNOWN,PARKED MOTOR VEHICLE,NOT DIVIDED,2,STRAIGHT AND LEVEL,UNKNOWN,UNKNOWN,ON SCENE,NO INJURY / DRIVE AWAY,,,Y,"OVER $1,500",11/5/2017 12:45,UNABLE TO DETERMINE,UNABLE TO DETERMINE,5141,S,KOSTNER AVE,815,,,,,,,2,NO INDICATION OF INJURY,0,0,0,0,0,1,0,1,1,11,41.79923949,-87.73298775,POINT (-87.732987748999 41.799239494063),1
JA500297,Y,11/5/2017 1:00,30,NO CONTROLS,NO CONTROLS,UNKNOWN,UNKNOWN,PARKED MOTOR VEHICLE,NOT DIVIDED,2,STRAIGHT AND LEVEL,UNKNOWN,UNKNOWN,NOT ON SCENE (DESK REPORT),NO INJURY / DRIVE AWAY,,,Y,$500 OR LESS,11/5/2017 19:30,UNABLE TO DETERMINE,NOT APPLICABLE,5930,W,ADAMS BLVD,1513,,,,,,,2,NO INDICATION OF INJURY,0,0,0,0,0,1,0,1,1,11,41.87774946,-87.77261267,POINT (-87.77261267026 41.877749464487),1
JA499381,,11/5/2017 1:00,30,NO CONTROLS,NO CONTROLS,CLEAR,"DARKNESS, LIGHTED ROAD",HEAD ON,NOT DIVIDED,2,STRAIGHT AND LEVEL,WET,NO DEFECTS,,INJURY AND / OR TOW DUE TO CRASH,,,Y,"OVER $1,500",11/5/2017 1:04,UNABLE TO DETERMINE,UNABLE TO DETERMINE,3332,W,59TH ST,822,,,,,,,3,NONINCAPACITATING INJURY,1,0,0,1,0,1,0,1,1,11,41.7862985,-87.70708194,POINT (-87.707081938548 41.786298496573),1
JA502633,,11/5/2017 1:00,30,NO CONTROLS,NO CONTROLS,CLEAR,DARKNESS,PARKED MOTOR VEHICLE,PARKING LOT,,STRAIGHT AND LEVEL,DRY,NO DEFECTS,NOT ON SCENE (DESK REPORT),NO INJURY / DRIVE AWAY,,,,"OVER $1,500",11/7/2017 14:53,NOT APPLICABLE,NOT APPLICABLE,2047,N,MILWAUKEE AVE,1431,,,,,,,2,NO INDICATION OF INJURY,0,0,0,0,0,2,0,1,1,11,41.91852031,-87.68994466,POINT (-87.689944658176 41.918520305149),1
JA505944,Y,11/5/2017 1:00,30,NO CONTROLS,NO CONTROLS,CLEAR,DUSK,PARKED MOTOR VEHICLE,ALLEY,1,STRAIGHT AND LEVEL,DRY,NO DEFECTS,NOT ON SCENE (DESK REPORT),NO INJURY / DRIVE AWAY,,,Y,"$501 - $1,500",11/7/2017 0:10,UNABLE TO DETERMINE,NOT APPLICABLE,3524,W,VAN BUREN ST,1133,,,,,,,2,NO INDICATION OF INJURY,0,0,0,0,0,1,0,1,1,11,41.87552212,-87.71412631,POINT (-87.714126306565 41.875522116071),1
JA499359,,11/5/2017 1:00,30,NO CONTROLS,NO CONTROLS,RAIN,"DARKNESS, LIGHTED ROAD",PARKED MOTOR VEHICLE,DIVIDED - W/MEDIAN (NOT RAISED),2,STRAIGHT AND LEVEL,WET,NO DEFECTS,NOT ON SCENE (DESK REPORT),NO INJURY / DRIVE AWAY,,,,"OVER $1,500",11/5/2017 1:10,UNABLE TO DETERMINE,NOT APPLICABLE,2610,N,HALSTED ST,1935,,,,,,,2,NO INDICATION OF INJURY,0,0,0,0,0,1,0,1,1,11,41.92946206,-87.64904948,POINT (-87.649049478059 41.929462059691),1
JA499358,,11/5/2017 1:04,30,NO CONTROLS,NO CONTROLS,RAIN,"DARKNESS, LIGHTED ROAD",ANGLE,NOT DIVIDED,,STRAIGHT AND LEVEL,WET,NO DEFECTS,ON SCENE,INJURY AND / OR TOW DUE TO CRASH,Y,,,"OVER $1,500",11/5/2017 1:04,FAILING TO YIELD RIGHT-OF-WAY,WEATHER,1022,W,CHICAGO AVE,1213,,,,,,,2,"REPORTED, NOT EVIDENT",1,0,0,0,1,1,0,1,1,11,41.89640301,-87.65356009,POINT (-87.653560091853 41.896403013596),1
JA499384,,11/5/2017 1:05,35,NO CONTROLS,NO CONTROLS,OTHER,"DARKNESS, LIGHTED ROAD",PARKED MOTOR VEHICLE,DIVIDED - W/MEDIAN (NOT RAISED),4,STRAIGHT AND LEVEL,WET,UNKNOWN,ON SCENE,INJURY AND / OR TOW DUE TO CRASH,,,,"OVER $1,500",11/5/2017 1:06,DISTRACTION - FROM OUTSIDE VEHICLE,NOT APPLICABLE,4443,W,NORTH AVE,2533,,,,,,,2,NO INDICATION OF INJURY,0,0,0,0,0,1,0,1,1,11,41.90961788,-87.73810105,POINT (-87.73810104846 41.909617877071),1