RD_NO,CRASH_DATE_EST_I,CRASH_DATE,POSTED_SPEED_LIMIT,TRAFFIC_CONTROL_DEVICE,DEVICE_CONDITION,WEATHER_CONDITION,LIGHTING_CONDITION,FIRST_CRASH_TYPE,TRAFFICWAY_TYPE,LANE_CNT,ALIGNMENT,ROADWAY_SURFACE_COND,ROAD_DEFECT,REPORT_TYPE,CRASH_TYPE,INTERSECTION_RELATED_I,NOT_RIGHT_OF_WAY_I,HIT_AND_RUN_I,DAMAGE,DATE_POLICE_NOTIFIED,PRIM_CONTRIBUTORY_CAUSE,SEC_CONTRIBUTORY_CAUSE,STREET_NO,STREET_DIRECTION,STREET_NAME,BEAT_OF_OCCURRENCE,PHOTOS_TAKEN_I,STATEMENTS_TAKEN_I,DOORING_I,WORK_ZONE_I,WORK_ZONE_TYPE,WORKERS_PRESENT_I,NUM_UNITS,MOST_SEVERE_INJURY,INJURIES_TOTAL,INJURIES_FATAL,INJURIES_INCAPACITATING,INJURIES_NON_INCAPACITATING,INJURIES_REPORTED_NOT_EVIDENT,INJURIES_NO_INDICATION,INJURIES_UNKNOWN,CRASH_HOUR,CRASH_DAY_OF_WEEK,CRASH_MONTH,LATITUDE,LONGITUDE,LOCATION,Join
JA499339,,11/5/2017 1:10,30,NO CONTROLS,NO CONTROLS,CLEAR,"DARKNESS, LIGHTED ROAD",TURNING,ONE-WAY,2,STRAIGHT AND LEVEL,UNKNOWN,NO DEFECTS,ON SCENE,NO INJURY / DRIVE AWAY,Y,,,"OVER $1,500",11/5/2017 1:23,IMPROPER TURNING/NO SIGNAL,UNABLE TO DETERMINE,425,N,WELLS ST,1831,,,,,,,2,NO INDICATION OF INJURY,0,0,0,0,0,2,0,1,1,11,41.88994368,-87.63388054,POINT (-87.63388053932 41.889943682842),1
JA499379,,11/5/2017 1:15,10,NO CONTROLS,NO CONTROLS,CLEAR,"DARKNESS, LIGHTED ROAD",FIXED OBJECT,PARKING LOT,1,STRAIGHT AND LEVEL,DRY,NO DEFECTS,NOT ON SCENE (DESK REPORT),NO INJURY / DRIVE AWAY,,Y,,"OVER $1,500",11/5/2017 1:17,EXCEEDING AUTHORIZED SPEED LIMIT,IMPROPER TURNING/NO SIGNAL,208,W,INSTITUTE PL,1823,,,,,,,1,NO INDICATION OF INJURY,0,0,0,0,0,1,0,1,1,11,41.89752551,-87.63464316,POINT (-87.634643163698 41.897525504837),1
JA499352,,11/5/2017 1:20,30,TRAFFIC SIGNAL,FUNCTIONING PROPERLY,RAIN,"DARKNESS, LIGHTED ROAD",TURNING,NOT DIVIDED,4,STRAIGHT AND LEVEL,WET,NO DEFECTS,ON SCENE,INJURY AND / OR TOW DUE TO CRASH,Y,,,"OVER $1,500",11/5/2017 1:21,IMPROPER TURNING/NO SIGNAL,FAILING TO REDUCE SPEED TO AVOID CRASH,4800,N,KIMBALL AVE,1712,,,,,,,2,NONINCAPACITATING INJURY,1,0,0,1,0,2,0,1,1,11,41.96848888,-87.71351349,POINT (-87.713513494027 41.968488877833),1
JA499378,,11/5/2017 1:20,30,LANE USE MARKING,FUNCTIONING PROPERLY,RAIN,"DARKNESS, LIGHTED ROAD",SIDESWIPE SAME DIRECTION,DIVIDED - W/MEDIAN BARRIER,,STRAIGHT AND LEVEL,WET,NO DEFECTS,ON SCENE,NO INJURY / DRIVE AWAY,,,,"OVER $1,500",11/5/2017 1:30,IMPROPER LANE USAGE,FAILING TO REDUCE SPEED TO AVOID CRASH,238,W,CERMAK RD,914,,,,,,,2,NO INDICATION OF INJURY,0,0,0,0,0,2,0,1,1,11,41.85293961,-87.63360748,POINT (-87.633607481328 41.852939607414),1
JA499405,,11/5/2017 1:30,15,NO CONTROLS,NO CONTROLS,CLOUDY/OVERCAST,"DARKNESS, LIGHTED ROAD",FIXED OBJECT,NOT DIVIDED,1,STRAIGHT AND LEVEL,WET,UNKNOWN,ON SCENE,INJURY AND / OR TOW DUE TO CRASH,,Y,,"OVER $1,500",11/5/2017 1:30,IMPROPER TURNING/NO SIGNAL,NOT APPLICABLE,3555,W,LAWRENCE AVE,1723,,,,,,,1,,,,,,,,,1,1,11,41.96824198,-87.71803368,POINT (-87.718033679109 41.96824197526),1
JA499415,,11/5/2017 1:30,30,NO CONTROLS,NO CONTROLS,RAIN,"DARKNESS, LIGHTED ROAD",PARKED MOTOR VEHICLE,ONE-WAY,,STRAIGHT AND LEVEL,WET,NO DEFECTS,ON SCENE,INJURY AND / OR TOW DUE TO CRASH,,,Y,"OVER $1,500",11/5/2017 1:40,UNABLE TO DETERMINE,NOT APPLICABLE,4645,N,HARDING AVE,1723,,,,,,,2,NO INDICATION OF INJURY,0,0,0,0,0,1,0,1,1,11,41.96590491,-87.72659566,POINT (-87.726595657611 41.965904911332),1
JA499369,,11/5/2017 1:35,30,TRAFFIC SIGNAL,FUNCTIONING PROPERLY,RAIN,DARKNESS,TURNING,NOT DIVIDED,,STRAIGHT AND LEVEL,WET,NO DEFECTS,NOT ON SCENE (DESK REPORT),NO INJURY / DRIVE AWAY,,,,"$501 - $1,500",11/5/2017 1:45,EQUIPMENT - VEHICLE CONDITION,WEATHER,6398,W,MONTROSE AVE,1622,,,,,,,2,NO INDICATION OF INJURY,0,0,0,0,0,4,0,1,1,11,41.96032756,-87.7867467,POINT (-87.786746698653 41.960327559226),1
JA499364,,11/5/2017 1:38,30,TRAFFIC SIGNAL,FUNCTIONING PROPERLY,RAIN,"DARKNESS, LIGHTED ROAD",ANGLE,ONE-WAY,3,STRAIGHT AND LEVEL,WET,NO DEFECTS,ON SCENE,INJURY AND / OR TOW DUE TO CRASH,Y,,,"OVER $1,500",11/5/2017 1:41,DISREGARDING TRAFFIC SIGNALS,NOT APPLICABLE,5500,S,WENTWORTH AVE,225,,,,,,,2,"REPORTED, NOT EVIDENT",1,0,0,0,1,5,0,1,1,11,,,,1
JA499780,,11/5/2017 1:45,30,NO CONTROLS,NO CONTROLS,RAIN,DARKNESS,REAR END,NOT DIVIDED,3,STRAIGHT AND LEVEL,WET,UNKNOWN,NOT ON SCENE (DESK REPORT),NO INJURY / DRIVE AWAY,,,Y,"$501 - $1,500",11/5/2017 11:40,UNABLE TO DETERMINE,UNABLE TO DETERMINE,5300,S,CICERO AVE,814,,,,,,,2,NO INDICATION OF INJURY,0,0,0,0,0,2,0,1,1,11,41.79660608,-87.74300403,POINT (-87.743004025677 41.796606074549),1
JA499371,,11/5/2017 1:45,30,NO CONTROLS,NO CONTROLS,FOG/SMOKE/HAZE,"DARKNESS, LIGHTED ROAD",PARKED MOTOR VEHICLE,NOT DIVIDED,,STRAIGHT AND LEVEL,WET,UNKNOWN,ON SCENE,INJURY AND / OR TOW DUE TO CRASH,,,N,"OVER $1,500",11/5/2017 1:53,DISTRACTION - FROM OUTSIDE VEHICLE,UNABLE TO DETERMINE,618,N,HAMLIN AVE,1122,,,,,,,2,NO INDICATION OF INJURY,0,0,0,0,0,1,0,1,1,11,41.89236351,-87.72124586,POINT (-87.721245863951 41.89236351165),1
JA499402,,11/5/2017 1:47,30,NO CONTROLS,NO CONTROLS,RAIN,"DARKNESS, LIGHTED ROAD",PARKED MOTOR VEHICLE,NOT DIVIDED,1,STRAIGHT AND LEVEL,WET,NO DEFECTS,ON SCENE,INJURY AND / OR TOW DUE TO CRASH,,,Y,"OVER $1,500",11/5/2017 1:47,FAILING TO REDUCE SPEED TO AVOID CRASH,WEATHER,10643,S,DR MARTIN LUTHER KING JR DR,512,,,,,,,4,NO INDICATION OF INJURY,0,0,0,0,0,1,0,1,1,11,41.70055741,-87.61343891,POINT (-87.613438909446 41.70055740983),1
JA499409,,11/5/2017 1:47,30,NO CONTROLS,NO CONTROLS,FOG/SMOKE/HAZE,"DARKNESS, LIGHTED ROAD",PARKED MOTOR VEHICLE,ONE-WAY,2,STRAIGHT AND LEVEL,WET,NO DEFECTS,ON SCENE,INJURY AND / OR TOW DUE TO CRASH,,,Y,"OVER $1,500",11/5/2017 1:55,IMPROPER LANE USAGE,FAILING TO REDUCE SPEED TO AVOID CRASH,11421,S,ASHLAND AVE,2234,,,,,,,2,NO INDICATION OF INJURY,0,0,0,0,0,1,0,1,1,11,41.68618325,-87.66129839,POINT (-87.661298392757 41.686183253317),1
JA499375,,11/5/2017 1:56,30,SCHOOL ZONE,FUNCTIONING PROPERLY,CLEAR,"DARKNESS, LIGHTED ROAD",ANGLE,DIVIDED - W/MEDIAN (NOT RAISED),,STRAIGHT AND LEVEL,WET,NO DEFECTS,ON SCENE,INJURY AND / OR TOW DUE TO CRASH,Y,,,"OVER $1,500",11/5/2017 1:57,FAILING TO REDUCE SPEED TO AVOID CRASH,UNABLE TO DETERMINE,8400,S,YATES BLVD,412,,,,,,,2,NONINCAPACITATING INJURY,5,0,0,5,0,0,0,1,1,11,41.74255278,-87.56624252,POINT (-87.566242522868 41.742552781968),1
JA499425,,11/5/2017 2:00,30,NO CONTROLS,NO CONTROLS,RAIN,"DARKNESS, LIGHTED ROAD",FIXED OBJECT,NOT DIVIDED,4,STRAIGHT ON GRADE,WET,NO DEFECTS,ON SCENE,INJURY AND / OR TOW DUE TO CRASH,,N,,"OVER $1,500",11/5/2017 2:05,UNABLE TO DETERMINE,UNABLE TO DETERMINE,8401,S,ASHLAND AVE,614,,,,,,,1,NONINCAPACITATING INJURY,1,0,0,1,0,1,0,2,1,11,41.7411636,-87.66305506,POINT (-87.663055058218 41.741163599397),1
JA499422,,11/5/2017 2:07,30,NO CONTROLS,NO CONTROLS,RAIN,DARKNESS,PARKED MOTOR VEHICLE,NOT DIVIDED,,STRAIGHT AND LEVEL,WET,UNKNOWN,ON SCENE,INJURY AND / OR TOW DUE TO CRASH,,,,"OVER $1,500",11/5/2017 2:10,UNABLE TO DETERMINE,DRIVING SKILLS/KNOWLEDGE/EXPERIENCE,2620,W,51ST ST,923,,,,,,,2,NONINCAPACITATING INJURY,1,0,0,1,0,0,0,2,1,11,41.8011649,-87.69009853,POINT (-87.690098532631 41.801164898212),1
JA499416,Y,11/5/2017 2:10,30,TRAFFIC SIGNAL,FUNCTIONING PROPERLY,CLEAR,"DARKNESS, LIGHTED ROAD",REAR END,NOT DIVIDED,,STRAIGHT AND LEVEL,WET,NO DEFECTS,ON SCENE,NO INJURY / DRIVE AWAY,,,,$500 OR LESS,11/5/2017 2:15,FAILING TO REDUCE SPEED TO AVOID CRASH,NOT APPLICABLE,5058,W,GRAND AVE,2533,,,,,,,2,NO INDICATION OF INJURY,0,0,0,0,0,4,0,2,1,11,41.91676031,-87.75286622,POINT (-87.752866223957 41.916760313025),1
JA499420,,11/5/2017 2:11,30,NO CONTROLS,NO CONTROLS,RAIN,"DARKNESS, LIGHTED ROAD",PARKED MOTOR VEHICLE,NOT DIVIDED,2,STRAIGHT AND LEVEL,WET,NO DEFECTS,ON SCENE,INJURY AND / OR TOW DUE TO CRASH,,,,"OVER $1,500",11/5/2017 2:13,"DISTRACTION - OTHER ELECTRONIC DEVICE (NAVIGATION DEVICE, DVD PLAYER, ETC.)",NOT APPLICABLE,1256,W,94TH ST,2222,,,,,,,3,NO INDICATION OF INJURY,0,0,0,0,0,1,0,2,1,11,41.7232438,-87.6552832,POINT (-87.655283195522 41.723243801532),1
JA499412,,11/5/2017 2:14,30,STOP SIGN/FLASHER,FUNCTIONING IMPROPERLY,RAIN,"DARKNESS, LIGHTED ROAD",TURNING,NOT DIVIDED,2,STRAIGHT AND LEVEL,WET,UNKNOWN,ON SCENE,NO INJURY / DRIVE AWAY,Y,,,"$501 - $1,500",11/5/2017 2:15,FAILING TO YIELD RIGHT-OF-WAY,FAILING TO REDUCE SPEED TO AVOID CRASH,5600,W,GUNNISON ST,1622,,,,,,,2,NO INDICATION OF INJURY,0,0,0,0,0,2,0,2,1,11,41.96879739,-87.76764219,POINT (-87.767642192842 41.968797384565),1
JA499434,,11/5/2017 2:30,30,NO CONTROLS,NO CONTROLS,RAIN,"DARKNESS, LIGHTED ROAD",REAR END,ONE-WAY,2,STRAIGHT AND LEVEL,WET,UNKNOWN,NOT ON SCENE (DESK REPORT),NO INJURY / DRIVE AWAY,,,,"$501 - $1,500",11/5/2017 2:50,FOLLOWING TOO CLOSELY,NOT APPLICABLE,3801,W,HARRISON ST,1133,,,,,,,2,NO INDICATION OF INJURY,0,0,0,0,0,2,0,2,1,11,41.87340465,-87.72039963,POINT (-87.720399628297 41.873404645345),1
JA499429,,11/5/2017 2:30,15,NO CONTROLS,NO CONTROLS,CLEAR,DARKNESS,PARKED MOTOR VEHICLE,NOT DIVIDED,4,STRAIGHT AND LEVEL,DRY,NO DEFECTS,ON SCENE,INJURY AND / OR TOW DUE TO CRASH,,,Y,"OVER $1,500",11/6/2017 2:35,FAILING TO REDUCE SPEED TO AVOID CRASH,UNABLE TO DETERMINE,2124,W,SCHOOL ST,1921,,,,,,,3,NO INDICATION OF INJURY,0,0,0,0,0,1,0,2,1,11,41.94146247,-87.68189661,POINT (-87.681896612254 41.941462470195),1
JA500456,,11/5/2017 2:40,35,TRAFFIC SIGNAL,FUNCTIONING PROPERLY,CLEAR,DAYLIGHT,SIDESWIPE SAME DIRECTION,NOT DIVIDED,2,STRAIGHT AND LEVEL,DRY,NO DEFECTS,NOT ON SCENE (DESK REPORT),NO INJURY / DRIVE AWAY,,,Y,"$501 - $1,500",11/5/2017 22:30,UNABLE TO DETERMINE,NOT APPLICABLE,30,W,83RD ST,622,,,,,,,2,NO INDICATION OF INJURY,0,0,0,0,0,2,0,2,1,11,41.74374527,-87.62561068,POINT (-87.625610676731 41.743745271579),1
JA499441,,11/5/2017 2:45,30,NO CONTROLS,NO CONTROLS,CLEAR,"DARKNESS, LIGHTED ROAD",PARKED MOTOR VEHICLE,DIVIDED - W/MEDIAN (NOT RAISED),2,STRAIGHT AND LEVEL,WET,NO DEFECTS,ON SCENE,INJURY AND / OR TOW DUE TO CRASH,,,,"OVER $1,500",11/5/2017 2:45,DISTRACTION - FROM OUTSIDE VEHICLE,EXCEEDING SAFE SPEED FOR CONDITIONS,5823,W,55TH ST,811,,,,,,,3,NO INDICATION OF INJURY,0,0,0,0,0,1,0,2,1,11,41.79250825,-87.76825301,POINT (-87.768253013255 41.792508246108),1
JA500264,,11/5/2017 2:48,15,STOP SIGN/FLASHER,NO CONTROLS,CLEAR,DARKNESS,FIXED OBJECT,NOT DIVIDED,1,STRAIGHT AND LEVEL,DRY,WORN SURFACE,ON SCENE,INJURY AND / OR TOW DUE TO CRASH,,Y,Y,"$501 - $1,500",11/5/2017 19:00,"OPERATING VEHICLE IN ERRATIC, RECKLESS, CARELESS, NEGLIGENT OR AGGRESSIVE MANNER",NOT APPLICABLE,427,N,CENTRAL PARK BLVD,1123,,,,,,,1,NO INDICATION OF INJURY,0,0,0,0,0,2,0,2,1,11,41.88902721,-87.71611673,POINT (-87.7161167246 41.889027211842),1
JA499458,,11/5/2017 2:50,30,TRAFFIC SIGNAL,FUNCTIONING PROPERLY,CLEAR,"DARKNESS, LIGHTED ROAD",REAR END,DIVIDED - W/MEDIAN BARRIER,4,STRAIGHT AND LEVEL,DRY,UNKNOWN,NOT ON SCENE (DESK REPORT),NO INJURY / DRIVE AWAY,Y,,Y,"OVER $1,500",11/5/2017 2:55,FAILING TO REDUCE SPEED TO AVOID CRASH,UNABLE TO DETERMINE,800,N,LAKE SHORE DR,1833,,,,,,,2,NO INDICATION OF INJURY,0,0,0,0,0,2,0,2,1,11,41.89682805,-87.6172077,POINT (-87.617207703311 41.896828045009),1
JA499444,,11/5/2017 3:00,45,NO CONTROLS,NO CONTROLS,CLEAR,"DARKNESS, LIGHTED ROAD",OTHER NONCOLLISION,DIVIDED - W/MEDIAN BARRIER,,STRAIGHT AND LEVEL,DRY,NO DEFECTS,ON SCENE,INJURY AND / OR TOW DUE TO CRASH,,,,"OVER $1,500",11/5/2017 3:15,UNABLE TO DETERMINE,NOT APPLICABLE,1400,S,LAKE SHORE DR E,132,,,,,,,1,NO INDICATION OF INJURY,0,0,0,0,0,2,0,3,1,11,41.86411696,-87.61894998,POINT (-87.618949975476 41.864116957253),1
JA499446,,11/5/2017 3:01,30,NO CONTROLS,NO CONTROLS,RAIN,"DARKNESS, LIGHTED ROAD",PARKED MOTOR VEHICLE,NOT DIVIDED,2,STRAIGHT AND LEVEL,WET,NO DEFECTS,,INJURY AND / OR TOW DUE TO CRASH,,,,"OVER $1,500",11/5/2017 3:01,UNABLE TO DETERMINE,DISTRACTION - FROM INSIDE VEHICLE,225,N,LARAMIE AVE,1532,,,,,,,3,NO INDICATION OF INJURY,0,0,0,0,0,1,0,3,1,11,41.88518034,-87.75509529,POINT (-87.755095293627 41.885180340982),1
JA499463,,11/5/2017 3:30,30,TRAFFIC SIGNAL,FUNCTIONING PROPERLY,RAIN,"DARKNESS, LIGHTED ROAD",REAR END,NOT DIVIDED,2,STRAIGHT AND LEVEL,WET,NO DEFECTS,ON SCENE,INJURY AND / OR TOW DUE TO CRASH,,,Y,$500 OR LESS,11/5/2017 3:35,NOT APPLICABLE,NOT APPLICABLE,5023,N,WESTERN AVE,2031,,,,,,,2,NONINCAPACITATING INJURY,1,0,0,1,0,3,0,3,1,11,41.97298056,-87.68890454,POINT (-87.688904539914 41.972980554765),1
JA499689,,11/5/2017 3:30,30,TRAFFIC SIGNAL,FUNCTIONING PROPERLY,RAIN,"DARKNESS, LIGHTED ROAD",FIXED OBJECT,NOT DIVIDED,2,STRAIGHT AND LEVEL,WET,NO DEFECTS,NOT ON SCENE (DESK REPORT),NO INJURY / DRIVE AWAY,Y,,,"$501 - $1,500",11/5/2017 10:30,ROAD ENGINEERING/SURFACE/MARKING DEFECTS,NOT APPLICABLE,779,N,MILWAUKEE AVE,1214,,,,,,,1,NO INDICATION OF INJURY,0,0,0,0,0,1,0,3,1,11,41.89596184,-87.65476069,POINT (-87.654760693278 41.895961841448),1
JA500315,,11/5/2017 3:30,30,NO CONTROLS,NO CONTROLS,RAIN,"DARKNESS, LIGHTED ROAD",SIDESWIPE SAME DIRECTION,NOT DIVIDED,,STRAIGHT AND LEVEL,WET,NO DEFECTS,NOT ON SCENE (DESK REPORT),NO INJURY / DRIVE AWAY,,,,"$501 - $1,500",11/5/2017 19:50,UNABLE TO DETERMINE,NOT APPLICABLE,832,W,GRAND AVE,1214,,,,,,,2,NO INDICATION OF INJURY,0,0,0,0,0,2,0,3,1,11,41.89127925,-87.64885094,POINT (-87.648850938997 41.891279247529),1
JA499727,,11/5/2017 4:00,30,NO CONTROLS,NO CONTROLS,RAIN,DARKNESS,TURNING,NOT DIVIDED,2,STRAIGHT AND LEVEL,WET,UNKNOWN,NOT ON SCENE (DESK REPORT),NO INJURY / DRIVE AWAY,Y,,,"$501 - $1,500",11/5/2017 11:00,UNABLE TO DETERMINE,UNABLE TO DETERMINE,2631,W,63RD ST,825,,,,,,,2,NO INDICATION OF INJURY,0,0,0,0,0,2,0,4,1,11,41.77906151,-87.68967297,POINT (-87.689672968093 41.779061507016),1
JA500145,,11/5/2017 4:00,30,NO CONTROLS,NO CONTROLS,RAIN,DARKNESS,FIXED OBJECT,NOT DIVIDED,2,STRAIGHT AND LEVEL,WET,NO DEFECTS,NOT ON SCENE (DESK REPORT),NO INJURY / DRIVE AWAY,,,,"OVER $1,500",11/5/2017 17:00,DRIVING ON WRONG SIDE/WRONG WAY,UNABLE TO DETERMINE,3130,S,KEDZIE AVE,1032,,,,,,,2,NO INDICATION OF INJURY,0,0,0,0,0,2,0,4,1,11,41.83630372,-87.70494459,POINT (-87.704944591171 41.836303720344),1
JA499508,N,11/5/2017 4:00,25,TRAFFIC SIGNAL,FUNCTIONING PROPERLY,RAIN,"DARKNESS, LIGHTED ROAD",ANGLE,NOT DIVIDED,2,STRAIGHT AND LEVEL,WET,NO DEFECTS,ON SCENE,NO INJURY / DRIVE AWAY,Y,,Y,"OVER $1,500",11/5/2017 4:54,DISREGARDING TRAFFIC SIGNALS,DRIVING SKILLS/KNOWLEDGE/EXPERIENCE,3602,W,ARMITAGE AVE,2525,,,,,,,2,NO INDICATION OF INJURY,0,0,0,0,0,2,0,4,1,11,41.91739087,-87.71691412,POINT (-87.716914121546 41.917390874409),1
JA506119,,11/5/2017 4:00,30,NO CONTROLS,NO CONTROLS,CLEAR,"DARKNESS, LIGHTED ROAD",PARKED MOTOR VEHICLE,NOT DIVIDED,,STRAIGHT AND LEVEL,DRY,NO DEFECTS,NOT ON SCENE (DESK REPORT),NO INJURY / DRIVE AWAY,,,Y,"OVER $1,500",11/10/2017 9:30,UNABLE TO DETERMINE,UNABLE TO DETERMINE,1916,W,DICKENS AVE,1432,,,,,,,2,NO INDICATION OF INJURY,0,0,0,0,0,1,0,4,1,11,41.91971509,-87.67597962,POINT (-87.675979620933 41.919715088092),1
JA499478,N,11/5/2017 4:01,35,NO CONTROLS,NO CONTROLS,RAIN,"DARKNESS, LIGHTED ROAD",FIXED OBJECT,DIVIDED - W/MEDIAN BARRIER,8,"CURVE, LEVEL",WET,NO DEFECTS,ON SCENE,INJURY AND / OR TOW DUE TO CRASH,,N,,"OVER $1,500",11/5/2017 4:07,EXCEEDING SAFE SPEED FOR CONDITIONS,WEATHER,1000,N,LAKE SHORE DR,1824,,,,,,,1,"REPORTED, NOT EVIDENT",1,0,0,0,1,0,0,4,1,11,41.90075297,-87.624235,POINT (-87.62423499978 41.900752974042),1
JA499523,,11/5/2017 4:25,30,NO CONTROLS,NO CONTROLS,CLEAR,DARKNESS,PARKED MOTOR VEHICLE,DIVIDED - W/MEDIAN (NOT RAISED),2,STRAIGHT AND LEVEL,WET,UNKNOWN,ON SCENE,INJURY AND / OR TOW DUE TO CRASH,,,Y,$500 OR LESS,11/5/2017 6:04,PHYSICAL CONDITION OF DRIVER,PHYSICAL CONDITION OF DRIVER,1542,N,KINGSBURY ST,1822,,,,,,,3,NO INDICATION OF INJURY,0,0,0,0,0,1,0,4,1,11,41.90920421,-87.65289145,POINT (-87.652891451266 41.909204211306),1
JA499547,,11/5/2017 4:30,20,NO CONTROLS,NO CONTROLS,RAIN,DARKNESS,PARKED MOTOR VEHICLE,ONE-WAY,,STRAIGHT AND LEVEL,WET,NO DEFECTS,NOT ON SCENE (DESK REPORT),NO INJURY / DRIVE AWAY,,,Y,"OVER $1,500",11/5/2017 7:30,UNABLE TO DETERMINE,NOT APPLICABLE,8405,S,MAY ST,613,,,,,,,2,NO INDICATION OF INJURY,0,0,0,0,0,1,0,4,1,11,41.74120861,-87.65212776,POINT (-87.652127762691 41.741208607787),1
JA499485,,11/5/2017 4:52,30,NO CONTROLS,NO CONTROLS,CLEAR,"DARKNESS, LIGHTED ROAD",FIXED OBJECT,DIVIDED - W/MEDIAN (NOT RAISED),4,STRAIGHT AND LEVEL,WET,NO DEFECTS,ON SCENE,INJURY AND / OR TOW DUE TO CRASH,,,Y,"OVER $1,500",11/5/2017 4:52,UNABLE TO DETERMINE,UNABLE TO DETERMINE,4125,W,55TH ST,813,,,,,,,1,NO INDICATION OF INJURY,0,0,0,0,0,1,0,4,1,11,41.79306473,-87.72677439,POINT (-87.726774386589 41.793064728349),1
JA499490,,11/5/2017 4:55,30,NO CONTROLS,NO CONTROLS,CLEAR,"DARKNESS, LIGHTED ROAD",FIXED OBJECT,DIVIDED - W/MEDIAN (NOT RAISED),4,STRAIGHT AND LEVEL,DRY,NO DEFECTS,ON SCENE,NO INJURY / DRIVE AWAY,,,N,"OVER $1,500",11/5/2017 5:06,UNDER THE INFLUENCE OF ALCOHOL/DRUGS (USE WHEN ARREST IS EFFECTED),IMPROPER TURNING/NO SIGNAL,1333,N,PULASKI RD,2535,,,,,,,2,NO INDICATION OF INJURY,0,0,0,0,0,1,0,4,1,11,41.90544853,-87.72624082,POINT (-87.726240823209 41.905448525638),1
JA499487,,11/5/2017 4:55,30,NO CONTROLS,NO CONTROLS,CLEAR,"DARKNESS, LIGHTED ROAD",SIDESWIPE SAME DIRECTION,NOT DIVIDED,4,STRAIGHT AND LEVEL,WET,NO DEFECTS,ON SCENE,INJURY AND / OR TOW DUE TO CRASH,,,,"OVER $1,500",11/5/2017 5:00,IMPROPER OVERTAKING/PASSING,FAILING TO YIELD RIGHT-OF-WAY,4001,W,ADDISON ST,1731,,,,,,,2,NO INDICATION OF INJURY,0,0,0,0,0,2,0,4,1,11,41.94626228,-87.72748996,POINT (-87.727489958626 41.946262277577),1
JA499491,,11/5/2017 5:00,30,NO CONTROLS,NO CONTROLS,CLEAR,DAYLIGHT,REAR END,NOT DIVIDED,4,STRAIGHT AND LEVEL,WET,NO DEFECTS,NOT ON SCENE (DESK REPORT),NO INJURY / DRIVE AWAY,,,,"OVER $1,500",11/5/2017 7:14,FAILING TO YIELD RIGHT-OF-WAY,UNABLE TO DETERMINE,1101,S,CANAL ST,124,,,,,,,2,NO INDICATION OF INJURY,0,0,0,0,0,2,0,5,1,11,41.86888971,-87.63909893,POINT (-87.639098928088 41.868889711112),1
JA499941,,11/5/2017 5:00,30,STOP SIGN/FLASHER,FUNCTIONING PROPERLY,RAIN,"DARKNESS, LIGHTED ROAD",REAR END,DIVIDED - W/MEDIAN (NOT RAISED),,STRAIGHT AND LEVEL,WET,NO DEFECTS,NOT ON SCENE (DESK REPORT),NO INJURY / DRIVE AWAY,,,,"OVER $1,500",11/5/2017 14:10,FAILING TO REDUCE SPEED TO AVOID CRASH,FOLLOWING TOO CLOSELY,4298,W,DIVERSEY AVE,2523,,,,,,,2,NO INDICATION OF INJURY,0,0,0,0,0,4,0,5,1,11,41.93180441,-87.73428647,POINT (-87.734286473273 41.931804413876),1
JA501259,,11/5/2017 5:00,30,NO CONTROLS,NO CONTROLS,CLEAR,DARKNESS,REAR END,ONE-WAY,,STRAIGHT AND LEVEL,DRY,NO DEFECTS,NOT ON SCENE (DESK REPORT),NO INJURY / DRIVE AWAY,,,,"OVER $1,500",11/6/2017 14:30,UNABLE TO DETERMINE,UNABLE TO DETERMINE,4038,W,CONGRESS PKWY,1132,,,,,,,2,NO INDICATION OF INJURY,0,0,0,0,0,2,0,5,1,11,41.87444815,-87.72701457,POINT (-87.727014572884 41.874448151663),1
JA502958,Y,11/5/2017 5:00,30,NO CONTROLS,NO CONTROLS,CLEAR,DARKNESS,PARKED MOTOR VEHICLE,ONE-WAY,,STRAIGHT AND LEVEL,UNKNOWN,NO DEFECTS,NOT ON SCENE (DESK REPORT),NO INJURY / DRIVE AWAY,,,,"OVER $1,500",11/7/2017 18:20,UNABLE TO DETERMINE,NOT APPLICABLE,5155,W,HENDERSON ST,1634,,,,,,,2,NO INDICATION OF INJURY,0,0,0,0,0,1,0,5,1,11,41.94133159,-87.7565026,POINT (-87.756502602739 41.941331593884),1
JA499499,,11/5/2017 5:25,25,NO CONTROLS,NO CONTROLS,CLEAR,"DARKNESS, LIGHTED ROAD",PARKED MOTOR VEHICLE,ONE-WAY,1,STRAIGHT AND LEVEL,WET,NO DEFECTS,ON SCENE,INJURY AND / OR TOW DUE TO CRASH,,,,"OVER $1,500",11/5/2017 5:25,DRIVING SKILLS/KNOWLEDGE/EXPERIENCE,IMPROPER LANE USAGE,5521,S,MASON AVE,811,,,,,,,4,NO INDICATION OF INJURY,0,0,0,0,0,1,0,5,1,11,41.79190881,-87.77067464,POINT (-87.770674634585 41.791908814275),1
JA499601,,11/5/2017 5:30,30,NO CONTROLS,NO CONTROLS,RAIN,"DARKNESS, LIGHTED ROAD",REAR END,NOT DIVIDED,2,STRAIGHT AND LEVEL,WET,NO DEFECTS,NOT ON SCENE (DESK REPORT),INJURY AND / OR TOW DUE TO CRASH,,,,"OVER $1,500",11/5/2017 8:55,"OPERATING VEHICLE IN ERRATIC, RECKLESS, CARELESS, NEGLIGENT OR AGGRESSIVE MANNER",FOLLOWING TOO CLOSELY,531,W,BELMONT AVE,1934,,,,,,,2,NO INDICATION OF INJURY,0,0,0,0,0,3,0,5,1,11,41.93995672,-87.64312876,POINT (-87.643128760973 41.939956717959),1