RD_NO,CRASH_DATE_EST_I,CRASH_DATE,POSTED_SPEED_LIMIT,TRAFFIC_CONTROL_DEVICE,DEVICE_CONDITION,WEATHER_CONDITION,LIGHTING_CONDITION,FIRST_CRASH_TYPE,TRAFFICWAY_TYPE,LANE_CNT,ALIGNMENT,ROADWAY_SURFACE_COND,ROAD_DEFECT,REPORT_TYPE,CRASH_TYPE,INTERSECTION_RELATED_I,NOT_RIGHT_OF_WAY_I,HIT_AND_RUN_I,DAMAGE,DATE_POLICE_NOTIFIED,PRIM_CONTRIBUTORY_CAUSE,SEC_CONTRIBUTORY_CAUSE,STREET_NO,STREET_DIRECTION,STREET_NAME,BEAT_OF_OCCURRENCE,PHOTOS_TAKEN_I,STATEMENTS_TAKEN_I,DOORING_I,WORK_ZONE_I,WORK_ZONE_TYPE,WORKERS_PRESENT_I,NUM_UNITS,MOST_SEVERE_INJURY,INJURIES_TOTAL,INJURIES_FATAL,INJURIES_INCAPACITATING,INJURIES_NON_INCAPACITATING,INJURIES_REPORTED_NOT_EVIDENT,INJURIES_NO_INDICATION,INJURIES_UNKNOWN,CRASH_HOUR,CRASH_DAY_OF_WEEK,CRASH_MONTH,LATITUDE,LONGITUDE,LOCATION,Join
JA499514,,11/5/2017 5:30,40,NO CONTROLS,NO CONTROLS,FOG/SMOKE/HAZE,"DARKNESS, LIGHTED ROAD",SIDESWIPE SAME DIRECTION,DIVIDED - W/MEDIAN (NOT RAISED),,STRAIGHT AND LEVEL,WET,NO DEFECTS,ON SCENE,INJURY AND / OR TOW DUE TO CRASH,,,Y,"OVER $1,500",11/5/2017 5:37,UNABLE TO DETERMINE,NOT APPLICABLE,8511,W,IRVING PARK RD,1631,,,,,,,2,NO INDICATION OF INJURY,0,0,0,0,0,2,0,5,1,11,41.95211205,-87.83958599,POINT (-87.8395859916 41.952112045997),1
JA469516,,11/5/2017 5:40,0,STOP SIGN/FLASHER,WORN REFLECTIVE MATERIAL,RAIN,"DARKNESS, LIGHTED ROAD",TURNING,DIVIDED - W/MEDIAN BARRIER,4,STRAIGHT AND LEVEL,WET,"RUT, HOLES",ON SCENE,INJURY AND / OR TOW DUE TO CRASH,Y,,,"OVER $1,500",11/5/2017 6:20,EXCEEDING SAFE SPEED FOR CONDITIONS,FAILING TO REDUCE SPEED TO AVOID CRASH,4029,W,FULLERTON AVE,2525,,,,,,,2,NO INDICATION OF INJURY,0,0,0,0,0,2,0,5,1,11,41.92436047,-87.72797969,POINT (-87.727979690008 41.924360468119),1
JA499513,,11/5/2017 5:50,30,NO CONTROLS,NO CONTROLS,CLOUDY/OVERCAST,DAWN,PARKED MOTOR VEHICLE,DIVIDED - W/MEDIAN (NOT RAISED),,STRAIGHT AND LEVEL,DRY,UNKNOWN,ON SCENE,INJURY AND / OR TOW DUE TO CRASH,,,Y,"OVER $1,500",11/5/2017 5:50,UNABLE TO DETERMINE,DRIVING SKILLS/KNOWLEDGE/EXPERIENCE,5200,S,WESTERN AVE,923,,,,,,,2,NO INDICATION OF INJURY,0,0,0,0,0,1,0,5,1,11,41.7992406,-87.68432188,POINT (-87.68432188021 41.799240596148),1
JA499507,,11/5/2017 5:55,30,TRAFFIC SIGNAL,FUNCTIONING PROPERLY,FOG/SMOKE/HAZE,DARKNESS,FIXED OBJECT,DIVIDED - W/MEDIAN (NOT RAISED),4,STRAIGHT AND LEVEL,WET,NO DEFECTS,ON SCENE,INJURY AND / OR TOW DUE TO CRASH,,,,"OVER $1,500",11/5/2017 6:04,FAILING TO REDUCE SPEED TO AVOID CRASH,UNABLE TO DETERMINE,5130,W,LAWRENCE AVE,1623,,,,,,,1,NONINCAPACITATING INJURY,1,0,0,1,0,0,0,5,1,11,41.96803355,-87.75609189,POINT (-87.756091889851 41.968033552352),1
JA499611,,11/5/2017 6:00,30,NO CONTROLS,NO CONTROLS,CLEAR,DAWN,REAR END,ONE-WAY,4,STRAIGHT AND LEVEL,WET,NO DEFECTS,NOT ON SCENE (DESK REPORT),NO INJURY / DRIVE AWAY,,,,$500 OR LESS,11/5/2017 9:00,IMPROPER LANE USAGE,UNABLE TO DETERMINE,10000,W,OHARE ST,1651,,,,,,,2,NO INDICATION OF INJURY,0,0,0,0,0,4,0,6,1,11,41.97620114,-87.90530913,POINT (-87.905309125103 41.976201139024),1
JA499555,,11/5/2017 6:10,30,TRAFFIC SIGNAL,FUNCTIONING PROPERLY,CLEAR,DAWN,ANGLE,DIVIDED - W/MEDIAN (NOT RAISED),2,STRAIGHT AND LEVEL,WET,NO DEFECTS,NOT ON SCENE (DESK REPORT),NO INJURY / DRIVE AWAY,,,Y,"OVER $1,500",11/5/2017 7:45,DISREGARDING TRAFFIC SIGNALS,UNABLE TO DETERMINE,5200,N,CLARK ST,2012,,,,,,,2,NO INDICATION OF INJURY,0,0,0,0,0,2,0,6,1,11,41.97623034,-87.66856718,POINT (-87.668567175023 41.976230336649),1
JA499511,,11/5/2017 6:12,30,NO CONTROLS,NO CONTROLS,RAIN,DAWN,PARKED MOTOR VEHICLE,ALLEY,1,STRAIGHT AND LEVEL,WET,NO DEFECTS,ON SCENE,NO INJURY / DRIVE AWAY,,,Y,$500 OR LESS,11/5/2017 6:15,UNABLE TO DETERMINE,UNABLE TO DETERMINE,4925,S,LA CROSSE AVE,814,,,,,,,2,NO INDICATION OF INJURY,0,0,0,0,0,1,0,6,1,11,41.80318907,-87.74411126,POINT (-87.7441112594 41.803189069514),1
JA500399,,11/5/2017 6:15,30,TRAFFIC SIGNAL,FUNCTIONING PROPERLY,CLEAR,"DARKNESS, LIGHTED ROAD",ANGLE,DIVIDED - W/MEDIAN (NOT RAISED),4,STRAIGHT AND LEVEL,DRY,NO DEFECTS,NOT ON SCENE (DESK REPORT),NO INJURY / DRIVE AWAY,,,Y,"$501 - $1,500",11/5/2017 21:10,FAILING TO YIELD RIGHT-OF-WAY,UNABLE TO DETERMINE,1600,W,FOSTER AVE,2012,,,,,,,2,NO INDICATION OF INJURY,0,0,0,0,0,2,0,6,1,11,41.97628008,-87.66973966,POINT (-87.669739656476 41.97628007725),1
JA499519,,11/5/2017 6:20,30,NO CONTROLS,NO CONTROLS,RAIN,DUSK,PARKED MOTOR VEHICLE,NOT DIVIDED,2,STRAIGHT AND LEVEL,WET,NO DEFECTS,,INJURY AND / OR TOW DUE TO CRASH,,,,"OVER $1,500",11/5/2017 6:25,UNABLE TO DETERMINE,NOT APPLICABLE,3709,W,GRAND AVE,2535,,,,,,,4,INCAPACITATING INJURY,1,0,1,0,0,0,0,6,1,11,41.90357607,-87.72021901,POINT (-87.720219012216 41.903576070244),1
JA499518,,11/5/2017 6:21,35,NO CONTROLS,NO CONTROLS,OTHER,DAWN,FIXED OBJECT,DIVIDED - W/MEDIAN BARRIER,8,"CURVE, LEVEL",WET,NO DEFECTS,ON SCENE,INJURY AND / OR TOW DUE TO CRASH,,,,"OVER $1,500",11/5/2017 6:24,WEATHER,DRIVING SKILLS/KNOWLEDGE/EXPERIENCE,1000,N,LAKE SHORE DR NB,1824,,,,,,,1,NO INDICATION OF INJURY,0,0,0,0,0,2,0,6,1,11,41.90100286,-87.61977981,POINT (-87.619779806193 41.901002863094),1
JA499534,,11/5/2017 6:50,25,STOP SIGN/FLASHER,NO CONTROLS,CLEAR,DAWN,FIXED OBJECT,NOT DIVIDED,,STRAIGHT ON GRADE,WET,NO DEFECTS,ON SCENE,INJURY AND / OR TOW DUE TO CRASH,,,Y,"$501 - $1,500",11/5/2017 7:00,UNABLE TO DETERMINE,UNABLE TO DETERMINE,3301,N,KENNETH AVE,1731,,,,,,,1,NO INDICATION OF INJURY,0,0,0,0,0,1,0,6,1,11,41.94086101,-87.73817468,POINT (-87.738174678209 41.9408610113),1
JA499640,,11/5/2017 7:00,30,NO CONTROLS,NO CONTROLS,CLEAR,DAYLIGHT,PARKED MOTOR VEHICLE,ONE-WAY,,STRAIGHT AND LEVEL,DRY,NO DEFECTS,NOT ON SCENE (DESK REPORT),NO INJURY / DRIVE AWAY,,,,$500 OR LESS,11/5/2017 9:40,UNABLE TO DETERMINE,UNABLE TO DETERMINE,6611,N,LAKEWOOD AVE,2432,,,,,,,2,NO INDICATION OF INJURY,0,0,0,0,0,1,0,7,1,11,42.00285416,-87.66326108,POINT (-87.663261074781 42.002854159994),1
JA499537,,11/5/2017 7:00,25,NO CONTROLS,NO CONTROLS,CLEAR,"DARKNESS, LIGHTED ROAD",PARKED MOTOR VEHICLE,ONE-WAY,,STRAIGHT AND LEVEL,WET,NO DEFECTS,NOT ON SCENE (DESK REPORT),NO INJURY / DRIVE AWAY,,,,"$501 - $1,500",11/5/2017 7:20,UNABLE TO DETERMINE,UNABLE TO DETERMINE,65,E,GRAND AVE,1834,,,,,,,2,NO INDICATION OF INJURY,0,0,0,0,0,1,0,7,1,11,41.89160065,-87.62543311,POINT (-87.625433109893 41.891600649869),1
JA499582,,11/5/2017 7:02,30,TRAFFIC SIGNAL,FUNCTIONING PROPERLY,CLEAR,"DARKNESS, LIGHTED ROAD",ANGLE,DIVIDED - W/MEDIAN (NOT RAISED),4,STRAIGHT AND LEVEL,WET,NO DEFECTS,ON SCENE,INJURY AND / OR TOW DUE TO CRASH,Y,,,"OVER $1,500",11/5/2017 8:10,UNABLE TO DETERMINE,UNABLE TO DETERMINE,1600,N,ASHLAND AVE,1433,,,,,,,2,NO INDICATION OF INJURY,0,0,0,0,0,2,0,7,1,11,41.91071924,-87.66784081,POINT (-87.66784080722 41.910719243344),1
JA499559,,11/5/2017 7:10,30,TRAFFIC SIGNAL,FUNCTIONING PROPERLY,RAIN,DAYLIGHT,REAR END,NOT DIVIDED,4,STRAIGHT AND LEVEL,WET,NO DEFECTS,NOT ON SCENE (DESK REPORT),INJURY AND / OR TOW DUE TO CRASH,,,,"OVER $1,500",11/5/2017 8:45,FAILING TO YIELD RIGHT-OF-WAY,UNABLE TO DETERMINE,500,S,MICHIGAN AVE,123,,,,,,,2,NONINCAPACITATING INJURY,1,0,0,1,0,2,0,7,1,11,41.87565854,-87.62440494,POINT (-87.624404940923 41.87565854302),1
JA499572,,11/5/2017 7:25,35,OTHER,OTHER,RAIN,DAWN,REAR END,DIVIDED - W/MEDIAN BARRIER,,STRAIGHT AND LEVEL,WET,NO DEFECTS,ON SCENE,INJURY AND / OR TOW DUE TO CRASH,,,,"OVER $1,500",11/5/2017 7:28,DISTRACTION - FROM OUTSIDE VEHICLE,FOLLOWING TOO CLOSELY,1100,N,LAKE SHORE DR SB,1824,,,,,,,2,INCAPACITATING INJURY,3,0,2,1,0,0,0,7,1,11,41.90248165,-87.62422104,POINT (-87.624221043591 41.902481646226),1
JA499571,,11/5/2017 7:25,35,LANE USE MARKING,OTHER,RAIN,DAWN,FIXED OBJECT,DIVIDED - W/MEDIAN BARRIER,8,"CURVE, LEVEL",WET,NO DEFECTS,ON SCENE,NO INJURY / DRIVE AWAY,,,,"OVER $1,500",11/5/2017 7:28,WEATHER,UNABLE TO DETERMINE,1000,N,LAKE SHORE DR SB,1824,,,,,,,1,NO INDICATION OF INJURY,0,0,0,0,0,1,0,7,1,11,41.90095892,-87.61992817,POINT (-87.619928173678 41.900958919109),1
JA499916,,11/5/2017 7:30,0,NO CONTROLS,NO CONTROLS,CLEAR,DARKNESS,ANGLE,PARKING LOT,,STRAIGHT AND LEVEL,DRY,NO DEFECTS,NOT ON SCENE (DESK REPORT),NO INJURY / DRIVE AWAY,,,,$500 OR LESS,11/5/2017 13:00,UNABLE TO DETERMINE,UNABLE TO DETERMINE,351,E,103RD ST,512,,,,,,,2,NO INDICATION OF INJURY,0,0,0,0,0,2,0,7,1,11,41.70719854,-87.61416259,POINT (-87.614162593741 41.707198540794),1
JA499551,Y,11/5/2017 7:30,20,NO CONTROLS,NO CONTROLS,CLEAR,"DARKNESS, LIGHTED ROAD",PARKED MOTOR VEHICLE,ONE-WAY,,STRAIGHT AND LEVEL,WET,NO DEFECTS,ON SCENE,NO INJURY / DRIVE AWAY,,,Y,"OVER $1,500",11/5/2017 7:30,NOT APPLICABLE,NOT APPLICABLE,4740,N,DRAKE AVE,1723,,,,,,,2,NO INDICATION OF INJURY,0,0,0,0,0,1,0,7,1,11,41.96776134,-87.71716172,POINT (-87.717161720543 41.967761337541),1
JA499577,,11/5/2017 7:40,30,TRAFFIC SIGNAL,FUNCTIONING PROPERLY,CLOUDY/OVERCAST,DAYLIGHT,SIDESWIPE OPPOSITE DIRECTION,NOT DIVIDED,2,STRAIGHT AND LEVEL,WET,NO DEFECTS,ON SCENE,INJURY AND / OR TOW DUE TO CRASH,Y,,,"OVER $1,500",11/5/2017 7:45,UNABLE TO DETERMINE,UNABLE TO DETERMINE,5058,S,KEDZIE AVE,821,,,,,,,2,NO INDICATION OF INJURY,0,0,0,0,0,2,0,7,1,11,41.80090654,-87.7039148,POINT (-87.703914804028 41.800906540505),1
JA449578,,11/5/2017 7:45,45,NO CONTROLS,NO CONTROLS,RAIN,DAYLIGHT,OTHER OBJECT,DIVIDED - W/MEDIAN BARRIER,3,CURVE ON GRADE,WET,NO DEFECTS,ON SCENE,INJURY AND / OR TOW DUE TO CRASH,,,,"OVER $1,500",11/5/2017 7:50,EXCEEDING SAFE SPEED FOR CONDITIONS,NOT APPLICABLE,645,N,LAKE SHORE DR NB,1834,,,,,,,1,NO INDICATION OF INJURY,0,0,0,0,0,2,0,7,1,11,41.8941116,-87.61462236,POINT (-87.614622361224 41.894111594966),1
JA499589,,11/5/2017 7:50,40,NO CONTROLS,NO CONTROLS,CLOUDY/OVERCAST,DAYLIGHT,FIXED OBJECT,DIVIDED - W/MEDIAN BARRIER,8,STRAIGHT AND LEVEL,WET,NO DEFECTS,ON SCENE,INJURY AND / OR TOW DUE TO CRASH,,,,"OVER $1,500",11/5/2017 8:08,WEATHER,DRIVING SKILLS/KNOWLEDGE/EXPERIENCE,1500,N,LAKE SHORE DR NB,1824,,,,,,,1,NO INDICATION OF INJURY,0,0,0,0,0,1,0,7,1,11,41.90961072,-87.62583365,POINT (-87.625833647032 41.9096107172),1
JA499580,,11/5/2017 7:51,30,TRAFFIC SIGNAL,FUNCTIONING PROPERLY,RAIN,DAWN,REAR END,DIVIDED - W/MEDIAN (NOT RAISED),4,STRAIGHT AND LEVEL,WET,NO DEFECTS,NOT ON SCENE (DESK REPORT),NO INJURY / DRIVE AWAY,,,,"OVER $1,500",11/5/2017 8:07,FOLLOWING TOO CLOSELY,DISTRACTION - FROM INSIDE VEHICLE,2157,N,CICERO AVE,2522,,,,,,,2,NO INDICATION OF INJURY,0,0,0,0,0,2,0,7,1,11,41.92048169,-87.74606089,POINT (-87.746060889741 41.920481687782),1
JA499617,,11/5/2017 8:00,30,NO CONTROLS,NO CONTROLS,CLEAR,DAYLIGHT,OTHER NONCOLLISION,ONE-WAY,,STRAIGHT AND LEVEL,WET,NO DEFECTS,,NO INJURY / DRIVE AWAY,,,,"OVER $1,500",11/5/2017 9:23,UNABLE TO DETERMINE,UNABLE TO DETERMINE,209,S,WELLS ST,122,,,,,,,1,,,,,,,,,8,1,11,41.8790919,-87.63360789,POINT (-87.633607890765 41.879091899514),1
JA499575,,11/5/2017 8:05,30,TRAFFIC SIGNAL,FUNCTIONING PROPERLY,RAIN,DAYLIGHT,SIDESWIPE SAME DIRECTION,DIVIDED - W/MEDIAN BARRIER,2,"CURVE, LEVEL",WET,NO DEFECTS,ON SCENE,INJURY AND / OR TOW DUE TO CRASH,,,,"OVER $1,500",11/5/2017 8:08,EXCEEDING SAFE SPEED FOR CONDITIONS,DRIVING SKILLS/KNOWLEDGE/EXPERIENCE,6101,N,MILWAUKEE AVE,1611,,,,,,,2,NO INDICATION OF INJURY,0,0,0,0,0,3,0,8,1,11,41.99233805,-87.7830176,POINT (-87.783017595354 41.992338049022),1
JA499592,,11/5/2017 8:15,30,NO CONTROLS,NO CONTROLS,RAIN,DAYLIGHT,REAR END,DIVIDED - W/MEDIAN (NOT RAISED),,STRAIGHT AND LEVEL,WET,NO DEFECTS,ON SCENE,NO INJURY / DRIVE AWAY,,,,"$501 - $1,500",11/5/2017 8:20,EXCEEDING SAFE SPEED FOR CONDITIONS,EXCEEDING SAFE SPEED FOR CONDITIONS,299,W,127TH ST,523,,Y,,,,,2,NO INDICATION OF INJURY,0,0,0,0,0,2,0,8,1,11,41.66324331,-87.62931063,POINT (-87.62931062803 41.663243314027),1
JA499581,,11/5/2017 8:15,30,TRAFFIC SIGNAL,FUNCTIONING PROPERLY,CLOUDY/OVERCAST,DAYLIGHT,ANGLE,NOT DIVIDED,2,STRAIGHT AND LEVEL,WET,NO DEFECTS,ON SCENE,NO INJURY / DRIVE AWAY,,,,"$501 - $1,500",11/5/2017 8:18,IMPROPER LANE USAGE,NOT APPLICABLE,1141,N,CENTRAL PARK AVE,1121,,,,,,,2,NO INDICATION OF INJURY,0,0,0,0,0,2,0,8,1,11,41.90217917,-87.71639557,POINT (-87.716395570984 41.902179167129),1
JA500035,,11/5/2017 8:30,30,NO CONTROLS,NO CONTROLS,CLEAR,DAYLIGHT,SIDESWIPE SAME DIRECTION,NOT DIVIDED,2,STRAIGHT AND LEVEL,DRY,NO DEFECTS,NOT ON SCENE (DESK REPORT),NO INJURY / DRIVE AWAY,,,,"OVER $1,500",11/5/2017 15:10,UNABLE TO DETERMINE,UNABLE TO DETERMINE,1100,S,CLARK ST,123,,,,,,,2,NO INDICATION OF INJURY,0,0,0,0,0,2,0,8,1,11,41.8690575,-87.63062288,POINT (-87.630622884334 41.869057497035),1
JA499677,,11/5/2017 8:45,35,TRAFFIC SIGNAL,FUNCTIONING PROPERLY,CLEAR,DAYLIGHT,REAR END,DIVIDED - W/MEDIAN (NOT RAISED),2,STRAIGHT AND LEVEL,DRY,NO DEFECTS,NOT ON SCENE (DESK REPORT),NO INJURY / DRIVE AWAY,,,,"$501 - $1,500",11/5/2017 9:00,IMPROPER OVERTAKING/PASSING,NOT APPLICABLE,5601,W,BELMONT AVE,2514,,,,,,,2,NO INDICATION OF INJURY,0,0,0,0,0,2,0,8,1,11,41.93846427,-87.76655817,POINT (-87.766558171492 41.938464265422),1
JA499603,Y,11/5/2017 8:53,30,NO CONTROLS,NO CONTROLS,CLOUDY/OVERCAST,DAYLIGHT,FIXED OBJECT,ONE-WAY,4,STRAIGHT ON GRADE,WET,NO DEFECTS,ON SCENE,NO INJURY / DRIVE AWAY,,,Y,"OVER $1,500",11/5/2017 8:55,FAILING TO YIELD RIGHT-OF-WAY,"OPERATING VEHICLE IN ERRATIC, RECKLESS, CARELESS, NEGLIGENT OR AGGRESSIVE MANNER",222,N,JEFFERSON ST,1214,,,,,,,1,NO INDICATION OF INJURY,0,0,0,0,0,1,0,8,1,11,41.88648813,-87.64294331,POINT (-87.642943308357 41.886488132473),1
JA500551,N,11/5/2017 9:00,35,NO CONTROLS,FUNCTIONING PROPERLY,UNKNOWN,DAYLIGHT,SIDESWIPE SAME DIRECTION,NOT DIVIDED,2,STRAIGHT AND LEVEL,WET,NO DEFECTS,NOT ON SCENE (DESK REPORT),NO INJURY / DRIVE AWAY,,,,"$501 - $1,500",11/5/2017 9:00,IMPROPER OVERTAKING/PASSING,IMPROPER OVERTAKING/PASSING,3441,W,GRAND AVE,1121,,,,,,,2,NO INDICATION OF INJURY,0,0,0,0,0,2,0,9,1,11,41.90052616,-87.71268259,POINT (-87.712682587959 41.900526159988),1
JA500213,,11/5/2017 9:00,30,NO CONTROLS,NO CONTROLS,RAIN,DAYLIGHT,PARKED MOTOR VEHICLE,ONE-WAY,,STRAIGHT AND LEVEL,WET,NO DEFECTS,NOT ON SCENE (DESK REPORT),NO INJURY / DRIVE AWAY,,,Y,"OVER $1,500",11/5/2017 17:45,UNABLE TO DETERMINE,NOT APPLICABLE,9631,S,EXCHANGE AVE,431,,,,,,,2,NO INDICATION OF INJURY,0,0,0,0,0,1,0,9,1,11,41.71998358,-87.55227851,POINT (-87.552278514123 41.719983581833),1
JA499648,,11/5/2017 9:00,30,TRAFFIC SIGNAL,FUNCTIONING PROPERLY,CLEAR,DAYLIGHT,ANGLE,NOT DIVIDED,4,STRAIGHT AND LEVEL,WET,NO DEFECTS,NOT ON SCENE (DESK REPORT),NO INJURY / DRIVE AWAY,,,,"$501 - $1,500",11/5/2017 9:30,FAILING TO YIELD RIGHT-OF-WAY,FAILING TO REDUCE SPEED TO AVOID CRASH,7859,S,STATE ST,623,,,,,,,2,NO INDICATION OF INJURY,0,0,0,0,0,2,0,9,1,11,41.75100958,-87.62440142,POINT (-87.624401416141 41.75100958029),1
JA499808,,11/5/2017 9:00,30,NO CONTROLS,NO CONTROLS,RAIN,DAYLIGHT,PARKED MOTOR VEHICLE,NOT DIVIDED,4,STRAIGHT AND LEVEL,WET,NO DEFECTS,NOT ON SCENE (DESK REPORT),NO INJURY / DRIVE AWAY,,,Y,"OVER $1,500",11/5/2017 12:00,UNABLE TO DETERMINE,UNABLE TO DETERMINE,2304,S,ARCHER AVE,914,,,,,,,2,NO INDICATION OF INJURY,0,0,0,0,0,1,0,9,1,11,41.8509558,-87.63904175,POINT (-87.639041753913 41.850955801858),1
JA499620,,11/5/2017 9:05,30,TRAFFIC SIGNAL,FUNCTIONING PROPERLY,FOG/SMOKE/HAZE,DAYLIGHT,SIDESWIPE SAME DIRECTION,DIVIDED - W/MEDIAN BARRIER,2,STRAIGHT AND LEVEL,WET,NO DEFECTS,NOT ON SCENE (DESK REPORT),NO INJURY / DRIVE AWAY,,,,"$501 - $1,500",11/5/2017 9:25,EQUIPMENT - VEHICLE CONDITION,NOT APPLICABLE,4811,W,PETERSON AVE,1621,,,,,,,2,NO INDICATION OF INJURY,0,0,0,0,0,3,0,9,1,11,41.98978644,-87.74869423,POINT (-87.748694225706 41.9897864414),1
JA499710,Y,11/5/2017 9:05,30,NO CONTROLS,NO CONTROLS,CLOUDY/OVERCAST,UNKNOWN,PARKED MOTOR VEHICLE,DIVIDED - W/MEDIAN (NOT RAISED),2,STRAIGHT AND LEVEL,UNKNOWN,NO DEFECTS,NOT ON SCENE (DESK REPORT),NO INJURY / DRIVE AWAY,,,Y,"OVER $1,500",11/5/2017 10:51,UNABLE TO DETERMINE,UNABLE TO DETERMINE,1334,N,LARAMIE AVE,2532,,,,,,,2,NO INDICATION OF INJURY,0,0,0,0,0,1,0,9,1,11,41.90510703,-87.75598763,POINT (-87.755987630722 41.90510703314),1
JA499638,,11/5/2017 9:30,15,OTHER,NO CONTROLS,RAIN,DAYLIGHT,FIXED OBJECT,PARKING LOT,,STRAIGHT AND LEVEL,WET,UNKNOWN,NOT ON SCENE (DESK REPORT),NO INJURY / DRIVE AWAY,,,,"OVER $1,500",11/5/2017 9:50,IMPROPER BACKING,IMPROPER BACKING,6605,S,HALSTED ST,723,,,,,,,2,NO INDICATION OF INJURY,0,0,0,0,0,2,0,9,1,11,41.77412699,-87.64449348,POINT (-87.644493478753 41.774126994076),1
JA499637,,11/5/2017 9:30,20,NO CONTROLS,NO CONTROLS,RAIN,DAYLIGHT,PARKED MOTOR VEHICLE,ONE-WAY,,STRAIGHT AND LEVEL,WET,NO DEFECTS,ON SCENE,NO INJURY / DRIVE AWAY,,,,"OVER $1,500",11/5/2017 9:30,IMPROPER BACKING,NOT APPLICABLE,4237,N,SPRINGFIELD AVE,1723,,,,,,,2,NO INDICATION OF INJURY,0,0,0,0,0,1,0,9,1,11,41.95844943,-87.72516084,POINT (-87.725160838583 41.958449431504),1
JA500085,Y,11/5/2017 10:00,20,NO CONTROLS,NO CONTROLS,CLEAR,"DARKNESS, LIGHTED ROAD",PARKED MOTOR VEHICLE,NOT DIVIDED,2,STRAIGHT AND LEVEL,DRY,NO DEFECTS,NOT ON SCENE (DESK REPORT),NO INJURY / DRIVE AWAY,,,Y,"OVER $1,500",11/5/2017 16:05,FAILING TO REDUCE SPEED TO AVOID CRASH,DRIVING SKILLS/KNOWLEDGE/EXPERIENCE,5919,S,WHIPPLE ST,824,,,,,,,2,NO INDICATION OF INJURY,0,0,0,0,0,1,0,10,1,11,41.78570968,-87.69952722,POINT (-87.699527217283 41.785709676159),1
JA500059,,11/5/2017 10:00,30,NO CONTROLS,NO CONTROLS,RAIN,DAYLIGHT,PARKED MOTOR VEHICLE,ONE-WAY,1,STRAIGHT AND LEVEL,WET,NO DEFECTS,ON SCENE,NO INJURY / DRIVE AWAY,,,Y,"$501 - $1,500",11/5/2017 14:59,UNABLE TO DETERMINE,NOT APPLICABLE,4411,S,RICHMOND ST,922,,,,,,,2,NO INDICATION OF INJURY,0,0,0,0,0,1,0,10,1,11,41.81330083,-87.69789402,POINT (-87.697894015512 41.813300829762),1
JA499692,,11/5/2017 10:03,0,NO CONTROLS,NO CONTROLS,RAIN,DAYLIGHT,PARKED MOTOR VEHICLE,PARKING LOT,,STRAIGHT AND LEVEL,WET,NO DEFECTS,ON SCENE,NO INJURY / DRIVE AWAY,,Y,,"OVER $1,500",11/5/2017 10:03,UNABLE TO DETERMINE,UNABLE TO DETERMINE,2060,N,NARRAGANSETT AVE,2512,,,,,,,2,NO INDICATION OF INJURY,0,0,0,0,0,1,0,10,1,11,41.91814678,-87.78542308,POINT (-87.785423080503 41.918146777838),1
JA499708,,11/5/2017 10:05,30,TRAFFIC SIGNAL,FUNCTIONING PROPERLY,CLEAR,DAYLIGHT,SIDESWIPE OPPOSITE DIRECTION,NOT DIVIDED,4,STRAIGHT AND LEVEL,DRY,NO DEFECTS,NOT ON SCENE (DESK REPORT),NO INJURY / DRIVE AWAY,,,Y,"OVER $1,500",11/5/2017 10:58,DRIVING SKILLS/KNOWLEDGE/EXPERIENCE,UNABLE TO DETERMINE,800,W,MONTROSE AVE,1914,,,,,,,2,NO INDICATION OF INJURY,0,0,0,0,0,2,0,10,1,11,41.9619521,-87.64997733,POINT (-87.649977333109 41.961952099022),1
JA499759,,11/5/2017 10:10,20,NO CONTROLS,NO CONTROLS,CLEAR,DAYLIGHT,ANGLE,PARKING LOT,2,STRAIGHT AND LEVEL,DRY,NO DEFECTS,NOT ON SCENE (DESK REPORT),INJURY AND / OR TOW DUE TO CRASH,,,,"OVER $1,500",11/5/2017 11:42,FAILING TO YIELD RIGHT-OF-WAY,UNABLE TO DETERMINE,1224,S,WABASH AVE,131,,,,,,,2,NONINCAPACITATING INJURY,2,0,0,2,0,1,0,10,1,11,41.86672435,-87.62596115,POINT (-87.625961148378 41.866724354056),1
JA499694,,11/5/2017 10:20,30,NO CONTROLS,NO CONTROLS,CLEAR,DAYLIGHT,ANGLE,DIVIDED - W/MEDIAN (NOT RAISED),,STRAIGHT AND LEVEL,DRY,NO DEFECTS,NOT ON SCENE (DESK REPORT),NO INJURY / DRIVE AWAY,Y,,,"$501 - $1,500",11/5/2017 10:46,"VISION OBSCURED (SIGNS, TREE LIMBS, BUILDINGS, ETC.)","VISION OBSCURED (SIGNS, TREE LIMBS, BUILDINGS, ETC.)",3500,S,ARTESIAN AVE,911,,,,,,,2,NO INDICATION OF INJURY,0,0,0,0,0,3,0,10,1,11,41.83016572,-87.68644298,POINT (-87.686442975163 41.830165720139),1
JA499719,,11/5/2017 10:27,5,NO CONTROLS,NO CONTROLS,RAIN,DAYLIGHT,PARKED MOTOR VEHICLE,PARKING LOT,0,STRAIGHT AND LEVEL,WET,NO DEFECTS,ON SCENE,NO INJURY / DRIVE AWAY,,,,"$501 - $1,500",11/5/2017 10:28,IMPROPER TURNING/NO SIGNAL,IMPROPER TURNING/NO SIGNAL,2303,S,WESTERN AVE,1034,,,,,,,2,NO INDICATION OF INJURY,0,0,0,0,0,1,0,10,1,11,41.85010886,-87.68543765,POINT (-87.685437646194 41.850108855499),1