RD_NO,CRASH_DATE_EST_I,CRASH_DATE,POSTED_SPEED_LIMIT,TRAFFIC_CONTROL_DEVICE,DEVICE_CONDITION,WEATHER_CONDITION,LIGHTING_CONDITION,FIRST_CRASH_TYPE,TRAFFICWAY_TYPE,LANE_CNT,ALIGNMENT,ROADWAY_SURFACE_COND,ROAD_DEFECT,REPORT_TYPE,CRASH_TYPE,INTERSECTION_RELATED_I,NOT_RIGHT_OF_WAY_I,HIT_AND_RUN_I,DAMAGE,DATE_POLICE_NOTIFIED,PRIM_CONTRIBUTORY_CAUSE,SEC_CONTRIBUTORY_CAUSE,STREET_NO,STREET_DIRECTION,STREET_NAME,BEAT_OF_OCCURRENCE,PHOTOS_TAKEN_I,STATEMENTS_TAKEN_I,DOORING_I,WORK_ZONE_I,WORK_ZONE_TYPE,WORKERS_PRESENT_I,NUM_UNITS,MOST_SEVERE_INJURY,INJURIES_TOTAL,INJURIES_FATAL,INJURIES_INCAPACITATING,INJURIES_NON_INCAPACITATING,INJURIES_REPORTED_NOT_EVIDENT,INJURIES_NO_INDICATION,INJURIES_UNKNOWN,CRASH_HOUR,CRASH_DAY_OF_WEEK,CRASH_MONTH,LATITUDE,LONGITUDE,LOCATION,Join
JA499736,,11/5/2017 10:30,30,NO CONTROLS,NO CONTROLS,RAIN,DAYLIGHT,ANGLE,RAMP,1,STRAIGHT AND LEVEL,DRY,NO DEFECTS,NOT ON SCENE (DESK REPORT),NO INJURY / DRIVE AWAY,,,,"$501 - $1,500",11/5/2017 11:13,UNABLE TO DETERMINE,UNABLE TO DETERMINE,1730,W,ESTES AVE,2423,,,,,,,2,NO INDICATION OF INJURY,0,0,0,0,0,2,0,10,1,11,42.01153753,-87.67362306,POINT (-87.673623060564 42.011537533148),1
JA506771,,11/5/2017 10:30,25,NO CONTROLS,NO CONTROLS,CLEAR,DAYLIGHT,PARKED MOTOR VEHICLE,PARKING LOT,1,STRAIGHT AND LEVEL,DRY,NO DEFECTS,NOT ON SCENE (DESK REPORT),NO INJURY / DRIVE AWAY,,,,"$501 - $1,500",11/10/2017 16:31,UNABLE TO DETERMINE,UNABLE TO DETERMINE,6435,W,ARCHER AVE,811,,,,,,,2,NO INDICATION OF INJURY,0,0,0,0,0,1,0,10,1,11,41.79220633,-87.78316763,POINT (-87.783167628519 41.792206330932),1
JA499765,,11/5/2017 10:40,30,NO CONTROLS,NO CONTROLS,CLOUDY/OVERCAST,DAYLIGHT,SIDESWIPE SAME DIRECTION,ONE-WAY,2,STRAIGHT AND LEVEL,DRY,NO DEFECTS,NOT ON SCENE (DESK REPORT),NO INJURY / DRIVE AWAY,,,,"OVER $1,500",11/5/2017 11:30,IMPROPER TURNING/NO SIGNAL,NOT APPLICABLE,111,E,ERIE ST,1834,,,,,,,2,NO INDICATION OF INJURY,0,0,0,0,0,6,0,10,1,11,41.89401664,-87.62483393,POINT (-87.624833926631 41.89401664282),1
JA499753,,11/5/2017 10:40,30,TRAFFIC SIGNAL,FUNCTIONING PROPERLY,RAIN,DAYLIGHT,SIDESWIPE SAME DIRECTION,NOT DIVIDED,2,STRAIGHT AND LEVEL,WET,NO DEFECTS,NOT ON SCENE (DESK REPORT),NO INJURY / DRIVE AWAY,,,,"$501 - $1,500",11/5/2017 11:25,FAILING TO YIELD RIGHT-OF-WAY,UNABLE TO DETERMINE,4800,N,DAMEN AVE,2032,,,,,,,2,NO INDICATION OF INJURY,0,0,0,0,0,4,0,10,1,11,41.96884518,-87.67933473,POINT (-87.679334724736 41.968845181711),1
JA499756,,11/5/2017 10:45,30,STOP SIGN/FLASHER,FUNCTIONING PROPERLY,RAIN,DAYLIGHT,TURNING,NOT DIVIDED,,CURVE ON GRADE,WET,NO DEFECTS,ON SCENE,INJURY AND / OR TOW DUE TO CRASH,Y,,,"OVER $1,500",11/5/2017 11:00,FAILING TO REDUCE SPEED TO AVOID CRASH,UNABLE TO DETERMINE,12700,S,INDIANA AVE,532,,Y,,,,,2,NONINCAPACITATING INJURY,2,0,0,2,0,1,0,10,1,11,41.66325448,-87.61778866,POINT (-87.617788659925 41.663254478672),1
JA499855,,11/5/2017 10:45,35,NO CONTROLS,NO CONTROLS,RAIN,DAYLIGHT,SIDESWIPE SAME DIRECTION,DIVIDED - W/MEDIAN BARRIER,3,STRAIGHT ON HILLCREST,WET,NO DEFECTS,NOT ON SCENE (DESK REPORT),NO INJURY / DRIVE AWAY,,,,"$501 - $1,500",11/5/2017 12:50,IMPROPER LANE USAGE,NOT APPLICABLE,5735,N,CUMBERLAND AVE,1614,,,,,,,2,NO INDICATION OF INJURY,0,0,0,0,0,2,0,10,1,11,41.98368685,-87.83643405,POINT (-87.836434052448 41.983686849169),1
JA501631,,11/5/2017 10:45,30,NO CONTROLS,NO CONTROLS,RAIN,DAYLIGHT,OTHER OBJECT,NOT DIVIDED,,STRAIGHT AND LEVEL,DRY,"RUT, HOLES",NOT ON SCENE (DESK REPORT),NO INJURY / DRIVE AWAY,,,,"OVER $1,500",11/6/2017 18:20,ROAD CONSTRUCTION/MAINTENANCE,NOT APPLICABLE,4430,N,LINCOLN AVE,1911,,,,Y,CONSTRUCTION,,1,NO INDICATION OF INJURY,0,0,0,0,0,1,0,10,1,11,41.96221314,-87.68453303,POINT (-87.684533034097 41.962213139521),1
JA500082,,11/5/2017 10:45,30,NO CONTROLS,NO CONTROLS,RAIN,DAYLIGHT,ANGLE,ALLEY,,STRAIGHT AND LEVEL,WET,NO DEFECTS,NOT ON SCENE (DESK REPORT),NO INJURY / DRIVE AWAY,,,,"$501 - $1,500",11/5/2017 16:00,UNABLE TO DETERMINE,UNABLE TO DETERMINE,750,N,DAMEN AVE,1221,,,,,,,2,NO INDICATION OF INJURY,0,0,0,0,0,3,0,10,1,11,41.89561967,-87.67719109,POINT (-87.677191092365 41.895619664969),1
JA499732,Y,11/5/2017 10:50,35,TRAFFIC SIGNAL,FUNCTIONING PROPERLY,RAIN,DARKNESS,TURNING,NOT DIVIDED,6,STRAIGHT AND LEVEL,WET,NO DEFECTS,ON SCENE,INJURY AND / OR TOW DUE TO CRASH,,,,"OVER $1,500",11/5/2017 11:15,UNABLE TO DETERMINE,UNABLE TO DETERMINE,2600,N,WESTERN AVE,1411,,,,,,,2,NONINCAPACITATING INJURY,2,0,0,2,0,1,0,10,1,11,41.92866979,-87.68792224,POINT (-87.687922235539 41.92866978991),1
JA501400,,11/5/2017 11:00,30,NO CONTROLS,NO CONTROLS,RAIN,DAYLIGHT,PARKED MOTOR VEHICLE,NOT DIVIDED,2,STRAIGHT AND LEVEL,WET,NO DEFECTS,NOT ON SCENE (DESK REPORT),NO INJURY / DRIVE AWAY,,,,"$501 - $1,500",11/6/2017 16:26,IMPROPER BACKING,NOT APPLICABLE,11300,S,STATE ST,522,,,,,,,2,NO INDICATION OF INJURY,0,0,0,0,0,1,0,11,1,11,41.68890708,-87.62314161,POINT (-87.623141606801 41.688907079153),1
JA499783,,11/5/2017 11:00,10,NO CONTROLS,NO CONTROLS,CLEAR,DAYLIGHT,PARKED MOTOR VEHICLE,ALLEY,1,STRAIGHT AND LEVEL,WET,NO DEFECTS,NOT ON SCENE (DESK REPORT),NO INJURY / DRIVE AWAY,,,,"OVER $1,500",11/5/2017 11:40,UNABLE TO DETERMINE,UNABLE TO DETERMINE,9129,S,KINGSTON AVE,423,,,,,,,2,NO INDICATION OF INJURY,0,0,0,0,0,1,0,11,1,11,41.72905492,-87.5619941,POINT (-87.561994097889 41.729054916096),1
JA501345,,11/5/2017 11:00,35,NO CONTROLS,NO CONTROLS,CLEAR,DAYLIGHT,PARKED MOTOR VEHICLE,NOT DIVIDED,,STRAIGHT AND LEVEL,DRY,NO DEFECTS,NOT ON SCENE (DESK REPORT),NO INJURY / DRIVE AWAY,,,Y,"$501 - $1,500",11/6/2017 15:45,UNABLE TO DETERMINE,UNABLE TO DETERMINE,4730,N,KIMBALL AVE,1723,,,,,,,2,NO INDICATION OF INJURY,0,0,0,0,0,1,0,11,1,11,41.96751721,-87.71348538,POINT (-87.713485374831 41.967517204525),1
JA499752,,11/5/2017 11:00,25,NO CONTROLS,NO CONTROLS,CLOUDY/OVERCAST,DAYLIGHT,TURNING,NOT DIVIDED,,STRAIGHT AND LEVEL,WET,NO DEFECTS,NOT ON SCENE (DESK REPORT),NO INJURY / DRIVE AWAY,,,,"OVER $1,500",11/5/2017 11:22,UNABLE TO DETERMINE,UNABLE TO DETERMINE,3432,W,GRAND AVE,1121,,,,,,,2,NO INDICATION OF INJURY,0,0,0,0,0,2,0,11,1,11,41.90047909,-87.71221974,POINT (-87.71221974187 41.900479087363),1
JA499751,,11/5/2017 11:11,30,TRAFFIC SIGNAL,FUNCTIONING PROPERLY,RAIN,DAYLIGHT,ANGLE,NOT DIVIDED,2,STRAIGHT AND LEVEL,WET,NO DEFECTS,ON SCENE,INJURY AND / OR TOW DUE TO CRASH,Y,,,"OVER $1,500",11/5/2017 11:14,WEATHER,UNABLE TO DETERMINE,6400,N,SHERIDAN RD,2432,,,,,,,2,NO INDICATION OF INJURY,0,0,0,0,0,3,0,11,1,11,41.99821792,-87.66069526,POINT (-87.660695255572 41.998217920532),1
JA499754,,11/5/2017 11:15,30,TRAFFIC SIGNAL,FUNCTIONING PROPERLY,RAIN,DAYLIGHT,PARKED MOTOR VEHICLE,ONE-WAY,2,STRAIGHT AND LEVEL,WET,NO DEFECTS,ON SCENE,INJURY AND / OR TOW DUE TO CRASH,Y,,Y,"OVER $1,500",11/5/2017 11:15,EXCEEDING SAFE SPEED FOR CONDITIONS,WEATHER,2248,W,WARREN BLVD,1223,,,,,,,4,NO INDICATION OF INJURY,0,0,0,0,0,1,0,11,1,11,41.88223554,-87.6833676,POINT (-87.683367604262 41.88223554165),1
JA499817,,11/5/2017 11:15,30,NO CONTROLS,NO CONTROLS,RAIN,DAYLIGHT,TURNING,DIVIDED - W/MEDIAN BARRIER,,STRAIGHT ON GRADE,WET,NO DEFECTS,ON SCENE,INJURY AND / OR TOW DUE TO CRASH,,,Y,"$501 - $1,500",11/5/2017 11:29,IMPROPER TURNING/NO SIGNAL,FAILING TO REDUCE SPEED TO AVOID CRASH,2101,W,87TH ST,2221,,,,,,,2,NONINCAPACITATING INJURY,1,0,0,1,0,1,0,11,1,11,41.73550393,-87.6762049,POINT (-87.676204901326 41.735503932701),1
JA499769,,11/5/2017 11:25,30,TRAFFIC SIGNAL,FUNCTIONING PROPERLY,RAIN,DAYLIGHT,REAR END,DIVIDED - W/MEDIAN (NOT RAISED),,"CURVE, LEVEL",WET,OTHER,ON SCENE,NO INJURY / DRIVE AWAY,,,,"OVER $1,500",11/5/2017 11:30,EXCEEDING SAFE SPEED FOR CONDITIONS,FAILING TO REDUCE SPEED TO AVOID CRASH,4831,N,AUSTIN AVE,1622,,,,,,,2,NO INDICATION OF INJURY,0,0,0,0,0,2,0,11,1,11,41.96855858,-87.77807228,POINT (-87.778072279407 41.968558580386),1
JA499788,,11/5/2017 11:30,30,STOP SIGN/FLASHER,FUNCTIONING PROPERLY,CLOUDY/OVERCAST,DAYLIGHT,ANGLE,ONE-WAY,3,STRAIGHT AND LEVEL,WET,NO DEFECTS,NOT ON SCENE (DESK REPORT),NO INJURY / DRIVE AWAY,Y,,,"OVER $1,500",11/5/2017 11:40,UNABLE TO DETERMINE,NOT APPLICABLE,4400,S,MICHIGAN AVE,215,,,,,,,2,NO INDICATION OF INJURY,0,0,0,0,0,3,0,11,1,11,41.81464323,-87.62312673,POINT (-87.62312673403 41.814643225671),1
JA499862,Y,11/5/2017 11:40,30,NO CONTROLS,NO CONTROLS,RAIN,DAYLIGHT,SIDESWIPE SAME DIRECTION,NOT DIVIDED,2,STRAIGHT AND LEVEL,WET,NO DEFECTS,ON SCENE,NO INJURY / DRIVE AWAY,,,,"$501 - $1,500",11/5/2017 11:46,FAILING TO YIELD RIGHT-OF-WAY,FAILING TO YIELD RIGHT-OF-WAY,2540,N,CLARK ST,1935,,,,,,,2,NO INDICATION OF INJURY,0,0,0,0,0,2,0,11,1,11,41.92882225,-87.64256221,POINT (-87.642562208952 41.928822252364),1
JA499813,,11/5/2017 11:42,35,NO CONTROLS,NO CONTROLS,RAIN,DAYLIGHT,REAR END,DIVIDED - W/MEDIAN BARRIER,,STRAIGHT AND LEVEL,WET,NO DEFECTS,,NO INJURY / DRIVE AWAY,,,,"OVER $1,500",11/5/2017 12:11,WEATHER,NOT APPLICABLE,4431,S,CICERO AVE,815,,,,,,,2,NO INDICATION OF INJURY,0,0,0,0,0,2,0,11,1,11,41.81215926,-87.74313299,POINT (-87.7431329893 41.812159259551),1
JA500217,,11/5/2017 11:43,30,TRAFFIC SIGNAL,FUNCTIONING PROPERLY,CLOUDY/OVERCAST,DAYLIGHT,TURNING,ONE-WAY,3,STRAIGHT AND LEVEL,UNKNOWN,UNKNOWN,NOT ON SCENE (DESK REPORT),INJURY AND / OR TOW DUE TO CRASH,Y,,,"$501 - $1,500",11/5/2017 18:00,FOLLOWING TOO CLOSELY,UNABLE TO DETERMINE,700,N,CLARK ST,1832,,,,,,,2,"REPORTED, NOT EVIDENT",1,0,0,0,1,2,0,11,1,11,41.89487136,-87.63135063,POINT (-87.631350626978 41.894871360316),1
JA500948,,11/5/2017 11:45,30,TRAFFIC SIGNAL,FUNCTIONING PROPERLY,RAIN,DAYLIGHT,REAR END,DIVIDED - W/MEDIAN (NOT RAISED),2,CURVE ON HILLCREST,WET,NO DEFECTS,NOT ON SCENE (DESK REPORT),NO INJURY / DRIVE AWAY,,,Y,"$501 - $1,500",11/6/2017 11:09,FOLLOWING TOO CLOSELY,UNABLE TO DETERMINE,12700,S,WALLACE ST,523,,,,,,,2,NO INDICATION OF INJURY,0,0,0,0,0,2,0,11,1,11,41.66317327,-87.63676308,POINT (-87.636763078789 41.663173270962),1
JA499827,,11/5/2017 11:45,30,NO CONTROLS,NO CONTROLS,CLEAR,DAYLIGHT,REAR END,NOT DIVIDED,2,STRAIGHT AND LEVEL,DRY,NO DEFECTS,,INJURY AND / OR TOW DUE TO CRASH,,,,"$501 - $1,500",11/5/2017 12:28,UNABLE TO DETERMINE,UNABLE TO DETERMINE,146,W,59TH ST,232,,,,,,,2,"REPORTED, NOT EVIDENT",3,0,0,0,3,2,0,11,1,11,41.78739792,-87.62949401,POINT (-87.629494010969 41.787397920227),1
JA500098,,11/5/2017 11:45,30,TRAFFIC SIGNAL,FUNCTIONING PROPERLY,CLOUDY/OVERCAST,DAYLIGHT,REAR END,DIVIDED - W/MEDIAN (NOT RAISED),2,STRAIGHT AND LEVEL,WET,NO DEFECTS,NOT ON SCENE (DESK REPORT),NO INJURY / DRIVE AWAY,Y,,,"OVER $1,500",11/5/2017 16:25,FOLLOWING TOO CLOSELY,WEATHER,3100,S,MORGAN ST,913,,,,,,,2,NO INDICATION OF INJURY,0,0,0,0,0,2,0,11,1,11,41.83793987,-87.65128626,POINT (-87.651286258282 41.837939872621),1
JA499832,,11/5/2017 11:50,40,TRAFFIC SIGNAL,FUNCTIONING PROPERLY,RAIN,DAYLIGHT,REAR END,NOT DIVIDED,4,STRAIGHT AND LEVEL,WET,NO DEFECTS,ON SCENE,INJURY AND / OR TOW DUE TO CRASH,Y,,,"OVER $1,500",11/5/2017 12:16,FOLLOWING TOO CLOSELY,DISTRACTION - FROM INSIDE VEHICLE,4700,N,WESTERN AVE,1911,,,,,,,2,"REPORTED, NOT EVIDENT",1,0,0,0,1,2,0,11,1,11,41.96684845,-87.6889984,POINT (-87.688998403679 41.966848450952),1
JA499806,,11/5/2017 11:53,20,TRAFFIC SIGNAL,FUNCTIONING PROPERLY,RAIN,DAYLIGHT,REAR END,NOT DIVIDED,4,STRAIGHT AND LEVEL,WET,NO DEFECTS,ON SCENE,NO INJURY / DRIVE AWAY,,,Y,"$501 - $1,500",11/5/2017 11:54,FAILING TO REDUCE SPEED TO AVOID CRASH,NOT APPLICABLE,3016,N,NARRAGANSETT AVE,2511,,,,,,,2,NO INDICATION OF INJURY,0,0,0,0,0,3,0,11,1,11,41.93517365,-87.78597481,POINT (-87.785974810701 41.935173647785),1
JA499809,,11/5/2017 11:54,30,NO CONTROLS,NO CONTROLS,RAIN,DAYLIGHT,TURNING,NOT DIVIDED,2,STRAIGHT AND LEVEL,WET,NO DEFECTS,ON SCENE,NO INJURY / DRIVE AWAY,Y,,,"OVER $1,500",11/5/2017 11:54,IMPROPER TURNING/NO SIGNAL,UNABLE TO DETERMINE,6401,W,GEORGE ST,2511,,,,,,,2,NO INDICATION OF INJURY,0,0,0,0,0,2,0,11,1,11,41.93272156,-87.78580955,POINT (-87.785809550595 41.932721555156),1
JA499848,Y,11/5/2017 12:00,30,NO CONTROLS,NO CONTROLS,RAIN,DAYLIGHT,PARKED MOTOR VEHICLE,ONE-WAY,1,STRAIGHT AND LEVEL,WET,NO DEFECTS,NOT ON SCENE (DESK REPORT),NO INJURY / DRIVE AWAY,,,Y,"OVER $1,500",11/5/2017 12:40,UNABLE TO DETERMINE,UNABLE TO DETERMINE,2452,N,GENEVA TER,1935,,,,,,,2,NO INDICATION OF INJURY,0,0,0,0,0,1,0,12,1,11,41.92707392,-87.64415309,POINT (-87.644153086557 41.927073918168),1
JA509928,,11/5/2017 12:00,5,NO CONTROLS,NO CONTROLS,RAIN,DAYLIGHT,PARKED MOTOR VEHICLE,PARKING LOT,,STRAIGHT AND LEVEL,WET,NO DEFECTS,NOT ON SCENE (DESK REPORT),NO INJURY / DRIVE AWAY,,,Y,"OVER $1,500",11/13/2017 10:15,NOT APPLICABLE,NOT APPLICABLE,9440,S,VINCENNES AVE,2222,,,,,,,2,NO INDICATION OF INJURY,0,0,0,0,0,1,0,12,1,11,41.72204014,-87.65055932,POINT (-87.650559322279 41.722040142168),1
JA499864,,11/5/2017 12:00,30,NO CONTROLS,NO CONTROLS,RAIN,DAYLIGHT,PARKED MOTOR VEHICLE,ONE-WAY,2,STRAIGHT AND LEVEL,WET,NO DEFECTS,NOT ON SCENE (DESK REPORT),NO INJURY / DRIVE AWAY,,,,"$501 - $1,500",11/5/2017 13:00,UNABLE TO DETERMINE,NOT APPLICABLE,15,W,DELAWARE PL,1832,,,,,,,2,NO INDICATION OF INJURY,0,0,0,0,0,4,0,12,1,11,41.8990217,-87.62892425,POINT (-87.628924253482 41.899021699577),1
JA502994,Y,11/5/2017 12:00,30,UNKNOWN,UNKNOWN,UNKNOWN,UNKNOWN,PARKED MOTOR VEHICLE,NOT DIVIDED,2,STRAIGHT AND LEVEL,OTHER,UNKNOWN,NOT ON SCENE (DESK REPORT),NO INJURY / DRIVE AWAY,,,Y,"$501 - $1,500",11/7/2017 18:50,UNABLE TO DETERMINE,NOT APPLICABLE,1750,W,CERMAK RD,1234,,,,,,,2,NO INDICATION OF INJURY,0,0,0,0,0,1,0,12,1,11,41.85236314,-87.67056713,POINT (-87.670567127516 41.85236314336),1
JA500065,Y,11/5/2017 12:00,30,STOP SIGN/FLASHER,FUNCTIONING PROPERLY,RAIN,DAYLIGHT,ANGLE,DIVIDED - W/MEDIAN (NOT RAISED),2,STRAIGHT AND LEVEL,WET,NO DEFECTS,NOT ON SCENE (DESK REPORT),NO INJURY / DRIVE AWAY,Y,,,"OVER $1,500",11/5/2017 16:00,FAILING TO YIELD RIGHT-OF-WAY,FAILING TO YIELD RIGHT-OF-WAY,2222,W,NORTH AVE,1434,,,,,,,2,NO INDICATION OF INJURY,0,0,0,0,0,3,0,12,1,11,41.91048928,-87.68333798,POINT (-87.68333797479 41.910489281498),1
JA499846,,11/5/2017 12:02,30,NO CONTROLS,NO CONTROLS,RAIN,DAYLIGHT,SIDESWIPE SAME DIRECTION,NOT DIVIDED,,STRAIGHT AND LEVEL,WET,NO DEFECTS,NOT ON SCENE (DESK REPORT),NO INJURY / DRIVE AWAY,,,Y,"OVER $1,500",11/5/2017 12:15,IMPROPER LANE USAGE,NOT APPLICABLE,8700,S,HALSTED ST,2223,,,,,,,2,NO INDICATION OF INJURY,0,0,0,0,0,3,0,12,1,11,41.73578527,-87.64375883,POINT (-87.643758829628 41.735785266472),1
JA499810,,11/5/2017 12:12,30,TRAFFIC SIGNAL,FUNCTIONING PROPERLY,CLOUDY/OVERCAST,DAYLIGHT,ANGLE,DIVIDED - W/MEDIAN BARRIER,0,STRAIGHT AND LEVEL,WET,NO DEFECTS,ON SCENE,INJURY AND / OR TOW DUE TO CRASH,Y,,,"OVER $1,500",11/5/2017 12:12,DISREGARDING TRAFFIC SIGNALS,CELL PHONE USE OTHER THAN TEXTING,240,N,STATE ST,111,,,,,,,2,NONINCAPACITATING INJURY,4,0,0,4,0,1,0,12,1,11,41.88677899,-87.62811855,POINT (-87.628118551654 41.886778991364),1
JA499868,,11/5/2017 12:15,0,NO CONTROLS,NO CONTROLS,RAIN,DAYLIGHT,PARKED MOTOR VEHICLE,DIVIDED - W/MEDIAN (NOT RAISED),2,STRAIGHT AND LEVEL,WET,NO DEFECTS,NOT ON SCENE (DESK REPORT),NO INJURY / DRIVE AWAY,,,Y,$500 OR LESS,11/5/2017 13:00,UNABLE TO DETERMINE,NOT APPLICABLE,432,E,83RD ST,631,,,,,,,2,NO INDICATION OF INJURY,0,0,0,0,0,2,0,12,1,11,41.74394063,-87.61337009,POINT (-87.613370091274 41.743940630532),1
JA499856,,11/5/2017 12:15,20,STOP SIGN/FLASHER,FUNCTIONING PROPERLY,CLEAR,DAYLIGHT,ANGLE,NOT DIVIDED,2,STRAIGHT AND LEVEL,WET,NO DEFECTS,ON SCENE,INJURY AND / OR TOW DUE TO CRASH,Y,,,"OVER $1,500",11/5/2017 12:20,UNABLE TO DETERMINE,UNABLE TO DETERMINE,3057,N,RACINE AVE,1933,,,,,,,3,NO INDICATION OF INJURY,0,0,0,0,0,4,0,12,1,11,41.93791566,-87.65875103,POINT (-87.658751024994 41.937915663698),1
JA499959,,11/5/2017 12:20,30,NO CONTROLS,NO CONTROLS,CLEAR,DAYLIGHT,REAR END,NOT DIVIDED,2,STRAIGHT AND LEVEL,WET,NO DEFECTS,NOT ON SCENE (DESK REPORT),NO INJURY / DRIVE AWAY,Y,,,$500 OR LESS,11/5/2017 14:11,UNABLE TO DETERMINE,UNABLE TO DETERMINE,8700,S,HALSTED ST,2223,,,,,,,2,NO INDICATION OF INJURY,0,0,0,0,0,2,0,12,1,11,41.73578527,-87.64375883,POINT (-87.643758829628 41.735785266472),1
JA499836,Y,11/5/2017 12:20,25,NO CONTROLS,NO CONTROLS,RAIN,DAYLIGHT,PARKED MOTOR VEHICLE,ONE-WAY,1,STRAIGHT AND LEVEL,WET,NO DEFECTS,ON SCENE,INJURY AND / OR TOW DUE TO CRASH,,,Y,"$501 - $1,500",11/5/2017 12:26,WEATHER,UNABLE TO DETERMINE,6110,W,WAVELAND AVE,1633,,,,,,,2,NO INDICATION OF INJURY,0,0,0,0,0,1,0,12,1,11,41.94766767,-87.77951206,POINT (-87.779512057299 41.947667667315),1
JA499850,,11/5/2017 12:24,10,NO CONTROLS,NO CONTROLS,CLOUDY/OVERCAST,DAYLIGHT,REAR END,PARKING LOT,,STRAIGHT AND LEVEL,UNKNOWN,UNKNOWN,NOT ON SCENE (DESK REPORT),NO INJURY / DRIVE AWAY,,,Y,"$501 - $1,500",11/5/2017 12:42,IMPROPER BACKING,IMPROPER BACKING,3030,N,BROADWAY,1934,,,,,,,2,NO INDICATION OF INJURY,0,0,0,0,0,3,0,12,1,11,41.93733844,-87.64445647,POINT (-87.644456471505 41.937338437309),1
JA500258,,11/5/2017 12:30,30,UNKNOWN,UNKNOWN,UNKNOWN,UNKNOWN,ANGLE,DIVIDED - W/MEDIAN (NOT RAISED),2,STRAIGHT AND LEVEL,UNKNOWN,UNKNOWN,NOT ON SCENE (DESK REPORT),NO INJURY / DRIVE AWAY,Y,,,$500 OR LESS,11/5/2017 18:30,UNABLE TO DETERMINE,NOT APPLICABLE,6800,W,ALTGELD ST,2512,,,,,,,2,NO INDICATION OF INJURY,0,0,0,0,0,3,0,12,1,11,41.92552726,-87.7953603,POINT (-87.795360300225 41.925527263382),1
JA499876,,11/5/2017 12:30,30,NO CONTROLS,NO CONTROLS,RAIN,DAYLIGHT,SIDESWIPE SAME DIRECTION,DIVIDED - W/MEDIAN (NOT RAISED),2,STRAIGHT AND LEVEL,WET,NO DEFECTS,NOT ON SCENE (DESK REPORT),NO INJURY / DRIVE AWAY,,,,"OVER $1,500",11/5/2017 13:05,UNABLE TO DETERMINE,UNABLE TO DETERMINE,3501,W,FOSTER AVE,1712,,,,,,,2,NO INDICATION OF INJURY,0,0,0,0,0,3,0,12,1,11,41.97555416,-87.71604864,POINT (-87.716048636615 41.975554155548),1
JA499851,,11/5/2017 12:30,35,NO CONTROLS,NO CONTROLS,RAIN,DAYLIGHT,SIDESWIPE SAME DIRECTION,OTHER,,STRAIGHT AND LEVEL,WET,NO DEFECTS,,NO INJURY / DRIVE AWAY,,,,"OVER $1,500",11/5/2017 12:50,FAILING TO YIELD RIGHT-OF-WAY,NOT APPLICABLE,5700,S,CICERO AVE,813,,,,,,,2,NO INDICATION OF INJURY,0,0,0,0,0,2,0,12,1,11,41.78932932,-87.74164564,POINT (-87.741645644196 41.789329323265),1
JA499854,,11/5/2017 12:30,30,NO CONTROLS,FUNCTIONING PROPERLY,RAIN,DAYLIGHT,FIXED OBJECT,DIVIDED - W/MEDIAN (NOT RAISED),2,STRAIGHT AND LEVEL,WET,NO DEFECTS,ON SCENE,INJURY AND / OR TOW DUE TO CRASH,,,,"$501 - $1,500",11/5/2017 12:30,EXCEEDING SAFE SPEED FOR CONDITIONS,NOT APPLICABLE,2399,E,MARQUETTE DR,331,,,,,,,1,NO INDICATION OF INJURY,0,0,0,0,0,2,0,12,1,11,41.7735913,-87.56705121,POINT (-87.567051208348 41.7735912995),1
JA504105,Y,11/5/2017 12:30,30,NO CONTROLS,NO CONTROLS,UNKNOWN,UNKNOWN,PARKED MOTOR VEHICLE,ONE-WAY,1,STRAIGHT AND LEVEL,UNKNOWN,UNKNOWN,NOT ON SCENE (DESK REPORT),NO INJURY / DRIVE AWAY,,,Y,"OVER $1,500",11/8/2017 17:00,UNABLE TO DETERMINE,UNABLE TO DETERMINE,2002,S,PEORIA ST,1235,,,,,,,2,NO INDICATION OF INJURY,0,0,0,0,0,1,0,12,1,11,41.85521342,-87.64835367,POINT (-87.648353666905 41.855213420495),1
JA499873,,11/5/2017 12:45,30,UNKNOWN,UNKNOWN,RAIN,DAYLIGHT,REAR END,DIVIDED - W/MEDIAN (NOT RAISED),4,STRAIGHT AND LEVEL,WET,UNKNOWN,NOT ON SCENE (DESK REPORT),NO INJURY / DRIVE AWAY,,,Y,"$501 - $1,500",11/5/2017 13:10,FOLLOWING TOO CLOSELY,NOT APPLICABLE,2453,N,CENTRAL AVE,2515,,,,,,,2,NO INDICATION OF INJURY,0,0,0,0,0,2,0,12,1,11,41.92554631,-87.76589907,POINT (-87.765899068464 41.925546307621),1
JA499901,,11/5/2017 12:45,30,STOP SIGN/FLASHER,FUNCTIONING PROPERLY,CLOUDY/OVERCAST,DAYLIGHT,ANGLE,OTHER,,STRAIGHT AND LEVEL,DRY,NO DEFECTS,NOT ON SCENE (DESK REPORT),NO INJURY / DRIVE AWAY,Y,,,"OVER $1,500",11/5/2017 13:30,DISREGARDING STOP SIGN,UNABLE TO DETERMINE,2450,N,OAK PARK AVE,2512,,,,,,,2,NO INDICATION OF INJURY,0,0,0,0,0,2,0,12,1,11,41.92509877,-87.79543515,POINT (-87.795435151001 41.925098766917),1