RD_NO,CRASH_DATE_EST_I,CRASH_DATE,POSTED_SPEED_LIMIT,TRAFFIC_CONTROL_DEVICE,DEVICE_CONDITION,WEATHER_CONDITION,LIGHTING_CONDITION,FIRST_CRASH_TYPE,TRAFFICWAY_TYPE,LANE_CNT,ALIGNMENT,ROADWAY_SURFACE_COND,ROAD_DEFECT,REPORT_TYPE,CRASH_TYPE,INTERSECTION_RELATED_I,NOT_RIGHT_OF_WAY_I,HIT_AND_RUN_I,DAMAGE,DATE_POLICE_NOTIFIED,PRIM_CONTRIBUTORY_CAUSE,SEC_CONTRIBUTORY_CAUSE,STREET_NO,STREET_DIRECTION,STREET_NAME,BEAT_OF_OCCURRENCE,PHOTOS_TAKEN_I,STATEMENTS_TAKEN_I,DOORING_I,WORK_ZONE_I,WORK_ZONE_TYPE,WORKERS_PRESENT_I,NUM_UNITS,MOST_SEVERE_INJURY,INJURIES_TOTAL,INJURIES_FATAL,INJURIES_INCAPACITATING,INJURIES_NON_INCAPACITATING,INJURIES_REPORTED_NOT_EVIDENT,INJURIES_NO_INDICATION,INJURIES_UNKNOWN,CRASH_HOUR,CRASH_DAY_OF_WEEK,CRASH_MONTH,LATITUDE,LONGITUDE,LOCATION,Join
JA499853,,11/5/2017 12:45,30,TRAFFIC SIGNAL,FUNCTIONING PROPERLY,RAIN,DAYLIGHT,TURNING,DIVIDED - W/MEDIAN BARRIER,3,STRAIGHT AND LEVEL,WET,NO DEFECTS,ON SCENE,NO INJURY / DRIVE AWAY,,,,"$501 - $1,500",11/5/2017 12:56,UNABLE TO DETERMINE,NOT APPLICABLE,357,N,LOWER MICHIGAN AVE,114,,,,,,,2,NO INDICATION OF INJURY,0,0,0,0,0,2,0,12,1,11,41.88807448,-87.62445007,POINT (-87.624450068666 41.888074479455),1
JA499895,,11/5/2017 12:57,25,NO CONTROLS,UNKNOWN,RAIN,DAYLIGHT,FIXED OBJECT,NOT DIVIDED,1,STRAIGHT AND LEVEL,WET,NO DEFECTS,,INJURY AND / OR TOW DUE TO CRASH,,,,"OVER $1,500",11/5/2017 12:58,EXCEEDING SAFE SPEED FOR CONDITIONS,NOT APPLICABLE,9365,S,KINGSTON AVE,423,,,,,,,2,NO INDICATION OF INJURY,0,0,0,0,0,2,0,12,1,11,41.72456945,-87.5618466,POINT (-87.561846604475 41.724569450363),1
JA499894,,11/5/2017 13:00,30,NO CONTROLS,NO CONTROLS,RAIN,DAYLIGHT,ANGLE,NOT DIVIDED,2,STRAIGHT AND LEVEL,WET,UNKNOWN,NOT ON SCENE (DESK REPORT),NO INJURY / DRIVE AWAY,Y,,,"$501 - $1,500",11/5/2017 13:25,UNABLE TO DETERMINE,UNABLE TO DETERMINE,740,E,90TH ST,633,,,,,,,2,NO INDICATION OF INJURY,0,0,0,0,0,4,0,13,1,11,41.73127711,-87.60543714,POINT (-87.605437138163 41.731277104928),1
JA499925,,11/5/2017 13:00,30,NO CONTROLS,NO CONTROLS,CLOUDY/OVERCAST,DAYLIGHT,SIDESWIPE SAME DIRECTION,DIVIDED - W/MEDIAN BARRIER,6,STRAIGHT AND LEVEL,DRY,UNKNOWN,NOT ON SCENE (DESK REPORT),NO INJURY / DRIVE AWAY,,,,"$501 - $1,500",11/5/2017 14:00,UNABLE TO DETERMINE,NOT APPLICABLE,2412,N,ASHLAND AVE,1931,,,,,,,2,NO INDICATION OF INJURY,0,0,0,0,0,2,0,13,1,11,41.92556991,-87.66830738,POINT (-87.668307376749 41.925569907127),1
JA499907,,11/5/2017 13:05,30,TRAFFIC SIGNAL,FUNCTIONING PROPERLY,RAIN,DAYLIGHT,SIDESWIPE SAME DIRECTION,DIVIDED - W/MEDIAN (NOT RAISED),,STRAIGHT AND LEVEL,WET,NO DEFECTS,ON SCENE,INJURY AND / OR TOW DUE TO CRASH,Y,,,"OVER $1,500",11/5/2017 13:14,IMPROPER LANE USAGE,NOT APPLICABLE,827,N,MICHIGAN AVE,1833,,,,,,,3,NO INDICATION OF INJURY,0,0,0,0,0,3,0,13,1,11,41.8975267,-87.62398758,POINT (-87.623987575215 41.897526698563),1
JA499929,,11/5/2017 13:10,30,STOP SIGN/FLASHER,FUNCTIONING PROPERLY,CLEAR,DAYLIGHT,ANGLE,NOT DIVIDED,,STRAIGHT AND LEVEL,DRY,NO DEFECTS,NOT ON SCENE (DESK REPORT),NO INJURY / DRIVE AWAY,,,,"$501 - $1,500",11/5/2017 14:05,FAILING TO YIELD RIGHT-OF-WAY,UNABLE TO DETERMINE,7401,W,DEVON AVE,1612,,,,,,,2,NO INDICATION OF INJURY,0,0,0,0,0,2,0,13,1,11,41.99699742,-87.81164392,POINT (-87.811643914742 41.99699741691),1
JA499911,,11/5/2017 13:15,30,NO CONTROLS,NO CONTROLS,CLEAR,DAYLIGHT,PARKED MOTOR VEHICLE,NOT DIVIDED,2,STRAIGHT AND LEVEL,DRY,NO DEFECTS,ON SCENE,NO INJURY / DRIVE AWAY,,,,"OVER $1,500",11/5/2017 13:40,UNABLE TO DETERMINE,IMPROPER OVERTAKING/PASSING,3222,W,BRYN MAWR AVE,1711,,,,,,,2,NO INDICATION OF INJURY,0,0,0,0,0,1,0,13,1,11,41.98317026,-87.7097844,POINT (-87.709784398142 41.983170261459),1
JA499971,,11/5/2017 13:18,35,NO CONTROLS,NO CONTROLS,RAIN,DAYLIGHT,ANGLE,PARKING LOT,,STRAIGHT AND LEVEL,WET,NO DEFECTS,NOT ON SCENE (DESK REPORT),NO INJURY / DRIVE AWAY,,Y,,"OVER $1,500",11/5/2017 14:40,DRIVING SKILLS/KNOWLEDGE/EXPERIENCE,DRIVING SKILLS/KNOWLEDGE/EXPERIENCE,1834,W,FULLERTON AVE,1931,,,,,,,2,NO INDICATION OF INJURY,0,0,0,0,0,2,0,13,1,11,41.92517921,-87.67439355,POINT (-87.674393551288 41.925179209238),1
JA499960,,11/5/2017 13:19,30,NO CONTROLS,NO CONTROLS,RAIN,DAYLIGHT,ANGLE,ONE-WAY,1,STRAIGHT ON GRADE,WET,NO DEFECTS,NOT ON SCENE (DESK REPORT),INJURY AND / OR TOW DUE TO CRASH,,,,"OVER $1,500",11/5/2017 14:20,FAILING TO YIELD RIGHT-OF-WAY,FAILING TO REDUCE SPEED TO AVOID CRASH,1316,W,100TH PL,2213,,,,,,,2,"REPORTED, NOT EVIDENT",1,0,0,0,1,1,0,13,1,11,41.71149999,-87.65509667,POINT (-87.655096673891 41.711499985374),1
JA499892,,11/5/2017 13:20,30,NO CONTROLS,NO CONTROLS,RAIN,DAYLIGHT,SIDESWIPE SAME DIRECTION,NOT DIVIDED,,STRAIGHT AND LEVEL,WET,SHOULDER DEFECT,NOT ON SCENE (DESK REPORT),NO INJURY / DRIVE AWAY,,,,"OVER $1,500",11/5/2017 13:30,FAILING TO YIELD RIGHT-OF-WAY,FAILING TO YIELD RIGHT-OF-WAY,6054,S,RACINE AVE,713,,,,,,,2,NO INDICATION OF INJURY,0,0,0,0,0,3,0,13,1,11,41.78344697,-87.65474621,POINT (-87.654746205743 41.783446971368),1
JA499926,,11/5/2017 13:30,25,NO CONTROLS,NO CONTROLS,CLEAR,DAYLIGHT,PARKED MOTOR VEHICLE,DIVIDED - W/MEDIAN (NOT RAISED),4,STRAIGHT AND LEVEL,DRY,NO DEFECTS,NOT ON SCENE (DESK REPORT),NO INJURY / DRIVE AWAY,,,Y,"$501 - $1,500",11/5/2017 14:00,UNABLE TO DETERMINE,UNABLE TO DETERMINE,3515,W,78TH ST,835,,,,,,,2,NO INDICATION OF INJURY,0,0,0,0,0,1,0,13,1,11,41.75139382,-87.71039784,POINT (-87.710397835516 41.751393817347),1
JA500032,,11/5/2017 13:30,30,STOP SIGN/FLASHER,UNKNOWN,RAIN,DAYLIGHT,ANGLE,NOT DIVIDED,,STRAIGHT AND LEVEL,WET,NO DEFECTS,NOT ON SCENE (DESK REPORT),NO INJURY / DRIVE AWAY,Y,,,"OVER $1,500",11/5/2017 15:20,FAILING TO YIELD RIGHT-OF-WAY,WEATHER,4101,W,31ST ST,1031,,,,,,,2,NO INDICATION OF INJURY,0,0,0,0,0,2,0,13,1,11,41.83674238,-87.72684256,POINT (-87.726842563275 41.83674237829),1
JA500019,,11/5/2017 13:30,30,STOP SIGN/FLASHER,FUNCTIONING PROPERLY,CLOUDY/OVERCAST,DAYLIGHT,REAR END,NOT DIVIDED,2,STRAIGHT AND LEVEL,WET,NO DEFECTS,NOT ON SCENE (DESK REPORT),NO INJURY / DRIVE AWAY,Y,,,"OVER $1,500",11/5/2017 15:05,FOLLOWING TOO CLOSELY,NOT APPLICABLE,1356,W,31ST ST,913,,,,,,,2,NO INDICATION OF INJURY,0,0,0,0,0,3,0,13,1,11,41.83796081,-87.66057782,POINT (-87.660577820197 41.837960813262),1
JA499928,,11/5/2017 13:35,10,NO CONTROLS,NO CONTROLS,RAIN,DAYLIGHT,SIDESWIPE SAME DIRECTION,DIVIDED - W/MEDIAN (NOT RAISED),2,STRAIGHT ON GRADE,WET,NO DEFECTS,ON SCENE,INJURY AND / OR TOW DUE TO CRASH,,,,"OVER $1,500",11/5/2017 14:11,FAILING TO YIELD RIGHT-OF-WAY,NOT APPLICABLE,1340,W,GRANVILLE AVE,2433,,,,,,,2,NO INDICATION OF INJURY,0,0,0,0,0,2,0,13,1,11,41.99461656,-87.66453693,POINT (-87.664536929758 41.994616558466),1
JA499924,,11/5/2017 13:40,30,TRAFFIC SIGNAL,FUNCTIONING PROPERLY,CLEAR,DAYLIGHT,SIDESWIPE SAME DIRECTION,DIVIDED - W/MEDIAN (NOT RAISED),4,STRAIGHT AND LEVEL,WET,NO DEFECTS,ON SCENE,INJURY AND / OR TOW DUE TO CRASH,,,,"OVER $1,500",11/5/2017 13:50,DISTRACTION - FROM INSIDE VEHICLE,DRIVING SKILLS/KNOWLEDGE/EXPERIENCE,2300,S,DR MARTIN LUTHER KING JR DR,132,,,,,,,2,NONINCAPACITATING INJURY,1,0,0,1,0,2,0,13,1,11,41.85118706,-87.61911261,POINT (-87.619112611242 41.851187063739),1
JA500135,,11/5/2017 13:40,30,TRAFFIC SIGNAL,FUNCTIONING PROPERLY,CLEAR,DAYLIGHT,SIDESWIPE SAME DIRECTION,ONE-WAY,,STRAIGHT AND LEVEL,DRY,NO DEFECTS,NOT ON SCENE (DESK REPORT),NO INJURY / DRIVE AWAY,,,Y,"$501 - $1,500",11/5/2017 17:00,UNABLE TO DETERMINE,UNABLE TO DETERMINE,9501,S,STONY ISLAND AVE,431,,,,,,,2,NO INDICATION OF INJURY,0,0,0,0,0,2,0,13,1,11,41.72224382,-87.58496912,POINT (-87.584969118484 41.722243814964),1
JA499932,,11/5/2017 13:40,30,NO CONTROLS,NO CONTROLS,CLOUDY/OVERCAST,DAYLIGHT,REAR END,NOT DIVIDED,2,STRAIGHT AND LEVEL,WET,UNKNOWN,NOT ON SCENE (DESK REPORT),NO INJURY / DRIVE AWAY,,,,"$501 - $1,500",11/5/2017 14:00,FOLLOWING TOO CLOSELY,UNABLE TO DETERMINE,321,N,AUSTIN BLVD,1512,,,,,,,2,NO INDICATION OF INJURY,0,0,0,0,0,2,0,13,1,11,41.88620262,-87.77470583,POINT (-87.77470582885 41.886202620416),1
JA499923,,11/5/2017 13:45,30,NO CONTROLS,NO CONTROLS,RAIN,DAYLIGHT,REAR END,DIVIDED - W/MEDIAN (NOT RAISED),,STRAIGHT AND LEVEL,WET,NO DEFECTS,NOT ON SCENE (DESK REPORT),NO INJURY / DRIVE AWAY,,,,$500 OR LESS,11/5/2017 14:15,WEATHER,NOT APPLICABLE,1230,S,HALSTED ST,1232,,,,,,,3,NO INDICATION OF INJURY,0,0,0,0,0,4,0,13,1,11,41.86624087,-87.64703645,POINT (-87.647036447542 41.866240871579),1
JA499945,,11/5/2017 13:45,30,NO CONTROLS,NO CONTROLS,CLEAR,DAYLIGHT,TURNING,NOT DIVIDED,2,STRAIGHT AND LEVEL,WET,NO DEFECTS,ON SCENE,INJURY AND / OR TOW DUE TO CRASH,Y,,,"OVER $1,500",11/5/2017 14:00,UNABLE TO DETERMINE,IMPROPER LANE USAGE,3300,N,OAK PARK AVE,1632,,,,,,,2,NO INDICATION OF INJURY,0,0,0,0,0,2,0,13,1,11,41.94006969,-87.79591996,POINT (-87.795919964422 41.940069691315),1
JA999953,,11/5/2017 13:50,30,NO CONTROLS,NO CONTROLS,RAIN,DAYLIGHT,SIDESWIPE SAME DIRECTION,NOT DIVIDED,2,STRAIGHT AND LEVEL,WET,UNKNOWN,ON SCENE,NO INJURY / DRIVE AWAY,,,Y,"$501 - $1,500",11/5/2017 14:05,IMPROPER OVERTAKING/PASSING,NOT APPLICABLE,2042,N,CLARK ST,1814,,,,,,,2,NO INDICATION OF INJURY,0,0,0,0,0,3,0,13,1,11,41.91959588,-87.63701258,POINT (-87.637012583842 41.91959587954),1
JA499982,,11/5/2017 14:00,25,TRAFFIC SIGNAL,FUNCTIONING PROPERLY,CLEAR,DAYLIGHT,REAR END,DIVIDED - W/MEDIAN (NOT RAISED),,STRAIGHT AND LEVEL,WET,NO DEFECTS,NOT ON SCENE (DESK REPORT),NO INJURY / DRIVE AWAY,,,,"$501 - $1,500",11/5/2017 14:34,FOLLOWING TOO CLOSELY,NOT APPLICABLE,1001,W,ROOSEVELT RD,1232,,,,,,,3,NO INDICATION OF INJURY,0,0,0,0,0,3,0,14,1,11,41.86697697,-87.65108184,POINT (-87.651081836422 41.866976965748),1
JA499957,,11/5/2017 14:00,30,NO CONTROLS,NO CONTROLS,CLOUDY/OVERCAST,DAYLIGHT,REAR END,NOT DIVIDED,2,STRAIGHT AND LEVEL,WET,NO DEFECTS,NOT ON SCENE (DESK REPORT),NO INJURY / DRIVE AWAY,,,,"OVER $1,500",11/5/2017 14:13,FAILING TO REDUCE SPEED TO AVOID CRASH,UNABLE TO DETERMINE,2231,S,CALIFORNIA AVE,1034,,,,,,,2,NO INDICATION OF INJURY,0,0,0,0,0,2,0,14,1,11,41.85103335,-87.69527917,POINT (-87.695279164796 41.851033351809),1
JA499979,,11/5/2017 14:00,25,NO CONTROLS,NO CONTROLS,CLEAR,DAYLIGHT,PARKED MOTOR VEHICLE,PARKING LOT,1,STRAIGHT AND LEVEL,DRY,NO DEFECTS,NOT ON SCENE (DESK REPORT),NO INJURY / DRIVE AWAY,,,,"$501 - $1,500",11/5/2017 14:36,UNABLE TO DETERMINE,UNABLE TO DETERMINE,5501,S,PULASKI RD,822,,,,,,,2,NO INDICATION OF INJURY,0,0,0,0,0,1,0,14,1,11,41.79316149,-87.72301053,POINT (-87.723010527492 41.793161486356),1
JA500022,,11/5/2017 14:08,20,NO CONTROLS,NO CONTROLS,CLEAR,DAYLIGHT,PARKED MOTOR VEHICLE,ONE-WAY,,STRAIGHT AND LEVEL,WET,NO DEFECTS,ON SCENE,NO INJURY / DRIVE AWAY,,,Y,"OVER $1,500",11/5/2017 14:50,UNABLE TO DETERMINE,UNABLE TO DETERMINE,4840,W,VAN BUREN ST,1533,,,,,,,7,NO INDICATION OF INJURY,0,0,0,0,0,1,0,14,1,11,41.87506535,-87.74664571,POINT (-87.746645708469 41.875065352358),1
JA499968,,11/5/2017 14:15,30,NO CONTROLS,NO CONTROLS,RAIN,DAYLIGHT,ANGLE,PARKING LOT,,STRAIGHT AND LEVEL,WET,NO DEFECTS,,NO INJURY / DRIVE AWAY,,,,"OVER $1,500",11/5/2017 14:35,IMPROPER BACKING,IMPROPER BACKING,7000,S,ASHLAND AVE,735,,,,,,,2,NO INDICATION OF INJURY,0,0,0,0,0,2,0,14,1,11,41.76663746,-87.66398221,POINT (-87.663982209003 41.766637458225),1
JA499972,,11/5/2017 14:15,30,TRAFFIC SIGNAL,FUNCTIONING PROPERLY,RAIN,DAYLIGHT,REAR END,DIVIDED - W/MEDIAN (NOT RAISED),,STRAIGHT AND LEVEL,WET,NO DEFECTS,NOT ON SCENE (DESK REPORT),NO INJURY / DRIVE AWAY,,,,"OVER $1,500",11/5/2017 14:30,UNABLE TO DETERMINE,UNABLE TO DETERMINE,1000,W,ROOSEVELT RD,1232,,,,,,,3,NO INDICATION OF INJURY,0,0,0,0,0,3,0,14,1,11,41.86719645,-87.65108822,POINT (-87.651088220891 41.867196446975),1
JA500029,,11/5/2017 14:20,30,NO CONTROLS,NO CONTROLS,CLOUDY/OVERCAST,DAYLIGHT,TURNING,DIVIDED - W/MEDIAN (NOT RAISED),4,STRAIGHT AND LEVEL,WET,NO DEFECTS,NOT ON SCENE (DESK REPORT),NO INJURY / DRIVE AWAY,,,,"OVER $1,500",11/5/2017 15:20,UNABLE TO DETERMINE,NOT APPLICABLE,4300,W,LAKE ST,1114,,,,,,,2,NO INDICATION OF INJURY,0,0,0,0,0,2,0,14,1,11,41.88600052,-87.73329708,POINT (-87.733297077936 41.886000524343),1
JA500014,,11/5/2017 14:25,30,STOP SIGN/FLASHER,FUNCTIONING PROPERLY,CLEAR,DAWN,TURNING,NOT DIVIDED,4,STRAIGHT AND LEVEL,DRY,NO DEFECTS,NOT ON SCENE (DESK REPORT),NO INJURY / DRIVE AWAY,,,,"OVER $1,500",11/5/2017 15:00,UNABLE TO DETERMINE,UNABLE TO DETERMINE,5900,S,DAMEN AVE,714,,,,,,,2,NO INDICATION OF INJURY,0,0,0,0,0,2,0,14,1,11,41.78653345,-87.67424315,POINT (-87.674243150013 41.786533453836),1
JA500008,,11/5/2017 14:30,30,UNKNOWN,UNKNOWN,RAIN,DAYLIGHT,SIDESWIPE OPPOSITE DIRECTION,NOT DIVIDED,4,STRAIGHT AND LEVEL,WET,NO DEFECTS,ON SCENE,INJURY AND / OR TOW DUE TO CRASH,,,N,"OVER $1,500",11/5/2017 14:40,IMPROPER LANE USAGE,DRIVING ON WRONG SIDE/WRONG WAY,1700,N,WESTERN AVE,1434,,,,,,,3,NONINCAPACITATING INJURY,3,0,0,3,0,1,0,14,1,11,41.91215211,-87.68741582,POINT (-87.687415816868 41.912152105537),1
JA500031,,11/5/2017 14:30,30,TRAFFIC SIGNAL,FUNCTIONING PROPERLY,CLOUDY/OVERCAST,DAYLIGHT,REAR END,NOT DIVIDED,2,STRAIGHT AND LEVEL,WET,UNKNOWN,NOT ON SCENE (DESK REPORT),INJURY AND / OR TOW DUE TO CRASH,,,,"OVER $1,500",11/5/2017 15:20,FOLLOWING TOO CLOSELY,UNABLE TO DETERMINE,976,W,63RD ST,712,,,,,,,2,"REPORTED, NOT EVIDENT",1,0,0,0,1,1,0,14,1,11,41.77977977,-87.64960124,POINT (-87.649601236395 41.779779767298),1
JA500002,,11/5/2017 14:30,30,TRAFFIC SIGNAL,FUNCTIONING PROPERLY,CLEAR,DAYLIGHT,REAR END,DIVIDED - W/MEDIAN BARRIER,4,STRAIGHT AND LEVEL,WET,NO DEFECTS,NOT ON SCENE (DESK REPORT),NO INJURY / DRIVE AWAY,,,,"OVER $1,500",11/5/2017 14:58,FAILING TO REDUCE SPEED TO AVOID CRASH,DRIVING SKILLS/KNOWLEDGE/EXPERIENCE,3958,W,87TH ST,834,,,,,,,2,NO INDICATION OF INJURY,0,0,0,0,0,2,0,14,1,11,41.73497055,-87.72137409,POINT (-87.721374084832 41.73497054665),1
JA500016,,11/5/2017 14:40,30,TRAFFIC SIGNAL,FUNCTIONING PROPERLY,CLEAR,DAYLIGHT,PEDESTRIAN,NOT DIVIDED,2,STRAIGHT AND LEVEL,WET,NO DEFECTS,ON SCENE,INJURY AND / OR TOW DUE TO CRASH,Y,,,$500 OR LESS,11/5/2017 14:40,FAILING TO YIELD RIGHT-OF-WAY,NOT APPLICABLE,3958,N,SHERIDAN RD,1923,,Y,,,,,2,INCAPACITATING INJURY,1,0,1,0,0,1,0,14,1,11,41.95444078,-87.65469052,POINT (-87.654690521897 41.954440779964),1
JA500007,,11/5/2017 14:40,35,STOP SIGN/FLASHER,NO CONTROLS,RAIN,DAYLIGHT,ANGLE,DIVIDED - W/MEDIAN (NOT RAISED),2,STRAIGHT AND LEVEL,WET,NO DEFECTS,ON SCENE,INJURY AND / OR TOW DUE TO CRASH,Y,,Y,"OVER $1,500",11/5/2017 14:45,DISREGARDING STOP SIGN,FAILING TO YIELD RIGHT-OF-WAY,11500,S,LOWE AVE,524,,,,,,,2,NO INDICATION OF INJURY,0,0,0,0,0,2,0,14,1,11,41.68512254,-87.63873362,POINT (-87.638733617103 41.685122541573),1
JA500041,,11/5/2017 14:45,30,NO CONTROLS,NO CONTROLS,CLEAR,DAYLIGHT,FIXED OBJECT,DIVIDED - W/MEDIAN (NOT RAISED),,STRAIGHT AND LEVEL,DRY,NO DEFECTS,ON SCENE,INJURY AND / OR TOW DUE TO CRASH,,,,"$501 - $1,500",11/5/2017 14:48,UNABLE TO DETERMINE,UNABLE TO DETERMINE,8100,S,STONY ISLAND AVE,411,,,,,,,1,NO INDICATION OF INJURY,0,0,0,0,0,1,0,14,1,11,41.74774921,-87.58603742,POINT (-87.586037416392 41.74774921172),1
JA500966,,11/5/2017 14:48,20,NO CONTROLS,NO CONTROLS,UNKNOWN,"DARKNESS, LIGHTED ROAD",PARKED MOTOR VEHICLE,ONE-WAY,,STRAIGHT AND LEVEL,UNKNOWN,UNKNOWN,NOT ON SCENE (DESK REPORT),NO INJURY / DRIVE AWAY,,,Y,"OVER $1,500",11/6/2017 11:40,FAILING TO YIELD RIGHT-OF-WAY,NOT APPLICABLE,2352,N,KILDARE AVE,2522,,,,,,,2,NO INDICATION OF INJURY,0,0,0,0,0,1,0,14,1,11,41.92413144,-87.73425636,POINT (-87.734256359096 41.924131444045),1
JA500048,,11/5/2017 14:50,35,TRAFFIC SIGNAL,FUNCTIONING PROPERLY,CLOUDY/OVERCAST,DAYLIGHT,REAR END,NOT DIVIDED,4,STRAIGHT AND LEVEL,WET,NO DEFECTS,ON SCENE,INJURY AND / OR TOW DUE TO CRASH,Y,,,"$501 - $1,500",11/5/2017 15:00,EXCEEDING SAFE SPEED FOR CONDITIONS,FAILING TO REDUCE SPEED TO AVOID CRASH,4900,S,PULASKI RD,815,,,,,,,2,NO INDICATION OF INJURY,0,0,0,0,0,3,0,14,1,11,41.80411036,-87.72362341,POINT (-87.723623413779 41.804110358929),1
JA500050,,11/5/2017 14:50,30,NO CONTROLS,NO CONTROLS,UNKNOWN,DAYLIGHT,REAR END,NOT DIVIDED,2,STRAIGHT AND LEVEL,UNKNOWN,UNKNOWN,NOT ON SCENE (DESK REPORT),INJURY AND / OR TOW DUE TO CRASH,,,,"$501 - $1,500",11/5/2017 15:35,UNABLE TO DETERMINE,UNABLE TO DETERMINE,5620,N,CLARK ST,2012,,,,,,,2,NONINCAPACITATING INJURY,1,0,0,1,0,1,0,14,1,11,41.98413755,-87.6690463,POINT (-87.66904630362 41.984137552792),1
JA500028,,11/5/2017 15:00,35,NO CONTROLS,NO CONTROLS,CLEAR,DAYLIGHT,HEAD ON,NOT DIVIDED,,STRAIGHT AND LEVEL,UNKNOWN,NO DEFECTS,NOT ON SCENE (DESK REPORT),NO INJURY / DRIVE AWAY,,,,"OVER $1,500",11/5/2017 15:20,DRIVING SKILLS/KNOWLEDGE/EXPERIENCE,DRIVING SKILLS/KNOWLEDGE/EXPERIENCE,3613,N,ST LOUIS AVE,1732,,,,,,,2,NO INDICATION OF INJURY,0,0,0,0,0,2,0,15,1,11,41.94696261,-87.71503085,POINT (-87.715030852596 41.946962604884),1
JA500108,,11/5/2017 15:00,30,TRAFFIC SIGNAL,FUNCTIONING PROPERLY,CLEAR,DAYLIGHT,ANGLE,ONE-WAY,,STRAIGHT AND LEVEL,WET,NO DEFECTS,ON SCENE,INJURY AND / OR TOW DUE TO CRASH,Y,,,"OVER $1,500",11/5/2017 15:07,DISREGARDING TRAFFIC SIGNALS,NOT APPLICABLE,100,N,CLINTON ST,121,,,,,,,2,"REPORTED, NOT EVIDENT",1,0,0,0,1,4,0,15,1,11,41.8832369,-87.64138162,POINT (-87.641381615901 41.88323689522),1
JA500207,,11/5/2017 15:05,10,NO CONTROLS,NO CONTROLS,CLEAR,DAYLIGHT,ANGLE,PARKING LOT,1,STRAIGHT AND LEVEL,DRY,NO DEFECTS,NOT ON SCENE (DESK REPORT),NO INJURY / DRIVE AWAY,,,Y,"$501 - $1,500",11/5/2017 17:55,UNABLE TO DETERMINE,UNABLE TO DETERMINE,5050,S,CICERO AVE,814,,,,,,,2,NO INDICATION OF INJURY,0,0,0,0,0,2,0,15,1,11,41.80064255,-87.74311347,POINT (-87.743113469205 41.800642553587),1
JA500053,,11/5/2017 15:10,30,NO CONTROLS,NO CONTROLS,CLOUDY/OVERCAST,DAYLIGHT,REAR END,DIVIDED - W/MEDIAN (NOT RAISED),,STRAIGHT AND LEVEL,WET,NO DEFECTS,NOT ON SCENE (DESK REPORT),NO INJURY / DRIVE AWAY,,,,"OVER $1,500",11/5/2017 15:25,FOLLOWING TOO CLOSELY,UNABLE TO DETERMINE,4722,W,DIVERSEY AVE,2521,,,,,,,2,NO INDICATION OF INJURY,0,0,0,0,0,3,0,15,1,11,41.93166488,-87.74504704,POINT (-87.745047038621 41.931664882718),1
JA500062,,11/5/2017 15:10,30,TRAFFIC SIGNAL,FUNCTIONING PROPERLY,RAIN,DAYLIGHT,SIDESWIPE SAME DIRECTION,DIVIDED - W/MEDIAN (NOT RAISED),4,STRAIGHT AND LEVEL,WET,NO DEFECTS,NOT ON SCENE (DESK REPORT),NO INJURY / DRIVE AWAY,,,,"$501 - $1,500",11/5/2017 15:20,UNABLE TO DETERMINE,UNABLE TO DETERMINE,3223,N,WESTERN AVE,1921,,,,,,,2,NO INDICATION OF INJURY,0,0,0,0,0,2,0,15,1,11,41.94019773,-87.68778646,POINT (-87.68778646318 41.940197731357),1
JA500272,,11/5/2017 15:15,30,TRAFFIC SIGNAL,UNKNOWN,RAIN,DAYLIGHT,SIDESWIPE SAME DIRECTION,NOT DIVIDED,3,STRAIGHT AND LEVEL,WET,UNKNOWN,NOT ON SCENE (DESK REPORT),NO INJURY / DRIVE AWAY,,,,"OVER $1,500",11/5/2017 19:05,UNABLE TO DETERMINE,UNABLE TO DETERMINE,7500,S,LAFAYETTE AVE,623,,,,,,,2,NO INDICATION OF INJURY,0,0,0,0,0,2,0,15,1,11,41.75806853,-87.62651698,POINT (-87.626516982328 41.75806853202),1
JA500056,,11/5/2017 15:26,30,NO CONTROLS,NO CONTROLS,OTHER,DAYLIGHT,PARKED MOTOR VEHICLE,ONE-WAY,1,STRAIGHT AND LEVEL,WET,UNKNOWN,ON SCENE,INJURY AND / OR TOW DUE TO CRASH,,Y,Y,"OVER $1,500",11/5/2017 15:26,EXCEEDING AUTHORIZED SPEED LIMIT,UNABLE TO DETERMINE,4026,W,27TH ST,1031,,Y,,,,,3,NO INDICATION OF INJURY,0,0,0,0,0,1,0,15,1,11,41.84250485,-87.72565658,POINT (-87.725656578696 41.842504846629),1
JA500936,,11/5/2017 15:30,30,TRAFFIC SIGNAL,FUNCTIONING PROPERLY,RAIN,DAYLIGHT,SIDESWIPE SAME DIRECTION,NOT DIVIDED,6,STRAIGHT AND LEVEL,WET,NO DEFECTS,NOT ON SCENE (DESK REPORT),NO INJURY / DRIVE AWAY,,,,"OVER $1,500",11/6/2017 11:15,IMPROPER LANE USAGE,UNABLE TO DETERMINE,9901,S,HALSTED ST,2232,,,,,,,2,NO INDICATION OF INJURY,0,0,0,0,0,2,0,15,1,11,41.71412565,-87.64285255,POINT (-87.642852547443 41.714125649277),1
JA500079,,11/5/2017 15:30,30,STOP SIGN/FLASHER,FUNCTIONING PROPERLY,CLEAR,DAYLIGHT,REAR END,DIVIDED - W/MEDIAN (NOT RAISED),0,STRAIGHT AND LEVEL,DRY,NO DEFECTS,NOT ON SCENE (DESK REPORT),NO INJURY / DRIVE AWAY,Y,,,"OVER $1,500",11/5/2017 16:00,UNABLE TO DETERMINE,UNABLE TO DETERMINE,200,N,COLUMBUS DR,114,,,,,,,2,NO INDICATION OF INJURY,0,0,0,0,0,2,0,15,1,11,41.88600583,-87.62082896,POINT (-87.620828956741 41.886005833425),1