RD_NO,CRASH_DATE_EST_I,CRASH_DATE,POSTED_SPEED_LIMIT,TRAFFIC_CONTROL_DEVICE,DEVICE_CONDITION,WEATHER_CONDITION,LIGHTING_CONDITION,FIRST_CRASH_TYPE,TRAFFICWAY_TYPE,LANE_CNT,ALIGNMENT,ROADWAY_SURFACE_COND,ROAD_DEFECT,REPORT_TYPE,CRASH_TYPE,INTERSECTION_RELATED_I,NOT_RIGHT_OF_WAY_I,HIT_AND_RUN_I,DAMAGE,DATE_POLICE_NOTIFIED,PRIM_CONTRIBUTORY_CAUSE,SEC_CONTRIBUTORY_CAUSE,STREET_NO,STREET_DIRECTION,STREET_NAME,BEAT_OF_OCCURRENCE,PHOTOS_TAKEN_I,STATEMENTS_TAKEN_I,DOORING_I,WORK_ZONE_I,WORK_ZONE_TYPE,WORKERS_PRESENT_I,NUM_UNITS,MOST_SEVERE_INJURY,INJURIES_TOTAL,INJURIES_FATAL,INJURIES_INCAPACITATING,INJURIES_NON_INCAPACITATING,INJURIES_REPORTED_NOT_EVIDENT,INJURIES_NO_INDICATION,INJURIES_UNKNOWN,CRASH_HOUR,CRASH_DAY_OF_WEEK,CRASH_MONTH,LATITUDE,LONGITUDE,LOCATION,Join
JA500100,,11/5/2017 15:30,30,TRAFFIC SIGNAL,FUNCTIONING PROPERLY,CLOUDY/OVERCAST,DAYLIGHT,REAR END,NOT DIVIDED,5,STRAIGHT AND LEVEL,UNKNOWN,UNKNOWN,NOT ON SCENE (DESK REPORT),NO INJURY / DRIVE AWAY,,,,"$501 - $1,500",11/5/2017 16:07,FOLLOWING TOO CLOSELY,FOLLOWING TOO CLOSELY,4700,W,IRVING PARK RD,1722,,,,,,,2,NO INDICATION OF INJURY,0,0,0,0,0,3,0,15,1,11,41.95355433,-87.74566755,POINT (-87.745667551162 41.953554327295),1
JA500113,,11/5/2017 15:30,30,STOP SIGN/FLASHER,FUNCTIONING PROPERLY,CLOUDY/OVERCAST,DAYLIGHT,REAR END,NOT DIVIDED,,STRAIGHT AND LEVEL,WET,NO DEFECTS,NOT ON SCENE (DESK REPORT),NO INJURY / DRIVE AWAY,Y,,Y,"OVER $1,500",11/5/2017 16:25,FOLLOWING TOO CLOSELY,UNABLE TO DETERMINE,3055,N,AUSTIN AVE,2514,,,,,,,2,NO INDICATION OF INJURY,0,0,0,0,0,3,0,15,1,11,41.93646184,-87.77599942,POINT (-87.775999423646 41.936461835015),1
JA503150,,11/5/2017 15:40,35,TRAFFIC SIGNAL,UNKNOWN,CLEAR,DAYLIGHT,REAR END,NOT DIVIDED,4,STRAIGHT AND LEVEL,DRY,NO DEFECTS,NOT ON SCENE (DESK REPORT),NO INJURY / DRIVE AWAY,,,N,$500 OR LESS,11/7/2017 21:25,FOLLOWING TOO CLOSELY,NOT APPLICABLE,6002,N,WESTERN AVE,2413,,,,,,,2,NO INDICATION OF INJURY,0,0,0,0,0,2,0,15,1,11,41.99063923,-87.68982417,POINT (-87.689824169564 41.990639232657),1
JA500083,,11/5/2017 15:45,30,NO CONTROLS,NO CONTROLS,CLEAR,DAYLIGHT,REAR END,NOT DIVIDED,,STRAIGHT AND LEVEL,DRY,NO DEFECTS,NOT ON SCENE (DESK REPORT),NO INJURY / DRIVE AWAY,,,,"OVER $1,500",11/5/2017 16:00,UNABLE TO DETERMINE,UNABLE TO DETERMINE,4436,N,DAMEN AVE,1911,,,,,,,2,NO INDICATION OF INJURY,0,0,0,0,0,2,0,15,1,11,41.96256094,-87.67915453,POINT (-87.679154532007 41.962560937923),1
JA500174,,11/5/2017 15:50,30,TRAFFIC SIGNAL,FUNCTIONING PROPERLY,CLEAR,DAYLIGHT,SIDESWIPE SAME DIRECTION,NOT DIVIDED,,STRAIGHT AND LEVEL,DRY,NO DEFECTS,NOT ON SCENE (DESK REPORT),NO INJURY / DRIVE AWAY,Y,,Y,$500 OR LESS,11/5/2017 17:00,IMPROPER OVERTAKING/PASSING,IMPROPER LANE USAGE,2400,W,55TH ST,923,,,,,,,2,NO INDICATION OF INJURY,0,0,0,0,0,3,0,15,1,11,41.79398135,-87.68414174,POINT (-87.684141741284 41.793981346574),1
JA500152,,11/5/2017 15:50,25,NO CONTROLS,NO CONTROLS,CLEAR,DAYLIGHT,SIDESWIPE SAME DIRECTION,DIVIDED - W/MEDIAN (NOT RAISED),4,STRAIGHT AND LEVEL,DRY,NO DEFECTS,NOT ON SCENE (DESK REPORT),NO INJURY / DRIVE AWAY,,,,"$501 - $1,500",11/5/2017 17:10,UNABLE TO DETERMINE,UNABLE TO DETERMINE,5500,S,WESTERN AVE,824,,,,,,,2,NO INDICATION OF INJURY,0,0,0,0,0,2,0,15,1,11,41.79337055,-87.68417538,POINT (-87.684175376759 41.79337055433),1
JA500239,,11/5/2017 15:50,30,UNKNOWN,UNKNOWN,UNKNOWN,DAWN,TURNING,NOT DIVIDED,2,STRAIGHT AND LEVEL,UNKNOWN,UNKNOWN,NOT ON SCENE (DESK REPORT),NO INJURY / DRIVE AWAY,Y,,,"OVER $1,500",11/5/2017 16:25,FAILING TO YIELD RIGHT-OF-WAY,FAILING TO REDUCE SPEED TO AVOID CRASH,3121,N,LONG AVE,2514,,,,,,,3,NO INDICATION OF INJURY,0,0,0,0,0,3,0,15,1,11,41.93745191,-87.76140568,POINT (-87.761405679159 41.937451905999),1
JA500133,,11/5/2017 15:55,30,NO CONTROLS,NO CONTROLS,CLEAR,DAWN,SIDESWIPE SAME DIRECTION,NOT DIVIDED,2,STRAIGHT AND LEVEL,DRY,NO DEFECTS,NOT ON SCENE (DESK REPORT),NO INJURY / DRIVE AWAY,,,Y,"OVER $1,500",11/5/2017 16:55,FAILING TO YIELD RIGHT-OF-WAY,EXCEEDING AUTHORIZED SPEED LIMIT,6300,S,HARPER AVE,314,,,,,,,2,NO INDICATION OF INJURY,0,0,0,0,0,2,0,15,1,11,41.78049628,-87.5879698,POINT (-87.587969803145 41.780496274589),1
JA500092,Y,11/5/2017 16:05,5,NO CONTROLS,NO CONTROLS,CLEAR,DUSK,FIXED OBJECT,OTHER,,STRAIGHT AND LEVEL,DRY,NO DEFECTS,ON SCENE,NO INJURY / DRIVE AWAY,,Y,,"OVER $1,500",11/5/2017 16:15,DRIVING SKILLS/KNOWLEDGE/EXPERIENCE,NOT APPLICABLE,615,S,WABASH AVE,123,,,,,,,1,NO INDICATION OF INJURY,0,0,0,0,0,1,0,16,1,11,41.87406773,-87.62584163,POINT (-87.625841632944 41.874067733789),1
JA500144,,11/5/2017 16:15,30,NO CONTROLS,NO CONTROLS,CLEAR,"DARKNESS, LIGHTED ROAD",REAR END,DIVIDED - W/MEDIAN (NOT RAISED),4,STRAIGHT AND LEVEL,DRY,NO DEFECTS,NOT ON SCENE (DESK REPORT),NO INJURY / DRIVE AWAY,,,Y,$500 OR LESS,11/5/2017 17:05,UNABLE TO DETERMINE,NOT APPLICABLE,400,S,CICERO AVE,1533,,,,,,,2,NO INDICATION OF INJURY,0,0,0,0,0,2,0,16,1,11,41.8749523,-87.74521225,POINT (-87.745212246332 41.874952302696),1
JA500167,,11/5/2017 16:20,30,NO CONTROLS,NO CONTROLS,CLEAR,DUSK,REAR END,NOT DIVIDED,6,STRAIGHT AND LEVEL,DRY,NO DEFECTS,ON SCENE,NO INJURY / DRIVE AWAY,Y,,Y,"OVER $1,500",11/5/2017 16:45,UNABLE TO DETERMINE,UNABLE TO DETERMINE,6259,N,MILWAUKEE AVE,1611,,,,,,,3,NO INDICATION OF INJURY,0,0,0,0,0,4,0,16,1,11,41.99519633,-87.78565485,POINT (-87.785654844708 41.995196334471),1
RD500154,,11/5/2017 16:32,35,NO CONTROLS,UNKNOWN,FOG/SMOKE/HAZE,DUSK,PARKED MOTOR VEHICLE,NOT DIVIDED,2,STRAIGHT AND LEVEL,WET,NO DEFECTS,,NO INJURY / DRIVE AWAY,,,Y,"OVER $1,500",11/5/2017 17:09,NOT APPLICABLE,NOT APPLICABLE,5350,W,MONTROSE AVE,1623,,,,,,,2,NO INDICATION OF INJURY,0,0,0,0,0,1,0,16,1,11,41.96065698,-87.76188892,POINT (-87.761888916327 41.960656983448),1
JA500235,,11/5/2017 16:32,30,NO CONTROLS,NO CONTROLS,CLEAR,DUSK,PARKED MOTOR VEHICLE,NOT DIVIDED,4,STRAIGHT AND LEVEL,WET,NO DEFECTS,NOT ON SCENE (DESK REPORT),NO INJURY / DRIVE AWAY,,,Y,"$501 - $1,500",11/5/2017 18:24,UNABLE TO DETERMINE,UNABLE TO DETERMINE,3731,W,CERMAK RD,1013,,,,,,,2,NO INDICATION OF INJURY,0,0,0,0,0,1,0,16,1,11,41.85151434,-87.71859108,POINT (-87.718591084158 41.851514338241),1
JA500184,,11/5/2017 16:45,30,NO CONTROLS,NO CONTROLS,CLEAR,DUSK,TURNING,NOT DIVIDED,2,STRAIGHT AND LEVEL,DRY,NO DEFECTS,ON SCENE,INJURY AND / OR TOW DUE TO CRASH,,,,"$501 - $1,500",11/5/2017 16:59,FOLLOWING TOO CLOSELY,NOT APPLICABLE,1710,W,CERMAK RD,1234,,,,,,,2,NO INDICATION OF INJURY,0,0,0,0,0,2,0,16,1,11,41.85238735,-87.66898093,POINT (-87.668980932187 41.852387353549),1
JA500151,,11/5/2017 16:45,0,STOP SIGN/FLASHER,FUNCTIONING PROPERLY,CLEAR,"DARKNESS, LIGHTED ROAD",ANGLE,NOT DIVIDED,,STRAIGHT AND LEVEL,WET,NO DEFECTS,ON SCENE,INJURY AND / OR TOW DUE TO CRASH,,,,"OVER $1,500",11/5/2017 16:58,NOT APPLICABLE,NOT APPLICABLE,8432,S,WASHTENAW AVE,835,,,,,,,2,NO INDICATION OF INJURY,0,0,0,0,0,2,0,16,1,11,41.74004225,-87.68992131,POINT (-87.689921309589 41.74004224458),1
JA500156,,11/5/2017 16:46,30,NO CONTROLS,NO CONTROLS,CLEAR,DAYLIGHT,ANGLE,PARKING LOT,1,STRAIGHT AND LEVEL,WET,NO DEFECTS,NOT ON SCENE (DESK REPORT),NO INJURY / DRIVE AWAY,,,,"OVER $1,500",11/5/2017 17:15,UNABLE TO DETERMINE,NOT APPLICABLE,1232,W,NORTH AVE,1433,,,,,,,2,NO INDICATION OF INJURY,0,0,0,0,0,3,0,16,1,11,41.91087554,-87.65827824,POINT (-87.658278239858 41.910875543991),1
JA501478,,11/5/2017 16:49,30,NO CONTROLS,NO CONTROLS,CLEAR,DUSK,PARKED MOTOR VEHICLE,PARKING LOT,4,STRAIGHT AND LEVEL,DRY,SHOULDER DEFECT,NOT ON SCENE (DESK REPORT),NO INJURY / DRIVE AWAY,,,Y,"OVER $1,500",11/6/2017 17:20,IMPROPER BACKING,IMPROPER BACKING,7100,S,ASHLAND AVE,735,,,,,,,2,NO INDICATION OF INJURY,0,0,0,0,0,1,0,16,1,11,41.76485938,-87.66394018,POINT (-87.663940176305 41.764859382425),1
JA500192,,11/5/2017 16:50,15,OTHER,OTHER,CLOUDY/OVERCAST,DAYLIGHT,PARKED MOTOR VEHICLE,PARKING LOT,,STRAIGHT AND LEVEL,WET,NO DEFECTS,NOT ON SCENE (DESK REPORT),NO INJURY / DRIVE AWAY,,Y,Y,"OVER $1,500",11/5/2017 17:30,IMPROPER BACKING,UNABLE TO DETERMINE,1617,N,CICERO AVE,2533,,,,,,,2,NO INDICATION OF INJURY,0,0,0,0,0,4,0,16,1,11,41.91012667,-87.7459525,POINT (-87.745952497971 41.910126667825),1
JA500251,,11/5/2017 17:00,30,NO CONTROLS,NO CONTROLS,CLEAR,DUSK,SIDESWIPE SAME DIRECTION,DIVIDED - W/MEDIAN (NOT RAISED),,STRAIGHT AND LEVEL,DRY,NO DEFECTS,NOT ON SCENE (DESK REPORT),NO INJURY / DRIVE AWAY,,,,"$501 - $1,500",11/5/2017 18:40,UNABLE TO DETERMINE,UNABLE TO DETERMINE,7748,S,DR MARTIN LUTHER KING JR DR,623,,,,,,,2,NO INDICATION OF INJURY,0,0,0,0,0,2,0,17,1,11,41.75331306,-87.61515408,POINT (-87.615154081604 41.753313055964),1
JA500841,,11/5/2017 17:00,30,TRAFFIC SIGNAL,FUNCTIONING PROPERLY,CLEAR,DAYLIGHT,REAR END,OTHER,0,STRAIGHT AND LEVEL,WET,NO DEFECTS,NOT ON SCENE (DESK REPORT),NO INJURY / DRIVE AWAY,Y,,N,"OVER $1,500",11/6/2017 10:03,NOT APPLICABLE,NOT APPLICABLE,2600,W,MARQUETTE RD,831,,,,,,,3,NO INDICATION OF INJURY,0,0,0,0,0,3,0,17,1,11,41.77201028,-87.68839721,POINT (-87.688397211709 41.77201027955),1
JA500168,,11/5/2017 17:00,30,NO CONTROLS,NO CONTROLS,CLEAR,"DARKNESS, LIGHTED ROAD",SIDESWIPE SAME DIRECTION,NOT DIVIDED,,STRAIGHT AND LEVEL,WET,NO DEFECTS,,NO INJURY / DRIVE AWAY,,,Y,"$501 - $1,500",11/5/2017 17:32,UNABLE TO DETERMINE,UNABLE TO DETERMINE,11500,S,HALSTED ST,524,,,,,,,2,NO INDICATION OF INJURY,0,0,0,0,0,2,0,17,1,11,41.68502626,-87.64229737,POINT (-87.642297366963 41.685026256307),1
JA500324,,11/5/2017 17:00,25,TRAFFIC SIGNAL,FUNCTIONING PROPERLY,CLEAR,"DARKNESS, LIGHTED ROAD",TURNING,NOT DIVIDED,4,STRAIGHT AND LEVEL,DRY,NO DEFECTS,NOT ON SCENE (DESK REPORT),INJURY AND / OR TOW DUE TO CRASH,,,,"OVER $1,500",11/5/2017 19:50,IMPROPER TURNING/NO SIGNAL,IMPROPER LANE USAGE,200,W,111TH ST,513,,,,,,,2,"REPORTED, NOT EVIDENT",1,0,0,0,1,1,0,17,1,11,41.69263466,-87.62802991,POINT (-87.628029909331 41.692634657761),1
JA500175,,11/5/2017 17:00,30,NO CONTROLS,NOT FUNCTIONING,CLEAR,DARKNESS,TURNING,NOT DIVIDED,,STRAIGHT AND LEVEL,DRY,NO DEFECTS,NOT ON SCENE (DESK REPORT),NO INJURY / DRIVE AWAY,,,,"$501 - $1,500",11/5/2017 17:30,UNABLE TO DETERMINE,UNABLE TO DETERMINE,906,E,63RD ST,313,,,,,,,2,NO INDICATION OF INJURY,0,0,0,0,0,5,0,17,1,11,41.7805605,-87.60263357,POINT (-87.602633566578 41.780560497004),1
JA500212,,11/5/2017 17:00,30,TRAFFIC SIGNAL,FUNCTIONING PROPERLY,CLEAR,"DARKNESS, LIGHTED ROAD",REAR END,NOT DIVIDED,2,STRAIGHT ON GRADE,DRY,NO DEFECTS,NOT ON SCENE (DESK REPORT),NO INJURY / DRIVE AWAY,Y,,,$500 OR LESS,11/5/2017 17:50,IMPROPER BACKING,DRIVING SKILLS/KNOWLEDGE/EXPERIENCE,11100,S,VINCENNES AVE,2212,,,,,,,2,NO INDICATION OF INJURY,0,0,0,0,0,2,0,17,1,11,41.692161,-87.66347247,POINT (-87.663472468686 41.692160998747),1
JA500182,,11/5/2017 17:10,30,NO CONTROLS,NO CONTROLS,CLEAR,"DARKNESS, LIGHTED ROAD",REAR END,NOT DIVIDED,2,STRAIGHT AND LEVEL,DRY,NO DEFECTS,NOT ON SCENE (DESK REPORT),NO INJURY / DRIVE AWAY,,,,"OVER $1,500",11/5/2017 17:40,FAILING TO REDUCE SPEED TO AVOID CRASH,DRIVING SKILLS/KNOWLEDGE/EXPERIENCE,5450,S,CENTRAL AVE,811,,,,,,,2,NO INDICATION OF INJURY,0,0,0,0,0,2,0,17,1,11,41.79304671,-87.76245651,POINT (-87.762456509005 41.793046708901),1
JA500279,,11/5/2017 17:20,30,STOP SIGN/FLASHER,FUNCTIONING PROPERLY,CLEAR,"DARKNESS, LIGHTED ROAD",TURNING,DIVIDED - W/MEDIAN (NOT RAISED),2,STRAIGHT AND LEVEL,DRY,NO DEFECTS,ON SCENE,INJURY AND / OR TOW DUE TO CRASH,,,Y,"OVER $1,500",11/5/2017 19:22,FAILING TO YIELD RIGHT-OF-WAY,DISREGARDING STOP SIGN,3299,W,FRANKLIN BLVD,1123,,,,,,,2,NO INDICATION OF INJURY,0,0,0,0,0,2,0,17,1,11,41.88993497,-87.70870731,POINT (-87.708707309094 41.889934971608),1
JA500163,,11/5/2017 17:20,30,OTHER,FUNCTIONING PROPERLY,CLEAR,"DARKNESS, LIGHTED ROAD",TURNING,NOT DIVIDED,4,STRAIGHT AND LEVEL,DRY,OTHER,ON SCENE,INJURY AND / OR TOW DUE TO CRASH,,,Y,"OVER $1,500",11/5/2017 17:21,UNABLE TO DETERMINE,UNABLE TO DETERMINE,680,N,LAKE SHORE DR NB,1834,,,,,,,2,NO INDICATION OF INJURY,0,0,0,0,0,2,0,17,1,11,41.89484187,-87.6154804,POINT (-87.615480400906 41.894841872657),1
JA500185,,11/5/2017 17:26,30,NO CONTROLS,NO CONTROLS,CLEAR,DARKNESS,PARKED MOTOR VEHICLE,NOT DIVIDED,2,STRAIGHT AND LEVEL,DRY,NO DEFECTS,ON SCENE,NO INJURY / DRIVE AWAY,,,,$500 OR LESS,11/5/2017 17:30,IMPROPER BACKING,FAILING TO REDUCE SPEED TO AVOID CRASH,1954,N,HALSTED ST,1813,,,,,,,2,NO INDICATION OF INJURY,0,0,0,0,0,1,0,17,1,11,41.91754113,-87.64862901,POINT (-87.648629010271 41.917541126814),1
JA500190,,11/5/2017 17:30,25,STOP SIGN/FLASHER,NO CONTROLS,CLEAR,"DARKNESS, LIGHTED ROAD",ANGLE,NOT DIVIDED,1,STRAIGHT AND LEVEL,DRY,NO DEFECTS,ON SCENE,INJURY AND / OR TOW DUE TO CRASH,Y,,Y,"OVER $1,500",11/5/2017 17:40,UNABLE TO DETERMINE,NOT APPLICABLE,5698,W,BELLE PLAINE AVE,1624,,,,,,,2,"REPORTED, NOT EVIDENT",1,0,0,0,1,1,0,17,1,11,41.95508726,-87.7694483,POINT (-87.769448300387 41.955087258001),1
JA508019,,11/5/2017 17:30,30,OTHER,OTHER,UNKNOWN,UNKNOWN,REAR END,NOT DIVIDED,2,STRAIGHT AND LEVEL,UNKNOWN,UNKNOWN,NOT ON SCENE (DESK REPORT),NO INJURY / DRIVE AWAY,Y,,,"$501 - $1,500",11/11/2017 16:00,FOLLOWING TOO CLOSELY,NOT APPLICABLE,4501,S,KEDZIE AVE,922,,,,,,,2,NO INDICATION OF INJURY,0,0,0,0,0,2,0,17,1,11,41.81160777,-87.70396395,POINT (-87.703963944953 41.811607767459),1
JA501330,Y,11/5/2017 17:30,35,NO CONTROLS,NO CONTROLS,CLEAR,UNKNOWN,PARKED MOTOR VEHICLE,ONE-WAY,,STRAIGHT AND LEVEL,DRY,NO DEFECTS,NOT ON SCENE (DESK REPORT),NO INJURY / DRIVE AWAY,,,Y,"$501 - $1,500",11/6/2017 15:30,IMPROPER LANE USAGE,NOT APPLICABLE,3934,W,AINSLIE ST,1712,Y,,,,,,2,NO INDICATION OF INJURY,0,0,0,0,0,1,0,17,1,11,41.97018563,-87.72708678,POINT (-87.72708678372 41.970185633895),1
JA500250,,11/5/2017 17:40,30,STOP SIGN/FLASHER,FUNCTIONING PROPERLY,UNKNOWN,"DARKNESS, LIGHTED ROAD",TURNING,ONE-WAY,2,STRAIGHT AND LEVEL,UNKNOWN,UNKNOWN,ON SCENE,INJURY AND / OR TOW DUE TO CRASH,Y,,,"OVER $1,500",11/5/2017 17:45,DISREGARDING STOP SIGN,UNABLE TO DETERMINE,3499,E,100TH ST,432,,,,,,,2,NONINCAPACITATING INJURY,1,0,0,1,0,1,0,17,1,11,41.71374915,-87.53891931,POINT (-87.53891930572 41.71374914874),1
JA500247,,11/5/2017 17:41,35,TRAFFIC SIGNAL,FUNCTIONING PROPERLY,CLEAR,"DARKNESS, LIGHTED ROAD",REAR END,OTHER,1,STRAIGHT AND LEVEL,DRY,NO DEFECTS,ON SCENE,NO INJURY / DRIVE AWAY,,,,$500 OR LESS,11/5/2017 17:41,CELL PHONE USE OTHER THAN TEXTING,NOT APPLICABLE,5900,S,ASHLAND AVE,714,,,,,,,2,NO INDICATION OF INJURY,0,0,0,0,0,2,0,17,1,11,41.78665418,-87.66453916,POINT (-87.664539157743 41.786654178265),1
JA500234,,11/5/2017 17:59,30,TRAFFIC SIGNAL,FUNCTIONING PROPERLY,CLEAR,"DARKNESS, LIGHTED ROAD",TURNING,DIVIDED - W/MEDIAN BARRIER,0,STRAIGHT AND LEVEL,DRY,NO DEFECTS,ON SCENE,INJURY AND / OR TOW DUE TO CRASH,Y,,,"OVER $1,500",11/5/2017 18:10,IMPROPER TURNING/NO SIGNAL,IMPROPER TURNING/NO SIGNAL,5140,N,CENTRAL AVE,1622,,,,,,,2,"REPORTED, NOT EVIDENT",1,0,0,0,1,2,0,17,1,11,41.97474328,-87.76864435,POINT (-87.768644353417 41.974743281185),1
JA500651,Y,11/5/2017 18:00,20,NO CONTROLS,NO CONTROLS,UNKNOWN,UNKNOWN,PARKED MOTOR VEHICLE,ONE-WAY,1,STRAIGHT AND LEVEL,DRY,NO DEFECTS,ON SCENE,NO INJURY / DRIVE AWAY,,,Y,"OVER $1,500",11/6/2017 7:30,IMPROPER BACKING,UNABLE TO DETERMINE,12139,S,WALLACE ST,523,,,,,,,2,NO INDICATION OF INJURY,0,0,0,0,0,1,0,18,1,11,41.6730751,-87.63679448,POINT (-87.636794484183 41.673075096002),1
JA510358,,11/5/2017 18:00,30,TRAFFIC SIGNAL,FUNCTIONING PROPERLY,UNKNOWN,DARKNESS,REAR END,DIVIDED - W/MEDIAN (NOT RAISED),2,STRAIGHT AND LEVEL,DRY,UNKNOWN,NOT ON SCENE (DESK REPORT),NO INJURY / DRIVE AWAY,,,,"OVER $1,500",11/13/2017 15:19,FOLLOWING TOO CLOSELY,FOLLOWING TOO CLOSELY,4531,S,KEDZIE AVE,922,,,,,,,2,NO INDICATION OF INJURY,0,0,0,0,0,2,0,18,1,11,41.81079141,-87.70393046,POINT (-87.703930457356 41.81079140511),1
JA500263,,11/5/2017 18:06,30,TRAFFIC SIGNAL,FUNCTIONING PROPERLY,CLEAR,"DARKNESS, LIGHTED ROAD",REAR END,DIVIDED - W/MEDIAN BARRIER,2,STRAIGHT AND LEVEL,DRY,NO DEFECTS,ON SCENE,NO INJURY / DRIVE AWAY,,,,"$501 - $1,500",11/5/2017 18:16,DRIVING SKILLS/KNOWLEDGE/EXPERIENCE,DISTRACTION - FROM OUTSIDE VEHICLE,10038,S,EWING AVE,432,,,,,,,2,NO INDICATION OF INJURY,0,0,0,0,0,3,0,18,1,11,41.71277124,-87.53542219,POINT (-87.535422187416 41.712771241793),1
JA500252,,11/5/2017 18:10,30,NO CONTROLS,NO CONTROLS,CLEAR,DARKNESS,REAR END,DIVIDED - W/MEDIAN (NOT RAISED),1,STRAIGHT AND LEVEL,DRY,NO DEFECTS,NOT ON SCENE (DESK REPORT),NO INJURY / DRIVE AWAY,,,,"OVER $1,500",11/5/2017 18:44,FOLLOWING TOO CLOSELY,DRIVING SKILLS/KNOWLEDGE/EXPERIENCE,4415,W,AINSLIE ST,1712,,,,,,,2,NO INDICATION OF INJURY,0,0,0,0,0,3,0,18,1,11,41.96983557,-87.73863172,POINT (-87.738631714678 41.969835566596),1
JA500267,,11/5/2017 18:20,20,STOP SIGN/FLASHER,FUNCTIONING PROPERLY,OTHER,DUSK,ANGLE,OTHER,4,STRAIGHT AND LEVEL,WET,UNKNOWN,ON SCENE,INJURY AND / OR TOW DUE TO CRASH,Y,,Y,"OVER $1,500",11/5/2017 18:25,IMPROPER OVERTAKING/PASSING,UNABLE TO DETERMINE,2000,W,56TH ST,715,,,,,,,2,NO INDICATION OF INJURY,0,0,0,0,0,2,0,18,1,11,41.79220415,-87.67431063,POINT (-87.674310632592 41.792204152658),1
JA500358,,11/5/2017 19:00,30,NO CONTROLS,NO CONTROLS,CLEAR,"DARKNESS, LIGHTED ROAD",PARKED MOTOR VEHICLE,NOT DIVIDED,2,STRAIGHT AND LEVEL,DRY,NO DEFECTS,ON SCENE,NO INJURY / DRIVE AWAY,,,Y,"OVER $1,500",11/5/2017 19:57,UNABLE TO DETERMINE,NOT APPLICABLE,5068,N,PARKSIDE AVE,1622,,,,,,,2,NO INDICATION OF INJURY,0,0,0,0,0,1,0,19,1,11,41.97397401,-87.76989737,POINT (-87.769897372262 41.973974010137),1
JA502939,,11/5/2017 19:00,30,STOP SIGN/FLASHER,FUNCTIONING PROPERLY,CLEAR,DARKNESS,REAR END,NOT DIVIDED,2,STRAIGHT AND LEVEL,DRY,NO DEFECTS,NOT ON SCENE (DESK REPORT),NO INJURY / DRIVE AWAY,Y,,,$500 OR LESS,11/7/2017 18:21,FOLLOWING TOO CLOSELY,NOT APPLICABLE,1404,W,PRATT BLVD,2431,,,,,,,2,NO INDICATION OF INJURY,0,0,0,0,0,3,0,19,1,11,42.00556072,-87.6660708,POINT (-87.666070795813 42.005560716387),1
JA500330,,11/5/2017 19:30,25,TRAFFIC SIGNAL,FUNCTIONING PROPERLY,CLEAR,DAYLIGHT,REAR END,DIVIDED - W/MEDIAN (NOT RAISED),4,STRAIGHT AND LEVEL,DRY,NO DEFECTS,NOT ON SCENE (DESK REPORT),NO INJURY / DRIVE AWAY,,,,"$501 - $1,500",11/5/2017 19:56,UNABLE TO DETERMINE,UNABLE TO DETERMINE,8501,S,CICERO AVE,834,,,,,,,2,NO INDICATION OF INJURY,0,0,0,0,0,2,0,19,1,11,41.73814087,-87.74082688,POINT (-87.740826882687 41.738140866662),1
JA500348,,11/5/2017 19:30,30,NO CONTROLS,NO CONTROLS,CLEAR,"DARKNESS, LIGHTED ROAD",FIXED OBJECT,NOT DIVIDED,4,STRAIGHT AND LEVEL,DRY,NO DEFECTS,ON SCENE,INJURY AND / OR TOW DUE TO CRASH,N,,,"OVER $1,500",11/5/2017 19:31,UNABLE TO DETERMINE,NOT APPLICABLE,1819,N,CICERO AVE,2533,,,,,,,1,NO INDICATION OF INJURY,0,0,0,0,0,1,0,19,1,11,41.91389467,-87.7458425,POINT (-87.745842497475 41.913894666503),1
JA500345,,11/5/2017 19:45,30,NO CONTROLS,NO CONTROLS,CLEAR,"DARKNESS, LIGHTED ROAD",SIDESWIPE SAME DIRECTION,NOT DIVIDED,4,STRAIGHT AND LEVEL,DRY,NO DEFECTS,ON SCENE,NO INJURY / DRIVE AWAY,,,,"OVER $1,500",11/5/2017 19:46,FAILING TO REDUCE SPEED TO AVOID CRASH,NOT APPLICABLE,1431,W,TAYLOR ST,1231,,,,,,,2,NO INDICATION OF INJURY,0,0,0,0,0,2,0,19,1,11,41.86920944,-87.66293321,POINT (-87.662933214191 41.869209441681),1
JA500363,,11/5/2017 19:55,30,NO CONTROLS,NO CONTROLS,CLEAR,"DARKNESS, LIGHTED ROAD",REAR END,DIVIDED - W/MEDIAN (NOT RAISED),4,STRAIGHT AND LEVEL,DRY,UNKNOWN,NOT ON SCENE (DESK REPORT),NO INJURY / DRIVE AWAY,,,,"OVER $1,500",11/5/2017 20:25,UNABLE TO DETERMINE,UNABLE TO DETERMINE,8011,S,WESTERN AVE,835,,,,,,,3,NO INDICATION OF INJURY,0,0,0,0,0,3,0,19,1,11,41.74793375,-87.6826509,POINT (-87.682650900317 41.747933748259),1