RD_NO,CRASH_DATE_EST_I,CRASH_DATE,POSTED_SPEED_LIMIT,TRAFFIC_CONTROL_DEVICE,DEVICE_CONDITION,WEATHER_CONDITION,LIGHTING_CONDITION,FIRST_CRASH_TYPE,TRAFFICWAY_TYPE,LANE_CNT,ALIGNMENT,ROADWAY_SURFACE_COND,ROAD_DEFECT,REPORT_TYPE,CRASH_TYPE,INTERSECTION_RELATED_I,NOT_RIGHT_OF_WAY_I,HIT_AND_RUN_I,DAMAGE,DATE_POLICE_NOTIFIED,PRIM_CONTRIBUTORY_CAUSE,SEC_CONTRIBUTORY_CAUSE,STREET_NO,STREET_DIRECTION,STREET_NAME,BEAT_OF_OCCURRENCE,PHOTOS_TAKEN_I,STATEMENTS_TAKEN_I,DOORING_I,WORK_ZONE_I,WORK_ZONE_TYPE,WORKERS_PRESENT_I,NUM_UNITS,MOST_SEVERE_INJURY,INJURIES_TOTAL,INJURIES_FATAL,INJURIES_INCAPACITATING,INJURIES_NON_INCAPACITATING,INJURIES_REPORTED_NOT_EVIDENT,INJURIES_NO_INDICATION,INJURIES_UNKNOWN,CRASH_HOUR,CRASH_DAY_OF_WEEK,CRASH_MONTH,LATITUDE,LONGITUDE,LOCATION,Join
JA500341,,11/5/2017 20:00,30,NO CONTROLS,NO CONTROLS,CLEAR,DARKNESS,FIXED OBJECT,PARKING LOT,,STRAIGHT AND LEVEL,WET,NO DEFECTS,NOT ON SCENE (DESK REPORT),NO INJURY / DRIVE AWAY,,,,"OVER $1,500",11/5/2017 20:18,DISTRACTION - FROM OUTSIDE VEHICLE,NOT APPLICABLE,5600,S,COTTAGE GROVE AVE,233,,,,,,,1,NO INDICATION OF INJURY,0,0,0,0,0,1,0,20,1,11,41.79306176,-87.60633478,POINT (-87.606334780539 41.793061754501),1
JA500415,,11/5/2017 20:10,30,NO CONTROLS,NO CONTROLS,CLEAR,DARKNESS,PARKED MOTOR VEHICLE,NOT DIVIDED,1,STRAIGHT AND LEVEL,DRY,NO DEFECTS,ON SCENE,INJURY AND / OR TOW DUE TO CRASH,,,,"OVER $1,500",11/5/2017 21:39,FAILING TO REDUCE SPEED TO AVOID CRASH,EXCEEDING AUTHORIZED SPEED LIMIT,6351,S,ST LOUIS AVE,823,,,,,,,3,NO INDICATION OF INJURY,0,0,0,0,0,5,0,20,1,11,41.77732123,-87.7102245,POINT (-87.7102244951 41.777321225238),1
JA501692,,11/5/2017 20:15,30,NO CONTROLS,NO CONTROLS,CLEAR,DUSK,PEDALCYCLIST,NOT DIVIDED,,STRAIGHT AND LEVEL,DRY,NO DEFECTS,NOT ON SCENE (DESK REPORT),INJURY AND / OR TOW DUE TO CRASH,,,,"OVER $1,500",11/6/2017 19:15,UNABLE TO DETERMINE,UNABLE TO DETERMINE,4625,N,KEDZIE AVE,1713,,,,,,,2,"REPORTED, NOT EVIDENT",1,0,0,0,1,1,0,20,1,11,41.96548117,-87.7082353,POINT (-87.708235299512 41.965481169489),1
JA500369,,11/5/2017 20:19,30,STOP SIGN/FLASHER,FUNCTIONING PROPERLY,CLOUDY/OVERCAST,DUSK,REAR END,NOT DIVIDED,,STRAIGHT AND LEVEL,WET,NO DEFECTS,NOT ON SCENE (DESK REPORT),NO INJURY / DRIVE AWAY,,,Y,"OVER $1,500",11/5/2017 20:35,FOLLOWING TOO CLOSELY,UNABLE TO DETERMINE,2155,N,KOSTNER AVE,2522,,,,,,,2,NO INDICATION OF INJURY,0,0,0,0,0,3,0,20,1,11,41.92054452,-87.73628248,POINT (-87.736282476865 41.920544518975),1
JA500401,,11/5/2017 20:20,30,TRAFFIC SIGNAL,FUNCTIONING PROPERLY,CLEAR,"DARKNESS, LIGHTED ROAD",TURNING,OTHER,,STRAIGHT AND LEVEL,DRY,NO DEFECTS,NOT ON SCENE (DESK REPORT),NO INJURY / DRIVE AWAY,Y,,Y,"$501 - $1,500",11/5/2017 21:35,IMPROPER OVERTAKING/PASSING,FAILING TO REDUCE SPEED TO AVOID CRASH,6700,S,COTTAGE GROVE AVE,321,,,,,,,2,NO INDICATION OF INJURY,0,0,0,0,0,4,0,20,1,11,41.77304782,-87.60591305,POINT (-87.605913052872 41.773047821886),1
JA500359,,11/5/2017 20:20,35,TRAFFIC SIGNAL,FUNCTIONING PROPERLY,CLEAR,"DARKNESS, LIGHTED ROAD",REAR END,NOT DIVIDED,2,STRAIGHT AND LEVEL,DRY,NO DEFECTS,ON SCENE,INJURY AND / OR TOW DUE TO CRASH,Y,,Y,"OVER $1,500",11/5/2017 20:20,"OPERATING VEHICLE IN ERRATIC, RECKLESS, CARELESS, NEGLIGENT OR AGGRESSIVE MANNER",EXCEEDING AUTHORIZED SPEED LIMIT,4501,W,CHICAGO AVE,1111,,,,,,,3,INCAPACITATING INJURY,3,0,1,2,0,3,0,20,1,11,41.89502883,-87.73850967,POINT (-87.738509671268 41.895028831875),1
JA500471,,11/5/2017 20:30,35,NO CONTROLS,NO CONTROLS,CLEAR,"DARKNESS, LIGHTED ROAD",SIDESWIPE SAME DIRECTION,NOT DIVIDED,2,STRAIGHT AND LEVEL,WET,NO DEFECTS,NOT ON SCENE (DESK REPORT),NO INJURY / DRIVE AWAY,,,Y,"OVER $1,500",11/5/2017 22:30,FOLLOWING TOO CLOSELY,FOLLOWING TOO CLOSELY,140,W,CHICAGO AVE,1832,,,,,,,2,NO INDICATION OF INJURY,0,0,0,0,0,2,0,20,1,11,41.89672401,-87.63263957,POINT (-87.632639568349 41.896724014347),1
JA500477,,11/5/2017 20:30,30,NO CONTROLS,NO CONTROLS,UNKNOWN,"DARKNESS, LIGHTED ROAD",REAR END,NOT DIVIDED,,STRAIGHT AND LEVEL,WET,NO DEFECTS,NOT ON SCENE (DESK REPORT),NO INJURY / DRIVE AWAY,,,,"$501 - $1,500",11/5/2017 21:00,UNABLE TO DETERMINE,UNABLE TO DETERMINE,7715,S,COTTAGE GROVE AVE,624,,,,,,,2,NO INDICATION OF INJURY,0,0,0,0,0,2,0,20,1,11,41.75444669,-87.60513611,POINT (-87.605136112415 41.75444668619),1
JA500409,,11/5/2017 21:10,30,NO CONTROLS,NO CONTROLS,CLEAR,"DARKNESS, LIGHTED ROAD",SIDESWIPE SAME DIRECTION,DIVIDED - W/MEDIAN (NOT RAISED),,STRAIGHT AND LEVEL,DRY,NO DEFECTS,NOT ON SCENE (DESK REPORT),NO INJURY / DRIVE AWAY,,,,"$501 - $1,500",11/5/2017 21:35,UNABLE TO DETERMINE,UNABLE TO DETERMINE,6400,N,RIDGE BLVD,2412,,,,,,,2,NO INDICATION OF INJURY,0,0,0,0,0,2,0,21,1,11,41.99801926,-87.67701946,POINT (-87.677019460109 41.998019258165),1
JA500444,,11/5/2017 21:15,30,NO CONTROLS,NO CONTROLS,CLEAR,"DARKNESS, LIGHTED ROAD",OTHER NONCOLLISION,NOT DIVIDED,2,STRAIGHT AND LEVEL,DRY,NO DEFECTS,NOT ON SCENE (DESK REPORT),NO INJURY / DRIVE AWAY,,,,"$501 - $1,500",11/5/2017 22:15,NOT APPLICABLE,NOT APPLICABLE,3010,W,DEVON AVE,2412,,,,Y,CONSTRUCTION,,2,NO INDICATION OF INJURY,0,0,0,0,0,2,0,21,1,11,41.99757606,-87.70500111,POINT (-87.705001108046 41.997576060833),1
JA500422,,11/5/2017 21:27,30,NO CONTROLS,NO CONTROLS,CLEAR,"DARKNESS, LIGHTED ROAD",PARKED MOTOR VEHICLE,NOT DIVIDED,2,STRAIGHT AND LEVEL,DRY,NO DEFECTS,ON SCENE,INJURY AND / OR TOW DUE TO CRASH,,,,"OVER $1,500",11/5/2017 21:27,UNABLE TO DETERMINE,UNABLE TO DETERMINE,4225,N,PULASKI RD,1723,,,,,,,2,NO INDICATION OF INJURY,0,0,0,0,0,3,0,21,1,11,41.95800957,-87.72759612,POINT (-87.727596123879 41.95800957053),1
JA501031,,11/5/2017 21:40,0,NO CONTROLS,NO CONTROLS,RAIN,"DARKNESS, LIGHTED ROAD",PARKED MOTOR VEHICLE,PARKING LOT,,STRAIGHT AND LEVEL,WET,NO DEFECTS,NOT ON SCENE (DESK REPORT),INJURY AND / OR TOW DUE TO CRASH,,,,"$501 - $1,500",11/6/2017 12:00,DRIVING SKILLS/KNOWLEDGE/EXPERIENCE,UNABLE TO DETERMINE,8331,S,STEWART AVE,622,,,,,,,2,NONINCAPACITATING INJURY,1,0,0,1,0,2,0,21,1,11,41.74257762,-87.63393693,POINT (-87.633936930688 41.742577617335),1
JA500454,,11/5/2017 22:01,30,NO CONTROLS,NO CONTROLS,CLEAR,"DARKNESS, LIGHTED ROAD",PARKED MOTOR VEHICLE,NOT DIVIDED,4,STRAIGHT AND LEVEL,DRY,NO DEFECTS,ON SCENE,NO INJURY / DRIVE AWAY,,,,"$501 - $1,500",11/5/2017 22:01,IMPROPER BACKING,UNABLE TO DETERMINE,4444,W,IRVING PARK RD,1722,,,,,,,2,NO INDICATION OF INJURY,0,0,0,0,0,1,0,22,1,11,41.9536212,-87.73981301,POINT (-87.739813005919 41.953621202012),1
JA500455,,11/5/2017 22:05,35,NO CONTROLS,NO CONTROLS,CLEAR,"DARKNESS, LIGHTED ROAD",TURNING,DIVIDED - W/MEDIAN (NOT RAISED),4,STRAIGHT AND LEVEL,DRY,NO DEFECTS,ON SCENE,INJURY AND / OR TOW DUE TO CRASH,,,,"OVER $1,500",11/5/2017 22:06,EXCEEDING AUTHORIZED SPEED LIMIT,EXCEEDING SAFE SPEED FOR CONDITIONS,10337,S,PULASKI RD,2211,,,,,,,2,NONINCAPACITATING INJURY,2,0,0,2,0,0,0,22,1,11,41.70476497,-87.72072393,POINT (-87.72072393036 41.704764970212),1
JA500526,,11/5/2017 22:05,30,TRAFFIC SIGNAL,FUNCTIONING PROPERLY,CLEAR,"DARKNESS, LIGHTED ROAD",REAR END,DIVIDED - W/MEDIAN (NOT RAISED),,STRAIGHT AND LEVEL,DRY,NO DEFECTS,NOT ON SCENE (DESK REPORT),NO INJURY / DRIVE AWAY,,,Y,"OVER $1,500",11/6/2017 0:08,UNABLE TO DETERMINE,NOT APPLICABLE,11400,S,PULASKI RD,2211,,,,,,,2,NO INDICATION OF INJURY,0,0,0,0,0,2,0,22,1,11,41.68570487,-87.72026357,POINT (-87.720263572365 41.685704869729),1
JA500512,,11/5/2017 22:22,30,NO CONTROLS,NO CONTROLS,CLEAR,"DARKNESS, LIGHTED ROAD",FIXED OBJECT,NOT DIVIDED,,STRAIGHT AND LEVEL,DRY,NO DEFECTS,ON SCENE,INJURY AND / OR TOW DUE TO CRASH,,Y,,"OVER $1,500",11/5/2017 22:23,UNABLE TO DETERMINE,NOT APPLICABLE,1400,W,NORTH AVE,1433,,,,,,,1,NO INDICATION OF INJURY,0,0,0,0,0,1,0,22,1,11,41.91080682,-87.66310493,POINT (-87.66310493406 41.910806819199),1
JA500473,,11/5/2017 22:30,30,TRAFFIC SIGNAL,FUNCTIONING PROPERLY,CLEAR,"DARKNESS, LIGHTED ROAD",SIDESWIPE SAME DIRECTION,DIVIDED - W/MEDIAN BARRIER,,STRAIGHT AND LEVEL,DRY,NO DEFECTS,ON SCENE,NO INJURY / DRIVE AWAY,Y,,Y,$500 OR LESS,11/5/2017 22:45,"OPERATING VEHICLE IN ERRATIC, RECKLESS, CARELESS, NEGLIGENT OR AGGRESSIVE MANNER",NOT APPLICABLE,300,S,MICHIGAN AVE,113,,,,,,,2,NO INDICATION OF INJURY,0,0,0,0,0,3,0,22,1,11,41.87821735,-87.62445584,POINT (-87.624455840297 41.878217345311),1
JA500821,,11/5/2017 22:45,30,NO CONTROLS,NO CONTROLS,CLEAR,DAYLIGHT,ANGLE,DIVIDED - W/MEDIAN (NOT RAISED),2,STRAIGHT AND LEVEL,DRY,NO DEFECTS,NOT ON SCENE (DESK REPORT),NO INJURY / DRIVE AWAY,,,,"OVER $1,500",11/6/2017 9:45,FAILING TO YIELD RIGHT-OF-WAY,NOT APPLICABLE,7180,W,GRAND AVE,2512,,,,,,,2,NO INDICATION OF INJURY,0,0,0,0,0,2,0,22,1,11,41.92402118,-87.80562441,POINT (-87.805624406301 41.92402117963),1
JA500516,,11/5/2017 22:57,20,NO CONTROLS,NO CONTROLS,CLEAR,"DARKNESS, LIGHTED ROAD",REAR END,ONE-WAY,1,STRAIGHT AND LEVEL,OTHER,OTHER,ON SCENE,NO INJURY / DRIVE AWAY,,,,"$501 - $1,500",11/5/2017 22:57,IMPROPER BACKING,DRIVING SKILLS/KNOWLEDGE/EXPERIENCE,6358,N,OAKLEY AVE,2413,,Y,,Y,CONSTRUCTION,,2,NO INDICATION OF INJURY,0,0,0,0,0,4,0,22,1,11,41.99767818,-87.68758994,POINT (-87.687589935093 41.997678175303),1
JA500490,N,11/5/2017 23:00,25,NO CONTROLS,NO CONTROLS,CLEAR,DAWN,PARKED MOTOR VEHICLE,ONE-WAY,1,STRAIGHT AND LEVEL,DRY,UNKNOWN,ON SCENE,INJURY AND / OR TOW DUE TO CRASH,,,Y,$500 OR LESS,11/5/2017 23:00,FAILING TO REDUCE SPEED TO AVOID CRASH,NOT APPLICABLE,7614,S,GREEN ST,621,N,,,,,,2,NO INDICATION OF INJURY,0,0,0,0,0,1,0,23,1,11,41.75559513,-87.6455287,POINT (-87.645528698586 41.755595131513),1
JA500502,,11/5/2017 23:16,30,TRAFFIC SIGNAL,UNKNOWN,CLEAR,"DARKNESS, LIGHTED ROAD",SIDESWIPE SAME DIRECTION,DIVIDED - W/MEDIAN BARRIER,3,STRAIGHT AND LEVEL,DRY,NO DEFECTS,NOT ON SCENE (DESK REPORT),NO INJURY / DRIVE AWAY,,,,"OVER $1,500",11/5/2017 23:20,UNABLE TO DETERMINE,NOT APPLICABLE,962,N,LA SALLE DR,1832,,,N,,,,2,NO INDICATION OF INJURY,0,0,0,0,0,4,0,23,1,11,41.90047009,-87.63298325,POINT (-87.632983251651 41.900470091288),1
JA502657,,11/5/2017 23:30,30,NO CONTROLS,NO CONTROLS,CLEAR,"DARKNESS, LIGHTED ROAD",HEAD ON,NOT DIVIDED,,STRAIGHT AND LEVEL,DRY,NO DEFECTS,NOT ON SCENE (DESK REPORT),NO INJURY / DRIVE AWAY,,,,"OVER $1,500",11/7/2017 15:20,UNABLE TO DETERMINE,UNABLE TO DETERMINE,3527,W,LELAND AVE,1723,,,,,,,2,NO INDICATION OF INJURY,0,0,0,0,0,2,0,23,1,11,41.96643461,-87.71691281,POINT (-87.716912806698 41.96643461211),1
JA500850,,11/5/2017 23:30,30,NO CONTROLS,NO CONTROLS,CLEAR,"DARKNESS, LIGHTED ROAD",TURNING,PARKING LOT,2,STRAIGHT AND LEVEL,DRY,UNKNOWN,NOT ON SCENE (DESK REPORT),NO INJURY / DRIVE AWAY,,,,"OVER $1,500",11/6/2017 10:00,UNABLE TO DETERMINE,UNABLE TO DETERMINE,7180,W,GRAND AVE,2512,,,,,,,2,NO INDICATION OF INJURY,0,0,0,0,0,2,0,23,1,11,41.92402118,-87.80562441,POINT (-87.805624406301 41.92402117963),1
JA500524,,11/5/2017 23:32,30,NO CONTROLS,NO CONTROLS,CLEAR,"DARKNESS, LIGHTED ROAD",SIDESWIPE SAME DIRECTION,ONE-WAY,1,STRAIGHT AND LEVEL,DRY,UNKNOWN,NOT ON SCENE (DESK REPORT),NO INJURY / DRIVE AWAY,,,,$500 OR LESS,11/6/2017 0:30,DRIVING SKILLS/KNOWLEDGE/EXPERIENCE,NOT APPLICABLE,849,W,LAKESIDE PL,1914,,,,,,,2,NO INDICATION OF INJURY,0,0,0,0,0,3,0,23,1,11,41.96812438,-87.65194426,POINT (-87.651944258138 41.968124383076),1
JA501419,,11/5/2017 23:40,30,NO CONTROLS,NO CONTROLS,CLEAR,"DARKNESS, LIGHTED ROAD",REAR END,ONE-WAY,3,STRAIGHT AND LEVEL,DRY,NO DEFECTS,NOT ON SCENE (DESK REPORT),INJURY AND / OR TOW DUE TO CRASH,,,,"OVER $1,500",11/6/2017 16:20,FOLLOWING TOO CLOSELY,UNABLE TO DETERMINE,733,N,DEARBORN ST,1832,,,,,,,2,NONINCAPACITATING INJURY,1,0,0,1,0,1,0,23,1,11,41.89583716,-87.62961223,POINT (-87.629612232736 41.895837160145),1
JA500521,Y,11/5/2017 23:47,35,TRAFFIC SIGNAL,FUNCTIONING PROPERLY,CLEAR,"DARKNESS, LIGHTED ROAD",REAR END,NOT DIVIDED,4,STRAIGHT AND LEVEL,DRY,NO DEFECTS,ON SCENE,NO INJURY / DRIVE AWAY,Y,,,"$501 - $1,500",11/5/2017 23:47,FOLLOWING TOO CLOSELY,PHYSICAL CONDITION OF DRIVER,4165,S,HALSTED ST,925,,,,,,,2,NO INDICATION OF INJURY,0,0,0,0,0,2,0,23,1,11,41.8184565,-87.64564162,POINT (-87.645641624143 41.818456497304),1
JA500535,,11/5/2017 23:49,35,STOP SIGN/FLASHER,FUNCTIONING PROPERLY,CLEAR,"DARKNESS, LIGHTED ROAD",ANGLE,NOT DIVIDED,4,STRAIGHT AND LEVEL,DRY,NO DEFECTS,NOT ON SCENE (DESK REPORT),NO INJURY / DRIVE AWAY,,,,"OVER $1,500",11/6/2017 0:15,FAILING TO YIELD RIGHT-OF-WAY,NOT APPLICABLE,2001,S,ARCHER AVE,131,,,,,,,2,NO INDICATION OF INJURY,0,0,0,0,0,2,0,23,1,11,41.85530714,-87.62949717,POINT (-87.629497168139 41.855307141196),1
JA502399,,11/6/2017 0:01,20,NO CONTROLS,NO CONTROLS,CLEAR,"DARKNESS, LIGHTED ROAD",PARKED MOTOR VEHICLE,PARKING LOT,,STRAIGHT AND LEVEL,DRY,NO DEFECTS,NOT ON SCENE (DESK REPORT),NO INJURY / DRIVE AWAY,,,Y,"$501 - $1,500",11/7/2017 7:30,UNABLE TO DETERMINE,NOT APPLICABLE,417,S,JEFFERSON ST,121,,,,,,,2,NO INDICATION OF INJURY,0,0,0,0,0,1,0,0,2,11,41.87624312,-87.64233596,POINT (-87.642335959134 41.876243116742),1
JA500529,Y,11/6/2017 0:10,30,NO CONTROLS,NO CONTROLS,CLEAR,"DARKNESS, LIGHTED ROAD",PARKED MOTOR VEHICLE,NOT DIVIDED,,STRAIGHT AND LEVEL,DRY,UNKNOWN,ON SCENE,INJURY AND / OR TOW DUE TO CRASH,,,Y,"$501 - $1,500",11/6/2017 0:12,UNABLE TO DETERMINE,NOT APPLICABLE,5427,W,WINDSOR AVE,1623,,,,,,,3,NO INDICATION OF INJURY,0,0,0,0,0,3,0,0,2,11,41.9632123,-87.7635459,POINT (-87.76354590212 41.963212300784),1
JA500554,N,11/6/2017 0:30,25,NO CONTROLS,NO CONTROLS,CLEAR,"DARKNESS, LIGHTED ROAD",PARKED MOTOR VEHICLE,ONE-WAY,1,STRAIGHT AND LEVEL,DRY,NO DEFECTS,ON SCENE,NO INJURY / DRIVE AWAY,,,Y,"$501 - $1,500",11/6/2017 0:43,NOT APPLICABLE,NOT APPLICABLE,9249,S,MAY ST,2222,,,,,,,2,NO INDICATION OF INJURY,0,0,0,0,0,1,0,0,2,11,41.72538194,-87.65168601,POINT (-87.651686010714 41.725381935356),1
JA500560,,11/6/2017 0:49,30,NO CONTROLS,FUNCTIONING PROPERLY,CLEAR,"DARKNESS, LIGHTED ROAD",REAR END,DIVIDED - W/MEDIAN (NOT RAISED),,STRAIGHT AND LEVEL,DRY,NO DEFECTS,ON SCENE,INJURY AND / OR TOW DUE TO CRASH,Y,,,"$501 - $1,500",11/6/2017 0:49,FOLLOWING TOO CLOSELY,UNABLE TO DETERMINE,3400,N,OAK PARK AVE,1632,,,,,,,2,NO INDICATION OF INJURY,0,0,0,0,0,2,0,0,2,11,41.94190142,-87.79599,POINT (-87.795989999621 41.941901418645),1
JA501102,Y,11/6/2017 1:00,30,NO CONTROLS,NO CONTROLS,CLEAR,DARKNESS,PARKED MOTOR VEHICLE,NOT DIVIDED,,STRAIGHT AND LEVEL,DRY,NO DEFECTS,NOT ON SCENE (DESK REPORT),NO INJURY / DRIVE AWAY,,,Y,"OVER $1,500",11/6/2017 12:50,UNABLE TO DETERMINE,NOT APPLICABLE,5323,N,ROCKWELL ST,2011,,,,,,,2,NO INDICATION OF INJURY,0,0,0,0,0,1,0,1,2,11,41.97842022,-87.69398995,POINT (-87.693989946448 41.978420219255),1
JA501138,,11/6/2017 1:50,30,NO CONTROLS,NO CONTROLS,CLEAR,"DARKNESS, LIGHTED ROAD",PARKED MOTOR VEHICLE,NOT DIVIDED,,STRAIGHT AND LEVEL,DRY,NO DEFECTS,ON SCENE,INJURY AND / OR TOW DUE TO CRASH,,,Y,"$501 - $1,500",11/6/2017 12:00,NOT APPLICABLE,NOT APPLICABLE,2429,N,CLARK ST,1935,,,,,,,2,NO INDICATION OF INJURY,0,0,0,0,0,1,0,1,2,11,41.92642446,-87.64083126,POINT (-87.640831261036 41.926424456472),1
JA500582,,11/6/2017 2:00,30,TRAFFIC SIGNAL,FUNCTIONING PROPERLY,CLEAR,"DARKNESS, LIGHTED ROAD",SIDESWIPE SAME DIRECTION,NOT DIVIDED,4,STRAIGHT AND LEVEL,DRY,NO DEFECTS,NOT ON SCENE (DESK REPORT),NO INJURY / DRIVE AWAY,Y,,Y,"$501 - $1,500",11/6/2017 2:00,UNABLE TO DETERMINE,UNABLE TO DETERMINE,4800,S,ASHLAND AVE,931,,,,,,,2,NO INDICATION OF INJURY,0,0,0,0,0,2,0,2,2,11,41.80668905,-87.665065,POINT (-87.665065002859 41.806689045263),1
JA500580,,11/6/2017 2:04,25,NO CONTROLS,NO CONTROLS,CLEAR,"DARKNESS, LIGHTED ROAD",ANGLE,OTHER,,STRAIGHT AND LEVEL,DRY,NO DEFECTS,ON SCENE,NO INJURY / DRIVE AWAY,,,,$500 OR LESS,11/6/2017 2:04,IMPROPER BACKING,NOT APPLICABLE,802,W,RANDOLPH SD,1224,,,,,,,2,NO INDICATION OF INJURY,0,0,0,0,0,2,0,2,2,11,41.88451431,-87.64758485,POINT (-87.647584852536 41.884514309758),1
JA500598,,11/6/2017 3:11,35,UNKNOWN,FUNCTIONING PROPERLY,CLEAR,DARKNESS,ANGLE,NOT DIVIDED,,STRAIGHT AND LEVEL,DRY,NO DEFECTS,ON SCENE,INJURY AND / OR TOW DUE TO CRASH,,,,"OVER $1,500",11/6/2017 3:11,DISREGARDING TRAFFIC SIGNALS,DISREGARDING TRAFFIC SIGNALS,3200,W,DIVERSEY AVE,1412,,,,,,,2,NONINCAPACITATING INJURY,1,0,0,1,0,1,0,3,2,11,41.93213954,-87.70748691,POINT (-87.707486911862 41.932139541722),1
JA501312,,11/6/2017 3:30,30,TRAFFIC SIGNAL,FUNCTIONING PROPERLY,CLEAR,"DARKNESS, LIGHTED ROAD",SIDESWIPE SAME DIRECTION,NOT DIVIDED,4,STRAIGHT AND LEVEL,DRY,NO DEFECTS,NOT ON SCENE (DESK REPORT),NO INJURY / DRIVE AWAY,,,,"$501 - $1,500",11/6/2017 15:00,IMPROPER LANE USAGE,UNABLE TO DETERMINE,401,W,BELMONT AVE,1934,,,,,,,2,NO INDICATION OF INJURY,0,0,0,0,0,4,0,3,2,11,41.94002309,-87.6396057,POINT (-87.639605697722 41.940023085573),1
JA500606,,11/6/2017 3:37,30,NO CONTROLS,UNKNOWN,CLOUDY/OVERCAST,DARKNESS,PARKED MOTOR VEHICLE,ONE-WAY,1,STRAIGHT AND LEVEL,DRY,NO DEFECTS,ON SCENE,INJURY AND / OR TOW DUE TO CRASH,,,Y,"OVER $1,500",11/6/2017 3:38,FAILING TO REDUCE SPEED TO AVOID CRASH,IMPROPER LANE USAGE,536,E,88TH ST,632,,,,,,,3,NO INDICATION OF INJURY,0,0,0,0,0,2,0,3,2,11,41.73484888,-87.61057952,POINT (-87.610579523687 41.73484887622),1
JA500608,,11/6/2017 4:00,30,STOP SIGN/FLASHER,FUNCTIONING PROPERLY,CLEAR,DUSK,ANGLE,ONE-WAY,1,STRAIGHT AND LEVEL,DRY,NO DEFECTS,ON SCENE,NO INJURY / DRIVE AWAY,,,,"$501 - $1,500",11/6/2017 4:05,DISREGARDING STOP SIGN,DRIVING SKILLS/KNOWLEDGE/EXPERIENCE,3828,W,26TH ST,1013,,,,,,,2,NO INDICATION OF INJURY,0,0,0,0,0,2,0,4,2,11,41.84440975,-87.72083513,POINT (-87.720835124652 41.844409747615),1
JA500610,,11/6/2017 4:00,30,TRAFFIC SIGNAL,FUNCTIONING PROPERLY,CLEAR,"DARKNESS, LIGHTED ROAD",FIXED OBJECT,NOT DIVIDED,2,STRAIGHT AND LEVEL,DRY,NO DEFECTS,ON SCENE,INJURY AND / OR TOW DUE TO CRASH,,Y,,"OVER $1,500",11/6/2017 4:05,EXCEEDING SAFE SPEED FOR CONDITIONS,"OPERATING VEHICLE IN ERRATIC, RECKLESS, CARELESS, NEGLIGENT OR AGGRESSIVE MANNER",5601,W,CORCORAN PL,1512,,,,,,,1,NONINCAPACITATING INJURY,1,0,0,1,0,0,0,4,2,11,41.88710917,-87.76518716,POINT (-87.765187156075 41.887109173286),1
JA501449,,11/6/2017 4:00,30,NO CONTROLS,NO CONTROLS,CLEAR,DAYLIGHT,PARKED MOTOR VEHICLE,ONE-WAY,,STRAIGHT AND LEVEL,DRY,NO DEFECTS,NOT ON SCENE (DESK REPORT),NO INJURY / DRIVE AWAY,,,Y,"OVER $1,500",11/6/2017 16:45,UNABLE TO DETERMINE,UNABLE TO DETERMINE,6610,N,MAPLEWOOD AVE,2412,,,,,,,2,NO INDICATION OF INJURY,0,0,0,0,0,1,0,4,2,11,42.00167573,-87.69379572,POINT (-87.693795724405 42.001675729484),1
JA500611,,11/6/2017 4:10,45,NO CONTROLS,NO CONTROLS,CLEAR,"DARKNESS, LIGHTED ROAD",OTHER NONCOLLISION,DIVIDED - W/MEDIAN BARRIER,4,STRAIGHT AND LEVEL,DRY,NO DEFECTS,ON SCENE,INJURY AND / OR TOW DUE TO CRASH,,,,"OVER $1,500",11/6/2017 4:13,DISTRACTION - FROM INSIDE VEHICLE,NOT APPLICABLE,8840,S,LAKE SHORE DR,424,,,,,,,1,NONINCAPACITATING INJURY,1,0,0,1,0,1,0,4,2,11,41.73439831,-87.54039071,POINT (-87.540390712622 41.734398311534),1
JA500986,,11/6/2017 4:50,30,TRAFFIC SIGNAL,FUNCTIONING PROPERLY,CLEAR,"DARKNESS, LIGHTED ROAD",ANGLE,NOT DIVIDED,,STRAIGHT AND LEVEL,DRY,NO DEFECTS,NOT ON SCENE (DESK REPORT),NO INJURY / DRIVE AWAY,,,Y,"OVER $1,500",11/6/2017 11:35,UNABLE TO DETERMINE,UNABLE TO DETERMINE,6400,W,BELMONT AVE,1632,,,,,,,2,NO INDICATION OF INJURY,0,0,0,0,0,2,0,4,2,11,41.93842646,-87.7860894,POINT (-87.78608939776 41.938426462543),1
JA501682,,11/6/2017 5:30,35,NO CONTROLS,NO CONTROLS,CLEAR,DARKNESS,PARKED MOTOR VEHICLE,OTHER,,STRAIGHT AND LEVEL,DRY,NO DEFECTS,NOT ON SCENE (DESK REPORT),NO INJURY / DRIVE AWAY,,,,"OVER $1,500",11/6/2017 17:30,UNABLE TO DETERMINE,UNABLE TO DETERMINE,1000,E,48TH ST,222,,,,,,,2,NO INDICATION OF INJURY,0,0,0,0,0,1,0,5,2,11,41.80788238,-87.60154486,POINT (-87.60154485961 41.807882380718),1
JA500630,,11/6/2017 5:35,30,NO CONTROLS,NO CONTROLS,CLEAR,DAWN,REAR END,NOT DIVIDED,2,STRAIGHT AND LEVEL,DRY,NO DEFECTS,ON SCENE,INJURY AND / OR TOW DUE TO CRASH,,,Y,"OVER $1,500",11/6/2017 5:40,UNABLE TO DETERMINE,NOT APPLICABLE,1740,W,35TH ST,912,,,,,,,3,NONINCAPACITATING INJURY,2,0,0,2,0,1,0,5,2,11,41.83056281,-87.66957917,POINT (-87.669579171319 41.830562806041),1