RD_NO,CRASH_DATE_EST_I,CRASH_DATE,POSTED_SPEED_LIMIT,TRAFFIC_CONTROL_DEVICE,DEVICE_CONDITION,WEATHER_CONDITION,LIGHTING_CONDITION,FIRST_CRASH_TYPE,TRAFFICWAY_TYPE,LANE_CNT,ALIGNMENT,ROADWAY_SURFACE_COND,ROAD_DEFECT,REPORT_TYPE,CRASH_TYPE,INTERSECTION_RELATED_I,NOT_RIGHT_OF_WAY_I,HIT_AND_RUN_I,DAMAGE,DATE_POLICE_NOTIFIED,PRIM_CONTRIBUTORY_CAUSE,SEC_CONTRIBUTORY_CAUSE,STREET_NO,STREET_DIRECTION,STREET_NAME,BEAT_OF_OCCURRENCE,PHOTOS_TAKEN_I,STATEMENTS_TAKEN_I,DOORING_I,WORK_ZONE_I,WORK_ZONE_TYPE,WORKERS_PRESENT_I,NUM_UNITS,MOST_SEVERE_INJURY,INJURIES_TOTAL,INJURIES_FATAL,INJURIES_INCAPACITATING,INJURIES_NON_INCAPACITATING,INJURIES_REPORTED_NOT_EVIDENT,INJURIES_NO_INDICATION,INJURIES_UNKNOWN,CRASH_HOUR,CRASH_DAY_OF_WEEK,CRASH_MONTH,LATITUDE,LONGITUDE,LOCATION,Join
JA500641,,11/6/2017 5:48,20,NO CONTROLS,NO CONTROLS,CLEAR,DAWN,PEDESTRIAN,DRIVEWAY,1,STRAIGHT AND LEVEL,DRY,NO DEFECTS,ON SCENE,INJURY AND / OR TOW DUE TO CRASH,,Y,Y,$500 OR LESS,11/6/2017 6:25,UNABLE TO DETERMINE,UNABLE TO DETERMINE,29,E,87TH ST,632,,,,,,,2,"REPORTED, NOT EVIDENT",1,0,0,0,1,1,0,5,2,11,41.73625546,-87.62291751,POINT (-87.622917508206 41.73625546179),1
JA500634,Y,11/6/2017 5:50,25,TRAFFIC SIGNAL,FUNCTIONING PROPERLY,CLEAR,DARKNESS,SIDESWIPE SAME DIRECTION,NOT DIVIDED,2,STRAIGHT AND LEVEL,DRY,NO DEFECTS,NOT ON SCENE (DESK REPORT),NO INJURY / DRIVE AWAY,,,,"OVER $1,500",11/6/2017 6:30,UNABLE TO DETERMINE,UNABLE TO DETERMINE,1800,N,CLARK ST,1814,,,,,,,2,NO INDICATION OF INJURY,0,0,0,0,0,2,0,5,2,11,41.9148168,-87.63402763,POINT (-87.634027625066 41.914816804195),1
JA504283,,11/6/2017 5:50,30,TRAFFIC SIGNAL,FUNCTIONING PROPERLY,CLEAR,"DARKNESS, LIGHTED ROAD",REAR END,DIVIDED - W/MEDIAN (NOT RAISED),,STRAIGHT AND LEVEL,DRY,NO DEFECTS,NOT ON SCENE (DESK REPORT),NO INJURY / DRIVE AWAY,,,,"OVER $1,500",11/8/2017 18:00,FOLLOWING TOO CLOSELY,NOT APPLICABLE,6757,W,GRAND AVE,2512,,,,,,,2,NO INDICATION OF INJURY,0,0,0,0,0,2,0,5,2,11,41.92349376,-87.79470503,POINT (-87.794705028868 41.923493764269),1
JA500755,,11/6/2017 6:15,30,NO CONTROLS,NO CONTROLS,CLEAR,DAYLIGHT,REAR END,NOT DIVIDED,,STRAIGHT AND LEVEL,DRY,UNKNOWN,ON SCENE,NO INJURY / DRIVE AWAY,,,,$500 OR LESS,11/6/2017 8:55,UNABLE TO DETERMINE,UNABLE TO DETERMINE,4700,W,ARTHINGTON ST,1131,,,,,,,2,NO INDICATION OF INJURY,0,0,0,0,0,2,0,6,2,11,41.86968588,-87.74256018,POINT (-87.742560183682 41.869685874665),1
JA500855,,11/6/2017 6:43,20,STOP SIGN/FLASHER,NO CONTROLS,CLEAR,DAYLIGHT,PARKED MOTOR VEHICLE,NOT DIVIDED,1,STRAIGHT AND LEVEL,DRY,NO DEFECTS,NOT ON SCENE (DESK REPORT),NO INJURY / DRIVE AWAY,,,,"$501 - $1,500",11/6/2017 9:36,IMPROPER OVERTAKING/PASSING,DISREGARDING OTHER TRAFFIC SIGNS,1556,E,56TH ST,235,,,,,,,2,NO INDICATION OF INJURY,0,0,0,0,0,3,0,6,2,11,41.7934746,-87.58686328,POINT (-87.58686327533 41.793474599921),1
JA500740,,11/6/2017 7:00,30,NO CONTROLS,NO CONTROLS,CLEAR,DAYLIGHT,SIDESWIPE OPPOSITE DIRECTION,ONE-WAY,1,STRAIGHT AND LEVEL,DRY,NO DEFECTS,NOT ON SCENE (DESK REPORT),NO INJURY / DRIVE AWAY,,,Y,$500 OR LESS,11/6/2017 8:29,IMPROPER OVERTAKING/PASSING,NOT APPLICABLE,9600,S,GREENWOOD AVE,511,,,,,,,2,NO INDICATION OF INJURY,0,0,0,0,0,2,0,7,2,11,41.72023931,-87.59729633,POINT (-87.597296330454 41.720239313925),1
JA500842,,11/6/2017 7:00,30,TRAFFIC SIGNAL,FUNCTIONING PROPERLY,CLEAR,DAYLIGHT,SIDESWIPE SAME DIRECTION,DIVIDED - W/MEDIAN (NOT RAISED),4,STRAIGHT AND LEVEL,DRY,NO DEFECTS,NOT ON SCENE (DESK REPORT),NO INJURY / DRIVE AWAY,Y,,,"$501 - $1,500",11/6/2017 9:30,UNABLE TO DETERMINE,UNABLE TO DETERMINE,1153,N,WESTERN AVE,1212,,,,,,,2,NO INDICATION OF INJURY,0,0,0,0,0,2,0,7,2,11,41.90283263,-87.68687459,POINT (-87.686874589129 41.902832632198),1
JA500674,,11/6/2017 7:05,30,NO CONTROLS,NO CONTROLS,CLEAR,DAYLIGHT,REAR END,ONE-WAY,,STRAIGHT AND LEVEL,DRY,NO DEFECTS,NOT ON SCENE (DESK REPORT),NO INJURY / DRIVE AWAY,,,,$500 OR LESS,11/6/2017 7:45,FOLLOWING TOO CLOSELY,NOT APPLICABLE,8659,S,STATE ST,632,,,,,,,2,NO INDICATION OF INJURY,0,0,0,0,0,2,0,7,2,11,41.73635801,-87.62401506,POINT (-87.624015058087 41.736358013424),1
JA500691,,11/6/2017 7:15,30,TRAFFIC SIGNAL,FUNCTIONING PROPERLY,CLEAR,DAYLIGHT,TURNING,OTHER,4,STRAIGHT AND LEVEL,DRY,UNKNOWN,,NO INJURY / DRIVE AWAY,,,Y,"OVER $1,500",11/6/2017 7:56,IMPROPER TURNING/NO SIGNAL,IMPROPER TURNING/NO SIGNAL,3,W,MARQUETTE RD,322,,,,,,,2,NO INDICATION OF INJURY,0,0,0,0,0,2,0,7,2,11,41.77260997,-87.62536416,POINT (-87.625364162174 41.772609966798),1
JA500698,Y,11/6/2017 7:15,30,TRAFFIC SIGNAL,FUNCTIONING PROPERLY,CLEAR,DAYLIGHT,ANGLE,NOT DIVIDED,4,STRAIGHT AND LEVEL,DRY,NO DEFECTS,NOT ON SCENE (DESK REPORT),NO INJURY / DRIVE AWAY,Y,,,"OVER $1,500",11/6/2017 8:05,FAILING TO YIELD RIGHT-OF-WAY,DISREGARDING TRAFFIC SIGNALS,3201,W,BELMONT AVE,1412,,Y,,,,,2,NO INDICATION OF INJURY,0,0,0,0,0,2,0,7,2,11,41.93922105,-87.7077146,POINT (-87.707714602329 41.939221048898),1
JA500699,,11/6/2017 7:15,30,NO CONTROLS,NO CONTROLS,CLEAR,DAYLIGHT,ANGLE,DIVIDED - W/MEDIAN (NOT RAISED),2,STRAIGHT AND LEVEL,DRY,NO DEFECTS,ON SCENE,INJURY AND / OR TOW DUE TO CRASH,Y,,,"OVER $1,500",11/6/2017 7:20,FAILING TO YIELD RIGHT-OF-WAY,UNABLE TO DETERMINE,3150,W,FOSTER AVE,1712,,,,,,,2,NO INDICATION OF INJURY,0,0,0,0,0,2,0,7,2,11,41.97586081,-87.70830711,POINT (-87.708307107771 41.975860812097),1
JA500659,,11/6/2017 7:19,30,TRAFFIC SIGNAL,FUNCTIONING PROPERLY,CLEAR,DAYLIGHT,TURNING,DIVIDED - W/MEDIAN (NOT RAISED),0,STRAIGHT AND LEVEL,DRY,NO DEFECTS,ON SCENE,INJURY AND / OR TOW DUE TO CRASH,Y,,,"OVER $1,500",11/6/2017 7:19,FAILING TO YIELD RIGHT-OF-WAY,IMPROPER OVERTAKING/PASSING,1300,S,WABASH AVE,131,,,,,,,2,NO INDICATION OF INJURY,0,0,0,0,0,2,0,7,2,11,41.86567587,-87.62594353,POINT (-87.625943531346 41.865675872378),1
JA500669,,11/6/2017 7:20,30,STOP SIGN/FLASHER,FUNCTIONING PROPERLY,CLEAR,DAYLIGHT,ANGLE,NOT DIVIDED,3,STRAIGHT AND LEVEL,DRY,NO DEFECTS,ON SCENE,INJURY AND / OR TOW DUE TO CRASH,,,,"OVER $1,500",11/6/2017 7:30,FAILING TO YIELD RIGHT-OF-WAY,"VISION OBSCURED (SIGNS, TREE LIMBS, BUILDINGS, ETC.)",4758,N,ALBANY AVE,1713,,,,,,,2,NO INDICATION OF INJURY,0,0,0,0,0,2,0,7,2,11,41.96838156,-87.70617647,POINT (-87.706176466314 41.968381560848),1
JA500663,,11/6/2017 7:20,30,NO CONTROLS,FUNCTIONING PROPERLY,CLEAR,DAYLIGHT,SIDESWIPE SAME DIRECTION,NOT DIVIDED,2,STRAIGHT AND LEVEL,DRY,NO DEFECTS,NOT ON SCENE (DESK REPORT),NO INJURY / DRIVE AWAY,,,,"OVER $1,500",11/6/2017 7:30,IMPROPER OVERTAKING/PASSING,FAILING TO YIELD RIGHT-OF-WAY,5710,N,CENTRAL AVE,1622,,,,,,,2,NO INDICATION OF INJURY,0,0,0,0,0,3,0,7,2,11,41.98504507,-87.76844638,POINT (-87.768446380206 41.985045071686),1
JA500665,,11/6/2017 7:25,30,NO CONTROLS,NO CONTROLS,CLEAR,DAYLIGHT,SIDESWIPE SAME DIRECTION,DIVIDED - W/MEDIAN (NOT RAISED),2,STRAIGHT AND LEVEL,DRY,NO DEFECTS,NOT ON SCENE (DESK REPORT),NO INJURY / DRIVE AWAY,,,,"$501 - $1,500",11/6/2017 7:39,UNABLE TO DETERMINE,UNABLE TO DETERMINE,1035,W,BALMORAL AVE,2023,,,,,,,2,NO INDICATION OF INJURY,0,0,0,0,0,3,0,7,2,11,41.97991858,-87.65644027,POINT (-87.656440266348 41.979918574626),1
JA500673,,11/6/2017 7:25,30,STOP SIGN/FLASHER,FUNCTIONING PROPERLY,CLEAR,DAYLIGHT,TURNING,NOT DIVIDED,2,STRAIGHT AND LEVEL,DRY,NO DEFECTS,ON SCENE,INJURY AND / OR TOW DUE TO CRASH,Y,,,"OVER $1,500",11/6/2017 7:26,IMPROPER TURNING/NO SIGNAL,DRIVING SKILLS/KNOWLEDGE/EXPERIENCE,8400,S,YATES BLVD,412,,,,,,,2,NONINCAPACITATING INJURY,1,0,0,1,0,1,0,7,2,11,41.74255278,-87.56624252,POINT (-87.566242522868 41.742552781968),1
JA504177,,11/6/2017 7:30,30,NO CONTROLS,NO CONTROLS,CLEAR,DAYLIGHT,PEDESTRIAN,NOT DIVIDED,,STRAIGHT AND LEVEL,DRY,NO DEFECTS,NOT ON SCENE (DESK REPORT),NO INJURY / DRIVE AWAY,,,Y,"$501 - $1,500",11/8/2017 17:30,NOT APPLICABLE,NOT APPLICABLE,4000,W,BELMONT AVE,1731,,,,,,,2,NO INDICATION OF INJURY,0,0,0,0,0,2,0,7,2,11,41.93920375,-87.72731013,POINT (-87.727310134144 41.939203749866),1
JA501657,,11/6/2017 7:30,30,UNKNOWN,UNKNOWN,UNKNOWN,UNKNOWN,PARKED MOTOR VEHICLE,UNKNOWN,1,STRAIGHT AND LEVEL,UNKNOWN,UNKNOWN,NOT ON SCENE (DESK REPORT),NO INJURY / DRIVE AWAY,,,,"OVER $1,500",11/6/2017 19:45,UNABLE TO DETERMINE,NOT APPLICABLE,1300,N,HARDING AVE,2535,,,,,,,2,NO INDICATION OF INJURY,0,0,0,0,0,1,0,7,2,11,41.9045078,-87.72528906,POINT (-87.725289063092 41.90450780132),1
JA500764,,11/6/2017 7:30,30,NO CONTROLS,NO CONTROLS,CLEAR,DAYLIGHT,ANGLE,NOT DIVIDED,,STRAIGHT AND LEVEL,DRY,NO DEFECTS,NOT ON SCENE (DESK REPORT),INJURY AND / OR TOW DUE TO CRASH,,,Y,"OVER $1,500",11/6/2017 9:00,FAILING TO YIELD RIGHT-OF-WAY,IMPROPER TURNING/NO SIGNAL,4335,W,GRAND AVE,2534,,,,,,,2,"REPORTED, NOT EVIDENT",1,0,0,0,1,2,0,7,2,11,41.90946907,-87.7351005,POINT (-87.735100503208 41.909469066314),1
JA500978,,11/6/2017 7:30,25,NO CONTROLS,NO CONTROLS,UNKNOWN,UNKNOWN,PARKED MOTOR VEHICLE,ONE-WAY,,STRAIGHT AND LEVEL,DRY,UNKNOWN,NOT ON SCENE (DESK REPORT),NO INJURY / DRIVE AWAY,,,Y,"OVER $1,500",11/6/2017 11:38,UNABLE TO DETERMINE,UNABLE TO DETERMINE,8217,S,MARQUETTE AVE,423,,,,,,,2,NO INDICATION OF INJURY,0,0,0,0,0,1,0,7,2,11,41.74583527,-87.55870694,POINT (-87.558706940375 41.745835273334),1
JA501007,Y,11/6/2017 7:30,30,NO CONTROLS,NO CONTROLS,CLEAR,DAYLIGHT,PARKED MOTOR VEHICLE,ONE-WAY,,STRAIGHT AND LEVEL,DRY,NO DEFECTS,NOT ON SCENE (DESK REPORT),NO INJURY / DRIVE AWAY,,,Y,"OVER $1,500",11/6/2017 11:55,UNABLE TO DETERMINE,NOT APPLICABLE,604,N,LOCKWOOD AVE,1524,,,,,,,2,NO INDICATION OF INJURY,0,0,0,0,0,1,0,7,2,11,41.89137524,-87.75806641,POINT (-87.758066406322 41.891375243194),1
JA503704,,11/6/2017 7:30,20,NO CONTROLS,NO CONTROLS,UNKNOWN,DAYLIGHT,PARKED MOTOR VEHICLE,PARKING LOT,2,STRAIGHT AND LEVEL,UNKNOWN,UNKNOWN,NOT ON SCENE (DESK REPORT),NO INJURY / DRIVE AWAY,,,Y,"OVER $1,500",11/8/2017 11:45,UNABLE TO DETERMINE,UNABLE TO DETERMINE,7424,S,STONY ISLAND AVE,324,,,,,,,2,NO INDICATION OF INJURY,0,0,0,0,0,1,0,7,2,11,41.75978412,-87.586312,POINT (-87.586311998284 41.759784115337),1
JA501481,,11/6/2017 7:35,30,TRAFFIC SIGNAL,FUNCTIONING PROPERLY,CLEAR,DAYLIGHT,SIDESWIPE SAME DIRECTION,ONE-WAY,1,STRAIGHT AND LEVEL,DRY,UNKNOWN,NOT ON SCENE (DESK REPORT),NO INJURY / DRIVE AWAY,Y,,,"OVER $1,500",11/6/2017 17:00,IMPROPER OVERTAKING/PASSING,UNABLE TO DETERMINE,3600,N,PAULINA ST,1922,,,,,,,2,NO INDICATION OF INJURY,0,0,0,0,0,3,0,7,2,11,41.9470488,-87.67144284,POINT (-87.671442840841 41.947048796053),1
JA500712,,11/6/2017 7:35,35,NO CONTROLS,NO CONTROLS,CLEAR,DAYLIGHT,SIDESWIPE SAME DIRECTION,DIVIDED - W/MEDIAN (NOT RAISED),6,STRAIGHT AND LEVEL,DRY,NO DEFECTS,NOT ON SCENE (DESK REPORT),NO INJURY / DRIVE AWAY,,,,"OVER $1,500",11/6/2017 8:15,IMPROPER OVERTAKING/PASSING,NOT APPLICABLE,2924,N,WESTERN AVE,1411,,,,,,,2,NO INDICATION OF INJURY,0,0,0,0,0,2,0,7,2,11,41.93464426,-87.68810047,POINT (-87.688100472354 41.934644260846),1
JA500681,,11/6/2017 7:40,30,NO CONTROLS,NO CONTROLS,CLEAR,DAYLIGHT,REAR END,DIVIDED - W/MEDIAN BARRIER,6,STRAIGHT AND LEVEL,DRY,NO DEFECTS,ON SCENE,INJURY AND / OR TOW DUE TO CRASH,,,,"OVER $1,500",11/6/2017 7:40,FAILING TO REDUCE SPEED TO AVOID CRASH,FOLLOWING TOO CLOSELY,4951,S,ASHLAND AVE,933,,,,,,,2,NONINCAPACITATING INJURY,1,0,0,1,0,1,0,7,2,11,41.80344665,-87.66468599,POINT (-87.664685987505 41.803446647581),1
JA500709,,11/6/2017 7:40,30,YIELD,NO CONTROLS,CLEAR,DAYLIGHT,TURNING,NOT DIVIDED,2,STRAIGHT AND LEVEL,DRY,NO DEFECTS,ON SCENE,INJURY AND / OR TOW DUE TO CRASH,Y,,,"OVER $1,500",11/6/2017 7:42,FAILING TO YIELD RIGHT-OF-WAY,UNABLE TO DETERMINE,4134,W,ARMITAGE AVE,2525,,,,,,,2,NONINCAPACITATING INJURY,2,0,0,1,1,0,0,7,2,11,41.91722533,-87.7304431,POINT (-87.730443096784 41.917225330333),1
JA502100,,11/6/2017 7:45,0,NO CONTROLS,NO CONTROLS,CLEAR,DAYLIGHT,SIDESWIPE SAME DIRECTION,NOT DIVIDED,,STRAIGHT AND LEVEL,DRY,NO DEFECTS,NOT ON SCENE (DESK REPORT),NO INJURY / DRIVE AWAY,,,,"OVER $1,500",11/7/2017 7:30,FOLLOWING TOO CLOSELY,FOLLOWING TOO CLOSELY,550,E,115TH ST,531,,,,,,,2,NO INDICATION OF INJURY,0,0,0,0,0,2,0,7,2,11,41.68556908,-87.60955454,POINT (-87.609554540135 41.685569076559),1
JA500794,,11/6/2017 7:45,30,UNKNOWN,UNKNOWN,CLEAR,DAYLIGHT,SIDESWIPE SAME DIRECTION,UNKNOWN,,STRAIGHT AND LEVEL,DRY,UNKNOWN,NOT ON SCENE (DESK REPORT),NO INJURY / DRIVE AWAY,,,,"OVER $1,500",11/6/2017 8:50,UNABLE TO DETERMINE,UNABLE TO DETERMINE,3600,N,WHIPPLE ST,1733,,,,,,,2,NO INDICATION OF INJURY,0,0,0,0,0,2,0,7,2,11,41.9467385,-87.70430166,POINT (-87.704301658753 41.946738501426),1
JA500684,,11/6/2017 7:47,35,NO CONTROLS,NO CONTROLS,CLEAR,DAYLIGHT,REAR END,DIVIDED - W/MEDIAN (NOT RAISED),,STRAIGHT AND LEVEL,DRY,NO DEFECTS,ON SCENE,NO INJURY / DRIVE AWAY,Y,,,$500 OR LESS,11/6/2017 7:47,UNABLE TO DETERMINE,NOT APPLICABLE,3901,N,CUMBERLAND AVE,1631,,,,,,,2,NO INDICATION OF INJURY,0,0,0,0,0,2,0,7,2,11,41.9503149,-87.83648199,POINT (-87.836481988838 41.950314896495),1
JA500704,,11/6/2017 7:50,30,TRAFFIC SIGNAL,FUNCTIONING PROPERLY,CLEAR,DAYLIGHT,REAR END,NOT DIVIDED,,STRAIGHT AND LEVEL,DRY,NO DEFECTS,ON SCENE,NO INJURY / DRIVE AWAY,Y,,Y,$500 OR LESS,11/6/2017 7:52,UNABLE TO DETERMINE,UNABLE TO DETERMINE,5157,W,DIVERSEY AVE,2521,,,,,,,2,NO INDICATION OF INJURY,0,0,0,0,0,8,0,7,2,11,41.93129255,-87.75621816,POINT (-87.756218161588 41.931292546318),1
JA500702,,11/6/2017 7:55,30,NO CONTROLS,NO CONTROLS,CLEAR,DAYLIGHT,REAR END,NOT DIVIDED,2,"CURVE, LEVEL",DRY,NO DEFECTS,ON SCENE,INJURY AND / OR TOW DUE TO CRASH,Y,,Y,"$501 - $1,500",11/6/2017 8:00,FOLLOWING TOO CLOSELY,UNABLE TO DETERMINE,6700,W,DEVON AVE,1611,,,,,,,4,INCAPACITATING INJURY,1,0,1,0,0,3,0,7,2,11,41.99738094,-87.79569737,POINT (-87.795697372243 41.997380938367),1
JA504197,,11/6/2017 7:55,30,TRAFFIC SIGNAL,FUNCTIONING PROPERLY,CLEAR,DAYLIGHT,SIDESWIPE SAME DIRECTION,DIVIDED - W/MEDIAN (NOT RAISED),4,STRAIGHT AND LEVEL,DRY,UNKNOWN,NOT ON SCENE (DESK REPORT),NO INJURY / DRIVE AWAY,,,,"OVER $1,500",11/8/2017 17:30,IMPROPER OVERTAKING/PASSING,UNABLE TO DETERMINE,3358,W,ADDISON ST,1733,,,,,,,2,NO INDICATION OF INJURY,0,0,0,0,0,2,0,7,2,11,41.94667767,-87.71265624,POINT (-87.712656238768 41.946677671109),1
JA501556,Y,11/6/2017 8:00,30,NO CONTROLS,NO CONTROLS,UNKNOWN,UNKNOWN,PARKED MOTOR VEHICLE,NOT DIVIDED,2,STRAIGHT AND LEVEL,UNKNOWN,UNKNOWN,NOT ON SCENE (DESK REPORT),NO INJURY / DRIVE AWAY,,,Y,"$501 - $1,500",11/6/2017 17:53,UNABLE TO DETERMINE,UNABLE TO DETERMINE,1360,W,GREENLEAF AVE,2423,,,,,,,2,NO INDICATION OF INJURY,0,0,0,0,0,1,0,8,2,11,42.01047163,-87.66479849,POINT (-87.664798493527 42.010471627181),1
JA505011,Y,11/6/2017 8:00,35,NO CONTROLS,NO CONTROLS,UNKNOWN,UNKNOWN,PARKED MOTOR VEHICLE,ONE-WAY,1,STRAIGHT AND LEVEL,UNKNOWN,NO DEFECTS,NOT ON SCENE (DESK REPORT),NO INJURY / DRIVE AWAY,,,Y,"$501 - $1,500",11/9/2017 12:00,UNABLE TO DETERMINE,UNABLE TO DETERMINE,368,E,70TH PL,322,,,,,,,2,NO INDICATION OF INJURY,0,0,0,0,0,1,0,8,2,11,41.76670061,-87.61582396,POINT (-87.615823955226 41.766700612202),1
JA500826,,11/6/2017 8:00,30,NO CONTROLS,NO CONTROLS,CLEAR,DAYLIGHT,PARKED MOTOR VEHICLE,NOT DIVIDED,,STRAIGHT AND LEVEL,DRY,UNKNOWN,NOT ON SCENE (DESK REPORT),NO INJURY / DRIVE AWAY,,,Y,"$501 - $1,500",11/6/2017 9:35,UNABLE TO DETERMINE,UNABLE TO DETERMINE,9549,S,STATE ST,511,,,,,,,2,NO INDICATION OF INJURY,0,0,0,0,0,1,0,8,2,11,41.72020823,-87.62355234,POINT (-87.623552335892 41.720208225016),1
JA502669,,11/6/2017 8:00,30,NO CONTROLS,NO CONTROLS,CLEAR,DAYLIGHT,SIDESWIPE SAME DIRECTION,ONE-WAY,,STRAIGHT AND LEVEL,DRY,NO DEFECTS,NOT ON SCENE (DESK REPORT),NO INJURY / DRIVE AWAY,,,,"$501 - $1,500",11/7/2017 15:25,UNABLE TO DETERMINE,NOT APPLICABLE,5199,W,FLOURNOY ST,1533,,,,,,,2,NO INDICATION OF INJURY,0,0,0,0,0,3,0,8,2,11,41.87184895,-87.7546873,POINT (-87.754687304491 41.871848953125),1
JA500751,,11/6/2017 8:00,25,NO CONTROLS,NO CONTROLS,CLEAR,DAYLIGHT,PARKED MOTOR VEHICLE,NOT DIVIDED,,STRAIGHT AND LEVEL,DRY,NO DEFECTS,NOT ON SCENE (DESK REPORT),NO INJURY / DRIVE AWAY,,,Y,"$501 - $1,500",11/6/2017 8:45,UNABLE TO DETERMINE,UNABLE TO DETERMINE,1144,N,HOWE ST,1822,,,,,,,2,NO INDICATION OF INJURY,0,0,0,0,0,1,0,8,2,11,41.90267769,-87.64459171,POINT (-87.644591711259 41.902677688878),1
JA501454,,11/6/2017 8:00,30,TRAFFIC SIGNAL,FUNCTIONING PROPERLY,CLEAR,DAYLIGHT,SIDESWIPE SAME DIRECTION,DIVIDED - W/MEDIAN BARRIER,1,STRAIGHT AND LEVEL,DRY,NO DEFECTS,NOT ON SCENE (DESK REPORT),NO INJURY / DRIVE AWAY,Y,,,"OVER $1,500",11/6/2017 16:50,DRIVING SKILLS/KNOWLEDGE/EXPERIENCE,UNABLE TO DETERMINE,1201,S,STATE ST,131,,,,,,,2,NO INDICATION OF INJURY,0,0,0,0,0,2,0,8,2,11,41.86732954,-87.62727232,POINT (-87.627272324042 41.867329538146),1
JA500800,,11/6/2017 8:05,30,TRAFFIC SIGNAL,FUNCTIONING PROPERLY,CLEAR,DAYLIGHT,SIDESWIPE SAME DIRECTION,NOT DIVIDED,10,STRAIGHT AND LEVEL,DRY,NO DEFECTS,NOT ON SCENE (DESK REPORT),NO INJURY / DRIVE AWAY,Y,,,"OVER $1,500",11/6/2017 9:10,IMPROPER OVERTAKING/PASSING,IMPROPER OVERTAKING/PASSING,301,E,LOWER WACKER DR,114,,,,,,,2,NO INDICATION OF INJURY,0,0,0,0,0,2,0,8,2,11,41.88767222,-87.62057394,POINT (-87.620573939863 41.887672220686),1
JA500762,,11/6/2017 8:05,30,NO CONTROLS,NO CONTROLS,CLEAR,DAYLIGHT,TURNING,DIVIDED - W/MEDIAN (NOT RAISED),,STRAIGHT AND LEVEL,DRY,NO DEFECTS,NOT ON SCENE (DESK REPORT),NO INJURY / DRIVE AWAY,Y,,,"OVER $1,500",11/6/2017 8:57,FAILING TO YIELD RIGHT-OF-WAY,NOT APPLICABLE,4840,N,WESTERN AVE,2031,,,,,,,2,NO INDICATION OF INJURY,0,0,0,0,0,2,0,8,2,11,41.96986372,-87.6890931,POINT (-87.689093099874 41.969863718138),1
JA500728,,11/6/2017 8:10,30,NO CONTROLS,NO CONTROLS,CLEAR,DAYLIGHT,PARKED MOTOR VEHICLE,NOT DIVIDED,1,STRAIGHT AND LEVEL,DRY,"RUT, HOLES",ON SCENE,INJURY AND / OR TOW DUE TO CRASH,,,,"OVER $1,500",11/6/2017 8:16,ROAD CONSTRUCTION/MAINTENANCE,UNABLE TO DETERMINE,3910,W,62ND PL,823,,,,,,,2,NO INDICATION OF INJURY,0,0,0,0,0,1,0,8,2,11,41.77970951,-87.72075954,POINT (-87.720759540992 41.779709508189),1
JA500824,,11/6/2017 8:10,30,TRAFFIC SIGNAL,FUNCTIONING PROPERLY,CLEAR,DAYLIGHT,REAR END,DIVIDED - W/MEDIAN (NOT RAISED),4,STRAIGHT AND LEVEL,DRY,UNKNOWN,NOT ON SCENE (DESK REPORT),NO INJURY / DRIVE AWAY,,,,"OVER $1,500",11/6/2017 9:45,FOLLOWING TOO CLOSELY,NOT APPLICABLE,3230,W,79TH ST,835,,,,,,,2,NO INDICATION OF INJURY,0,0,0,0,0,2,0,8,2,11,41.74994675,-87.70368187,POINT (-87.70368187148 41.749946754208),1
JA500729,Y,11/6/2017 8:15,35,TRAFFIC SIGNAL,FUNCTIONING PROPERLY,CLEAR,DAYLIGHT,PEDESTRIAN,NOT DIVIDED,3,STRAIGHT AND LEVEL,DRY,NO DEFECTS,ON SCENE,INJURY AND / OR TOW DUE TO CRASH,Y,,,$500 OR LESS,11/6/2017 8:20,NOT APPLICABLE,NOT APPLICABLE,5600,W,ROSCOE ST,1633,,,,,,,2,NONINCAPACITATING INJURY,1,0,0,1,0,1,0,8,2,11,41.94233607,-87.76675254,POINT (-87.76675253821 41.942336072443),1
JA500791,,11/6/2017 8:15,0,NO CONTROLS,NO CONTROLS,CLEAR,DARKNESS,PARKED MOTOR VEHICLE,OTHER,,STRAIGHT AND LEVEL,DRY,NO DEFECTS,NOT ON SCENE (DESK REPORT),NO INJURY / DRIVE AWAY,,,,"$501 - $1,500",11/6/2017 8:30,DRIVING SKILLS/KNOWLEDGE/EXPERIENCE,DRIVING SKILLS/KNOWLEDGE/EXPERIENCE,42,E,104TH ST,512,,,,,,,2,NO INDICATION OF INJURY,0,0,0,0,0,1,0,8,2,11,41.70547589,-87.62181363,POINT (-87.621813628657 41.705475887062),1
JA500748,,11/6/2017 8:15,30,NO CONTROLS,NO CONTROLS,CLEAR,DAYLIGHT,SIDESWIPE SAME DIRECTION,ONE-WAY,2,STRAIGHT AND LEVEL,DRY,NO DEFECTS,ON SCENE,INJURY AND / OR TOW DUE TO CRASH,,,,"OVER $1,500",11/6/2017 8:28,UNABLE TO DETERMINE,FAILING TO REDUCE SPEED TO AVOID CRASH,31,W,ERIE ST,1832,,,,,,,2,NO INDICATION OF INJURY,0,0,0,0,0,2,0,8,2,11,41.89394489,-87.62946798,POINT (-87.629467981135 41.893944884713),1
JA500747,,11/6/2017 8:15,30,NO CONTROLS,NO CONTROLS,CLEAR,DAYLIGHT,PARKED MOTOR VEHICLE,PARKING LOT,1,STRAIGHT AND LEVEL,DRY,NO DEFECTS,NOT ON SCENE (DESK REPORT),NO INJURY / DRIVE AWAY,,Y,,$500 OR LESS,11/6/2017 8:45,IMPROPER BACKING,UNABLE TO DETERMINE,7201,N,CALIFORNIA AVE,2411,,,,,,,2,NO INDICATION OF INJURY,0,0,0,0,0,1,0,8,2,11,42.01211177,-87.69957082,POINT (-87.699570818701 42.012111769434),1