RD_NO,CRASH_DATE_EST_I,CRASH_DATE,POSTED_SPEED_LIMIT,TRAFFIC_CONTROL_DEVICE,DEVICE_CONDITION,WEATHER_CONDITION,LIGHTING_CONDITION,FIRST_CRASH_TYPE,TRAFFICWAY_TYPE,LANE_CNT,ALIGNMENT,ROADWAY_SURFACE_COND,ROAD_DEFECT,REPORT_TYPE,CRASH_TYPE,INTERSECTION_RELATED_I,NOT_RIGHT_OF_WAY_I,HIT_AND_RUN_I,DAMAGE,DATE_POLICE_NOTIFIED,PRIM_CONTRIBUTORY_CAUSE,SEC_CONTRIBUTORY_CAUSE,STREET_NO,STREET_DIRECTION,STREET_NAME,BEAT_OF_OCCURRENCE,PHOTOS_TAKEN_I,STATEMENTS_TAKEN_I,DOORING_I,WORK_ZONE_I,WORK_ZONE_TYPE,WORKERS_PRESENT_I,NUM_UNITS,MOST_SEVERE_INJURY,INJURIES_TOTAL,INJURIES_FATAL,INJURIES_INCAPACITATING,INJURIES_NON_INCAPACITATING,INJURIES_REPORTED_NOT_EVIDENT,INJURIES_NO_INDICATION,INJURIES_UNKNOWN,CRASH_HOUR,CRASH_DAY_OF_WEEK,CRASH_MONTH,LATITUDE,LONGITUDE,LOCATION,Join
JA500739,,11/6/2017 8:22,35,TRAFFIC SIGNAL,FUNCTIONING PROPERLY,CLEAR,DAYLIGHT,PARKED MOTOR VEHICLE,NOT DIVIDED,2,STRAIGHT AND LEVEL,DRY,NO DEFECTS,ON SCENE,NO INJURY / DRIVE AWAY,,,Y,"OVER $1,500",11/6/2017 8:24,IMPROPER TURNING/NO SIGNAL,NOT APPLICABLE,304,S,HALSTED ST,1232,,,,,,,2,NO INDICATION OF INJURY,0,0,0,0,0,1,0,8,2,11,41.8777876,-87.64738696,POINT (-87.647386957187 41.877787595172),1
JA500759,,11/6/2017 8:25,30,NO CONTROLS,NO CONTROLS,CLEAR,DAYLIGHT,SIDESWIPE SAME DIRECTION,DIVIDED - W/MEDIAN (NOT RAISED),4,STRAIGHT AND LEVEL,DRY,NO DEFECTS,ON SCENE,NO INJURY / DRIVE AWAY,Y,,,$500 OR LESS,11/6/2017 8:35,DISTRACTION - FROM INSIDE VEHICLE,FAILING TO REDUCE SPEED TO AVOID CRASH,1701,S,ASHLAND AVE,1233,,,,,,,2,NO INDICATION OF INJURY,0,0,0,0,0,2,0,8,2,11,41.85865867,-87.66603026,POINT (-87.666030260021 41.858658665264),1
JA500799,,11/6/2017 8:30,30,TRAFFIC SIGNAL,FUNCTIONING PROPERLY,CLEAR,DAYLIGHT,REAR END,NOT DIVIDED,2,STRAIGHT AND LEVEL,DRY,NO DEFECTS,NOT ON SCENE (DESK REPORT),NO INJURY / DRIVE AWAY,,,,"OVER $1,500",11/6/2017 9:27,IMPROPER BACKING,UNABLE TO DETERMINE,3999,W,43RD ST,821,,,,,,,2,NO INDICATION OF INJURY,0,0,0,0,0,2,0,8,2,11,41.81508707,-87.72373493,POINT (-87.723734925847 41.815087073999),1
JA511442,,11/6/2017 8:30,30,NO CONTROLS,NO CONTROLS,CLEAR,DAYLIGHT,PARKED MOTOR VEHICLE,DIVIDED - W/MEDIAN (NOT RAISED),,STRAIGHT AND LEVEL,DRY,NO DEFECTS,NOT ON SCENE (DESK REPORT),NO INJURY / DRIVE AWAY,,,,"OVER $1,500",11/14/2017 13:00,UNABLE TO DETERMINE,NOT APPLICABLE,3709,W,DIVISION ST,1112,,,,,,,2,NO INDICATION OF INJURY,0,0,0,0,0,1,0,8,2,11,41.90262108,-87.71942095,POINT (-87.719420951677 41.902621080148),1
JA500775,,11/6/2017 8:30,30,NO CONTROLS,NO CONTROLS,CLEAR,DAYLIGHT,SIDESWIPE SAME DIRECTION,NOT DIVIDED,2,STRAIGHT AND LEVEL,DRY,NO DEFECTS,ON SCENE,NO INJURY / DRIVE AWAY,,,Y,$500 OR LESS,11/6/2017 8:40,IMPROPER OVERTAKING/PASSING,FAILING TO YIELD RIGHT-OF-WAY,7545,W,HIGGINS AVE,1613,,,,,,,2,NO INDICATION OF INJURY,0,0,0,0,0,2,0,8,2,11,41.98234975,-87.81610482,POINT (-87.816104814801 41.982349746398),1
JA503437,,11/6/2017 8:30,30,NO CONTROLS,NO CONTROLS,CLEAR,DAYLIGHT,SIDESWIPE SAME DIRECTION,DIVIDED - W/MEDIAN (NOT RAISED),,STRAIGHT AND LEVEL,DRY,NO DEFECTS,NOT ON SCENE (DESK REPORT),NO INJURY / DRIVE AWAY,,,,"$501 - $1,500",11/8/2017 8:10,UNABLE TO DETERMINE,UNABLE TO DETERMINE,1115,W,FULTON MARKET,1214,,,,,,,2,NO INDICATION OF INJURY,0,0,0,0,0,2,0,8,2,11,41.88657131,-87.65517447,POINT (-87.655174470251 41.88657130933),1
JA500789,,11/6/2017 8:30,30,TRAFFIC SIGNAL,FUNCTIONING PROPERLY,CLEAR,DAYLIGHT,SIDESWIPE SAME DIRECTION,NOT DIVIDED,2,STRAIGHT AND LEVEL,DRY,NO DEFECTS,NOT ON SCENE (DESK REPORT),NO INJURY / DRIVE AWAY,,,,"OVER $1,500",11/6/2017 9:00,FAILING TO YIELD RIGHT-OF-WAY,NOT APPLICABLE,98,N,RACINE AVE,1224,,,,,,,2,NO INDICATION OF INJURY,0,0,0,0,0,2,0,8,2,11,41.88295683,-87.6568511,POINT (-87.656851099749 41.882956824735),1
JA501283,,11/6/2017 8:30,30,TRAFFIC SIGNAL,FUNCTIONING PROPERLY,CLEAR,DAYLIGHT,SIDESWIPE SAME DIRECTION,NOT DIVIDED,4,STRAIGHT AND LEVEL,DRY,UNKNOWN,NOT ON SCENE (DESK REPORT),NO INJURY / DRIVE AWAY,,,,"OVER $1,500",11/6/2017 15:52,IMPROPER LANE USAGE,NOT APPLICABLE,400,N,CENTRAL AVE,1512,,,,,,,2,NO INDICATION OF INJURY,0,0,0,0,0,2,0,8,2,11,41.88780462,-87.7652685,POINT (-87.765268498104 41.887804620535),1
JA500805,,11/6/2017 8:30,30,STOP SIGN/FLASHER,FUNCTIONING PROPERLY,CLEAR,DAYLIGHT,ANGLE,DIVIDED - W/MEDIAN (NOT RAISED),4,STRAIGHT AND LEVEL,DRY,NO DEFECTS,ON SCENE,NO INJURY / DRIVE AWAY,Y,Y,,"OVER $1,500",11/6/2017 9:19,FAILING TO YIELD RIGHT-OF-WAY,FAILING TO REDUCE SPEED TO AVOID CRASH,3127,W,ADDISON ST,1733,,,,,,,2,NO INDICATION OF INJURY,0,0,0,0,0,2,0,8,2,11,41.9465305,-87.70653344,POINT (-87.706533439369 41.946530502583),1
JA500736,,11/6/2017 8:30,30,STOP SIGN/FLASHER,FUNCTIONING PROPERLY,CLEAR,DAYLIGHT,TURNING,DIVIDED - W/MEDIAN (NOT RAISED),2,STRAIGHT AND LEVEL,DRY,NO DEFECTS,NOT ON SCENE (DESK REPORT),NO INJURY / DRIVE AWAY,,,,"$501 - $1,500",11/6/2017 8:40,UNABLE TO DETERMINE,UNABLE TO DETERMINE,1065,W,MADISON ST,1232,,,,,,,2,NO INDICATION OF INJURY,0,0,0,0,0,2,0,8,2,11,41.88155377,-87.65468121,POINT (-87.654681211163 41.881553771009),1
JA500752,,11/6/2017 8:36,30,TRAFFIC SIGNAL,FUNCTIONING PROPERLY,CLEAR,DAYLIGHT,REAR END,NOT DIVIDED,,STRAIGHT AND LEVEL,DRY,NO DEFECTS,ON SCENE,INJURY AND / OR TOW DUE TO CRASH,,,,"$501 - $1,500",11/6/2017 8:40,FOLLOWING TOO CLOSELY,NOT APPLICABLE,2320,W,ROOSEVELT RD,1225,,Y,,,,,3,NONINCAPACITATING INJURY,1,0,0,1,0,2,0,8,2,11,41.86674477,-87.68447465,POINT (-87.684474652006 41.866744770102),1
JA501153,,11/6/2017 8:40,30,NO CONTROLS,NO CONTROLS,CLEAR,DAYLIGHT,REAR END,ONE-WAY,4,STRAIGHT AND LEVEL,DRY,NO DEFECTS,NOT ON SCENE (DESK REPORT),NO INJURY / DRIVE AWAY,,,,"$501 - $1,500",11/6/2017 13:15,FOLLOWING TOO CLOSELY,NOT APPLICABLE,362,W,GRAND AVE,1831,,,,,,,2,NO INDICATION OF INJURY,0,0,0,0,0,3,0,8,2,11,41.89164184,-87.63798764,POINT (-87.637987643131 41.891641837429),1
JA500758,,11/6/2017 8:40,30,TRAFFIC SIGNAL,FUNCTIONING PROPERLY,CLEAR,DAYLIGHT,PEDESTRIAN,NOT DIVIDED,2,STRAIGHT AND LEVEL,DRY,NO DEFECTS,ON SCENE,INJURY AND / OR TOW DUE TO CRASH,Y,,,$500 OR LESS,11/6/2017 8:44,FAILING TO YIELD RIGHT-OF-WAY,NOT APPLICABLE,2159,W,DIVISION ST,1212,,,,,,,2,NONINCAPACITATING INJURY,1,0,0,1,0,1,0,8,2,11,41.90299863,-87.68201514,POINT (-87.682015136733 41.902998630727),1
JA500750,,11/6/2017 8:40,30,TRAFFIC SIGNAL,FUNCTIONING PROPERLY,CLEAR,DAYLIGHT,REAR END,NOT DIVIDED,4,STRAIGHT AND LEVEL,DRY,NO DEFECTS,NOT ON SCENE (DESK REPORT),NO INJURY / DRIVE AWAY,,,,"$501 - $1,500",11/6/2017 8:55,UNABLE TO DETERMINE,UNABLE TO DETERMINE,6797,N,SHERIDAN RD,2432,,,,,,,2,NO INDICATION OF INJURY,0,0,0,0,0,3,0,8,2,11,42.00550978,-87.66076526,POINT (-87.660765255642 42.005509777256),1
JA500778,,11/6/2017 8:40,35,STOP SIGN/FLASHER,NO CONTROLS,CLEAR,DAYLIGHT,ANGLE,OTHER,,STRAIGHT AND LEVEL,DRY,NO DEFECTS,NOT ON SCENE (DESK REPORT),NO INJURY / DRIVE AWAY,Y,,,$500 OR LESS,11/6/2017 9:08,FAILING TO YIELD RIGHT-OF-WAY,NOT APPLICABLE,5900,W,WELLINGTON AVE,2514,,,,,,,2,NO INDICATION OF INJURY,0,0,0,0,0,3,0,8,2,11,41.934937,-87.77372417,POINT (-87.773724167339 41.934937003423),1
JA500792,,11/6/2017 8:45,20,NO CONTROLS,NO CONTROLS,CLEAR,DAYLIGHT,FIXED OBJECT,NOT DIVIDED,2,STRAIGHT AND LEVEL,DRY,NO DEFECTS,ON SCENE,NO INJURY / DRIVE AWAY,,,,"OVER $1,500",11/6/2017 8:53,UNABLE TO DETERMINE,NOT APPLICABLE,3800,N,DAMEN AVE,1921,,,,,,,2,NO INDICATION OF INJURY,0,0,0,0,0,2,0,8,2,11,41.95055267,-87.67880255,POINT (-87.678802552946 41.950552667495),1
JA500997,,11/6/2017 8:45,30,NO CONTROLS,NO CONTROLS,CLEAR,DAYLIGHT,SIDESWIPE SAME DIRECTION,DIVIDED - W/MEDIAN (NOT RAISED),4,STRAIGHT AND LEVEL,DRY,NO DEFECTS,NOT ON SCENE (DESK REPORT),NO INJURY / DRIVE AWAY,,,,"OVER $1,500",11/6/2017 11:45,IMPROPER LANE USAGE,UNABLE TO DETERMINE,5631,S,WESTERN AVE,824,,,,,,,2,NO INDICATION OF INJURY,0,0,0,0,0,5,0,8,2,11,41.79133127,-87.68382419,POINT (-87.683824189406 41.791331274351),1
JA500745,,11/6/2017 8:47,30,NO CONTROLS,NO CONTROLS,CLEAR,DAYLIGHT,REAR END,DIVIDED - W/MEDIAN BARRIER,3,STRAIGHT AND LEVEL,DRY,NO DEFECTS,ON SCENE,NO INJURY / DRIVE AWAY,,,,$500 OR LESS,11/6/2017 8:57,FOLLOWING TOO CLOSELY,NOT APPLICABLE,3208,W,79TH ST,835,,,,,,,2,NO INDICATION OF INJURY,0,0,0,0,0,3,0,8,2,11,41.74995172,-87.70279317,POINT (-87.702793172006 41.749951717008),1
JA500763,,11/6/2017 8:49,30,TRAFFIC SIGNAL,FUNCTIONING PROPERLY,CLEAR,DAYLIGHT,PARKED MOTOR VEHICLE,ONE-WAY,4,STRAIGHT AND LEVEL,DRY,NO DEFECTS,ON SCENE,INJURY AND / OR TOW DUE TO CRASH,Y,,,"OVER $1,500",11/6/2017 8:49,PHYSICAL CONDITION OF DRIVER,FAILING TO REDUCE SPEED TO AVOID CRASH,1,S,CLARK ST,112,,,,Y,CONSTRUCTION,Y,3,INCAPACITATING INJURY,1,0,1,0,0,0,0,8,2,11,41.88191775,-87.63073283,POINT (-87.630732825324 41.881917745999),1
JA500830,,11/6/2017 8:55,30,NO CONTROLS,NO CONTROLS,CLEAR,DAYLIGHT,SIDESWIPE SAME DIRECTION,OTHER,,STRAIGHT AND LEVEL,DRY,NO DEFECTS,NOT ON SCENE (DESK REPORT),NO INJURY / DRIVE AWAY,,,,"OVER $1,500",11/6/2017 9:45,DRIVING SKILLS/KNOWLEDGE/EXPERIENCE,UNABLE TO DETERMINE,651,S,WABASH AVE,123,,,,,,,2,NO INDICATION OF INJURY,0,0,0,0,0,2,0,8,2,11,41.87335074,-87.62582395,POINT (-87.625823951912 41.873350744417),1
JA501168,,11/6/2017 9:00,30,STOP SIGN/FLASHER,FUNCTIONING PROPERLY,CLEAR,DAYLIGHT,REAR END,NOT DIVIDED,2,STRAIGHT AND LEVEL,DRY,NO DEFECTS,NOT ON SCENE (DESK REPORT),NO INJURY / DRIVE AWAY,Y,,,"$501 - $1,500",11/6/2017 13:40,DISTRACTION - FROM OUTSIDE VEHICLE,UNABLE TO DETERMINE,1056,W,LAWRENCE AVE,2024,,,,,,,2,NO INDICATION OF INJURY,0,0,0,0,0,2,0,9,2,11,41.969169,-87.65708277,POINT (-87.657082772516 41.969168997318),1
JA500944,,11/6/2017 9:00,30,NO CONTROLS,NO CONTROLS,CLEAR,DAYLIGHT,PARKED MOTOR VEHICLE,ONE-WAY,,STRAIGHT AND LEVEL,DRY,NO DEFECTS,NOT ON SCENE (DESK REPORT),NO INJURY / DRIVE AWAY,,,Y,"$501 - $1,500",11/6/2017 11:10,UNABLE TO DETERMINE,UNABLE TO DETERMINE,6450,N,ROCKWELL ST,2412,,,,,,,2,NO INDICATION OF INJURY,0,0,0,0,0,1,0,9,2,11,41.99914622,-87.69495165,POINT (-87.69495164579 41.999146214716),1
JA500808,,11/6/2017 9:00,30,NO CONTROLS,NO CONTROLS,CLEAR,DAYLIGHT,ANGLE,NOT DIVIDED,2,STRAIGHT AND LEVEL,DRY,OTHER,NOT ON SCENE (DESK REPORT),NO INJURY / DRIVE AWAY,,,,"OVER $1,500",11/6/2017 9:35,FAILING TO YIELD RIGHT-OF-WAY,NOT APPLICABLE,120,E,BELLEVUE PL,1824,,,,,,,2,NO INDICATION OF INJURY,0,0,0,0,0,2,0,9,2,11,41.90172049,-87.62486816,POINT (-87.624868156269 41.901720489078),1
JA500797,,11/6/2017 9:00,30,NO CONTROLS,NO CONTROLS,CLEAR,DAYLIGHT,TURNING,NOT DIVIDED,2,STRAIGHT AND LEVEL,DRY,NO DEFECTS,NOT ON SCENE (DESK REPORT),NO INJURY / DRIVE AWAY,,,,"OVER $1,500",11/6/2017 9:30,FAILING TO YIELD RIGHT-OF-WAY,FAILING TO YIELD RIGHT-OF-WAY,701,W,LAKE ST,1224,,,,,,,2,NO INDICATION OF INJURY,0,0,0,0,0,2,0,9,2,11,41.88557743,-87.64569651,POINT (-87.645696513965 41.885577432683),1
JA500818,,11/6/2017 9:10,30,NO CONTROLS,NO CONTROLS,CLEAR,DAYLIGHT,PARKED MOTOR VEHICLE,NOT DIVIDED,2,STRAIGHT AND LEVEL,DRY,NO DEFECTS,ON SCENE,NO INJURY / DRIVE AWAY,,,,"OVER $1,500",11/6/2017 9:15,FAILING TO REDUCE SPEED TO AVOID CRASH,DRIVING SKILLS/KNOWLEDGE/EXPERIENCE,1631,W,HOWARD ST,2422,,,,,,,2,NO INDICATION OF INJURY,0,0,0,0,0,2,0,9,2,11,42.01927259,-87.67246066,POINT (-87.672460658442 42.019272593257),1
JA500802,,11/6/2017 9:14,30,TRAFFIC SIGNAL,FUNCTIONING PROPERLY,CLEAR,DAYLIGHT,PEDESTRIAN,DIVIDED - W/MEDIAN (NOT RAISED),5,STRAIGHT AND LEVEL,DRY,NO DEFECTS,ON SCENE,INJURY AND / OR TOW DUE TO CRASH,Y,,,"$501 - $1,500",11/6/2017 9:15,UNABLE TO DETERMINE,UNABLE TO DETERMINE,11497,S,PULASKI RD,2211,,,,,,,2,NONINCAPACITATING INJURY,1,0,0,1,0,1,0,9,2,11,41.68406108,-87.7199214,POINT (-87.719921397417 41.684061079336),1
JA560987,,11/6/2017 9:20,35,NO CONTROLS,NO CONTROLS,CLEAR,DAYLIGHT,REAR END,NOT DIVIDED,,STRAIGHT AND LEVEL,DRY,NO DEFECTS,NOT ON SCENE (DESK REPORT),NO INJURY / DRIVE AWAY,,,,"$501 - $1,500",11/6/2017 11:44,UNABLE TO DETERMINE,UNABLE TO DETERMINE,3358,W,IRVING PARK RD,1724,,,,,,,2,NO INDICATION OF INJURY,0,0,0,0,0,2,0,9,2,11,41.95396745,-87.71284661,POINT (-87.712846612704 41.953967444654),1
JA500919,,11/6/2017 9:20,30,STOP SIGN/FLASHER,FUNCTIONING PROPERLY,CLEAR,DAYLIGHT,TURNING,DIVIDED - W/MEDIAN (NOT RAISED),2,STRAIGHT AND LEVEL,DRY,NO DEFECTS,NOT ON SCENE (DESK REPORT),NO INJURY / DRIVE AWAY,Y,,,"$501 - $1,500",11/6/2017 10:50,DISREGARDING STOP SIGN,NOT APPLICABLE,3001,W,PERSHING RD,921,,,,,,,2,NO INDICATION OF INJURY,0,0,0,0,0,2,0,9,2,11,41.82257699,-87.69965649,POINT (-87.69965649132 41.822576992403),1
JA500844,,11/6/2017 9:20,30,NO CONTROLS,NO CONTROLS,CLOUDY/OVERCAST,DAYLIGHT,REAR END,DIVIDED - W/MEDIAN (NOT RAISED),4,STRAIGHT AND LEVEL,DRY,NO DEFECTS,NOT ON SCENE (DESK REPORT),INJURY AND / OR TOW DUE TO CRASH,,,,"OVER $1,500",11/6/2017 9:50,FOLLOWING TOO CLOSELY,UNABLE TO DETERMINE,6716,W,NORTH AVE,2513,,,,,,,2,"REPORTED, NOT EVIDENT",1,0,0,0,1,1,0,9,2,11,41.90915776,-87.79318403,POINT (-87.793184034187 41.909157763227),1
JA500817,,11/6/2017 9:20,30,TRAFFIC SIGNAL,FUNCTIONING PROPERLY,CLEAR,DAYLIGHT,TURNING,DIVIDED - W/MEDIAN (NOT RAISED),,STRAIGHT AND LEVEL,DRY,NO DEFECTS,NOT ON SCENE (DESK REPORT),NO INJURY / DRIVE AWAY,,,,"$501 - $1,500",11/6/2017 9:34,IMPROPER OVERTAKING/PASSING,UNABLE TO DETERMINE,10300,S,STATE ST,512,,,,,,,2,NO INDICATION OF INJURY,0,0,0,0,0,2,0,9,2,11,41.70711658,-87.62366762,POINT (-87.6236676203 41.707116579239),1
JA505673,,11/6/2017 9:20,30,TRAFFIC SIGNAL,FUNCTIONING PROPERLY,CLEAR,DAYLIGHT,REAR END,DIVIDED - W/MEDIAN (NOT RAISED),,STRAIGHT AND LEVEL,DRY,NO DEFECTS,NOT ON SCENE (DESK REPORT),NO INJURY / DRIVE AWAY,,,,"OVER $1,500",11/9/2017 20:00,FOLLOWING TOO CLOSELY,NOT APPLICABLE,3643,W,IRVING PARK RD,1732,,,,,,,2,NO INDICATION OF INJURY,0,0,0,0,0,3,0,9,2,11,41.95362956,-87.71955439,POINT (-87.719554385786 41.953629563035),1
JA500889,,11/6/2017 9:28,30,TRAFFIC SIGNAL,FUNCTIONING PROPERLY,CLEAR,DAYLIGHT,TURNING,NOT DIVIDED,4,STRAIGHT AND LEVEL,DRY,NO DEFECTS,ON SCENE,NO INJURY / DRIVE AWAY,Y,,,"OVER $1,500",11/6/2017 9:28,IMPROPER TURNING/NO SIGNAL,UNABLE TO DETERMINE,100,N,HALSTED ST,1224,,,,,,,2,NO INDICATION OF INJURY,0,0,0,0,0,2,0,9,2,11,41.88316574,-87.64755165,POINT (-87.647551652718 41.883165735675),1
JA546119,,11/6/2017 9:30,25,NO CONTROLS,NO CONTROLS,CLEAR,DAYLIGHT,PARKED MOTOR VEHICLE,ONE-WAY,,STRAIGHT AND LEVEL,DRY,NO DEFECTS,NOT ON SCENE (DESK REPORT),NO INJURY / DRIVE AWAY,,,,"$501 - $1,500",12/12/2017 10:50,UNABLE TO DETERMINE,UNABLE TO DETERMINE,2130,N,FREMONT ST,1812,,,,,,,2,NO INDICATION OF INJURY,0,0,0,0,0,1,0,9,2,11,41.92089362,-87.65117997,POINT (-87.651179968945 41.920893622273),1
JA500822,,11/6/2017 9:30,20,STOP SIGN/FLASHER,UNKNOWN,CLEAR,DAYLIGHT,PARKED MOTOR VEHICLE,NOT DIVIDED,2,STRAIGHT AND LEVEL,DRY,NO DEFECTS,ON SCENE,NO INJURY / DRIVE AWAY,,,Y,"OVER $1,500",11/6/2017 9:33,"OPERATING VEHICLE IN ERRATIC, RECKLESS, CARELESS, NEGLIGENT OR AGGRESSIVE MANNER",EXCEEDING SAFE SPEED FOR CONDITIONS,1456,N,LARAMIE AVE,2532,,,,,,,4,NO INDICATION OF INJURY,0,0,0,0,0,1,0,9,2,11,41.90753774,-87.75604628,POINT (-87.756046275803 41.907537738058),1
JA500853,,11/6/2017 9:33,30,NO CONTROLS,NO CONTROLS,CLEAR,DAYLIGHT,SIDESWIPE SAME DIRECTION,DIVIDED - W/MEDIAN BARRIER,,STRAIGHT AND LEVEL,DRY,NO DEFECTS,ON SCENE,INJURY AND / OR TOW DUE TO CRASH,,,,"$501 - $1,500",11/6/2017 9:40,IMPROPER LANE USAGE,IMPROPER LANE USAGE,11232,S,HALSTED ST,2233,,Y,,,,,2,NONINCAPACITATING INJURY,2,0,0,2,0,1,0,9,2,11,41.6895415,-87.64243669,POINT (-87.642436685326 41.689541499366),1
JA500942,,11/6/2017 9:35,30,NO CONTROLS,NO CONTROLS,CLEAR,DAYLIGHT,REAR END,NOT DIVIDED,2,STRAIGHT AND LEVEL,DRY,NO DEFECTS,NOT ON SCENE (DESK REPORT),NO INJURY / DRIVE AWAY,,,,"OVER $1,500",11/6/2017 11:05,FOLLOWING TOO CLOSELY,NOT APPLICABLE,401,W,LAKE ST,121,,,,,,,2,NO INDICATION OF INJURY,0,0,0,0,0,2,0,9,2,11,41.88561228,-87.6377745,POINT (-87.637774500822 41.885612279941),1
JA500881,,11/6/2017 9:40,30,NO CONTROLS,NO CONTROLS,RAIN,DAYLIGHT,PARKED MOTOR VEHICLE,ONE-WAY,1,STRAIGHT AND LEVEL,WET,NO DEFECTS,ON SCENE,INJURY AND / OR TOW DUE TO CRASH,,,,"OVER $1,500",11/6/2017 9:45,PHYSICAL CONDITION OF DRIVER,UNABLE TO DETERMINE,1515,W,ROSCOE ST,1922,,,,,,,6,NONINCAPACITATING INJURY,2,0,0,1,1,0,0,9,2,11,41.94326302,-87.66694455,POINT (-87.666944546899 41.943263015008),1
JA501140,,11/6/2017 9:40,30,TRAFFIC SIGNAL,FUNCTIONING PROPERLY,CLEAR,DAYLIGHT,SIDESWIPE SAME DIRECTION,ONE-WAY,,STRAIGHT AND LEVEL,DRY,NO DEFECTS,NOT ON SCENE (DESK REPORT),NO INJURY / DRIVE AWAY,,,Y,"$501 - $1,500",11/6/2017 13:28,IMPROPER LANE USAGE,UNABLE TO DETERMINE,435,W,ADAMS ST,121,,,,,,,2,NO INDICATION OF INJURY,0,0,0,0,0,2,0,9,2,11,41.87920311,-87.63955182,POINT (-87.639551821383 41.879203111052),1
JA502401,,11/6/2017 9:45,30,TRAFFIC SIGNAL,FUNCTIONING PROPERLY,CLEAR,DAYLIGHT,REAR END,ONE-WAY,,STRAIGHT AND LEVEL,DRY,NO DEFECTS,NOT ON SCENE (DESK REPORT),NO INJURY / DRIVE AWAY,,,,"$501 - $1,500",11/7/2017 12:20,FOLLOWING TOO CLOSELY,FAILING TO YIELD RIGHT-OF-WAY,399,E,OHIO ST,1834,,,,,,,2,NO INDICATION OF INJURY,0,0,0,0,0,2,0,9,2,11,41.89252993,-87.61783895,POINT (-87.617838951369 41.892529924629),1
JA500856,,11/6/2017 9:50,30,NO CONTROLS,NO CONTROLS,CLEAR,DAYLIGHT,PARKED MOTOR VEHICLE,ONE-WAY,2,STRAIGHT AND LEVEL,DRY,NO DEFECTS,ON SCENE,NO INJURY / DRIVE AWAY,,,,"OVER $1,500",11/6/2017 10:00,IMPROPER BACKING,FAILING TO REDUCE SPEED TO AVOID CRASH,20,W,ERIE ST,1832,,,,,,,2,NO INDICATION OF INJURY,0,0,0,0,0,2,0,9,2,11,41.89417063,-87.62897008,POINT (-87.628970081061 41.89417063288),1
JA500882,,11/6/2017 10:00,30,STOP SIGN/FLASHER,UNKNOWN,CLEAR,DAYLIGHT,TURNING,DIVIDED - W/MEDIAN (NOT RAISED),4,STRAIGHT AND LEVEL,DRY,UNKNOWN,ON SCENE,NO INJURY / DRIVE AWAY,Y,,,"OVER $1,500",11/6/2017 10:08,UNABLE TO DETERMINE,UNABLE TO DETERMINE,1958,W,FULLERTON AVE,1432,,,,,,,2,NO INDICATION OF INJURY,0,0,0,0,0,2,0,10,2,11,41.92513614,-87.67787898,POINT (-87.677878977271 41.92513614134),1
JA500885,,11/6/2017 10:00,30,TRAFFIC SIGNAL,FUNCTIONING PROPERLY,CLEAR,DAYLIGHT,SIDESWIPE SAME DIRECTION,DIVIDED - W/MEDIAN (NOT RAISED),2,STRAIGHT AND LEVEL,DRY,NO DEFECTS,NOT ON SCENE (DESK REPORT),NO INJURY / DRIVE AWAY,Y,,,$500 OR LESS,11/6/2017 10:24,IMPROPER OVERTAKING/PASSING,UNABLE TO DETERMINE,111,N,WACKER DR,122,,,,,,,2,NO INDICATION OF INJURY,0,0,0,0,0,2,0,10,2,11,41.88346828,-87.63665467,POINT (-87.63665467335 41.883468279392),1
JA500999,,11/6/2017 10:00,30,NO CONTROLS,NO CONTROLS,CLEAR,DAYLIGHT,REAR END,OTHER,,STRAIGHT AND LEVEL,DRY,NO DEFECTS,NOT ON SCENE (DESK REPORT),NO INJURY / DRIVE AWAY,,,,$500 OR LESS,11/6/2017 11:00,DRIVING SKILLS/KNOWLEDGE/EXPERIENCE,UNABLE TO DETERMINE,2601,S,DR MARTIN LUTHER KING JR DR,133,,,,,,,2,NO INDICATION OF INJURY,0,0,0,0,0,2,0,10,2,11,41.84560493,-87.61715002,POINT (-87.617150020435 41.845604928584),1
JA500934,,11/6/2017 10:10,30,NO CONTROLS,NO CONTROLS,CLEAR,DAYLIGHT,PARKED MOTOR VEHICLE,NOT DIVIDED,2,STRAIGHT AND LEVEL,DRY,NO DEFECTS,ON SCENE,INJURY AND / OR TOW DUE TO CRASH,,,,"OVER $1,500",11/6/2017 10:30,"OPERATING VEHICLE IN ERRATIC, RECKLESS, CARELESS, NEGLIGENT OR AGGRESSIVE MANNER",UNABLE TO DETERMINE,2132,W,WABANSIA AVE,1434,,,,,,,2,NO INDICATION OF INJURY,0,0,0,0,0,1,0,10,2,11,41.91278465,-87.68122565,POINT (-87.681225653643 41.912784651406),1
JA500878,,11/6/2017 10:18,25,TRAFFIC SIGNAL,FUNCTIONING PROPERLY,CLEAR,DAYLIGHT,SIDESWIPE SAME DIRECTION,NOT DIVIDED,,STRAIGHT AND LEVEL,DRY,NO DEFECTS,ON SCENE,INJURY AND / OR TOW DUE TO CRASH,,,,"$501 - $1,500",11/6/2017 10:20,UNABLE TO DETERMINE,UNABLE TO DETERMINE,4800,W,55TH ST,814,,,,,,,2,NO INDICATION OF INJURY,0,0,0,0,0,2,0,10,2,11,41.79312636,-87.74293177,POINT (-87.742931772386 41.793126358267),1