RD_NO,CRASH_DATE_EST_I,CRASH_DATE,POSTED_SPEED_LIMIT,TRAFFIC_CONTROL_DEVICE,DEVICE_CONDITION,WEATHER_CONDITION,LIGHTING_CONDITION,FIRST_CRASH_TYPE,TRAFFICWAY_TYPE,LANE_CNT,ALIGNMENT,ROADWAY_SURFACE_COND,ROAD_DEFECT,REPORT_TYPE,CRASH_TYPE,INTERSECTION_RELATED_I,NOT_RIGHT_OF_WAY_I,HIT_AND_RUN_I,DAMAGE,DATE_POLICE_NOTIFIED,PRIM_CONTRIBUTORY_CAUSE,SEC_CONTRIBUTORY_CAUSE,STREET_NO,STREET_DIRECTION,STREET_NAME,BEAT_OF_OCCURRENCE,PHOTOS_TAKEN_I,STATEMENTS_TAKEN_I,DOORING_I,WORK_ZONE_I,WORK_ZONE_TYPE,WORKERS_PRESENT_I,NUM_UNITS,MOST_SEVERE_INJURY,INJURIES_TOTAL,INJURIES_FATAL,INJURIES_INCAPACITATING,INJURIES_NON_INCAPACITATING,INJURIES_REPORTED_NOT_EVIDENT,INJURIES_NO_INDICATION,INJURIES_UNKNOWN,CRASH_HOUR,CRASH_DAY_OF_WEEK,CRASH_MONTH,LATITUDE,LONGITUDE,LOCATION,Join
JA500887,,11/6/2017 10:20,30,TRAFFIC SIGNAL,FUNCTIONING PROPERLY,CLEAR,DAYLIGHT,SIDESWIPE SAME DIRECTION,NOT DIVIDED,2,STRAIGHT AND LEVEL,DRY,NO DEFECTS,NOT ON SCENE (DESK REPORT),NO INJURY / DRIVE AWAY,N,,,"OVER $1,500",11/6/2017 10:30,FAILING TO YIELD RIGHT-OF-WAY,UNABLE TO DETERMINE,3414,W,DIVERSEY AVE,1412,,,,,,,2,NO INDICATION OF INJURY,0,0,0,0,0,3,0,10,2,11,41.93207259,-87.71287204,POINT (-87.712872038131 41.932072593544),1
JA500916,,11/6/2017 10:30,20,TRAFFIC SIGNAL,FUNCTIONING PROPERLY,CLEAR,DAYLIGHT,REAR END,DIVIDED - W/MEDIAN (NOT RAISED),,STRAIGHT AND LEVEL,DRY,NO DEFECTS,ON SCENE,INJURY AND / OR TOW DUE TO CRASH,Y,,,"OVER $1,500",11/6/2017 10:35,EQUIPMENT - VEHICLE CONDITION,UNABLE TO DETERMINE,8100,S,VINCENNES AVE,622,,,,,,,2,NO INDICATION OF INJURY,0,0,0,0,0,2,0,10,2,11,41.74704919,-87.63533771,POINT (-87.635337709738 41.747049185476),1
JA501053,,11/6/2017 10:30,25,NO CONTROLS,NO CONTROLS,CLEAR,DAYLIGHT,TURNING,NOT DIVIDED,,STRAIGHT AND LEVEL,DRY,NO DEFECTS,NOT ON SCENE (DESK REPORT),NO INJURY / DRIVE AWAY,,,,"$501 - $1,500",11/6/2017 12:15,UNABLE TO DETERMINE,UNABLE TO DETERMINE,444,N,ORLEANS ST,1831,,,,,,,2,NO INDICATION OF INJURY,0,0,0,0,0,2,0,10,2,11,41.89048606,-87.63714874,POINT (-87.637148739099 41.890486055212),1
JA500907,,11/6/2017 10:30,25,NO CONTROLS,NO CONTROLS,CLEAR,DAYLIGHT,REAR END,ONE-WAY,,STRAIGHT AND LEVEL,DRY,NO DEFECTS,ON SCENE,NO INJURY / DRIVE AWAY,,,,"$501 - $1,500",11/6/2017 10:35,IMPROPER BACKING,UNABLE TO DETERMINE,3614,W,CORNELIA AVE,1732,,,,,,,2,NO INDICATION OF INJURY,0,0,0,0,0,2,0,10,2,11,41.9447609,-87.71815241,POINT (-87.718152406466 41.944760896628),1
JA501066,,11/6/2017 10:30,30,TRAFFIC SIGNAL,FUNCTIONING PROPERLY,CLEAR,DAYLIGHT,REAR END,DIVIDED - W/MEDIAN (NOT RAISED),4,STRAIGHT AND LEVEL,DRY,NO DEFECTS,NOT ON SCENE (DESK REPORT),NO INJURY / DRIVE AWAY,Y,,,"OVER $1,500",11/6/2017 12:25,UNABLE TO DETERMINE,UNABLE TO DETERMINE,2358,W,63RD ST,825,,,,,,,2,NO INDICATION OF INJURY,0,0,0,0,0,3,0,10,2,11,41.77931613,-87.68354983,POINT (-87.683549834072 41.779316126235),1
JA500935,,11/6/2017 10:42,30,TRAFFIC SIGNAL,FUNCTIONING PROPERLY,CLOUDY/OVERCAST,DAYLIGHT,PEDESTRIAN,DIVIDED - W/MEDIAN (NOT RAISED),0,STRAIGHT AND LEVEL,DRY,NO DEFECTS,ON SCENE,INJURY AND / OR TOW DUE TO CRASH,Y,,,$500 OR LESS,11/6/2017 10:42,NOT APPLICABLE,NOT APPLICABLE,1802,S,LOOMIS ST,1233,,,,,,,2,NONINCAPACITATING INJURY,1,0,0,1,0,2,0,10,2,11,41.85769523,-87.66146067,POINT (-87.661460669436 41.85769523124),1
JA500930,,11/6/2017 10:45,30,NO CONTROLS,NO CONTROLS,CLEAR,DAYLIGHT,TURNING,PARKING LOT,2,STRAIGHT AND LEVEL,DRY,NO DEFECTS,NOT ON SCENE (DESK REPORT),NO INJURY / DRIVE AWAY,,,,$500 OR LESS,11/6/2017 11:00,FAILING TO YIELD RIGHT-OF-WAY,FAILING TO YIELD RIGHT-OF-WAY,520,W,TAYLOR ST,124,,,,,,,2,NO INDICATION OF INJURY,0,0,0,0,0,2,0,10,2,11,41.8698556,-87.64027031,POINT (-87.640270307865 41.869855596599),1
JA500925,,11/6/2017 10:45,30,NO CONTROLS,NO CONTROLS,CLEAR,DAYLIGHT,PARKED MOTOR VEHICLE,DRIVEWAY,1,STRAIGHT AND LEVEL,DRY,NO DEFECTS,ON SCENE,NO INJURY / DRIVE AWAY,,Y,,"OVER $1,500",11/6/2017 10:50,IMPROPER BACKING,NOT APPLICABLE,4017,W,BERTEAU AVE,1722,,,,,,,2,NO INDICATION OF INJURY,0,0,0,0,0,1,0,10,2,11,41.95718236,-87.72847973,POINT (-87.728479727943 41.957182358245),1
JA500940,,11/6/2017 10:55,30,NO CONTROLS,NO CONTROLS,CLEAR,DAYLIGHT,SIDESWIPE SAME DIRECTION,NOT DIVIDED,4,STRAIGHT AND LEVEL,DRY,NO DEFECTS,ON SCENE,NO INJURY / DRIVE AWAY,,,Y,$500 OR LESS,11/6/2017 10:58,IMPROPER LANE USAGE,NOT APPLICABLE,6836,N,HARLEM AVE,1611,,,,,,,2,NO INDICATION OF INJURY,0,0,0,0,0,4,0,10,2,11,42.00555771,-87.80685331,POINT (-87.806853305116 42.005557707111),1
JA500943,,11/6/2017 10:57,20,NO CONTROLS,NO CONTROLS,CLOUDY/OVERCAST,DAYLIGHT,TURNING,DIVIDED - W/MEDIAN (NOT RAISED),2,STRAIGHT AND LEVEL,DRY,NO DEFECTS,ON SCENE,INJURY AND / OR TOW DUE TO CRASH,,,,"OVER $1,500",11/6/2017 11:00,"VISION OBSCURED (SIGNS, TREE LIMBS, BUILDINGS, ETC.)",NOT APPLICABLE,2852,N,SACRAMENTO AVE,1411,,,,,,,2,NO INDICATION OF INJURY,0,0,0,0,0,2,0,10,2,11,41.93362337,-87.70271268,POINT (-87.702712681634 41.933623364994),1
JA515436,,11/6/2017 11:00,30,NO CONTROLS,NO CONTROLS,CLEAR,DAYLIGHT,PARKED MOTOR VEHICLE,ONE-WAY,1,STRAIGHT AND LEVEL,DRY,NO DEFECTS,NOT ON SCENE (DESK REPORT),NO INJURY / DRIVE AWAY,,,Y,"OVER $1,500",11/17/2017 14:30,UNABLE TO DETERMINE,UNABLE TO DETERMINE,4523,N,KENNETH AVE,1722,,,,,,,2,NO INDICATION OF INJURY,0,0,0,0,0,1,0,11,2,11,41.96335345,-87.73975702,POINT (-87.73975701784 41.963353453014),1
JA500954,,11/6/2017 11:00,25,STOP SIGN/FLASHER,FUNCTIONING PROPERLY,CLOUDY/OVERCAST,DAYLIGHT,PARKED MOTOR VEHICLE,NOT DIVIDED,1,STRAIGHT AND LEVEL,DRY,NO DEFECTS,ON SCENE,NO INJURY / DRIVE AWAY,Y,,,"$501 - $1,500",11/6/2017 11:20,DRIVING SKILLS/KNOWLEDGE/EXPERIENCE,UNABLE TO DETERMINE,7202,N,WASHTENAW AVE,2411,,,,,,,2,NO INDICATION OF INJURY,0,0,0,0,0,1,0,11,2,11,42.01223202,-87.69749737,POINT (-87.697497371411 42.012232016953),1
JA500989,,11/6/2017 11:00,30,NO CONTROLS,NO CONTROLS,CLEAR,DAYLIGHT,ANGLE,DIVIDED - W/MEDIAN (NOT RAISED),2,STRAIGHT AND LEVEL,DRY,NO DEFECTS,NOT ON SCENE (DESK REPORT),NO INJURY / DRIVE AWAY,,,,"$501 - $1,500",11/6/2017 11:40,FAILING TO YIELD RIGHT-OF-WAY,UNABLE TO DETERMINE,2200,S,DAMEN AVE,1034,,,,,,,2,NO INDICATION OF INJURY,0,0,0,0,0,2,0,11,2,11,41.85212766,-87.67598545,POINT (-87.675985449051 41.852127660753),1
JA501023,,11/6/2017 11:09,30,NO CONTROLS,NO CONTROLS,CLOUDY/OVERCAST,DAYLIGHT,PARKED MOTOR VEHICLE,NOT DIVIDED,,STRAIGHT AND LEVEL,DRY,NO DEFECTS,ON SCENE,INJURY AND / OR TOW DUE TO CRASH,,,Y,"$501 - $1,500",11/6/2017 11:09,UNABLE TO DETERMINE,NOT APPLICABLE,845,N,LARRABEE ST,1823,,,,Y,CONSTRUCTION,Y,3,NO INDICATION OF INJURY,0,0,0,0,0,1,0,11,2,11,41.89782752,-87.64283572,POINT (-87.64283572052 41.897827522798),1
JA502745,,11/6/2017 11:15,30,NO CONTROLS,NO CONTROLS,CLEAR,DAYLIGHT,REAR END,DIVIDED - W/MEDIAN (NOT RAISED),4,STRAIGHT AND LEVEL,UNKNOWN,UNKNOWN,NOT ON SCENE (DESK REPORT),NO INJURY / DRIVE AWAY,,,,"OVER $1,500",11/7/2017 16:18,FOLLOWING TOO CLOSELY,DRIVING SKILLS/KNOWLEDGE/EXPERIENCE,3802,W,PETERSON AVE,1711,,,,,,,3,NO INDICATION OF INJURY,0,0,0,0,0,3,0,11,2,11,41.99030149,-87.72416539,POINT (-87.724165388187 41.990301490953),1
JA501057,,11/6/2017 11:30,35,NO CONTROLS,NO CONTROLS,CLEAR,DAYLIGHT,PARKED MOTOR VEHICLE,PARKING LOT,,STRAIGHT AND LEVEL,DRY,NO DEFECTS,NOT ON SCENE (DESK REPORT),NO INJURY / DRIVE AWAY,,,,"OVER $1,500",11/6/2017 12:20,DRIVING ON WRONG SIDE/WRONG WAY,NOT APPLICABLE,3270,W,87TH ST,834,,,,,,,2,NO INDICATION OF INJURY,0,0,0,0,0,1,0,11,2,11,41.73526691,-87.70402856,POINT (-87.704028557478 41.735266904632),1
JA501072,,11/6/2017 11:30,30,TRAFFIC SIGNAL,FUNCTIONING PROPERLY,CLEAR,DAYLIGHT,SIDESWIPE SAME DIRECTION,DIVIDED - W/MEDIAN (NOT RAISED),,STRAIGHT AND LEVEL,DRY,NO DEFECTS,NOT ON SCENE (DESK REPORT),NO INJURY / DRIVE AWAY,Y,,,$500 OR LESS,11/6/2017 11:45,UNABLE TO DETERMINE,UNABLE TO DETERMINE,10700,S,KEDZIE AVE,2211,,,,,,,2,NO INDICATION OF INJURY,0,0,0,0,0,2,0,11,2,11,41.69877702,-87.70122561,POINT (-87.701225608923 41.698777022064),1
JA501085,,11/6/2017 11:30,30,NO CONTROLS,NO CONTROLS,CLEAR,DAYLIGHT,SIDESWIPE OPPOSITE DIRECTION,ONE-WAY,1,STRAIGHT AND LEVEL,DRY,NO DEFECTS,NOT ON SCENE (DESK REPORT),NO INJURY / DRIVE AWAY,,,,"$501 - $1,500",11/6/2017 12:30,IMPROPER BACKING,UNABLE TO DETERMINE,1232,W,BARRY AVE,1933,,,,,,,2,NO INDICATION OF INJURY,0,0,0,0,0,3,0,11,2,11,41.93810698,-87.6602122,POINT (-87.660212197033 41.93810698388),1
JA501012,,11/6/2017 11:40,30,NO CONTROLS,NO CONTROLS,CLEAR,DAYLIGHT,REAR END,NOT DIVIDED,2,STRAIGHT AND LEVEL,DRY,NO DEFECTS,ON SCENE,NO INJURY / DRIVE AWAY,,,,"OVER $1,500",11/6/2017 11:52,FOLLOWING TOO CLOSELY,NOT APPLICABLE,3215,N,HARLEM AVE,1632,,,,,,,2,NO INDICATION OF INJURY,0,0,0,0,0,2,0,11,2,11,41.93848471,-87.80661665,POINT (-87.806616649533 41.938484704579),1
JA501049,,11/6/2017 11:45,30,STOP SIGN/FLASHER,FUNCTIONING PROPERLY,CLEAR,DAYLIGHT,TURNING,NOT DIVIDED,2,STRAIGHT AND LEVEL,DRY,NO DEFECTS,NOT ON SCENE (DESK REPORT),NO INJURY / DRIVE AWAY,Y,,,"$501 - $1,500",11/6/2017 12:20,IMPROPER OVERTAKING/PASSING,NOT APPLICABLE,900,W,VAN BUREN ST,1232,,,,,,,2,NO INDICATION OF INJURY,0,0,0,0,0,2,0,11,2,11,41.87674627,-87.64959909,POINT (-87.649599090325 41.876746266818),1
JA501027,,11/6/2017 11:50,35,STOP SIGN/FLASHER,FUNCTIONING PROPERLY,CLEAR,DAYLIGHT,REAR END,DIVIDED - W/MEDIAN BARRIER,4,STRAIGHT AND LEVEL,DRY,NO DEFECTS,ON SCENE,NO INJURY / DRIVE AWAY,,,,"$501 - $1,500",11/6/2017 12:00,FOLLOWING TOO CLOSELY,NOT APPLICABLE,10258,S,WESTERN AVE,2211,,,,,,,2,NO INDICATION OF INJURY,0,0,0,0,0,2,0,11,2,11,41.70646456,-87.68177,POINT (-87.681770004194 41.706464557469),1
JA501038,,11/6/2017 11:55,30,STOP SIGN/FLASHER,FUNCTIONING PROPERLY,CLEAR,DAYLIGHT,ANGLE,NOT DIVIDED,,STRAIGHT AND LEVEL,DRY,NO DEFECTS,ON SCENE,INJURY AND / OR TOW DUE TO CRASH,Y,,,"OVER $1,500",11/6/2017 12:10,DISREGARDING STOP SIGN,DRIVING SKILLS/KNOWLEDGE/EXPERIENCE,6400,S,RACINE AVE,724,,,,,,,2,INCAPACITATING INJURY,1,0,1,0,0,1,0,11,2,11,41.7776978,-87.65459435,POINT (-87.654594350716 41.777697797438),1
JA501241,,11/6/2017 12:00,30,NO CONTROLS,NO CONTROLS,CLEAR,DAYLIGHT,PARKED MOTOR VEHICLE,NOT DIVIDED,,STRAIGHT AND LEVEL,DRY,NO DEFECTS,,NO INJURY / DRIVE AWAY,,,Y,"$501 - $1,500",11/6/2017 14:00,IMPROPER BACKING,NOT APPLICABLE,1430,W,HURON ST,1215,,,,,,,2,NO INDICATION OF INJURY,0,0,0,0,0,1,0,12,2,11,41.89441887,-87.66365991,POINT (-87.663659912207 41.89441887395),1
JA501048,,11/6/2017 12:00,30,NO CONTROLS,NO CONTROLS,CLEAR,DAYLIGHT,REAR END,NOT DIVIDED,,STRAIGHT AND LEVEL,DRY,NO DEFECTS,ON SCENE,INJURY AND / OR TOW DUE TO CRASH,,,,"$501 - $1,500",11/6/2017 12:02,UNABLE TO DETERMINE,UNABLE TO DETERMINE,3900,S,PULASKI RD,815,,,,,,,2,NONINCAPACITATING INJURY,1,0,0,1,0,1,0,12,2,11,41.82256384,-87.72418748,POINT (-87.724187479133 41.822563835982),1
JA501362,,11/6/2017 12:01,15,NO CONTROLS,NO CONTROLS,CLEAR,DAYLIGHT,PARKED MOTOR VEHICLE,PARKING LOT,1,STRAIGHT AND LEVEL,DRY,NO DEFECTS,NOT ON SCENE (DESK REPORT),NO INJURY / DRIVE AWAY,,,,"OVER $1,500",11/6/2017 15:45,DRIVING SKILLS/KNOWLEDGE/EXPERIENCE,NOT APPLICABLE,3325,N,MILWAUKEE AVE,1731,,,,,,,2,NO INDICATION OF INJURY,0,0,0,0,0,2,0,12,2,11,41.94160768,-87.72773787,POINT (-87.727737869186 41.94160767585),1
JA501059,,11/6/2017 12:07,30,TRAFFIC SIGNAL,FUNCTIONING PROPERLY,CLEAR,DAYLIGHT,PEDALCYCLIST,DIVIDED - W/MEDIAN (NOT RAISED),4,STRAIGHT AND LEVEL,DRY,UNKNOWN,ON SCENE,INJURY AND / OR TOW DUE TO CRASH,Y,,,"OVER $1,500",11/6/2017 12:07,UNABLE TO DETERMINE,NOT APPLICABLE,7400,S,ASHLAND AVE,735,,,Y,,,,2,NONINCAPACITATING INJURY,1,0,0,1,0,1,0,12,2,11,41.7593684,-87.66378572,POINT (-87.663785715867 41.75936839646),1
JA510088,,11/6/2017 12:10,30,STOP SIGN/FLASHER,FUNCTIONING PROPERLY,CLEAR,DAYLIGHT,TURNING,NOT DIVIDED,,STRAIGHT AND LEVEL,DRY,NO DEFECTS,ON SCENE,INJURY AND / OR TOW DUE TO CRASH,Y,,,"OVER $1,500",11/13/2017 12:15,FAILING TO YIELD RIGHT-OF-WAY,NOT APPLICABLE,2100,N,OAK PARK AVE,2512,,,,,,,2,NO INDICATION OF INJURY,0,0,0,0,0,2,0,12,2,11,41.91816408,-87.79522116,POINT (-87.795221157042 41.918164079609),1
JA501091,,11/6/2017 12:20,30,TRAFFIC SIGNAL,FUNCTIONING PROPERLY,CLEAR,DAYLIGHT,SIDESWIPE SAME DIRECTION,OTHER,,STRAIGHT AND LEVEL,DRY,NO DEFECTS,NOT ON SCENE (DESK REPORT),NO INJURY / DRIVE AWAY,,,,"OVER $1,500",11/6/2017 12:45,DRIVING SKILLS/KNOWLEDGE/EXPERIENCE,DRIVING SKILLS/KNOWLEDGE/EXPERIENCE,10,S,LA SALLE ST,122,,,,,,,2,NO INDICATION OF INJURY,0,0,0,0,0,2,0,12,2,11,41.88167476,-87.63250419,POINT (-87.632504188958 41.881674756837),1
JA501116,,11/6/2017 12:23,30,NO CONTROLS,NO CONTROLS,CLEAR,DAYLIGHT,TURNING,ONE-WAY,2,STRAIGHT AND LEVEL,DRY,NO DEFECTS,ON SCENE,NO INJURY / DRIVE AWAY,,,,"OVER $1,500",11/6/2017 12:55,IMPROPER TURNING/NO SIGNAL,UNABLE TO DETERMINE,227,E,ONTARIO ST,1834,,,,,,,2,NO INDICATION OF INJURY,0,0,0,0,0,2,0,12,2,11,41.89326298,-87.62195878,POINT (-87.621958776492 41.893262977316),1
JA501108,,11/6/2017 12:25,35,TRAFFIC SIGNAL,FUNCTIONING PROPERLY,CLEAR,DAYLIGHT,TURNING,DIVIDED - W/MEDIAN (NOT RAISED),,STRAIGHT AND LEVEL,DRY,NO DEFECTS,ON SCENE,INJURY AND / OR TOW DUE TO CRASH,Y,,,"OVER $1,500",11/6/2017 12:30,FAILING TO YIELD RIGHT-OF-WAY,NOT APPLICABLE,4000,W,45TH ST,815,,Y,,,,,3,NO INDICATION OF INJURY,0,0,0,0,0,3,0,12,2,11,41.81164752,-87.72379498,POINT (-87.723794976682 41.811647523266),1
JA501095,,11/6/2017 12:25,30,STOP SIGN/FLASHER,FUNCTIONING PROPERLY,CLEAR,DAYLIGHT,PEDALCYCLIST,ONE-WAY,,STRAIGHT AND LEVEL,DRY,NO DEFECTS,ON SCENE,INJURY AND / OR TOW DUE TO CRASH,Y,,,"OVER $1,500",11/6/2017 12:25,FAILING TO YIELD RIGHT-OF-WAY,UNABLE TO DETERMINE,1158,N,RICHMOND ST,1211,,,,,,,2,NONINCAPACITATING INJURY,1,0,0,1,0,1,0,12,2,11,41.90280105,-87.70070344,POINT (-87.700703437251 41.902801054252),1
JA501313,,11/6/2017 12:30,30,NO CONTROLS,NO CONTROLS,CLEAR,DAYLIGHT,FIXED OBJECT,NOT DIVIDED,2,STRAIGHT AND LEVEL,DRY,OTHER,ON SCENE,NO INJURY / DRIVE AWAY,,,,"$501 - $1,500",11/6/2017 12:34,ROAD CONSTRUCTION/MAINTENANCE,NOT APPLICABLE,57,W,73RD ST,731,,Y,,Y,CONSTRUCTION,Y,1,NO INDICATION OF INJURY,0,0,0,0,0,1,0,12,2,11,41.76172713,-87.62710771,POINT (-87.627107710698 41.761727131142),1
JA501673,,11/6/2017 12:30,30,NO CONTROLS,NO CONTROLS,CLEAR,DAYLIGHT,REAR END,NOT DIVIDED,,STRAIGHT AND LEVEL,DRY,NO DEFECTS,NOT ON SCENE (DESK REPORT),NO INJURY / DRIVE AWAY,,,,"OVER $1,500",11/6/2017 18:49,NOT APPLICABLE,NOT APPLICABLE,7801,S,CICERO AVE,834,,,,,,,2,NO INDICATION OF INJURY,0,0,0,0,0,2,0,12,2,11,41.75089893,-87.74127482,POINT (-87.741274817684 41.750898924706),1
JA501121,,11/6/2017 12:35,20,STOP SIGN/FLASHER,FUNCTIONING PROPERLY,CLEAR,DAYLIGHT,PEDESTRIAN,NOT DIVIDED,,STRAIGHT AND LEVEL,DRY,NO DEFECTS,ON SCENE,NO INJURY / DRIVE AWAY,Y,,Y,$500 OR LESS,11/6/2017 12:49,UNABLE TO DETERMINE,NOT APPLICABLE,3658,N,SOUTHPORT AVE,1922,,,,,,,2,NO INDICATION OF INJURY,0,0,0,0,0,2,0,12,2,11,41.94879503,-87.66421089,POINT (-87.664210886896 41.948795025884),1
JA501114,,11/6/2017 12:37,30,TRAFFIC SIGNAL,FUNCTIONING PROPERLY,CLEAR,DAYLIGHT,FIXED OBJECT,DIVIDED - W/MEDIAN (NOT RAISED),4,STRAIGHT AND LEVEL,DRY,NO DEFECTS,ON SCENE,INJURY AND / OR TOW DUE TO CRASH,,,,"OVER $1,500",11/6/2017 12:37,FAILING TO REDUCE SPEED TO AVOID CRASH,UNABLE TO DETERMINE,650,W,47TH ST,925,,,,,,,1,NONINCAPACITATING INJURY,1,0,0,1,0,0,0,12,2,11,41.8090229,-87.64269673,POINT (-87.64269673442 41.809022901699),1
JA501105,,11/6/2017 12:38,30,STOP SIGN/FLASHER,FUNCTIONING PROPERLY,CLEAR,DAYLIGHT,TURNING,DIVIDED - W/MEDIAN (NOT RAISED),0,STRAIGHT AND LEVEL,DRY,NO DEFECTS,ON SCENE,NO INJURY / DRIVE AWAY,Y,,,"OVER $1,500",11/6/2017 12:42,DISREGARDING STOP SIGN,FAILING TO REDUCE SPEED TO AVOID CRASH,1166,W,GRAND AVE,1214,,,,,,,2,NO INDICATION OF INJURY,0,0,0,0,0,4,0,12,2,11,41.891191,-87.6573085,POINT (-87.657308504319 41.891191000011),1
JA501157,,11/6/2017 12:41,30,NO CONTROLS,NO CONTROLS,CLEAR,DAYLIGHT,PARKED MOTOR VEHICLE,NOT DIVIDED,,STRAIGHT AND LEVEL,DRY,NO DEFECTS,NOT ON SCENE (DESK REPORT),NO INJURY / DRIVE AWAY,,,,"OVER $1,500",11/6/2017 13:30,NOT APPLICABLE,NOT APPLICABLE,6300,W,HUNTINGTON ST,1611,,,,,,,2,NO INDICATION OF INJURY,0,0,0,0,0,1,0,12,2,11,41.99352682,-87.78515528,POINT (-87.785155281974 41.993526818998),1
JA501134,,11/6/2017 12:55,20,STOP SIGN/FLASHER,NO CONTROLS,CLOUDY/OVERCAST,DAYLIGHT,ANGLE,ONE-WAY,1,STRAIGHT AND LEVEL,DRY,NO DEFECTS,ON SCENE,INJURY AND / OR TOW DUE TO CRASH,Y,,Y,"OVER $1,500",11/6/2017 13:00,UNABLE TO DETERMINE,UNABLE TO DETERMINE,2500,N,SPAULDING AVE,1413,,,,,,,2,NO INDICATION OF INJURY,0,0,0,0,0,2,0,12,2,11,41.92659195,-87.71096247,POINT (-87.710962466061 41.926591952538),1
JA501150,,11/6/2017 12:56,30,NO CONTROLS,NO CONTROLS,CLEAR,DAYLIGHT,TURNING,NOT DIVIDED,2,STRAIGHT AND LEVEL,DRY,NO DEFECTS,ON SCENE,INJURY AND / OR TOW DUE TO CRASH,,,,"OVER $1,500",11/6/2017 12:57,IMPROPER BACKING,UNABLE TO DETERMINE,812,N,SANGAMON ST,1213,,,,,,,2,NO INDICATION OF INJURY,0,0,0,0,0,2,0,12,2,11,41.89675687,-87.65200515,POINT (-87.652005151213 41.896756871262),1
JA501177,,11/6/2017 13:00,30,NO CONTROLS,NO CONTROLS,CLEAR,DAYLIGHT,PARKED MOTOR VEHICLE,NOT DIVIDED,2,STRAIGHT AND LEVEL,DRY,NO DEFECTS,NOT ON SCENE (DESK REPORT),NO INJURY / DRIVE AWAY,,,,"OVER $1,500",11/6/2017 13:44,FAILING TO REDUCE SPEED TO AVOID CRASH,DRIVING SKILLS/KNOWLEDGE/EXPERIENCE,6531,S,LOWE AVE,723,,,,,,,2,NO INDICATION OF INJURY,0,0,0,0,0,1,0,13,2,11,41.77525733,-87.64060339,POINT (-87.640603392151 41.775257330488),1
JA506335,,11/6/2017 13:00,5,NO CONTROLS,NO CONTROLS,CLEAR,DAYLIGHT,PARKED MOTOR VEHICLE,PARKING LOT,1,STRAIGHT AND LEVEL,DRY,NO DEFECTS,NOT ON SCENE (DESK REPORT),NO INJURY / DRIVE AWAY,,,Y,"$501 - $1,500",11/10/2017 11:24,UNABLE TO DETERMINE,UNABLE TO DETERMINE,2021,S,MORGAN ST,1235,,,,,,,2,NO INDICATION OF INJURY,0,0,0,0,0,1,0,13,2,11,41.85461476,-87.65132209,POINT (-87.651322092184 41.854614758541),1
JA501143,,11/6/2017 13:10,20,NO CONTROLS,NO CONTROLS,CLEAR,DAYLIGHT,PARKED MOTOR VEHICLE,NOT DIVIDED,4,STRAIGHT AND LEVEL,DRY,NO DEFECTS,ON SCENE,NO INJURY / DRIVE AWAY,,,Y,"$501 - $1,500",11/6/2017 13:26,IMPROPER BACKING,UNABLE TO DETERMINE,751,N,HUDSON AVE,1831,,,,,,,2,NO INDICATION OF INJURY,0,0,0,0,0,1,0,13,2,11,41.89631224,-87.6398977,POINT (-87.639897697492 41.896312237656),1
JA501187,,11/6/2017 13:15,30,NO CONTROLS,NO CONTROLS,CLEAR,DAYLIGHT,TURNING,DRIVEWAY,2,STRAIGHT AND LEVEL,DRY,UNKNOWN,NOT ON SCENE (DESK REPORT),NO INJURY / DRIVE AWAY,,,,"OVER $1,500",11/6/2017 13:45,IMPROPER OVERTAKING/PASSING,DRIVING SKILLS/KNOWLEDGE/EXPERIENCE,2809,N,ASHLAND AVE,1932,,,,,,,2,NO INDICATION OF INJURY,0,0,0,0,0,3,0,13,2,11,41.93270303,-87.66825941,POINT (-87.668259414204 41.932703031634),1
JA501190,,11/6/2017 13:20,30,TRAFFIC SIGNAL,FUNCTIONING PROPERLY,CLEAR,DAYLIGHT,SIDESWIPE SAME DIRECTION,NOT DIVIDED,,STRAIGHT AND LEVEL,DRY,NO DEFECTS,ON SCENE,INJURY AND / OR TOW DUE TO CRASH,Y,,Y,"$501 - $1,500",11/6/2017 13:33,"OPERATING VEHICLE IN ERRATIC, RECKLESS, CARELESS, NEGLIGENT OR AGGRESSIVE MANNER",EXCEEDING SAFE SPEED FOR CONDITIONS,1430,W,99TH ST,2213,,,,,,,2,NO INDICATION OF INJURY,0,0,0,0,0,2,0,13,2,11,41.71412496,-87.65881787,POINT (-87.658817865209 41.714124960085),1
JA501192,,11/6/2017 13:25,30,TRAFFIC SIGNAL,FUNCTIONING PROPERLY,CLOUDY/OVERCAST,DAYLIGHT,SIDESWIPE SAME DIRECTION,NOT DIVIDED,3,STRAIGHT ON GRADE,UNKNOWN,UNKNOWN,NOT ON SCENE (DESK REPORT),NO INJURY / DRIVE AWAY,,,,"OVER $1,500",11/6/2017 13:45,FAILING TO YIELD RIGHT-OF-WAY,FAILING TO YIELD RIGHT-OF-WAY,1600,W,111TH ST,2234,,,,Y,UNKNOWN,,2,NO INDICATION OF INJURY,0,0,0,0,0,3,0,13,2,11,41.6922265,-87.66192002,POINT (-87.661920015286 41.692226503626),1