RD_NO,CRASH_DATE_EST_I,CRASH_DATE,POSTED_SPEED_LIMIT,TRAFFIC_CONTROL_DEVICE,DEVICE_CONDITION,WEATHER_CONDITION,LIGHTING_CONDITION,FIRST_CRASH_TYPE,TRAFFICWAY_TYPE,LANE_CNT,ALIGNMENT,ROADWAY_SURFACE_COND,ROAD_DEFECT,REPORT_TYPE,CRASH_TYPE,INTERSECTION_RELATED_I,NOT_RIGHT_OF_WAY_I,HIT_AND_RUN_I,DAMAGE,DATE_POLICE_NOTIFIED,PRIM_CONTRIBUTORY_CAUSE,SEC_CONTRIBUTORY_CAUSE,STREET_NO,STREET_DIRECTION,STREET_NAME,BEAT_OF_OCCURRENCE,PHOTOS_TAKEN_I,STATEMENTS_TAKEN_I,DOORING_I,WORK_ZONE_I,WORK_ZONE_TYPE,WORKERS_PRESENT_I,NUM_UNITS,MOST_SEVERE_INJURY,INJURIES_TOTAL,INJURIES_FATAL,INJURIES_INCAPACITATING,INJURIES_NON_INCAPACITATING,INJURIES_REPORTED_NOT_EVIDENT,INJURIES_NO_INDICATION,INJURIES_UNKNOWN,CRASH_HOUR,CRASH_DAY_OF_WEEK,CRASH_MONTH,LATITUDE,LONGITUDE,LOCATION,Join
JA501176,,11/6/2017 13:26,30,NO CONTROLS,NO CONTROLS,CLEAR,DAYLIGHT,SIDESWIPE OPPOSITE DIRECTION,DIVIDED - W/MEDIAN (NOT RAISED),2,STRAIGHT AND LEVEL,DRY,NO DEFECTS,ON SCENE,INJURY AND / OR TOW DUE TO CRASH,,,Y,"OVER $1,500",11/6/2017 13:26,"OPERATING VEHICLE IN ERRATIC, RECKLESS, CARELESS, NEGLIGENT OR AGGRESSIVE MANNER",FAILING TO REDUCE SPEED TO AVOID CRASH,2116,W,CERMAK RD,1234,,,,,,,5,NONINCAPACITATING INJURY,1,0,0,1,0,3,0,13,2,11,41.85223626,-87.6790265,POINT (-87.679026503985 41.852236263915),1
JA501593,,11/6/2017 13:30,30,NO CONTROLS,NO CONTROLS,CLEAR,DAYLIGHT,SIDESWIPE SAME DIRECTION,DIVIDED - W/MEDIAN BARRIER,4,STRAIGHT AND LEVEL,DRY,NO DEFECTS,NOT ON SCENE (DESK REPORT),NO INJURY / DRIVE AWAY,,,,$500 OR LESS,11/6/2017 18:10,FAILING TO YIELD RIGHT-OF-WAY,NOT APPLICABLE,1544,S,ASHLAND AVE,1233,,,,Y,MAINTENANCE,Y,2,NO INDICATION OF INJURY,0,0,0,0,0,2,0,13,2,11,41.86015396,-87.66635955,POINT (-87.666359545025 41.860153957847),1
JA501193,,11/6/2017 13:30,30,TRAFFIC SIGNAL,FUNCTIONING PROPERLY,CLEAR,DAYLIGHT,REAR END,DIVIDED - W/MEDIAN (NOT RAISED),2,STRAIGHT AND LEVEL,DRY,NO DEFECTS,NOT ON SCENE (DESK REPORT),NO INJURY / DRIVE AWAY,,,,"$501 - $1,500",11/6/2017 13:45,DISTRACTION - FROM INSIDE VEHICLE,NOT APPLICABLE,1203,W,PRATT BLVD,2432,,,,,,,2,NO INDICATION OF INJURY,0,0,0,0,0,3,0,13,2,11,42.00542747,-87.66112993,POINT (-87.661129924537 42.005427467793),1
JA501226,,11/6/2017 13:30,20,NO CONTROLS,NO CONTROLS,CLEAR,DAYLIGHT,PARKED MOTOR VEHICLE,ONE-WAY,1,STRAIGHT AND LEVEL,DRY,NO DEFECTS,ON SCENE,INJURY AND / OR TOW DUE TO CRASH,,,,"$501 - $1,500",11/6/2017 13:48,PHYSICAL CONDITION OF DRIVER,PHYSICAL CONDITION OF DRIVER,3115,N,RIDGEWAY AVE,2523,,,,,,,3,NO INDICATION OF INJURY,0,0,0,0,0,1,0,13,2,11,41.93761952,-87.72050555,POINT (-87.720505547315 41.937619520776),1
JA501262,,11/6/2017 13:30,30,TRAFFIC SIGNAL,FUNCTIONING PROPERLY,CLEAR,DAYLIGHT,ANGLE,NOT DIVIDED,,STRAIGHT AND LEVEL,DRY,NO DEFECTS,NOT ON SCENE (DESK REPORT),NO INJURY / DRIVE AWAY,,,Y,"OVER $1,500",11/6/2017 14:30,NOT APPLICABLE,NOT APPLICABLE,7900,S,KEDZIE AVE,834,,,,,,,2,NO INDICATION OF INJURY,0,0,0,0,0,2,0,13,2,11,41.74972397,-87.70253957,POINT (-87.702539571674 41.749723971726),1
JA501206,,11/6/2017 13:30,30,NO CONTROLS,NO CONTROLS,CLEAR,DAYLIGHT,FIXED OBJECT,NOT DIVIDED,2,STRAIGHT AND LEVEL,DRY,NO DEFECTS,ON SCENE,NO INJURY / DRIVE AWAY,,,,"OVER $1,500",11/6/2017 13:55,UNABLE TO DETERMINE,FAILING TO REDUCE SPEED TO AVOID CRASH,600,E,GRAND AVE,1834,,,,,,,1,NO INDICATION OF INJURY,0,0,0,0,0,1,0,13,2,11,41.89209414,-87.61156988,POINT (-87.611569883947 41.892094136862),1
JA501231,,11/6/2017 13:30,30,STOP SIGN/FLASHER,FUNCTIONING PROPERLY,CLEAR,DAYLIGHT,REAR END,NOT DIVIDED,2,STRAIGHT AND LEVEL,DRY,NO DEFECTS,NOT ON SCENE (DESK REPORT),NO INJURY / DRIVE AWAY,,,Y,$500 OR LESS,11/6/2017 14:20,UNABLE TO DETERMINE,UNABLE TO DETERMINE,1601,W,19TH ST,1234,,,,,,,2,NO INDICATION OF INJURY,0,0,0,0,0,2,0,13,2,11,41.85586299,-87.66611887,POINT (-87.666118867343 41.8558629865),1
JA501158,Y,11/6/2017 13:30,30,STOP SIGN/FLASHER,FUNCTIONING PROPERLY,CLEAR,DAYLIGHT,TURNING,OTHER,1,STRAIGHT AND LEVEL,DRY,NO DEFECTS,ON SCENE,NO INJURY / DRIVE AWAY,Y,,,"OVER $1,500",11/6/2017 13:30,FAILING TO YIELD RIGHT-OF-WAY,NOT APPLICABLE,5900,S,MOZART ST,824,,,,,,,2,NO INDICATION OF INJURY,0,0,0,0,0,2,0,13,2,11,41.78629249,-87.69495944,POINT (-87.694959437179 41.786292489904),1
JA501195,,11/6/2017 13:40,30,NO CONTROLS,UNKNOWN,CLEAR,DAYLIGHT,SIDESWIPE SAME DIRECTION,NOT DIVIDED,,STRAIGHT AND LEVEL,DRY,NO DEFECTS,ON SCENE,NO INJURY / DRIVE AWAY,,,,"$501 - $1,500",11/6/2017 13:41,UNABLE TO DETERMINE,NOT APPLICABLE,2341,W,PRATT BLVD,2412,,,,,,,2,NO INDICATION OF INJURY,0,0,0,0,0,2,0,13,2,11,42.00493107,-87.68958427,POINT (-87.689584267506 42.004931064962),1
JA501301,,11/6/2017 13:41,25,NO CONTROLS,NO CONTROLS,CLEAR,DAYLIGHT,PARKED MOTOR VEHICLE,DIVIDED - W/MEDIAN (NOT RAISED),4,STRAIGHT AND LEVEL,DRY,NO DEFECTS,ON SCENE,INJURY AND / OR TOW DUE TO CRASH,,,,"OVER $1,500",11/6/2017 15:04,DRIVING SKILLS/KNOWLEDGE/EXPERIENCE,DRIVING SKILLS/KNOWLEDGE/EXPERIENCE,5100,W,ROOSEVELT RD,1533,,,,,,,3,NO INDICATION OF INJURY,0,0,0,0,0,1,0,13,2,11,41.86589619,-87.75214622,POINT (-87.752146215252 41.865896185374),1
JA501463,,11/6/2017 13:45,30,NO CONTROLS,FUNCTIONING PROPERLY,CLEAR,DAYLIGHT,SIDESWIPE SAME DIRECTION,ONE-WAY,4,STRAIGHT AND LEVEL,DRY,NO DEFECTS,NOT ON SCENE (DESK REPORT),NO INJURY / DRIVE AWAY,,,Y,"OVER $1,500",11/6/2017 18:00,IMPROPER OVERTAKING/PASSING,IMPROPER OVERTAKING/PASSING,2500,W,VAN BUREN ST,1125,,,,,,,2,NO INDICATION OF INJURY,0,0,0,0,0,2,0,13,2,11,41.87617354,-87.6888012,POINT (-87.688801199428 41.876173543741),1
JA501276,Y,11/6/2017 13:45,30,TRAFFIC SIGNAL,FUNCTIONING PROPERLY,CLEAR,DAYLIGHT,TURNING,NOT DIVIDED,2,STRAIGHT AND LEVEL,DRY,NO DEFECTS,NOT ON SCENE (DESK REPORT),NO INJURY / DRIVE AWAY,,,,"OVER $1,500",11/6/2017 14:46,IMPROPER LANE USAGE,NOT APPLICABLE,898,W,ADAMS ST,1232,,,,,,,2,NO INDICATION OF INJURY,0,0,0,0,0,2,0,13,2,11,41.87928972,-87.64956282,POINT (-87.649562824355 41.879289720261),1
JA501328,,11/6/2017 13:50,30,NO CONTROLS,NO CONTROLS,CLEAR,DAYLIGHT,FIXED OBJECT,DIVIDED - W/MEDIAN BARRIER,4,STRAIGHT ON HILLCREST,UNKNOWN,UNKNOWN,ON SCENE,NO INJURY / DRIVE AWAY,,,,$500 OR LESS,11/6/2017 13:56,NOT APPLICABLE,NOT APPLICABLE,450,N,SACRAMENTO BLVD,1221,,,,,,,1,NO INDICATION OF INJURY,0,0,0,0,0,1,0,13,2,11,41.88982181,-87.70170856,POINT (-87.701708560122 41.889821810046),1
JA501633,,11/6/2017 14:00,30,TRAFFIC SIGNAL,FUNCTIONING PROPERLY,CLEAR,DAYLIGHT,REAR END,ONE-WAY,,STRAIGHT AND LEVEL,DRY,NO DEFECTS,NOT ON SCENE (DESK REPORT),INJURY AND / OR TOW DUE TO CRASH,,,,"$501 - $1,500",11/6/2017 18:40,UNABLE TO DETERMINE,UNABLE TO DETERMINE,7505,S,STONY ISLAND AVE,411,,,,,,,2,"REPORTED, NOT EVIDENT",1,0,0,0,1,1,0,14,2,11,41.75860676,-87.58558844,POINT (-87.585588440432 41.758606761304),1
JA502294,,11/6/2017 14:00,15,NO CONTROLS,NO CONTROLS,CLEAR,DAYLIGHT,ANGLE,PARKING LOT,1,STRAIGHT AND LEVEL,DRY,NO DEFECTS,NOT ON SCENE (DESK REPORT),NO INJURY / DRIVE AWAY,,Y,,"OVER $1,500",11/7/2017 10:40,FAILING TO YIELD RIGHT-OF-WAY,UNABLE TO DETERMINE,4315,S,PULASKI RD,821,,,,,,,2,NO INDICATION OF INJURY,0,0,0,0,0,2,0,14,2,11,41.81470991,-87.7236967,POINT (-87.723696703427 41.81470990684),1
JA501273,,11/6/2017 14:10,30,STOP SIGN/FLASHER,FUNCTIONING PROPERLY,CLEAR,DAYLIGHT,ANGLE,DIVIDED - W/MEDIAN (NOT RAISED),2,STRAIGHT AND LEVEL,DRY,UNKNOWN,NOT ON SCENE (DESK REPORT),INJURY AND / OR TOW DUE TO CRASH,Y,,,"OVER $1,500",11/6/2017 14:30,DISREGARDING STOP SIGN,UNABLE TO DETERMINE,8500,S,HOLLAND RD,622,,,,,,,2,"REPORTED, NOT EVIDENT",1,0,0,0,1,2,0,14,2,11,41.73989671,-87.63208907,POINT (-87.632089065232 41.739896705621),1
JA501369,,11/6/2017 14:12,0,NO CONTROLS,NO CONTROLS,CLEAR,DAYLIGHT,REAR END,DIVIDED - W/MEDIAN (NOT RAISED),4,STRAIGHT AND LEVEL,DRY,NO DEFECTS,NOT ON SCENE (DESK REPORT),NO INJURY / DRIVE AWAY,,,,"OVER $1,500",11/6/2017 15:52,FAILING TO REDUCE SPEED TO AVOID CRASH,DRIVING SKILLS/KNOWLEDGE/EXPERIENCE,5687,S,ARCHER AVE,814,,,,,,,2,NO INDICATION OF INJURY,0,0,0,0,0,2,0,14,2,11,41.79696861,-87.75352367,POINT (-87.75352366806 41.796968605758),1
JA501421,,11/6/2017 14:20,30,TRAFFIC SIGNAL,FUNCTIONING PROPERLY,CLEAR,DAYLIGHT,SIDESWIPE SAME DIRECTION,ONE-WAY,,STRAIGHT AND LEVEL,DRY,NO DEFECTS,NOT ON SCENE (DESK REPORT),NO INJURY / DRIVE AWAY,,,Y,"OVER $1,500",11/6/2017 16:20,UNABLE TO DETERMINE,NOT APPLICABLE,1200,W,VAN BUREN ST,1231,,,,,,,2,NO INDICATION OF INJURY,0,0,0,0,0,2,0,14,2,11,41.87662843,-87.65705409,POINT (-87.657054091457 41.876628428249),1
JA501319,,11/6/2017 14:22,30,TRAFFIC SIGNAL,FUNCTIONING PROPERLY,CLEAR,DAYLIGHT,SIDESWIPE SAME DIRECTION,DIVIDED - W/MEDIAN BARRIER,,STRAIGHT AND LEVEL,DRY,NO DEFECTS,ON SCENE,NO INJURY / DRIVE AWAY,,,,"$501 - $1,500",11/6/2017 15:00,IMPROPER LANE USAGE,NOT APPLICABLE,4650,S,CICERO AVE,814,,,,,,,2,NO INDICATION OF INJURY,0,0,0,0,0,2,0,14,2,11,41.80793897,-87.7433045,POINT (-87.743304496048 41.807938965397),1
JA501407,,11/6/2017 14:23,30,NO CONTROLS,NO CONTROLS,CLEAR,DAYLIGHT,PEDESTRIAN,PARKING LOT,,STRAIGHT AND LEVEL,DRY,NO DEFECTS,,INJURY AND / OR TOW DUE TO CRASH,,,N,$500 OR LESS,11/6/2017 14:24,FAILING TO REDUCE SPEED TO AVOID CRASH,UNABLE TO DETERMINE,8832,S,COMMERCIAL AVE,423,,,,,,,2,INCAPACITATING INJURY,1,0,1,0,0,1,0,14,2,11,41.73455695,-87.55151417,POINT (-87.551514168042 41.734556954349),1
JA501289,,11/6/2017 14:25,30,NO CONTROLS,NO CONTROLS,CLEAR,DAYLIGHT,SIDESWIPE SAME DIRECTION,DIVIDED - W/MEDIAN (NOT RAISED),4,STRAIGHT AND LEVEL,UNKNOWN,UNKNOWN,ON SCENE,NO INJURY / DRIVE AWAY,,,,"OVER $1,500",11/6/2017 14:30,UNABLE TO DETERMINE,NOT APPLICABLE,7069,N,WESTERN AVE,2411,,,,,,,2,NO INDICATION OF INJURY,0,0,0,0,0,9,0,14,2,11,42.0106283,-87.69006426,POINT (-87.690064261311 42.010628297883),1
JA501272,,11/6/2017 14:29,5,OTHER REG. SIGN,FUNCTIONING PROPERLY,CLOUDY/OVERCAST,DAYLIGHT,REAR END,DIVIDED - W/MEDIAN BARRIER,22,"CURVE, LEVEL",DRY,NO DEFECTS,ON SCENE,NO INJURY / DRIVE AWAY,,Y,Y,"OVER $1,500",11/6/2017 14:29,DISREGARDING OTHER TRAFFIC SIGNS,UNABLE TO DETERMINE,8800,S,CHICAGO SKYWAY OB,412,,,,,,,2,NO INDICATION OF INJURY,0,0,0,0,0,2,0,14,2,11,,,,1
JA501608,,11/6/2017 14:30,30,NO CONTROLS,NO CONTROLS,CLEAR,DAYLIGHT,REAR END,NOT DIVIDED,,STRAIGHT AND LEVEL,DRY,NO DEFECTS,NOT ON SCENE (DESK REPORT),NO INJURY / DRIVE AWAY,,,,"$501 - $1,500",11/6/2017 18:30,FOLLOWING TOO CLOSELY,FOLLOWING TOO CLOSELY,7500,S,STONY ISLAND AVE,411,,,,,,,2,NO INDICATION OF INJURY,0,0,0,0,0,2,0,14,2,11,41.75871547,-87.58628097,POINT (-87.586280964844 41.758715466706),1
JA501316,,11/6/2017 14:30,30,NO CONTROLS,NO CONTROLS,CLEAR,DAYLIGHT,PARKED MOTOR VEHICLE,NOT DIVIDED,1,STRAIGHT AND LEVEL,DRY,NO DEFECTS,ON SCENE,NO INJURY / DRIVE AWAY,,,Y,"OVER $1,500",11/6/2017 14:54,"OPERATING VEHICLE IN ERRATIC, RECKLESS, CARELESS, NEGLIGENT OR AGGRESSIVE MANNER",NOT APPLICABLE,1557,W,ARBOUR PL,1215,,,,,,,7,NO INDICATION OF INJURY,0,0,0,0,0,1,0,14,2,11,41.88813807,-87.66663728,POINT (-87.666637282649 41.888138066725),1
JA501548,,11/6/2017 14:30,30,TRAFFIC SIGNAL,FUNCTIONING PROPERLY,CLEAR,DAYLIGHT,REAR END,DIVIDED - W/MEDIAN (NOT RAISED),4,STRAIGHT AND LEVEL,DRY,NO DEFECTS,ON SCENE,INJURY AND / OR TOW DUE TO CRASH,Y,,Y,"OVER $1,500",11/6/2017 17:30,FAILING TO REDUCE SPEED TO AVOID CRASH,UNABLE TO DETERMINE,801,S,HALSTED ST,1232,,,,,,,2,NO INDICATION OF INJURY,0,0,0,0,0,2,0,14,2,11,41.87185759,-87.6468729,POINT (-87.646872904102 41.871857594377),1
JA501416,,11/6/2017 14:32,30,NO CONTROLS,NO CONTROLS,CLEAR,DAYLIGHT,PARKED MOTOR VEHICLE,ONE-WAY,1,STRAIGHT AND LEVEL,DRY,NO DEFECTS,NOT ON SCENE (DESK REPORT),NO INJURY / DRIVE AWAY,,,N,$500 OR LESS,11/6/2017 16:10,DRIVING SKILLS/KNOWLEDGE/EXPERIENCE,NOT APPLICABLE,1250,S,UNION AVE,1232,,,,,,,2,NO INDICATION OF INJURY,0,0,0,0,0,2,0,14,2,11,41.86578454,-87.64521477,POINT (-87.645214773503 41.865784541222),1
JA501353,,11/6/2017 14:35,30,NO CONTROLS,NO CONTROLS,CLEAR,DAYLIGHT,PARKED MOTOR VEHICLE,ONE-WAY,,STRAIGHT AND LEVEL,DRY,NO DEFECTS,NOT ON SCENE (DESK REPORT),NO INJURY / DRIVE AWAY,,,Y,"OVER $1,500",11/6/2017 15:20,UNABLE TO DETERMINE,NOT APPLICABLE,749,W,OHIO ST,1214,,,,,,,2,NO INDICATION OF INJURY,0,0,0,0,0,1,0,14,2,11,41.89213531,-87.64754591,POINT (-87.647545913359 41.892135313918),1
JA501324,,11/6/2017 14:40,30,TRAFFIC SIGNAL,FUNCTIONING PROPERLY,CLEAR,DAYLIGHT,SIDESWIPE SAME DIRECTION,NOT DIVIDED,4,STRAIGHT AND LEVEL,DRY,"RUT, HOLES",NOT ON SCENE (DESK REPORT),NO INJURY / DRIVE AWAY,,,Y,"$501 - $1,500",11/6/2017 15:15,UNABLE TO DETERMINE,UNABLE TO DETERMINE,6700,S,ASHLAND AVE,725,,,,,,,2,NO INDICATION OF INJURY,0,0,0,0,0,2,0,14,2,11,41.77209823,-87.66416462,POINT (-87.664164617596 41.77209823278),1
JA501263,,11/6/2017 14:40,25,NO CONTROLS,NO CONTROLS,CLEAR,DAYLIGHT,REAR END,NOT DIVIDED,2,STRAIGHT AND LEVEL,DRY,NO DEFECTS,ON SCENE,NO INJURY / DRIVE AWAY,,,,"OVER $1,500",11/6/2017 14:40,FOLLOWING TOO CLOSELY,FAILING TO REDUCE SPEED TO AVOID CRASH,4502,W,DIVERSEY AVE,2521,,,,,,,2,NO INDICATION OF INJURY,0,0,0,0,0,2,0,14,2,11,41.93173765,-87.73938975,POINT (-87.739389746434 41.93173765),1
JA501290,,11/6/2017 14:42,10,NO CONTROLS,NO CONTROLS,CLEAR,DAYLIGHT,HEAD ON,PARKING LOT,1,STRAIGHT AND LEVEL,DRY,NO DEFECTS,NOT ON SCENE (DESK REPORT),NO INJURY / DRIVE AWAY,,,,$500 OR LESS,11/6/2017 14:52,UNABLE TO DETERMINE,UNABLE TO DETERMINE,424,W,DIVISION ST,1821,,,,,,,2,NO INDICATION OF INJURY,0,0,0,0,0,3,0,14,2,11,41.90388396,-87.6394372,POINT (-87.639437201552 41.90388396114),1
JA501318,,11/6/2017 14:50,30,TRAFFIC SIGNAL,FUNCTIONING IMPROPERLY,CLEAR,DAYLIGHT,ANGLE,NOT DIVIDED,0,STRAIGHT AND LEVEL,DRY,NO DEFECTS,ON SCENE,INJURY AND / OR TOW DUE TO CRASH,Y,Y,,"OVER $1,500",11/6/2017 14:55,FAILING TO YIELD RIGHT-OF-WAY,UNABLE TO DETERMINE,5100,W,FOSTER AVE,1623,,,,,,,2,"REPORTED, NOT EVIDENT",3,0,0,0,3,3,0,14,2,11,41.9753547,-87.75534849,POINT (-87.755348488993 41.975354698581),1
JA501363,,11/6/2017 14:50,30,YIELD,FUNCTIONING PROPERLY,CLEAR,DAYLIGHT,TURNING,NOT DIVIDED,,STRAIGHT AND LEVEL,DRY,NO DEFECTS,NOT ON SCENE (DESK REPORT),NO INJURY / DRIVE AWAY,Y,,,$500 OR LESS,11/6/2017 15:47,UNABLE TO DETERMINE,UNABLE TO DETERMINE,298,E,LOWER RANDOLPH ST,114,,,,,,,2,NO INDICATION OF INJURY,0,0,0,0,0,2,0,14,2,11,41.8845289,-87.62068567,POINT (-87.620685672418 41.884528901392),1
JA501460,,11/6/2017 15:00,30,NO CONTROLS,NO CONTROLS,CLEAR,DAYLIGHT,PARKED MOTOR VEHICLE,NOT DIVIDED,,STRAIGHT AND LEVEL,DRY,NO DEFECTS,NOT ON SCENE (DESK REPORT),NO INJURY / DRIVE AWAY,,,Y,"$501 - $1,500",11/6/2017 17:00,UNABLE TO DETERMINE,UNABLE TO DETERMINE,738,E,79TH ST,624,,,,,,,2,NO INDICATION OF INJURY,0,0,0,0,0,1,0,15,2,11,41.75137624,-87.60613134,POINT (-87.606131335051 41.751376243175),1
JA501562,,11/6/2017 15:00,30,NO CONTROLS,NO CONTROLS,CLEAR,DARKNESS,PARKED MOTOR VEHICLE,DIVIDED - W/MEDIAN (NOT RAISED),4,STRAIGHT AND LEVEL,DRY,UNKNOWN,NOT ON SCENE (DESK REPORT),NO INJURY / DRIVE AWAY,,Y,N,"$501 - $1,500",11/6/2017 18:00,UNABLE TO DETERMINE,UNABLE TO DETERMINE,1730,N,CLYBOURN AVE,1813,,,,,,,2,NO INDICATION OF INJURY,0,0,0,0,0,1,0,15,2,11,41.9125115,-87.65195705,POINT (-87.651957046395 41.912511499246),1
JA501352,,11/6/2017 15:06,30,TRAFFIC SIGNAL,FUNCTIONING PROPERLY,CLEAR,DAYLIGHT,REAR END,DIVIDED - W/MEDIAN (NOT RAISED),2,STRAIGHT AND LEVEL,DRY,UNKNOWN,ON SCENE,INJURY AND / OR TOW DUE TO CRASH,,,Y,"OVER $1,500",11/6/2017 15:07,FAILING TO REDUCE SPEED TO AVOID CRASH,EXCEEDING SAFE SPEED FOR CONDITIONS,3601,W,31ST ST,1032,,,,,,,4,NO INDICATION OF INJURY,0,0,0,0,0,5,0,15,2,11,41.83694533,-87.71465085,POINT (-87.714650847712 41.836945328672),1
JA501342,,11/6/2017 15:15,30,STOP SIGN/FLASHER,FUNCTIONING PROPERLY,CLEAR,DAYLIGHT,ANGLE,NOT DIVIDED,4,STRAIGHT AND LEVEL,DRY,NO DEFECTS,ON SCENE,INJURY AND / OR TOW DUE TO CRASH,Y,,Y,"OVER $1,500",11/6/2017 15:17,FAILING TO REDUCE SPEED TO AVOID CRASH,DRIVING SKILLS/KNOWLEDGE/EXPERIENCE,4029,W,ROOSEVELT RD,1011,,,,,,,2,"REPORTED, NOT EVIDENT",2,0,0,0,2,3,0,15,2,11,41.86604576,-87.72632496,POINT (-87.726324957584 41.866045761425),1
JA501379,,11/6/2017 15:15,30,TRAFFIC SIGNAL,FUNCTIONING PROPERLY,CLEAR,DAYLIGHT,ANGLE,NOT DIVIDED,1,STRAIGHT AND LEVEL,DRY,NO DEFECTS,NOT ON SCENE (DESK REPORT),NO INJURY / DRIVE AWAY,,,,$500 OR LESS,11/6/2017 16:00,UNABLE TO DETERMINE,UNABLE TO DETERMINE,508,N,STATE ST,1831,,,,,,,2,NO INDICATION OF INJURY,0,0,0,0,0,2,0,15,2,11,41.8911927,-87.62819803,POINT (-87.628198030631 41.891192701081),1
JA501366,,11/6/2017 15:15,30,TRAFFIC SIGNAL,FUNCTIONING PROPERLY,CLEAR,DAYLIGHT,REAR END,DIVIDED - W/MEDIAN (NOT RAISED),2,STRAIGHT AND LEVEL,DRY,NO DEFECTS,NOT ON SCENE (DESK REPORT),NO INJURY / DRIVE AWAY,,,,"$501 - $1,500",11/6/2017 15:45,UNABLE TO DETERMINE,NOT APPLICABLE,3400,W,FULLERTON AVE,1413,,,,,,,2,NO INDICATION OF INJURY,0,0,0,0,0,2,0,15,2,11,41.9247696,-87.71216993,POINT (-87.71216993272 41.924769603564),1
JA501346,,11/6/2017 15:15,30,TRAFFIC SIGNAL,FUNCTIONING PROPERLY,CLEAR,DAYLIGHT,REAR END,NOT DIVIDED,4,STRAIGHT AND LEVEL,DRY,NO DEFECTS,ON SCENE,NO INJURY / DRIVE AWAY,Y,,,"OVER $1,500",11/6/2017 15:20,FOLLOWING TOO CLOSELY,UNABLE TO DETERMINE,1298,W,IRVING PARK RD,1915,,,,,,,3,NO INDICATION OF INJURY,0,0,0,0,0,3,0,15,2,11,41.95449037,-87.66210559,POINT (-87.662105593576 41.954490371527),1
JA501451,,11/6/2017 15:30,30,TRAFFIC SIGNAL,FUNCTIONING IMPROPERLY,CLEAR,DAWN,TURNING,NOT DIVIDED,2,STRAIGHT AND LEVEL,DRY,NO DEFECTS,NOT ON SCENE (DESK REPORT),NO INJURY / DRIVE AWAY,Y,,Y,"$501 - $1,500",11/6/2017 16:45,FAILING TO YIELD RIGHT-OF-WAY,IMPROPER TURNING/NO SIGNAL,5599,W,BRYN MAWR AVE,1623,,,,,,,2,NO INDICATION OF INJURY,0,0,0,0,0,2,0,15,2,11,41.98283025,-87.76828237,POINT (-87.768282367338 41.982830250941),1
JA504417,,11/6/2017 15:30,30,TRAFFIC SIGNAL,FUNCTIONING IMPROPERLY,CLEAR,"DARKNESS, LIGHTED ROAD",REAR END,NOT DIVIDED,2,STRAIGHT AND LEVEL,DRY,NO DEFECTS,NOT ON SCENE (DESK REPORT),NO INJURY / DRIVE AWAY,,,,"OVER $1,500",11/8/2017 20:08,FOLLOWING TOO CLOSELY,NOT APPLICABLE,5100,W,FOSTER AVE,1623,,,,,,,2,NO INDICATION OF INJURY,0,0,0,0,0,2,0,15,2,11,41.9753547,-87.75534849,POINT (-87.755348488993 41.975354698581),1
JA501490,,11/6/2017 15:30,30,UNKNOWN,UNKNOWN,UNKNOWN,UNKNOWN,REAR END,UNKNOWN,2,STRAIGHT AND LEVEL,UNKNOWN,UNKNOWN,NOT ON SCENE (DESK REPORT),INJURY AND / OR TOW DUE TO CRASH,,,Y,"$501 - $1,500",11/6/2017 17:20,"OPERATING VEHICLE IN ERRATIC, RECKLESS, CARELESS, NEGLIGENT OR AGGRESSIVE MANNER",NOT APPLICABLE,300,N,LARAMIE AVE,1523,,,,,,,3,"REPORTED, NOT EVIDENT",1,0,0,0,1,3,0,15,2,11,41.88571429,-87.75540908,POINT (-87.755409077735 41.885714287582),1
JA501373,,11/6/2017 15:30,30,TRAFFIC SIGNAL,FUNCTIONING IMPROPERLY,CLEAR,DAYLIGHT,TURNING,DIVIDED - W/MEDIAN BARRIER,,STRAIGHT AND LEVEL,DRY,NO DEFECTS,NOT ON SCENE (DESK REPORT),NO INJURY / DRIVE AWAY,,,,"$501 - $1,500",11/6/2017 15:58,IMPROPER LANE USAGE,UNABLE TO DETERMINE,3100,S,DR MARTIN LUTHER KING JR DR,211,,,,,,,2,NO INDICATION OF INJURY,0,0,0,0,0,2,0,15,2,11,41.83832694,-87.61761266,POINT (-87.617612661462 41.838326941218),1
JA501398,Y,11/6/2017 15:35,30,TRAFFIC SIGNAL,FUNCTIONING PROPERLY,CLEAR,DAYLIGHT,ANGLE,ONE-WAY,4,STRAIGHT AND LEVEL,DRY,NO DEFECTS,ON SCENE,INJURY AND / OR TOW DUE TO CRASH,Y,,,"OVER $1,500",11/6/2017 15:40,DISREGARDING TRAFFIC SIGNALS,FAILING TO REDUCE SPEED TO AVOID CRASH,100,N,CLINTON ST,121,,,,,,,2,NONINCAPACITATING INJURY,1,0,0,1,0,1,0,15,2,11,41.8832369,-87.64138162,POINT (-87.641381615901 41.88323689522),1
JA501399,,11/6/2017 15:40,20,SCHOOL ZONE,NO CONTROLS,CLEAR,DAYLIGHT,PARKED MOTOR VEHICLE,DIVIDED - W/MEDIAN (NOT RAISED),,STRAIGHT AND LEVEL,DRY,NO DEFECTS,ON SCENE,NO INJURY / DRIVE AWAY,,,Y,"$501 - $1,500",11/6/2017 16:13,UNABLE TO DETERMINE,UNABLE TO DETERMINE,8130,S,CALIFORNIA AVE,835,,,,,,,2,NO INDICATION OF INJURY,0,0,0,0,0,1,0,15,2,11,41.74536617,-87.69265107,POINT (-87.692651066444 41.745366173179),1
JA501450,,11/6/2017 15:40,30,TRAFFIC SIGNAL,FUNCTIONING PROPERLY,CLEAR,DAYLIGHT,REAR END,NOT DIVIDED,,STRAIGHT AND LEVEL,DRY,NO DEFECTS,NOT ON SCENE (DESK REPORT),NO INJURY / DRIVE AWAY,Y,,,$500 OR LESS,11/6/2017 16:50,UNABLE TO DETERMINE,UNABLE TO DETERMINE,1,E,OAK ST,1833,,,,,,,2,NO INDICATION OF INJURY,0,0,0,0,0,2,0,15,2,11,41.90063165,-87.62827241,POINT (-87.628272413637 41.900631646947),1