RD_NO,CRASH_DATE_EST_I,CRASH_DATE,POSTED_SPEED_LIMIT,TRAFFIC_CONTROL_DEVICE,DEVICE_CONDITION,WEATHER_CONDITION,LIGHTING_CONDITION,FIRST_CRASH_TYPE,TRAFFICWAY_TYPE,LANE_CNT,ALIGNMENT,ROADWAY_SURFACE_COND,ROAD_DEFECT,REPORT_TYPE,CRASH_TYPE,INTERSECTION_RELATED_I,NOT_RIGHT_OF_WAY_I,HIT_AND_RUN_I,DAMAGE,DATE_POLICE_NOTIFIED,PRIM_CONTRIBUTORY_CAUSE,SEC_CONTRIBUTORY_CAUSE,STREET_NO,STREET_DIRECTION,STREET_NAME,BEAT_OF_OCCURRENCE,PHOTOS_TAKEN_I,STATEMENTS_TAKEN_I,DOORING_I,WORK_ZONE_I,WORK_ZONE_TYPE,WORKERS_PRESENT_I,NUM_UNITS,MOST_SEVERE_INJURY,INJURIES_TOTAL,INJURIES_FATAL,INJURIES_INCAPACITATING,INJURIES_NON_INCAPACITATING,INJURIES_REPORTED_NOT_EVIDENT,INJURIES_NO_INDICATION,INJURIES_UNKNOWN,CRASH_HOUR,CRASH_DAY_OF_WEEK,CRASH_MONTH,LATITUDE,LONGITUDE,LOCATION,Join
JA501458,,11/6/2017 15:45,30,TRAFFIC SIGNAL,FUNCTIONING PROPERLY,CLEAR,DAYLIGHT,REAR END,DIVIDED - W/MEDIAN BARRIER,,STRAIGHT ON GRADE,DRY,UNKNOWN,NOT ON SCENE (DESK REPORT),NO INJURY / DRIVE AWAY,,,,"OVER $1,500",11/6/2017 16:50,FOLLOWING TOO CLOSELY,UNABLE TO DETERMINE,2101,W,95TH ST,2213,,,,,,,2,NO INDICATION OF INJURY,0,0,0,0,0,2,0,15,2,11,41.72093259,-87.67487394,POINT (-87.674873941707 41.720932587153),1
JA501664,,11/6/2017 15:45,30,NO CONTROLS,NO CONTROLS,CLEAR,DAYLIGHT,REAR END,NOT DIVIDED,,STRAIGHT AND LEVEL,DRY,NO DEFECTS,NOT ON SCENE (DESK REPORT),NO INJURY / DRIVE AWAY,,,Y,"OVER $1,500",11/6/2017 18:50,UNABLE TO DETERMINE,NOT APPLICABLE,11356,S,AVENUE O,433,,,,,,,2,NO INDICATION OF INJURY,0,0,0,0,0,3,0,15,2,11,41.68837387,-87.54024773,POINT (-87.540247726735 41.688373871994),1
JA501470,,11/6/2017 15:45,30,NO CONTROLS,NO CONTROLS,CLEAR,DAYLIGHT,SIDESWIPE SAME DIRECTION,ONE-WAY,2,STRAIGHT AND LEVEL,DRY,NO DEFECTS,NOT ON SCENE (DESK REPORT),NO INJURY / DRIVE AWAY,,,,$500 OR LESS,11/6/2017 17:10,UNABLE TO DETERMINE,UNABLE TO DETERMINE,224,N,CLARK ST,122,,,,,,,2,NO INDICATION OF INJURY,0,0,0,0,0,3,0,15,2,11,41.88640995,-87.63113813,POINT (-87.631138134354 41.886409950888),1
JA501417,Y,11/6/2017 15:45,30,NO CONTROLS,NO CONTROLS,CLEAR,DAYLIGHT,TURNING,ALLEY,2,STRAIGHT AND LEVEL,DRY,NO DEFECTS,NOT ON SCENE (DESK REPORT),NO INJURY / DRIVE AWAY,,,,"$501 - $1,500",11/6/2017 16:26,IMPROPER TURNING/NO SIGNAL,NOT APPLICABLE,2002,S,WENTWORTH AVE,914,,,,,,,2,NO INDICATION OF INJURY,0,0,0,0,0,2,0,15,2,11,41.8552817,-87.63199264,POINT (-87.631992642294 41.855281703774),1
JA501456,,11/6/2017 15:45,30,NO CONTROLS,NO CONTROLS,CLEAR,DAYLIGHT,REAR END,DIVIDED - W/MEDIAN BARRIER,,STRAIGHT AND LEVEL,DRY,NO DEFECTS,ON SCENE,NO INJURY / DRIVE AWAY,,,Y,$500 OR LESS,11/6/2017 16:30,FAILING TO REDUCE SPEED TO AVOID CRASH,NOT APPLICABLE,4311,W,79TH ST,834,,,,,,,2,NO INDICATION OF INJURY,0,0,0,0,0,3,0,15,2,11,41.74918732,-87.72979872,POINT (-87.729798714957 41.749187321806),1
JA501515,,11/6/2017 15:50,30,STOP SIGN/FLASHER,FUNCTIONING PROPERLY,CLEAR,DAYLIGHT,ANGLE,NOT DIVIDED,2,STRAIGHT AND LEVEL,DRY,NO DEFECTS,NOT ON SCENE (DESK REPORT),NO INJURY / DRIVE AWAY,Y,,,"OVER $1,500",11/6/2017 17:30,IMPROPER BACKING,IMPROPER BACKING,2100,W,22ND PL,1034,,,,,,,2,NO INDICATION OF INJURY,0,0,0,0,0,2,0,15,2,11,41.85133737,-87.67839452,POINT (-87.678394520696 41.851337364509),1
JA501424,,11/6/2017 15:53,35,TRAFFIC SIGNAL,FUNCTIONING PROPERLY,CLEAR,DUSK,TURNING,NOT DIVIDED,2,STRAIGHT AND LEVEL,DRY,NO DEFECTS,ON SCENE,INJURY AND / OR TOW DUE TO CRASH,Y,,,"OVER $1,500",11/6/2017 15:54,FAILING TO YIELD RIGHT-OF-WAY,NOT APPLICABLE,800,W,119TH ST,524,,,,,,,2,NONINCAPACITATING INJURY,2,0,0,2,0,0,0,15,2,11,41.67792339,-87.64198965,POINT (-87.64198964584 41.677923389134),1
JA501675,,11/6/2017 16:00,30,STOP SIGN/FLASHER,FUNCTIONING PROPERLY,CLEAR,DAYLIGHT,ANGLE,NOT DIVIDED,4,STRAIGHT AND LEVEL,DRY,NO DEFECTS,NOT ON SCENE (DESK REPORT),NO INJURY / DRIVE AWAY,,,Y,"OVER $1,500",11/6/2017 19:00,FAILING TO YIELD RIGHT-OF-WAY,FAILING TO YIELD RIGHT-OF-WAY,4300,S,PRAIRIE AVE,215,,,,,,,2,NO INDICATION OF INJURY,0,0,0,0,0,2,0,16,2,11,41.81649349,-87.61993514,POINT (-87.619935135497 41.81649349083),1
JA501401,,11/6/2017 16:00,30,NO CONTROLS,NO CONTROLS,CLEAR,DAYLIGHT,REAR END,DIVIDED - W/MEDIAN (NOT RAISED),4,STRAIGHT AND LEVEL,DRY,UNKNOWN,ON SCENE,NO INJURY / DRIVE AWAY,,,,$500 OR LESS,11/6/2017 16:12,DISTRACTION - FROM OUTSIDE VEHICLE,NOT APPLICABLE,3619,W,NORTH AVE,2535,,,,,,,2,NO INDICATION OF INJURY,0,0,0,0,0,3,0,16,2,11,41.90987367,-87.7175329,POINT (-87.717532898888 41.909873667527),1
JA501442,,11/6/2017 16:15,30,TRAFFIC SIGNAL,FUNCTIONING PROPERLY,CLEAR,DAYLIGHT,REAR END,NOT DIVIDED,2,STRAIGHT AND LEVEL,DRY,NO DEFECTS,ON SCENE,NO INJURY / DRIVE AWAY,,,,"OVER $1,500",11/6/2017 16:32,FOLLOWING TOO CLOSELY,FAILING TO REDUCE SPEED TO AVOID CRASH,2200,W,NORTH AVE,1434,,,,,,,2,NO INDICATION OF INJURY,0,0,0,0,0,2,0,16,2,11,41.91050252,-87.68240976,POINT (-87.682409763192 41.910502517499),1
JA502387,,11/6/2017 16:15,30,NO CONTROLS,NO CONTROLS,CLEAR,"DARKNESS, LIGHTED ROAD",ANGLE,NOT DIVIDED,,STRAIGHT AND LEVEL,DRY,NO DEFECTS,NOT ON SCENE (DESK REPORT),INJURY AND / OR TOW DUE TO CRASH,,,,"OVER $1,500",11/7/2017 12:10,FAILING TO YIELD RIGHT-OF-WAY,NOT APPLICABLE,5099,N,HARLEM AVE,1613,,,,,,,2,NONINCAPACITATING INJURY,1,0,0,1,0,1,0,16,2,11,41.97364141,-87.80691759,POINT (-87.806917594357 41.973641404595),1
JA501445,,11/6/2017 16:18,30,NO CONTROLS,NO CONTROLS,CLEAR,DAYLIGHT,REAR END,NOT DIVIDED,,STRAIGHT AND LEVEL,DRY,NO DEFECTS,NOT ON SCENE (DESK REPORT),NO INJURY / DRIVE AWAY,,,,"OVER $1,500",11/6/2017 16:28,NOT APPLICABLE,NOT APPLICABLE,5500,S,PULASKI RD,813,,,,,,,2,NO INDICATION OF INJURY,0,0,0,0,0,2,0,16,2,11,41.79315506,-87.72330377,POINT (-87.723303764642 41.793155060731),1
JA501485,,11/6/2017 16:20,30,STOP SIGN/FLASHER,FUNCTIONING PROPERLY,CLEAR,DUSK,ANGLE,NOT DIVIDED,,STRAIGHT AND LEVEL,DRY,NO DEFECTS,NOT ON SCENE (DESK REPORT),NO INJURY / DRIVE AWAY,,,,"$501 - $1,500",11/6/2017 17:26,FAILING TO YIELD RIGHT-OF-WAY,UNABLE TO DETERMINE,2851,S,VERNON AVE,133,,,,,,,2,NO INDICATION OF INJURY,0,0,0,0,0,2,0,16,2,11,41.84215481,-87.61553154,POINT (-87.615531542633 41.842154808902),1
JA501457,,11/6/2017 16:20,35,TRAFFIC SIGNAL,FUNCTIONING PROPERLY,CLEAR,DUSK,SIDESWIPE SAME DIRECTION,NOT DIVIDED,4,STRAIGHT AND LEVEL,DRY,NO DEFECTS,ON SCENE,INJURY AND / OR TOW DUE TO CRASH,,,Y,"OVER $1,500",11/6/2017 16:20,PHYSICAL CONDITION OF DRIVER,FAILING TO REDUCE SPEED TO AVOID CRASH,99,N,PULASKI RD,1122,,,,,,,2,NO INDICATION OF INJURY,0,0,0,0,0,3,0,16,2,11,41.88187954,-87.72555803,POINT (-87.725558030745 41.881879535481),1
JA501474,Y,11/6/2017 16:24,30,TRAFFIC SIGNAL,FUNCTIONING PROPERLY,CLOUDY/OVERCAST,DUSK,TURNING,NOT DIVIDED,,STRAIGHT AND LEVEL,DRY,NO DEFECTS,ON SCENE,INJURY AND / OR TOW DUE TO CRASH,Y,,Y,"OVER $1,500",11/6/2017 16:56,IMPROPER TURNING/NO SIGNAL,UNABLE TO DETERMINE,2659,N,CLYBOURN AVE,1931,,,,,,,2,NO INDICATION OF INJURY,0,0,0,0,0,4,0,16,2,11,41.93002546,-87.67533354,POINT (-87.675333536486 41.930025458044),1
JA501444,,11/6/2017 16:30,30,TRAFFIC SIGNAL,FUNCTIONING PROPERLY,CLEAR,DUSK,REAR END,NOT DIVIDED,2,STRAIGHT AND LEVEL,DRY,NO DEFECTS,ON SCENE,NO INJURY / DRIVE AWAY,,,,"$501 - $1,500",11/6/2017 16:37,FOLLOWING TOO CLOSELY,FAILING TO REDUCE SPEED TO AVOID CRASH,4290,W,WASHINGTON BLVD,1114,,,,,,,2,NO INDICATION OF INJURY,0,0,0,0,0,2,0,16,2,11,41.88206848,-87.73294576,POINT (-87.73294575656 41.882068478795),1
JA501475,,11/6/2017 16:30,30,NO CONTROLS,NO CONTROLS,CLEAR,DAYLIGHT,OTHER OBJECT,NOT DIVIDED,,STRAIGHT AND LEVEL,DRY,NO DEFECTS,NOT ON SCENE (DESK REPORT),NO INJURY / DRIVE AWAY,,,,"$501 - $1,500",11/6/2017 17:10,UNABLE TO DETERMINE,UNABLE TO DETERMINE,4817,W,FULLERTON AVE,2522,,,,,,,1,NO INDICATION OF INJURY,0,0,0,0,0,1,0,16,2,11,41.92411902,-87.74703214,POINT (-87.747032136012 41.924119024175),1
JA501518,,11/6/2017 16:30,30,TRAFFIC SIGNAL,FUNCTIONING PROPERLY,CLEAR,DUSK,HEAD ON,DIVIDED - W/MEDIAN (NOT RAISED),4,STRAIGHT AND LEVEL,DRY,NO DEFECTS,NOT ON SCENE (DESK REPORT),NO INJURY / DRIVE AWAY,,,,"OVER $1,500",11/6/2017 17:35,IMPROPER BACKING,DRIVING SKILLS/KNOWLEDGE/EXPERIENCE,7700,S,KEDZIE AVE,835,,,,,,,2,NO INDICATION OF INJURY,0,0,0,0,0,2,0,16,2,11,41.75335698,-87.70264255,POINT (-87.70264255049 41.753356980012),1
JA501765,,11/6/2017 16:30,30,TRAFFIC SIGNAL,UNKNOWN,CLEAR,"DARKNESS, LIGHTED ROAD",SIDESWIPE SAME DIRECTION,DIVIDED - W/MEDIAN (NOT RAISED),,STRAIGHT AND LEVEL,DRY,UNKNOWN,NOT ON SCENE (DESK REPORT),NO INJURY / DRIVE AWAY,Y,,,$500 OR LESS,11/6/2017 20:00,IMPROPER OVERTAKING/PASSING,UNABLE TO DETERMINE,7501,S,COTTAGE GROVE AVE,624,,,,,,,2,NO INDICATION OF INJURY,0,0,0,0,0,2,0,16,2,11,41.75849313,-87.60524023,POINT (-87.605240225641 41.758493133326),1
JA501564,,11/6/2017 16:30,30,TRAFFIC SIGNAL,UNKNOWN,CLEAR,"DARKNESS, LIGHTED ROAD",SIDESWIPE SAME DIRECTION,DIVIDED - W/MEDIAN (NOT RAISED),,STRAIGHT AND LEVEL,DRY,UNKNOWN,NOT ON SCENE (DESK REPORT),NO INJURY / DRIVE AWAY,Y,,,"$501 - $1,500",11/6/2017 18:00,IMPROPER OVERTAKING/PASSING,NOT APPLICABLE,6399,S,DR MARTIN LUTHER KING JR DR,312,,,,,,,2,NO INDICATION OF INJURY,0,0,0,0,0,2,0,16,2,11,41.77849065,-87.61543782,POINT (-87.615437819528 41.778490647369),1
JA505622,,11/6/2017 16:30,30,NO CONTROLS,NO CONTROLS,CLEAR,DUSK,ANGLE,PARKING LOT,2,STRAIGHT AND LEVEL,DRY,NO DEFECTS,NOT ON SCENE (DESK REPORT),NO INJURY / DRIVE AWAY,,,,"$501 - $1,500",11/9/2017 19:10,"OPERATING VEHICLE IN ERRATIC, RECKLESS, CARELESS, NEGLIGENT OR AGGRESSIVE MANNER",NOT APPLICABLE,2337,W,HOWARD ST,2411,,,,,,,2,NO INDICATION OF INJURY,0,0,0,0,0,3,0,16,2,11,42.01941979,-87.68918419,POINT (-87.689184189066 42.019419787022),1
JA501439,,11/6/2017 16:32,20,NO CONTROLS,NO CONTROLS,CLEAR,DUSK,REAR END,NOT DIVIDED,,STRAIGHT AND LEVEL,DRY,NO DEFECTS,ON SCENE,NO INJURY / DRIVE AWAY,,,,"$501 - $1,500",11/6/2017 16:36,FOLLOWING TOO CLOSELY,FAILING TO REDUCE SPEED TO AVOID CRASH,318,N,CENTRAL AVE,1512,,,,,,,2,NO INDICATION OF INJURY,0,0,0,0,0,2,0,16,2,11,41.88631922,-87.76522554,POINT (-87.765225539807 41.886319223278),1
JA501453,,11/6/2017 16:42,30,STOP SIGN/FLASHER,FUNCTIONING PROPERLY,CLEAR,DUSK,TURNING,ONE-WAY,3,STRAIGHT AND LEVEL,DRY,NO DEFECTS,ON SCENE,INJURY AND / OR TOW DUE TO CRASH,Y,,Y,"OVER $1,500",11/6/2017 16:42,DISREGARDING STOP SIGN,FAILING TO YIELD RIGHT-OF-WAY,5799,S,INDIANA AVE,232,,,,,,,2,NO INDICATION OF INJURY,0,0,0,0,0,2,0,16,2,11,41.78936254,-87.62056089,POINT (-87.620560884511 41.789362541072),1
JA501602,,11/6/2017 16:45,30,TRAFFIC SIGNAL,FUNCTIONING PROPERLY,CLEAR,DUSK,SIDESWIPE SAME DIRECTION,NOT DIVIDED,4,STRAIGHT AND LEVEL,DRY,NO DEFECTS,NOT ON SCENE (DESK REPORT),NO INJURY / DRIVE AWAY,,,,"$501 - $1,500",11/6/2017 18:15,FAILING TO YIELD RIGHT-OF-WAY,UNABLE TO DETERMINE,1901,W,OGDEN AVE,1231,,,,,,,2,NO INDICATION OF INJURY,0,0,0,0,0,2,0,16,2,11,41.87463687,-87.67398145,POINT (-87.673981449367 41.874636873514),1
JA501489,,11/6/2017 16:45,30,NO CONTROLS,NO CONTROLS,CLEAR,"DARKNESS, LIGHTED ROAD",ANGLE,OTHER,2,STRAIGHT AND LEVEL,DRY,NO DEFECTS,ON SCENE,NO INJURY / DRIVE AWAY,,,,$500 OR LESS,11/6/2017 17:15,IMPROPER BACKING,NOT APPLICABLE,2414,W,NORTH AVE,1434,,,,,,,2,NO INDICATION OF INJURY,0,0,0,0,0,2,0,16,2,11,41.91042254,-87.68787634,POINT (-87.687876335485 41.910422538942),1
JA501552,,11/6/2017 16:48,30,NO CONTROLS,NO CONTROLS,CLEAR,DARKNESS,PARKED MOTOR VEHICLE,ONE-WAY,,STRAIGHT AND LEVEL,DRY,NO DEFECTS,NOT ON SCENE (DESK REPORT),NO INJURY / DRIVE AWAY,,,Y,"OVER $1,500",11/6/2017 17:47,NOT APPLICABLE,NOT APPLICABLE,6159,S,RICHMOND ST,823,,,,,,,2,NO INDICATION OF INJURY,0,0,0,0,0,1,0,16,2,11,41.78097817,-87.69695578,POINT (-87.696955781812 41.780978169154),1
JA501500,,11/6/2017 16:50,30,TRAFFIC SIGNAL,FUNCTIONING PROPERLY,CLEAR,"DARKNESS, LIGHTED ROAD",TURNING,DIVIDED - W/MEDIAN BARRIER,6,STRAIGHT AND LEVEL,DRY,NO DEFECTS,,INJURY AND / OR TOW DUE TO CRASH,Y,,,"OVER $1,500",11/6/2017 16:57,FAILING TO YIELD RIGHT-OF-WAY,NOT APPLICABLE,5900,S,CICERO AVE,813,,,,,,,2,NONINCAPACITATING INJURY,1,0,0,1,0,1,0,16,2,11,41.78564332,-87.74148578,POINT (-87.741485778405 41.785643323876),1
JA501484,,11/6/2017 16:56,30,NO CONTROLS,UNKNOWN,CLEAR,DUSK,REAR END,ONE-WAY,,STRAIGHT AND LEVEL,DRY,NO DEFECTS,ON SCENE,INJURY AND / OR TOW DUE TO CRASH,,,,"OVER $1,500",11/6/2017 16:58,FOLLOWING TOO CLOSELY,FAILING TO REDUCE SPEED TO AVOID CRASH,24,W,GARFIELD BLVD,225,,,,,,,2,"REPORTED, NOT EVIDENT",1,0,0,0,1,3,0,16,2,11,41.79474238,-87.62673431,POINT (-87.626734307844 41.794742378501),1
JA501536,,11/6/2017 17:00,30,NO CONTROLS,NO CONTROLS,CLEAR,"DARKNESS, LIGHTED ROAD",SIDESWIPE SAME DIRECTION,NOT DIVIDED,,STRAIGHT AND LEVEL,DRY,NO DEFECTS,NOT ON SCENE (DESK REPORT),NO INJURY / DRIVE AWAY,,,,"$501 - $1,500",11/6/2017 17:43,IMPROPER OVERTAKING/PASSING,IMPROPER OVERTAKING/PASSING,8700,S,STONY ISLAND AVE,412,,,,,,,2,NO INDICATION OF INJURY,0,0,0,0,0,2,0,17,2,11,41.73682263,-87.58578342,POINT (-87.585783420329 41.736822630157),1
JA501498,,11/6/2017 17:00,30,NO CONTROLS,NO CONTROLS,CLEAR,"DARKNESS, LIGHTED ROAD",OTHER NONCOLLISION,DIVIDED - W/MEDIAN BARRIER,4,STRAIGHT AND LEVEL,DRY,NO DEFECTS,ON SCENE,INJURY AND / OR TOW DUE TO CRASH,,,,"OVER $1,500",11/6/2017 17:07,UNABLE TO DETERMINE,NOT APPLICABLE,3900,W,IRVING PARK RD,1723,,,,,,,1,NONINCAPACITATING INJURY,1,0,0,1,0,0,0,17,2,11,41.95379275,-87.72521004,POINT (-87.725210039985 41.953792750396),1
JA501479,,11/6/2017 17:00,30,NO CONTROLS,NO CONTROLS,CLEAR,DUSK,SIDESWIPE SAME DIRECTION,NOT DIVIDED,4,STRAIGHT AND LEVEL,DRY,NO DEFECTS,ON SCENE,INJURY AND / OR TOW DUE TO CRASH,,,Y,"$501 - $1,500",11/6/2017 17:00,FAILING TO YIELD RIGHT-OF-WAY,IMPROPER OVERTAKING/PASSING,1755,N,AUSTIN AVE,2531,,,,,,,2,NO INDICATION OF INJURY,0,0,0,0,0,3,0,17,2,11,41.91270224,-87.7751902,POINT (-87.775190198691 41.912702240588),1
JA501546,,11/6/2017 17:02,30,TRAFFIC SIGNAL,FUNCTIONING PROPERLY,CLEAR,"DARKNESS, LIGHTED ROAD",REAR END,DIVIDED - W/MEDIAN (NOT RAISED),,STRAIGHT AND LEVEL,UNKNOWN,UNKNOWN,NOT ON SCENE (DESK REPORT),NO INJURY / DRIVE AWAY,,,,"$501 - $1,500",11/6/2017 17:45,FOLLOWING TOO CLOSELY,UNABLE TO DETERMINE,1556,W,95TH ST,2221,,,,,,,2,NO INDICATION OF INJURY,0,0,0,0,0,2,0,17,2,11,41.72132575,-87.6626251,POINT (-87.662625097876 41.721325750833),1
JA501519,,11/6/2017 17:10,30,TRAFFIC SIGNAL,FUNCTIONING PROPERLY,CLEAR,DUSK,REAR END,NOT DIVIDED,2,STRAIGHT AND LEVEL,DRY,NO DEFECTS,NOT ON SCENE (DESK REPORT),NO INJURY / DRIVE AWAY,,,,"OVER $1,500",11/6/2017 17:50,UNABLE TO DETERMINE,UNABLE TO DETERMINE,2884,W,19TH ST,1022,,,,,,,3,NO INDICATION OF INJURY,0,0,0,0,0,3,0,17,2,11,41.85561752,-87.69903343,POINT (-87.699033430403 41.855617522034),1
JA501538,,11/6/2017 17:15,30,NO CONTROLS,NO CONTROLS,CLEAR,DUSK,REAR END,DIVIDED - W/MEDIAN (NOT RAISED),2,STRAIGHT AND LEVEL,DRY,UNKNOWN,NOT ON SCENE (DESK REPORT),NO INJURY / DRIVE AWAY,,,,"OVER $1,500",11/6/2017 17:50,FOLLOWING TOO CLOSELY,FOLLOWING TOO CLOSELY,3553,N,ELSTON AVE,1733,,,,,,,2,NO INDICATION OF INJURY,0,0,0,0,0,2,0,17,2,11,41.94593295,-87.70760651,POINT (-87.707606506762 41.945932945153),1
JA501616,,11/6/2017 17:17,30,NO CONTROLS,NO CONTROLS,CLEAR,DUSK,SIDESWIPE OPPOSITE DIRECTION,DIVIDED - W/MEDIAN (NOT RAISED),2,STRAIGHT AND LEVEL,DRY,UNKNOWN,NOT ON SCENE (DESK REPORT),NO INJURY / DRIVE AWAY,,,Y,"$501 - $1,500",11/6/2017 18:30,UNABLE TO DETERMINE,UNABLE TO DETERMINE,2100,W,79TH ST,611,,,,,,,3,NO INDICATION OF INJURY,0,0,0,0,0,3,0,17,2,11,41.75030847,-87.67564359,POINT (-87.675643593212 41.750308468882),1
JA501643,,11/6/2017 17:20,30,TRAFFIC SIGNAL,UNKNOWN,CLEAR,DAWN,REAR END,DIVIDED - W/MEDIAN (NOT RAISED),4,STRAIGHT AND LEVEL,DRY,UNKNOWN,NOT ON SCENE (DESK REPORT),NO INJURY / DRIVE AWAY,,,,"$501 - $1,500",11/6/2017 18:45,UNABLE TO DETERMINE,UNABLE TO DETERMINE,1200,N,PULASKI RD,2534,,,,,,,2,NO INDICATION OF INJURY,0,0,0,0,0,2,0,17,2,11,41.9027139,-87.72645146,POINT (-87.726451457158 41.902713901936),1
JA501632,,11/6/2017 17:30,30,NO CONTROLS,NO CONTROLS,CLEAR,"DARKNESS, LIGHTED ROAD",TURNING,DIVIDED - W/MEDIAN (NOT RAISED),2,STRAIGHT AND LEVEL,DRY,NO DEFECTS,NOT ON SCENE (DESK REPORT),NO INJURY / DRIVE AWAY,,,,"OVER $1,500",11/6/2017 18:30,IMPROPER OVERTAKING/PASSING,IMPROPER LANE USAGE,5625,N,BROADWAY,2022,,,,,,,2,NO INDICATION OF INJURY,0,0,0,0,0,2,0,17,2,11,41.98440216,-87.65994556,POINT (-87.659945559696 41.984402160261),1
JA502122,,11/6/2017 17:35,25,STOP SIGN/FLASHER,FUNCTIONING PROPERLY,CLEAR,DUSK,REAR END,NOT DIVIDED,,STRAIGHT AND LEVEL,DRY,NO DEFECTS,NOT ON SCENE (DESK REPORT),NO INJURY / DRIVE AWAY,,,,"$501 - $1,500",11/7/2017 8:41,UNABLE TO DETERMINE,UNABLE TO DETERMINE,332,S,KARLOV AVE,1132,,,,,,,2,NO INDICATION OF INJURY,0,0,0,0,0,6,0,17,2,11,41.87609904,-87.72811317,POINT (-87.728113165756 41.876099040482),1
JA511891,,11/6/2017 17:40,30,TRAFFIC SIGNAL,FUNCTIONING PROPERLY,CLEAR,DAWN,TURNING,NOT DIVIDED,,STRAIGHT AND LEVEL,DRY,NO DEFECTS,NOT ON SCENE (DESK REPORT),NO INJURY / DRIVE AWAY,,,,"OVER $1,500",11/14/2017 18:02,NOT APPLICABLE,NOT APPLICABLE,3140,S,ASHLAND AVE,912,,,,,,,2,NO INDICATION OF INJURY,0,0,0,0,0,2,0,17,2,11,41.8366116,-87.66586427,POINT (-87.665864269893 41.836611603943),1
JA501644,,11/6/2017 17:45,30,TRAFFIC SIGNAL,FUNCTIONING PROPERLY,CLEAR,"DARKNESS, LIGHTED ROAD",TURNING,DIVIDED - W/MEDIAN (NOT RAISED),,STRAIGHT AND LEVEL,DRY,NO DEFECTS,NOT ON SCENE (DESK REPORT),NO INJURY / DRIVE AWAY,Y,,,"OVER $1,500",11/6/2017 18:30,UNABLE TO DETERMINE,UNABLE TO DETERMINE,3130,S,ARCHER AVE,912,,,,,,,2,NO INDICATION OF INJURY,0,0,0,0,0,2,0,17,2,11,41.83717799,-87.66680071,POINT (-87.666800704746 41.837177985257),1
JA501697,,11/6/2017 17:45,30,NO CONTROLS,NO CONTROLS,CLEAR,DAWN,SIDESWIPE SAME DIRECTION,DIVIDED - W/MEDIAN (NOT RAISED),4,STRAIGHT AND LEVEL,DRY,UNKNOWN,NOT ON SCENE (DESK REPORT),NO INJURY / DRIVE AWAY,,,,"$501 - $1,500",11/6/2017 19:15,UNABLE TO DETERMINE,UNABLE TO DETERMINE,1100,W,RANDOLPH ST,1224,,,,,,,2,NO INDICATION OF INJURY,0,0,0,0,0,2,0,17,2,11,41.88439289,-87.65449755,POINT (-87.654497553324 41.884392892022),1
JA501752,,11/6/2017 17:48,30,NO CONTROLS,NO CONTROLS,CLEAR,"DARKNESS, LIGHTED ROAD",SIDESWIPE SAME DIRECTION,DIVIDED - W/MEDIAN (NOT RAISED),2,STRAIGHT AND LEVEL,DRY,UNKNOWN,NOT ON SCENE (DESK REPORT),NO INJURY / DRIVE AWAY,,,Y,"$501 - $1,500",11/6/2017 20:00,IMPROPER OVERTAKING/PASSING,UNABLE TO DETERMINE,7453,S,STATE ST,323,,,,,,,2,NO INDICATION OF INJURY,0,0,0,0,0,2,0,17,2,11,41.75843267,-87.624618,POINT (-87.624617995736 41.758432672754),1
JA501585,,11/6/2017 17:50,30,NO CONTROLS,UNKNOWN,CLEAR,"DARKNESS, LIGHTED ROAD",REAR END,NOT DIVIDED,2,STRAIGHT AND LEVEL,DRY,"RUT, HOLES",ON SCENE,INJURY AND / OR TOW DUE TO CRASH,,,,$500 OR LESS,11/6/2017 18:05,FAILING TO REDUCE SPEED TO AVOID CRASH,FOLLOWING TOO CLOSELY,3810,W,63RD ST,823,,,,,,,2,"REPORTED, NOT EVIDENT",1,0,0,0,1,1,0,17,2,11,41.77883652,-87.71836139,POINT (-87.71836138998 41.778836516735),1
JA501612,,11/6/2017 17:50,30,NO CONTROLS,NO CONTROLS,CLEAR,"DARKNESS, LIGHTED ROAD",PEDALCYCLIST,ALLEY,1,STRAIGHT AND LEVEL,DRY,UNKNOWN,ON SCENE,INJURY AND / OR TOW DUE TO CRASH,Y,,,"OVER $1,500",11/6/2017 18:05,FAILING TO YIELD RIGHT-OF-WAY,NOT APPLICABLE,5650,N,GLENWOOD AVE,2013,,,,,,,2,INCAPACITATING INJURY,1,0,1,0,0,1,0,17,2,11,41.98503765,-87.66514412,POINT (-87.665144118264 41.985037652725),1
JA501601,,11/6/2017 17:52,30,NO CONTROLS,NO CONTROLS,CLEAR,"DARKNESS, LIGHTED ROAD",SIDESWIPE SAME DIRECTION,DIVIDED - W/MEDIAN (NOT RAISED),4,STRAIGHT AND LEVEL,DRY,NO DEFECTS,ON SCENE,INJURY AND / OR TOW DUE TO CRASH,,,,"OVER $1,500",11/6/2017 18:00,FAILING TO YIELD RIGHT-OF-WAY,NOT APPLICABLE,5698,N,RIDGE AVE,2013,,,,,,,3,NONINCAPACITATING INJURY,1,0,0,1,0,2,0,17,2,11,41.98543916,-87.66325986,POINT (-87.663259855189 41.985439163004),1