RD_NO,CRASH_DATE_EST_I,CRASH_DATE,POSTED_SPEED_LIMIT,TRAFFIC_CONTROL_DEVICE,DEVICE_CONDITION,WEATHER_CONDITION,LIGHTING_CONDITION,FIRST_CRASH_TYPE,TRAFFICWAY_TYPE,LANE_CNT,ALIGNMENT,ROADWAY_SURFACE_COND,ROAD_DEFECT,REPORT_TYPE,CRASH_TYPE,INTERSECTION_RELATED_I,NOT_RIGHT_OF_WAY_I,HIT_AND_RUN_I,DAMAGE,DATE_POLICE_NOTIFIED,PRIM_CONTRIBUTORY_CAUSE,SEC_CONTRIBUTORY_CAUSE,STREET_NO,STREET_DIRECTION,STREET_NAME,BEAT_OF_OCCURRENCE,PHOTOS_TAKEN_I,STATEMENTS_TAKEN_I,DOORING_I,WORK_ZONE_I,WORK_ZONE_TYPE,WORKERS_PRESENT_I,NUM_UNITS,MOST_SEVERE_INJURY,INJURIES_TOTAL,INJURIES_FATAL,INJURIES_INCAPACITATING,INJURIES_NON_INCAPACITATING,INJURIES_REPORTED_NOT_EVIDENT,INJURIES_NO_INDICATION,INJURIES_UNKNOWN,CRASH_HOUR,CRASH_DAY_OF_WEEK,CRASH_MONTH,LATITUDE,LONGITUDE,LOCATION,Join
JA502664,,11/6/2017 18:00,35,NO CONTROLS,NO CONTROLS,CLEAR,DARKNESS,REAR END,NOT DIVIDED,,STRAIGHT AND LEVEL,DRY,NO DEFECTS,NOT ON SCENE (DESK REPORT),NO INJURY / DRIVE AWAY,,,,"OVER $1,500",11/7/2017 15:20,FOLLOWING TOO CLOSELY,FAILING TO REDUCE SPEED TO AVOID CRASH,5409,S,HARLEM AVE,811,,,,,,,2,NO INDICATION OF INJURY,0,0,0,0,0,2,0,18,2,11,41.79363272,-87.80143327,POINT (-87.801433272108 41.793632714801),1
JA501609,,11/6/2017 18:00,30,TRAFFIC SIGNAL,FUNCTIONING PROPERLY,CLEAR,"DARKNESS, LIGHTED ROAD",ANGLE,NOT DIVIDED,2,STRAIGHT AND LEVEL,DRY,NO DEFECTS,ON SCENE,INJURY AND / OR TOW DUE TO CRASH,Y,,,"OVER $1,500",11/6/2017 18:07,DISREGARDING OTHER TRAFFIC SIGNS,FAILING TO YIELD RIGHT-OF-WAY,6700,S,NORMAL BLVD,722,,,,,,,2,NONINCAPACITATING INJURY,2,0,0,2,0,2,0,18,2,11,41.77257079,-87.63745454,POINT (-87.63745453644 41.772570786573),1
JA503070,,11/6/2017 18:00,30,NO CONTROLS,NO CONTROLS,CLEAR,"DARKNESS, LIGHTED ROAD",TURNING,NOT DIVIDED,,STRAIGHT AND LEVEL,DRY,NO DEFECTS,NOT ON SCENE (DESK REPORT),NO INJURY / DRIVE AWAY,,,,"OVER $1,500",11/7/2017 19:30,IMPROPER TURNING/NO SIGNAL,UNABLE TO DETERMINE,100,N,HALSTED ST,1224,,,,,,,2,NO INDICATION OF INJURY,0,0,0,0,0,3,0,18,2,11,41.88316574,-87.64755165,POINT (-87.647551652718 41.883165735675),1
JA501554,,11/6/2017 18:00,35,NO CONTROLS,NO CONTROLS,CLEAR,"DARKNESS, LIGHTED ROAD",SIDESWIPE SAME DIRECTION,DIVIDED - W/MEDIAN BARRIER,6,STRAIGHT AND LEVEL,DRY,UNKNOWN,ON SCENE,NO INJURY / DRIVE AWAY,,,,"$501 - $1,500",11/6/2017 18:03,FAILING TO YIELD RIGHT-OF-WAY,DRIVING SKILLS/KNOWLEDGE/EXPERIENCE,8258,S,STONY ISLAND AVE,411,,,,,,,2,NO INDICATION OF INJURY,0,0,0,0,0,2,0,18,2,11,41.7442883,-87.58594701,POINT (-87.585947011459 41.744288303496),1
JA501624,,11/6/2017 18:00,30,STOP SIGN/FLASHER,FUNCTIONING PROPERLY,CLEAR,"DARKNESS, LIGHTED ROAD",ANGLE,NOT DIVIDED,,STRAIGHT AND LEVEL,DRY,NO DEFECTS,ON SCENE,NO INJURY / DRIVE AWAY,Y,,,$500 OR LESS,11/6/2017 18:00,DISREGARDING STOP SIGN,DRIVING SKILLS/KNOWLEDGE/EXPERIENCE,6401,S,RACINE AVE,724,,,,,,,2,NO INDICATION OF INJURY,0,0,0,0,0,3,0,18,2,11,41.77770475,-87.65430121,POINT (-87.654301207752 41.777704752172),1
JA501738,,11/6/2017 18:00,30,NO CONTROLS,NO CONTROLS,CLEAR,DARKNESS,REAR END,ONE-WAY,,STRAIGHT AND LEVEL,DRY,NO DEFECTS,NOT ON SCENE (DESK REPORT),NO INJURY / DRIVE AWAY,,,Y,"$501 - $1,500",11/6/2017 19:53,IMPROPER BACKING,UNABLE TO DETERMINE,10,E,JACKSON BLVD,113,,,,,,,2,NO INDICATION OF INJURY,0,0,0,0,0,2,0,18,2,11,41.87833155,-87.6273239,POINT (-87.627323897359 41.878331548565),1
JA501598,Y,11/6/2017 18:00,30,NO CONTROLS,NO CONTROLS,CLEAR,DAYLIGHT,REAR END,NOT DIVIDED,2,STRAIGHT AND LEVEL,DRY,NO DEFECTS,NOT ON SCENE (DESK REPORT),NO INJURY / DRIVE AWAY,,,,"OVER $1,500",11/6/2017 18:20,FOLLOWING TOO CLOSELY,NOT APPLICABLE,200,W,ROOSEVELT RD,123,,,,,,,2,NO INDICATION OF INJURY,0,0,0,0,0,2,0,18,2,11,41.86744147,-87.63311106,POINT (-87.633111061471 41.867441470525),1
JA501603,,11/6/2017 18:00,35,STOP SIGN/FLASHER,FUNCTIONING PROPERLY,RAIN,DARKNESS,SIDESWIPE SAME DIRECTION,NOT DIVIDED,2,STRAIGHT AND LEVEL,DRY,NO DEFECTS,ON SCENE,INJURY AND / OR TOW DUE TO CRASH,,,,"OVER $1,500",11/6/2017 18:03,IMPROPER LANE USAGE,DISTRACTION - FROM INSIDE VEHICLE,5400,S,CALIFORNIA AVE,923,,,,,,,2,NONINCAPACITATING INJURY,1,0,0,1,0,3,0,18,2,11,41.79542276,-87.69399236,POINT (-87.693992356462 41.795422759814),1
JA501613,,11/6/2017 18:00,30,NO CONTROLS,NO CONTROLS,CLEAR,DAYLIGHT,SIDESWIPE SAME DIRECTION,DIVIDED - W/MEDIAN (NOT RAISED),4,STRAIGHT AND LEVEL,DRY,NO DEFECTS,NOT ON SCENE (DESK REPORT),NO INJURY / DRIVE AWAY,,,,"OVER $1,500",11/6/2017 18:30,IMPROPER OVERTAKING/PASSING,DRIVING SKILLS/KNOWLEDGE/EXPERIENCE,4400,S,CALIFORNIA AVE,922,,,,,,,2,NO INDICATION OF INJURY,0,0,0,0,0,2,0,18,2,11,41.81364169,-87.69451454,POINT (-87.694514537586 41.813641687374),1
JA501614,,11/6/2017 18:05,30,NO CONTROLS,NO CONTROLS,CLEAR,"DARKNESS, LIGHTED ROAD",FIXED OBJECT,DIVIDED - W/MEDIAN (NOT RAISED),,STRAIGHT AND LEVEL,DRY,"RUT, HOLES",NOT ON SCENE (DESK REPORT),NO INJURY / DRIVE AWAY,,,,"$501 - $1,500",11/6/2017 18:30,ROAD ENGINEERING/SURFACE/MARKING DEFECTS,NOT APPLICABLE,1628,W,PRATT BLVD,2431,,,,,,,1,NO INDICATION OF INJURY,0,0,0,0,0,3,0,18,2,11,42.00547813,-87.671096,POINT (-87.671095996119 42.005478130375),1
JA501714,,11/6/2017 18:10,30,NO CONTROLS,NO CONTROLS,CLEAR,"DARKNESS, LIGHTED ROAD",FIXED OBJECT,ONE-WAY,2,STRAIGHT AND LEVEL,DRY,UNKNOWN,ON SCENE,NO INJURY / DRIVE AWAY,,,,$500 OR LESS,11/6/2017 19:25,UNABLE TO DETERMINE,UNABLE TO DETERMINE,255,E,GRAND AVE,1834,,,,,,,2,NO INDICATION OF INJURY,0,0,0,0,0,2,0,18,2,11,41.89168984,-87.62044414,POINT (-87.620444134826 41.891689839807),1
JA510155,,11/6/2017 18:15,30,NO CONTROLS,NO CONTROLS,CLEAR,DAYLIGHT,REAR END,NOT DIVIDED,3,STRAIGHT AND LEVEL,DRY,NO DEFECTS,NOT ON SCENE (DESK REPORT),NO INJURY / DRIVE AWAY,,,,"OVER $1,500",11/13/2017 13:05,UNABLE TO DETERMINE,UNABLE TO DETERMINE,4101,N,LAKE SHORE DR NB,1915,,,,,,,2,NO INDICATION OF INJURY,0,0,0,0,0,4,0,18,2,11,41.95576753,-87.64469421,POINT (-87.644694211653 41.955767526952),1
JA501611,Y,11/6/2017 18:15,30,STOP SIGN/FLASHER,FUNCTIONING PROPERLY,CLEAR,DUSK,ANGLE,DIVIDED - W/MEDIAN (NOT RAISED),4,STRAIGHT AND LEVEL,DRY,NO DEFECTS,ON SCENE,INJURY AND / OR TOW DUE TO CRASH,Y,N,,"OVER $1,500",11/6/2017 18:17,DISREGARDING STOP SIGN,"VISION OBSCURED (SIGNS, TREE LIMBS, BUILDINGS, ETC.)",468,E,35TH ST,211,,,,,,,2,NONINCAPACITATING INJURY,1,0,0,1,0,2,0,18,2,11,41.83131067,-87.61424033,POINT (-87.614240330256 41.831310666074),1
JA501753,,11/6/2017 18:15,25,NO CONTROLS,NO CONTROLS,CLEAR,DARKNESS,REAR END,NOT DIVIDED,,STRAIGHT AND LEVEL,DRY,NO DEFECTS,NOT ON SCENE (DESK REPORT),NO INJURY / DRIVE AWAY,,,,"$501 - $1,500",11/6/2017 20:07,NOT APPLICABLE,NOT APPLICABLE,4746,W,ROOSEVELT RD,1131,,,,,,,2,NO INDICATION OF INJURY,0,0,0,0,0,3,0,18,2,11,41.86601279,-87.74417787,POINT (-87.744177872909 41.866012791679),1
JA501703,,11/6/2017 18:16,30,NO CONTROLS,NO CONTROLS,CLEAR,"DARKNESS, LIGHTED ROAD",REAR END,ONE-WAY,2,STRAIGHT AND LEVEL,DRY,UNKNOWN,NOT ON SCENE (DESK REPORT),NO INJURY / DRIVE AWAY,,,,$500 OR LESS,11/6/2017 19:15,UNABLE TO DETERMINE,UNABLE TO DETERMINE,360,E,24TH PL,132,,,,,,,2,NO INDICATION OF INJURY,0,0,0,0,0,2,0,18,2,11,41.84857443,-87.6182722,POINT (-87.618272203088 41.848574426757),1
JA501651,,11/6/2017 18:20,30,NO CONTROLS,NO CONTROLS,CLEAR,DARKNESS,PARKED MOTOR VEHICLE,PARKING LOT,4,STRAIGHT AND LEVEL,DRY,NO DEFECTS,NOT ON SCENE (DESK REPORT),NO INJURY / DRIVE AWAY,,,,"OVER $1,500",11/6/2017 18:49,DRIVING SKILLS/KNOWLEDGE/EXPERIENCE,IMPROPER BACKING,5002,N,PULASKI RD,1712,,,,,,,2,NO INDICATION OF INJURY,0,0,0,0,0,4,0,18,2,11,41.97203104,-87.72828227,POINT (-87.728282270549 41.972031036944),1
JA501656,,11/6/2017 18:25,30,NO CONTROLS,NO CONTROLS,CLEAR,"DARKNESS, LIGHTED ROAD",TURNING,NOT DIVIDED,4,STRAIGHT AND LEVEL,DRY,NO DEFECTS,NOT ON SCENE (DESK REPORT),NO INJURY / DRIVE AWAY,,,,"$501 - $1,500",11/6/2017 18:25,FAILING TO YIELD RIGHT-OF-WAY,NOT APPLICABLE,5298,N,BROADWAY,2013,,,,,,,2,NO INDICATION OF INJURY,0,0,0,0,0,2,0,18,2,11,41.97805073,-87.66006259,POINT (-87.660062588737 41.978050729073),1
JA501751,,11/6/2017 18:40,30,STOP SIGN/FLASHER,NO CONTROLS,CLEAR,DARKNESS,ANGLE,NOT DIVIDED,,STRAIGHT AND LEVEL,DRY,OTHER,NOT ON SCENE (DESK REPORT),NO INJURY / DRIVE AWAY,,,,"$501 - $1,500",11/6/2017 18:45,DISREGARDING STOP SIGN,NOT APPLICABLE,7599,W,JARVIS AVE,1611,,,,,,,2,NO INDICATION OF INJURY,0,0,0,0,0,2,0,18,2,11,42.01499185,-87.81628987,POINT (-87.816289864623 42.014991848462),1
JA501770,,11/6/2017 18:45,30,NO CONTROLS,NO CONTROLS,CLEAR,"DARKNESS, LIGHTED ROAD",TURNING,NOT DIVIDED,,STRAIGHT AND LEVEL,DRY,NO DEFECTS,NOT ON SCENE (DESK REPORT),INJURY AND / OR TOW DUE TO CRASH,,,,"OVER $1,500",11/6/2017 19:54,UNABLE TO DETERMINE,UNABLE TO DETERMINE,10900,S,DOTY AVE E,513,,,,,,,2,NONINCAPACITATING INJURY,1,0,0,1,0,1,0,18,2,11,41.69623253,-87.5958062,POINT (-87.59580619714 41.696232527674),1
JA501811,,11/6/2017 18:45,30,STOP SIGN/FLASHER,FUNCTIONING PROPERLY,CLEAR,DARKNESS,ANGLE,NOT DIVIDED,,STRAIGHT AND LEVEL,DRY,NO DEFECTS,NOT ON SCENE (DESK REPORT),NO INJURY / DRIVE AWAY,Y,,,"$501 - $1,500",11/6/2017 21:00,UNABLE TO DETERMINE,UNABLE TO DETERMINE,7500,S,INDIANA AVE,623,,,,,,,2,NO INDICATION OF INJURY,0,0,0,0,0,2,0,18,2,11,41.75822839,-87.62007146,POINT (-87.620071463936 41.758228391668),1
JA501695,,11/6/2017 18:45,30,NO CONTROLS,NO CONTROLS,CLEAR,"DARKNESS, LIGHTED ROAD",REAR END,NOT DIVIDED,2,STRAIGHT AND LEVEL,UNKNOWN,UNKNOWN,NOT ON SCENE (DESK REPORT),NO INJURY / DRIVE AWAY,,,Y,"$501 - $1,500",11/6/2017 19:30,UNABLE TO DETERMINE,UNABLE TO DETERMINE,5625,W,DIVERSEY AVE,2514,,,,,,,2,NO INDICATION OF INJURY,0,0,0,0,0,2,0,18,2,11,41.93115079,-87.7673993,POINT (-87.767399296986 41.93115078709),1
JA502569,,11/6/2017 19:00,20,NO CONTROLS,NO CONTROLS,UNKNOWN,UNKNOWN,PARKED MOTOR VEHICLE,OTHER,1,STRAIGHT AND LEVEL,UNKNOWN,NO DEFECTS,NOT ON SCENE (DESK REPORT),NO INJURY / DRIVE AWAY,,,Y,"OVER $1,500",11/7/2017 14:10,UNABLE TO DETERMINE,UNABLE TO DETERMINE,4435,S,SACRAMENTO AVE,922,,,,,,,2,NO INDICATION OF INJURY,0,0,0,0,0,1,0,19,2,11,41.81260602,-87.69909344,POINT (-87.699093441735 41.812606016161),1
JA502590,,11/6/2017 19:00,30,NO CONTROLS,NO CONTROLS,CLEAR,DUSK,REAR END,NOT DIVIDED,,STRAIGHT AND LEVEL,DRY,NO DEFECTS,NOT ON SCENE (DESK REPORT),NO INJURY / DRIVE AWAY,,,,"OVER $1,500",11/7/2017 14:22,NOT APPLICABLE,NOT APPLICABLE,7150,W,ARCHER AVE,811,,,,,,,2,NO INDICATION OF INJURY,0,0,0,0,0,2,0,19,2,11,41.79205648,-87.80105899,POINT (-87.801058993326 41.792056479464),1
JA501707,,11/6/2017 19:00,30,NO CONTROLS,NO CONTROLS,CLEAR,"DARKNESS, LIGHTED ROAD",SIDESWIPE SAME DIRECTION,NOT DIVIDED,4,STRAIGHT AND LEVEL,DRY,NO DEFECTS,ON SCENE,INJURY AND / OR TOW DUE TO CRASH,,,Y,"OVER $1,500",11/6/2017 19:03,IMPROPER OVERTAKING/PASSING,FOLLOWING TOO CLOSELY,4445,N,PULASKI RD,1723,,,,,,,2,NO INDICATION OF INJURY,0,0,0,0,0,2,0,19,2,11,41.96223481,-87.72771372,POINT (-87.727713718165 41.962234811627),1
JA501715,,11/6/2017 19:05,20,UNKNOWN,UNKNOWN,CLEAR,"DARKNESS, LIGHTED ROAD",PARKED MOTOR VEHICLE,ONE-WAY,1,STRAIGHT AND LEVEL,DRY,UNKNOWN,ON SCENE,INJURY AND / OR TOW DUE TO CRASH,,,,"$501 - $1,500",11/6/2017 19:28,PHYSICAL CONDITION OF DRIVER,PHYSICAL CONDITION OF DRIVER,3840,W,ROSCOE ST,1732,,,,,,,2,"REPORTED, NOT EVIDENT",1,0,0,0,1,0,0,19,2,11,41.94288648,-87.72408215,POINT (-87.724082147816 41.942886474589),1
JA503034,,11/6/2017 19:15,30,NO CONTROLS,NO CONTROLS,CLEAR,DARKNESS,PARKED MOTOR VEHICLE,NOT DIVIDED,2,STRAIGHT AND LEVEL,DRY,NO DEFECTS,NOT ON SCENE (DESK REPORT),NO INJURY / DRIVE AWAY,,,,"$501 - $1,500",11/7/2017 19:20,NOT APPLICABLE,NOT APPLICABLE,5400,W,IRVING PARK RD,1624,,,,,,,2,NO INDICATION OF INJURY,0,0,0,0,0,1,0,19,2,11,41.95335005,-87.76220254,POINT (-87.762202543147 41.953350048564),1
JA501699,,11/6/2017 19:15,30,NO CONTROLS,NO CONTROLS,UNKNOWN,UNKNOWN,REAR END,NOT DIVIDED,,STRAIGHT AND LEVEL,UNKNOWN,UNKNOWN,ON SCENE,NO INJURY / DRIVE AWAY,,,,"OVER $1,500",11/6/2017 19:20,UNABLE TO DETERMINE,UNABLE TO DETERMINE,2099,E,79TH ST,414,,,,,,,2,NO INDICATION OF INJURY,0,0,0,0,0,2,0,19,2,11,41.75152712,-87.57360178,POINT (-87.57360177756 41.751527115465),1
JA501717,,11/6/2017 19:20,30,TRAFFIC SIGNAL,FUNCTIONING PROPERLY,CLEAR,"DARKNESS, LIGHTED ROAD",TURNING,DIVIDED - W/MEDIAN BARRIER,0,STRAIGHT AND LEVEL,DRY,NO DEFECTS,,NO INJURY / DRIVE AWAY,Y,,,"OVER $1,500",11/6/2017 19:40,UNABLE TO DETERMINE,UNABLE TO DETERMINE,100,W,CERMAK RD,131,,,,,,,2,NO INDICATION OF INJURY,0,0,0,0,0,2,0,19,2,11,41.85299122,-87.62938693,POINT (-87.629386933044 41.852991219253),1
JA501750,,11/6/2017 19:30,30,NO CONTROLS,NO CONTROLS,CLEAR,DARKNESS,SIDESWIPE SAME DIRECTION,DIVIDED - W/MEDIAN BARRIER,,STRAIGHT AND LEVEL,DRY,WORN SURFACE,ON SCENE,NO INJURY / DRIVE AWAY,,,,"$501 - $1,500",11/6/2017 19:40,IMPROPER OVERTAKING/PASSING,IMPROPER OVERTAKING/PASSING,97,S,DAMEN AVE,1223,,,,,,,2,NO INDICATION OF INJURY,0,0,0,0,0,2,0,19,2,11,41.88008037,-87.67646672,POINT (-87.676466724049 41.880080370599),1
JA502057,Y,11/6/2017 19:30,25,NO CONTROLS,NO CONTROLS,CLEAR,"DARKNESS, LIGHTED ROAD",PARKED MOTOR VEHICLE,ONE-WAY,1,STRAIGHT AND LEVEL,UNKNOWN,NO DEFECTS,ON SCENE,NO INJURY / DRIVE AWAY,,,Y,"OVER $1,500",11/7/2017 7:24,UNABLE TO DETERMINE,UNABLE TO DETERMINE,3456,N,PIONEER AVE,1631,,,,,,,2,NO INDICATION OF INJURY,0,0,0,0,0,1,0,19,2,11,41.9426791,-87.8315849,POINT (-87.831584896736 41.942679104458),1
JA502439,Y,11/6/2017 19:30,25,NO CONTROLS,FUNCTIONING PROPERLY,CLEAR,UNKNOWN,PARKED MOTOR VEHICLE,NOT DIVIDED,2,STRAIGHT AND LEVEL,UNKNOWN,NO DEFECTS,ON SCENE,INJURY AND / OR TOW DUE TO CRASH,,,Y,"OVER $1,500",11/7/2017 13:00,UNABLE TO DETERMINE,UNABLE TO DETERMINE,6359,W,EASTWOOD AVE,1622,,,,,,,2,NO INDICATION OF INJURY,0,0,0,0,0,1,0,19,2,11,41.96453735,-87.78670812,POINT (-87.786708114568 41.964537351606),1
JA501744,,11/6/2017 19:38,30,NO CONTROLS,NO CONTROLS,CLOUDY/OVERCAST,"DARKNESS, LIGHTED ROAD",SIDESWIPE SAME DIRECTION,NOT DIVIDED,2,STRAIGHT AND LEVEL,DRY,NO DEFECTS,ON SCENE,NO INJURY / DRIVE AWAY,,,Y,"$501 - $1,500",11/6/2017 19:55,UNABLE TO DETERMINE,DRIVING SKILLS/KNOWLEDGE/EXPERIENCE,1113,S,RACINE AVE,1232,,,,,,,2,NO INDICATION OF INJURY,0,0,0,0,0,2,0,19,2,11,41.86773812,-87.6565598,POINT (-87.656559794715 41.867738119344),1
JA501823,,11/6/2017 19:39,30,NO CONTROLS,NO CONTROLS,CLEAR,"DARKNESS, LIGHTED ROAD",REAR END,ONE-WAY,,STRAIGHT AND LEVEL,DRY,NO DEFECTS,NOT ON SCENE (DESK REPORT),NO INJURY / DRIVE AWAY,,,,"OVER $1,500",11/6/2017 21:30,FOLLOWING TOO CLOSELY,NOT APPLICABLE,8300,S,INDIANA AVE,632,,,,,,,2,NO INDICATION OF INJURY,0,0,0,0,0,2,0,19,2,11,41.74363848,-87.6197141,POINT (-87.619714098303 41.743638482111),1
JA501780,,11/6/2017 19:40,25,NO CONTROLS,NO CONTROLS,CLEAR,"DARKNESS, LIGHTED ROAD",PARKED MOTOR VEHICLE,NOT DIVIDED,,STRAIGHT AND LEVEL,DRY,NO DEFECTS,ON SCENE,INJURY AND / OR TOW DUE TO CRASH,,,,"OVER $1,500",11/6/2017 20:00,EQUIPMENT - VEHICLE CONDITION,NOT APPLICABLE,4750,N,MELVINA AVE,1622,,,,,,,2,NO INDICATION OF INJURY,0,0,0,0,0,1,0,19,2,11,41.96811604,-87.78209666,POINT (-87.782096657735 41.968116042003),1
JA501774,,11/6/2017 19:42,30,TRAFFIC SIGNAL,FUNCTIONING PROPERLY,CLEAR,"DARKNESS, LIGHTED ROAD",TURNING,DIVIDED - W/MEDIAN (NOT RAISED),2,STRAIGHT AND LEVEL,DRY,NO DEFECTS,NOT ON SCENE (DESK REPORT),NO INJURY / DRIVE AWAY,Y,,,$500 OR LESS,11/6/2017 20:12,FAILING TO YIELD RIGHT-OF-WAY,DRIVING SKILLS/KNOWLEDGE/EXPERIENCE,610,W,BELMONT AVE,1925,,,,,,,2,NO INDICATION OF INJURY,0,0,0,0,0,3,0,19,2,11,41.94014451,-87.64486846,POINT (-87.644868460415 41.940144513164),1
JA501766,,11/6/2017 19:45,30,NO CONTROLS,NO CONTROLS,CLEAR,DARKNESS,ANGLE,ALLEY,1,STRAIGHT AND LEVEL,DRY,NO DEFECTS,NOT ON SCENE (DESK REPORT),NO INJURY / DRIVE AWAY,,,Y,"$501 - $1,500",11/6/2017 20:15,UNABLE TO DETERMINE,UNABLE TO DETERMINE,299,N,PULASKI RD,1122,,,,,,,2,NO INDICATION OF INJURY,0,0,0,0,0,3,0,19,2,11,41.88542883,-87.72565727,POINT (-87.725657270801 41.885428830592),1
JA501788,,11/6/2017 19:55,30,NO CONTROLS,NO CONTROLS,CLEAR,"DARKNESS, LIGHTED ROAD",ANGLE,NOT DIVIDED,2,STRAIGHT AND LEVEL,DRY,NO DEFECTS,ON SCENE,INJURY AND / OR TOW DUE TO CRASH,,,N,"OVER $1,500",11/6/2017 19:58,FAILING TO YIELD RIGHT-OF-WAY,EXCEEDING AUTHORIZED SPEED LIMIT,2156,N,KILPATRICK AVE,2522,,,,,,,2,NO INDICATION OF INJURY,0,0,0,0,0,3,0,19,2,11,41.9205107,-87.7439249,POINT (-87.743924900663 41.920510700295),1
JA501837,,11/6/2017 20:20,25,NO CONTROLS,NO CONTROLS,CLEAR,"DARKNESS, LIGHTED ROAD",PARKED MOTOR VEHICLE,ONE-WAY,1,STRAIGHT AND LEVEL,DRY,NO DEFECTS,ON SCENE,NO INJURY / DRIVE AWAY,,,Y,"$501 - $1,500",11/6/2017 21:24,FOLLOWING TOO CLOSELY,NOT APPLICABLE,4810,S,MAY ST,933,,,,,,,2,NO INDICATION OF INJURY,0,0,0,0,0,1,0,20,2,11,41.80656323,-87.65412329,POINT (-87.654123292104 41.806563228372),1
JA501799,,11/6/2017 20:22,30,TRAFFIC SIGNAL,FUNCTIONING PROPERLY,CLEAR,"DARKNESS, LIGHTED ROAD",TURNING,NOT DIVIDED,4,STRAIGHT AND LEVEL,DRY,NO DEFECTS,ON SCENE,NO INJURY / DRIVE AWAY,Y,,Y,"OVER $1,500",11/6/2017 20:50,UNABLE TO DETERMINE,UNABLE TO DETERMINE,3200,N,LAKE SHORE DR,1925,,,,,,,2,NO INDICATION OF INJURY,0,0,0,0,0,2,0,20,2,11,41.94090916,-87.63936916,POINT (-87.639369159955 41.940909163268),1
JA501801,,11/6/2017 20:25,30,TRAFFIC SIGNAL,FUNCTIONING PROPERLY,CLEAR,"DARKNESS, LIGHTED ROAD",SIDESWIPE SAME DIRECTION,ONE-WAY,3,STRAIGHT AND LEVEL,DRY,NO DEFECTS,ON SCENE,NO INJURY / DRIVE AWAY,Y,,,"$501 - $1,500",11/6/2017 20:31,IMPROPER OVERTAKING/PASSING,NOT APPLICABLE,32,W,ONTARIO ST,1832,,,,,,,2,NO INDICATION OF INJURY,0,0,0,0,0,2,0,20,2,11,41.89336246,-87.62945264,POINT (-87.62945264112 41.893362454989),1
JA501869,,11/6/2017 20:30,30,NO CONTROLS,NO CONTROLS,CLEAR,"DARKNESS, LIGHTED ROAD",SIDESWIPE SAME DIRECTION,NOT DIVIDED,,STRAIGHT AND LEVEL,DRY,NO DEFECTS,NOT ON SCENE (DESK REPORT),NO INJURY / DRIVE AWAY,,,,"$501 - $1,500",11/6/2017 22:15,IMPROPER LANE USAGE,UNABLE TO DETERMINE,3501,W,DEVON AVE,1711,,,,,,,2,NO INDICATION OF INJURY,0,0,0,0,0,2,0,20,2,11,41.99717936,-87.71679934,POINT (-87.716799336642 41.997179363377),1
JA501817,,11/6/2017 20:41,35,STOP SIGN/FLASHER,FUNCTIONING PROPERLY,CLEAR,"DARKNESS, LIGHTED ROAD",ANGLE,DIVIDED - W/MEDIAN BARRIER,6,STRAIGHT AND LEVEL,DRY,NO DEFECTS,ON SCENE,INJURY AND / OR TOW DUE TO CRASH,Y,,,"OVER $1,500",11/6/2017 20:42,FAILING TO YIELD RIGHT-OF-WAY,FAILING TO REDUCE SPEED TO AVOID CRASH,8631,S,STONY ISLAND AVE,412,,,,,,,2,NO INDICATION OF INJURY,0,0,0,0,0,3,0,20,2,11,41.73787552,-87.58507708,POINT (-87.585077076689 41.737875521284),1
JA501838,Y,11/6/2017 20:50,30,TRAFFIC SIGNAL,FUNCTIONING PROPERLY,CLEAR,"DARKNESS, LIGHTED ROAD",REAR END,NOT DIVIDED,4,STRAIGHT AND LEVEL,DRY,NO DEFECTS,NOT ON SCENE (DESK REPORT),NO INJURY / DRIVE AWAY,Y,,Y,$500 OR LESS,11/6/2017 21:30,UNABLE TO DETERMINE,DRIVING SKILLS/KNOWLEDGE/EXPERIENCE,2402,N,LARAMIE AVE,2515,,,,,,,2,NO INDICATION OF INJURY,0,0,0,0,0,2,0,20,2,11,41.92421307,-87.75629678,POINT (-87.756296784411 41.924213074254),1
JA501845,,11/6/2017 21:00,30,TRAFFIC SIGNAL,FUNCTIONING PROPERLY,CLEAR,"DARKNESS, LIGHTED ROAD",SIDESWIPE SAME DIRECTION,DIVIDED - W/MEDIAN (NOT RAISED),4,STRAIGHT AND LEVEL,DRY,NO DEFECTS,NOT ON SCENE (DESK REPORT),NO INJURY / DRIVE AWAY,,,Y,"$501 - $1,500",11/6/2017 21:35,IMPROPER LANE USAGE,FAILING TO REDUCE SPEED TO AVOID CRASH,1438,W,63RD ST,713,,,,,,,2,NO INDICATION OF INJURY,0,0,0,0,0,2,0,21,2,11,41.77963154,-87.66088702,POINT (-87.660887017333 41.779631535941),1
JA501914,,11/6/2017 21:05,30,NO CONTROLS,NO CONTROLS,CLEAR,"DARKNESS, LIGHTED ROAD",REAR END,NOT DIVIDED,,STRAIGHT AND LEVEL,UNKNOWN,UNKNOWN,NOT ON SCENE (DESK REPORT),INJURY AND / OR TOW DUE TO CRASH,,,,"$501 - $1,500",11/6/2017 23:00,UNABLE TO DETERMINE,UNABLE TO DETERMINE,635,E,83RD ST,632,,,,,,,2,NONINCAPACITATING INJURY,2,0,0,2,0,1,0,21,2,11,41.74379915,-87.60872772,POINT (-87.608727724139 41.74379914736),1