RD_NO,CRASH_DATE_EST_I,CRASH_DATE,POSTED_SPEED_LIMIT,TRAFFIC_CONTROL_DEVICE,DEVICE_CONDITION,WEATHER_CONDITION,LIGHTING_CONDITION,FIRST_CRASH_TYPE,TRAFFICWAY_TYPE,LANE_CNT,ALIGNMENT,ROADWAY_SURFACE_COND,ROAD_DEFECT,REPORT_TYPE,CRASH_TYPE,INTERSECTION_RELATED_I,NOT_RIGHT_OF_WAY_I,HIT_AND_RUN_I,DAMAGE,DATE_POLICE_NOTIFIED,PRIM_CONTRIBUTORY_CAUSE,SEC_CONTRIBUTORY_CAUSE,STREET_NO,STREET_DIRECTION,STREET_NAME,BEAT_OF_OCCURRENCE,PHOTOS_TAKEN_I,STATEMENTS_TAKEN_I,DOORING_I,WORK_ZONE_I,WORK_ZONE_TYPE,WORKERS_PRESENT_I,NUM_UNITS,MOST_SEVERE_INJURY,INJURIES_TOTAL,INJURIES_FATAL,INJURIES_INCAPACITATING,INJURIES_NON_INCAPACITATING,INJURIES_REPORTED_NOT_EVIDENT,INJURIES_NO_INDICATION,INJURIES_UNKNOWN,CRASH_HOUR,CRASH_DAY_OF_WEEK,CRASH_MONTH,LATITUDE,LONGITUDE,LOCATION,Join
JA501854,,11/6/2017 21:20,30,TRAFFIC SIGNAL,FUNCTIONING PROPERLY,CLEAR,"DARKNESS, LIGHTED ROAD",TURNING,NOT DIVIDED,4,STRAIGHT AND LEVEL,DRY,NO DEFECTS,ON SCENE,NO INJURY / DRIVE AWAY,Y,,,"OVER $1,500",11/6/2017 21:20,UNABLE TO DETERMINE,NOT APPLICABLE,6400,N,CLARK ST,2432,,,,,,,2,NO INDICATION OF INJURY,0,0,0,0,0,2,0,21,2,11,41.99808762,-87.67074683,POINT (-87.670746827123 41.998087615915),1
JA502572,,11/6/2017 21:30,30,UNKNOWN,UNKNOWN,CLEAR,UNKNOWN,PARKED MOTOR VEHICLE,UNKNOWN,,STRAIGHT AND LEVEL,DRY,UNKNOWN,NOT ON SCENE (DESK REPORT),NO INJURY / DRIVE AWAY,,,Y,"$501 - $1,500",11/7/2017 14:19,UNABLE TO DETERMINE,UNABLE TO DETERMINE,4848,W,DRUMMOND PL,2521,,,,,,,2,NO INDICATION OF INJURY,0,0,0,0,0,1,0,21,2,11,41.92890009,-87.74844916,POINT (-87.748449156023 41.928900091525),1
JA501874,,11/6/2017 21:33,30,NO CONTROLS,NO CONTROLS,CLEAR,"DARKNESS, LIGHTED ROAD",PEDALCYCLIST,ALLEY,,STRAIGHT AND LEVEL,DRY,NO DEFECTS,ON SCENE,NO INJURY / DRIVE AWAY,,,,$500 OR LESS,11/6/2017 21:47,"VISION OBSCURED (SIGNS, TREE LIMBS, BUILDINGS, ETC.)",NOT APPLICABLE,4425,S,WESTERN BLVD,924,,,,,,,2,NO INDICATION OF INJURY,0,0,0,0,0,4,0,21,2,11,41.81318884,-87.68385438,POINT (-87.683854377871 41.813188838228),1
JA501870,,11/6/2017 21:43,45,NO CONTROLS,NO CONTROLS,CLEAR,"DARKNESS, LIGHTED ROAD",FIXED OBJECT,RAMP,,STRAIGHT ON HILLCREST,DRY,UNKNOWN,ON SCENE,INJURY AND / OR TOW DUE TO CRASH,,,,"OVER $1,500",11/6/2017 21:43,EXCEEDING SAFE SPEED FOR CONDITIONS,UNABLE TO DETERMINE,4700,N,LAKE SHORE DR NB,1914,,,,Y,MAINTENANCE,,1,NO INDICATION OF INJURY,0,0,0,0,0,1,0,21,2,11,41.96725931,-87.64754902,POINT (-87.647549024172 41.96725931343),1
JA501856,,11/6/2017 21:55,30,NO CONTROLS,NO CONTROLS,CLEAR,"DARKNESS, LIGHTED ROAD",SIDESWIPE SAME DIRECTION,NOT DIVIDED,,STRAIGHT AND LEVEL,DRY,NO DEFECTS,ON SCENE,NO INJURY / DRIVE AWAY,,,,"OVER $1,500",11/6/2017 21:56,UNABLE TO DETERMINE,NOT APPLICABLE,1231,W,79TH ST,612,,,,,,,2,NO INDICATION OF INJURY,0,0,0,0,0,2,0,21,2,11,41.75037128,-87.65488891,POINT (-87.654888906164 41.75037128002),1
JA501875,,11/6/2017 21:58,30,TRAFFIC SIGNAL,FUNCTIONING PROPERLY,CLEAR,"DARKNESS, LIGHTED ROAD",TURNING,CENTER TURN LANE,,STRAIGHT AND LEVEL,DRY,NO DEFECTS,ON SCENE,NO INJURY / DRIVE AWAY,Y,,,"$501 - $1,500",11/6/2017 21:59,FAILING TO YIELD RIGHT-OF-WAY,UNABLE TO DETERMINE,5601,S,CICERO AVE,813,,,,,,,2,NO INDICATION OF INJURY,0,0,0,0,0,2,0,21,2,11,41.79129291,-87.74140377,POINT (-87.741403771086 41.791292913253),1
JA501880,,11/6/2017 22:00,30,NO CONTROLS,NO CONTROLS,CLEAR,"DARKNESS, LIGHTED ROAD",ANGLE,NOT DIVIDED,2,STRAIGHT AND LEVEL,DRY,NO DEFECTS,NOT ON SCENE (DESK REPORT),NO INJURY / DRIVE AWAY,,,,"OVER $1,500",11/6/2017 22:20,NOT APPLICABLE,NOT APPLICABLE,3427,W,DIVERSEY AVE,1412,,,,,,,2,NO INDICATION OF INJURY,0,0,0,0,0,5,0,22,2,11,41.93184852,-87.71335156,POINT (-87.713351557487 41.931848516904),1
JA501895,,11/6/2017 22:10,30,NO CONTROLS,NO CONTROLS,CLEAR,"DARKNESS, LIGHTED ROAD",TURNING,DIVIDED - W/MEDIAN (NOT RAISED),4,STRAIGHT ON GRADE,UNKNOWN,UNKNOWN,NOT ON SCENE (DESK REPORT),NO INJURY / DRIVE AWAY,N,,,$500 OR LESS,11/6/2017 22:20,FAILING TO YIELD RIGHT-OF-WAY,FAILING TO REDUCE SPEED TO AVOID CRASH,8300,S,ASHLAND AVE,614,,,,,,,2,NO INDICATION OF INJURY,0,0,0,0,0,2,0,22,2,11,41.74298409,-87.66339656,POINT (-87.663396555268 41.742984089771),1
JA504303,Y,11/6/2017 22:30,30,NO CONTROLS,NO CONTROLS,UNKNOWN,"DARKNESS, LIGHTED ROAD",PARKED MOTOR VEHICLE,ONE-WAY,1,STRAIGHT AND LEVEL,UNKNOWN,NO DEFECTS,NOT ON SCENE (DESK REPORT),NO INJURY / DRIVE AWAY,,,Y,"OVER $1,500",11/8/2017 18:45,UNABLE TO DETERMINE,UNABLE TO DETERMINE,8906,S,UNION AVE,2223,,,,,,,2,NO INDICATION OF INJURY,0,0,0,0,0,1,0,22,2,11,41.73230497,-87.64122558,POINT (-87.641225577425 41.732304967798),1
JA501905,,11/6/2017 22:45,30,TRAFFIC SIGNAL,FUNCTIONING PROPERLY,CLEAR,"DARKNESS, LIGHTED ROAD",ANGLE,DIVIDED - W/MEDIAN (NOT RAISED),2,STRAIGHT AND LEVEL,DRY,NO DEFECTS,ON SCENE,NO INJURY / DRIVE AWAY,,,,"OVER $1,500",11/6/2017 22:50,DISREGARDING TRAFFIC SIGNALS,EXCEEDING AUTHORIZED SPEED LIMIT,1600,W,BRYN MAWR AVE,2012,,,,,,,2,NO INDICATION OF INJURY,0,0,0,0,0,2,0,22,2,11,41.98358304,-87.6699427,POINT (-87.66994270177 41.983583041231),1
JA501921,,11/6/2017 23:24,30,NO CONTROLS,NO CONTROLS,CLEAR,"DARKNESS, LIGHTED ROAD",SIDESWIPE SAME DIRECTION,NOT DIVIDED,,STRAIGHT AND LEVEL,DRY,NO DEFECTS,ON SCENE,INJURY AND / OR TOW DUE TO CRASH,,,,"OVER $1,500",11/6/2017 23:30,FAILING TO YIELD RIGHT-OF-WAY,"OPERATING VEHICLE IN ERRATIC, RECKLESS, CARELESS, NEGLIGENT OR AGGRESSIVE MANNER",3042,W,ARMITAGE AVE,1414,,,,,,,2,NO INDICATION OF INJURY,0,0,0,0,0,3,0,23,2,11,41.91753458,-87.70416663,POINT (-87.704166626403 41.917534578788),1
JA502070,,11/7/2017 0:01,30,NO CONTROLS,NO CONTROLS,CLEAR,DARKNESS,PARKED MOTOR VEHICLE,NOT DIVIDED,1,STRAIGHT AND LEVEL,DRY,NO DEFECTS,ON SCENE,NO INJURY / DRIVE AWAY,,,Y,"OVER $1,500",11/7/2017 7:40,UNABLE TO DETERMINE,NOT APPLICABLE,4238,W,SUNNYSIDE AVE,1722,,,,,,,2,NO INDICATION OF INJURY,0,0,0,0,0,1,0,0,3,11,41.96210933,-87.73430794,POINT (-87.73430794013 41.962109326781),1
JA502112,Y,11/7/2017 0:01,10,NO CONTROLS,NO CONTROLS,CLEAR,DARKNESS,FIXED OBJECT,OTHER,,STRAIGHT AND LEVEL,DRY,UNKNOWN,ON SCENE,NO INJURY / DRIVE AWAY,,Y,Y,"$501 - $1,500",11/7/2017 7:47,UNABLE TO DETERMINE,UNABLE TO DETERMINE,2021,S,PULASKI RD,1014,,,,,,,1,NO INDICATION OF INJURY,0,0,0,0,0,1,0,0,3,11,41.85364214,-87.72466317,POINT (-87.724663170641 41.853642141105),1
JA501946,,11/7/2017 0:06,30,NO CONTROLS,OTHER,CLEAR,"DARKNESS, LIGHTED ROAD",SIDESWIPE SAME DIRECTION,NOT DIVIDED,4,STRAIGHT AND LEVEL,DRY,NO DEFECTS,ON SCENE,NO INJURY / DRIVE AWAY,,,,"$501 - $1,500",11/7/2017 0:07,DISTRACTION - FROM INSIDE VEHICLE,"VISION OBSCURED (SIGNS, TREE LIMBS, BUILDINGS, ETC.)",1809,S,PULASKI RD,1014,,Y,,,,,2,NO INDICATION OF INJURY,0,0,0,0,0,6,0,0,3,11,41.85672504,-87.72475427,POINT (-87.724754268342 41.856725034755),1
JA507862,,11/7/2017 0:43,25,TRAFFIC SIGNAL,FUNCTIONING PROPERLY,CLEAR,"DARKNESS, LIGHTED ROAD",REAR END,NOT DIVIDED,,STRAIGHT AND LEVEL,DRY,NO DEFECTS,NOT ON SCENE (DESK REPORT),NO INJURY / DRIVE AWAY,Y,,,"$501 - $1,500",11/11/2017 13:35,NOT APPLICABLE,NOT APPLICABLE,12700,S,LOWE AVE,523,,,,,,,2,NO INDICATION OF INJURY,0,0,0,0,0,2,0,0,3,11,41.6632755,-87.63795998,POINT (-87.637959976755 41.663275502901),1
JA501978,,11/7/2017 1:44,30,NO CONTROLS,NO CONTROLS,CLEAR,"DARKNESS, LIGHTED ROAD",FIXED OBJECT,NOT DIVIDED,4,STRAIGHT AND LEVEL,DRY,NO DEFECTS,ON SCENE,INJURY AND / OR TOW DUE TO CRASH,Y,,,"OVER $1,500",11/7/2017 1:44,UNDER THE INFLUENCE OF ALCOHOL/DRUGS (USE WHEN ARREST IS EFFECTED),DRIVING SKILLS/KNOWLEDGE/EXPERIENCE,1309,W,87TH ST,2222,,,,,,,1,NONINCAPACITATING INJURY,2,0,0,2,0,0,0,1,3,11,41.7357822,-87.65619326,POINT (-87.65619326289 41.735782199244),1
JA502004,,11/7/2017 4:00,30,NO CONTROLS,NO CONTROLS,CLEAR,"DARKNESS, LIGHTED ROAD",SIDESWIPE SAME DIRECTION,PARKING LOT,,STRAIGHT AND LEVEL,DRY,NO DEFECTS,ON SCENE,INJURY AND / OR TOW DUE TO CRASH,,,,"OVER $1,500",11/7/2017 4:01,UNABLE TO DETERMINE,NOT APPLICABLE,7898,S,CORNELL AVE,411,,,,,,,2,NONINCAPACITATING INJURY,1,0,0,1,0,2,0,4,3,11,41.75158943,-87.58455525,POINT (-87.584555245478 41.751589426023),1
JA503035,Y,11/7/2017 5:00,30,NO CONTROLS,NO CONTROLS,CLEAR,DAYLIGHT,PARKED MOTOR VEHICLE,NOT DIVIDED,,STRAIGHT AND LEVEL,DRY,NO DEFECTS,NOT ON SCENE (DESK REPORT),NO INJURY / DRIVE AWAY,,,Y,"$501 - $1,500",11/7/2017 19:20,UNABLE TO DETERMINE,NOT APPLICABLE,5500,W,DIVISION ST,2532,,,,,,,2,NO INDICATION OF INJURY,0,0,0,0,0,1,0,5,3,11,41.90227316,-87.76391865,POINT (-87.763918651597 41.902273156962),1
JA502015,,11/7/2017 5:30,30,NO CONTROLS,NO CONTROLS,CLEAR,"DARKNESS, LIGHTED ROAD",PARKED MOTOR VEHICLE,NOT DIVIDED,2,STRAIGHT AND LEVEL,DRY,NO DEFECTS,ON SCENE,INJURY AND / OR TOW DUE TO CRASH,,,,"OVER $1,500",11/7/2017 5:39,UNABLE TO DETERMINE,NOT APPLICABLE,12218,S,MICHIGAN AVE,532,,,,,,,3,INCAPACITATING INJURY,1,0,1,0,0,0,0,5,3,11,41.6719218,-87.62047182,POINT (-87.620471817457 41.671921799098),1
JA502023,,11/7/2017 5:40,30,NO CONTROLS,NO CONTROLS,CLEAR,DAWN,PARKED MOTOR VEHICLE,NOT DIVIDED,4,STRAIGHT AND LEVEL,DRY,NO DEFECTS,ON SCENE,NO INJURY / DRIVE AWAY,,,Y,"OVER $1,500",11/7/2017 5:50,UNABLE TO DETERMINE,NOT APPLICABLE,4840,W,JACKSON BLVD,1533,,,,,,,2,NO INDICATION OF INJURY,0,0,0,0,0,1,0,5,3,11,41.87687454,-87.74668988,POINT (-87.74668988386 41.876874543454),1
JA502013,,11/7/2017 5:40,30,TRAFFIC SIGNAL,FUNCTIONING PROPERLY,CLEAR,"DARKNESS, LIGHTED ROAD",REAR END,CENTER TURN LANE,1,STRAIGHT AND LEVEL,DRY,NO DEFECTS,ON SCENE,INJURY AND / OR TOW DUE TO CRASH,,,,"OVER $1,500",11/7/2017 5:45,FAILING TO REDUCE SPEED TO AVOID CRASH,NOT APPLICABLE,30,W,95TH ST,634,,Y,,,,,3,"REPORTED, NOT EVIDENT",2,0,0,0,2,1,0,5,3,11,41.72175971,-87.62495772,POINT (-87.624957715468 41.721759712746),1
JA505840,Y,11/7/2017 6:00,25,NO CONTROLS,NO CONTROLS,CLEAR,"DARKNESS, LIGHTED ROAD",PARKED MOTOR VEHICLE,ONE-WAY,1,STRAIGHT AND LEVEL,DRY,NO DEFECTS,NOT ON SCENE (DESK REPORT),NO INJURY / DRIVE AWAY,,,,"OVER $1,500",11/9/2017 23:30,UNABLE TO DETERMINE,UNABLE TO DETERMINE,6023,S,ALBANY AVE,823,,,,,,,3,NO INDICATION OF INJURY,0,0,0,0,0,2,0,6,3,11,41.78375761,-87.70069049,POINT (-87.700690490021 41.783757609262),1
JA502832,,11/7/2017 6:00,30,TRAFFIC SIGNAL,FUNCTIONING PROPERLY,CLEAR,"DARKNESS, LIGHTED ROAD",PEDESTRIAN,DIVIDED - W/MEDIAN (NOT RAISED),2,STRAIGHT AND LEVEL,DRY,UNKNOWN,NOT ON SCENE (DESK REPORT),INJURY AND / OR TOW DUE TO CRASH,Y,,Y,$500 OR LESS,11/7/2017 17:05,FAILING TO YIELD RIGHT-OF-WAY,UNABLE TO DETERMINE,1000,W,BUENA AVE,1915,,,,,,,2,"REPORTED, NOT EVIDENT",1,0,0,0,1,1,0,6,3,11,41.95853763,-87.65473683,POINT (-87.654736825952 41.958537631766),1
JA505312,,11/7/2017 6:05,30,NO CONTROLS,NO CONTROLS,CLEAR,DAYLIGHT,ANGLE,OTHER,,STRAIGHT AND LEVEL,DRY,NO DEFECTS,NOT ON SCENE (DESK REPORT),NO INJURY / DRIVE AWAY,,,,"OVER $1,500",11/9/2017 15:40,UNABLE TO DETERMINE,NOT APPLICABLE,2401,W,OGDEN AVE,1023,,,,,,,2,NO INDICATION OF INJURY,0,0,0,0,0,2,0,6,3,11,41.86464673,-87.68600251,POINT (-87.686002512195 41.864646729616),1
JA502025,,11/7/2017 6:20,30,TRAFFIC SIGNAL,FUNCTIONING PROPERLY,CLEAR,DAYLIGHT,TURNING,ONE-WAY,,STRAIGHT AND LEVEL,DRY,NO DEFECTS,ON SCENE,NO INJURY / DRIVE AWAY,,,,"OVER $1,500",11/7/2017 6:30,IMPROPER TURNING/NO SIGNAL,UNABLE TO DETERMINE,2,W,OHIO ST,1832,,Y,,,,,2,NO INDICATION OF INJURY,0,0,0,0,0,2,0,6,3,11,41.89257756,-87.62817486,POINT (-87.628174862126 41.892577554731),1
JA502026,,11/7/2017 6:30,30,NO CONTROLS,NO CONTROLS,CLEAR,DAWN,SIDESWIPE SAME DIRECTION,DIVIDED - W/MEDIAN (NOT RAISED),2,STRAIGHT AND LEVEL,DRY,NO DEFECTS,ON SCENE,NO INJURY / DRIVE AWAY,,,,"$501 - $1,500",11/7/2017 6:33,UNABLE TO DETERMINE,NOT APPLICABLE,716,W,BELMONT AVE,1925,,,,,,,2,NO INDICATION OF INJURY,0,0,0,0,0,3,0,6,3,11,41.94011613,-87.64756341,POINT (-87.647563411809 41.940116128149),1
JA502191,,11/7/2017 6:30,30,NO CONTROLS,NO CONTROLS,CLEAR,DAYLIGHT,SIDESWIPE SAME DIRECTION,RAMP,2,STRAIGHT ON GRADE,DRY,NO DEFECTS,,NO INJURY / DRIVE AWAY,,,,"OVER $1,500",11/7/2017 9:45,UNABLE TO DETERMINE,NOT APPLICABLE,1610,N,LAKE SHORE DR SB,1814,,,,,,,2,NO INDICATION OF INJURY,0,0,0,0,0,2,0,6,3,11,41.91200512,-87.62619953,POINT (-87.62619953038 41.912005119945),1
JA502028,Y,11/7/2017 6:30,30,NO CONTROLS,UNKNOWN,CLEAR,DAYLIGHT,PARKED MOTOR VEHICLE,UNKNOWN,4,STRAIGHT AND LEVEL,UNKNOWN,UNKNOWN,ON SCENE,INJURY AND / OR TOW DUE TO CRASH,,,Y,"OVER $1,500",11/7/2017 6:50,UNABLE TO DETERMINE,UNABLE TO DETERMINE,3615,W,BELMONT AVE,2523,,,,,,,2,NO INDICATION OF INJURY,0,0,0,0,0,1,0,6,3,11,41.9390961,-87.71808479,POINT (-87.718084788893 41.939096099503),1
JA502427,,11/7/2017 6:35,35,NO CONTROLS,NO CONTROLS,CLEAR,DAYLIGHT,REAR END,DIVIDED - W/MEDIAN (NOT RAISED),,STRAIGHT AND LEVEL,DRY,NO DEFECTS,NOT ON SCENE (DESK REPORT),NO INJURY / DRIVE AWAY,,,,"OVER $1,500",11/7/2017 12:35,FOLLOWING TOO CLOSELY,NOT APPLICABLE,4331,S,KEDZIE AVE,922,,,,,,,2,NO INDICATION OF INJURY,0,0,0,0,0,2,0,6,3,11,41.81431984,-87.70407158,POINT (-87.704071583393 41.814319843778),1
JA602033,,11/7/2017 6:42,30,TRAFFIC SIGNAL,FUNCTIONING PROPERLY,CLEAR,DAYLIGHT,REAR END,NOT DIVIDED,2,STRAIGHT AND LEVEL,DRY,NO DEFECTS,NOT ON SCENE (DESK REPORT),NO INJURY / DRIVE AWAY,,,,$500 OR LESS,11/7/2017 7:13,FOLLOWING TOO CLOSELY,UNABLE TO DETERMINE,2401,W,FOSTER AVE,2031,,,,,,,2,NO INDICATION OF INJURY,0,0,0,0,0,2,0,6,3,11,41.97578068,-87.68927152,POINT (-87.689271517548 41.975780675999),1
JA502033,,11/7/2017 6:42,30,TRAFFIC SIGNAL,FUNCTIONING PROPERLY,CLEAR,DAYLIGHT,REAR END,NOT DIVIDED,2,STRAIGHT AND LEVEL,DRY,NO DEFECTS,,NO INJURY / DRIVE AWAY,,,,$500 OR LESS,11/7/2017 7:13,FOLLOWING TOO CLOSELY,UNABLE TO DETERMINE,2401,W,FOSTER AVE,2031,,,,,,,2,NO INDICATION OF INJURY,0,0,0,0,0,2,0,6,3,11,41.97578068,-87.68927152,POINT (-87.689271517548 41.975780675999),1
JA503106,,11/7/2017 6:45,30,NO CONTROLS,NO CONTROLS,CLEAR,DAYLIGHT,REAR END,ONE-WAY,1,STRAIGHT AND LEVEL,DRY,NO DEFECTS,NOT ON SCENE (DESK REPORT),NO INJURY / DRIVE AWAY,,,,"$501 - $1,500",11/7/2017 20:21,FOLLOWING TOO CLOSELY,NOT APPLICABLE,323,S,HAMLIN BLVD,1133,,,,,,,2,NO INDICATION OF INJURY,0,0,0,0,0,2,0,6,3,11,41.87644349,-87.72030824,POINT (-87.720308242428 41.876443493014),1
JA502053,,11/7/2017 6:50,30,NO CONTROLS,NO CONTROLS,CLEAR,DAYLIGHT,SIDESWIPE OPPOSITE DIRECTION,DIVIDED - W/MEDIAN (NOT RAISED),4,STRAIGHT AND LEVEL,DRY,SHOULDER DEFECT,ON SCENE,INJURY AND / OR TOW DUE TO CRASH,,,,"OVER $1,500",11/7/2017 6:55,EQUIPMENT - VEHICLE CONDITION,FAILING TO REDUCE SPEED TO AVOID CRASH,210,N,WESTERN AVE,1222,,,,,,,3,NO INDICATION OF INJURY,0,0,0,0,0,2,0,6,3,11,41.88497016,-87.68668372,POINT (-87.686683717512 41.884970162632),1
JA502819,,11/7/2017 6:50,30,TRAFFIC SIGNAL,FUNCTIONING PROPERLY,CLEAR,DAYLIGHT,SIDESWIPE SAME DIRECTION,NOT DIVIDED,,STRAIGHT AND LEVEL,DRY,NO DEFECTS,NOT ON SCENE (DESK REPORT),NO INJURY / DRIVE AWAY,,,,"$501 - $1,500",11/7/2017 6:50,IMPROPER OVERTAKING/PASSING,DISREGARDING OTHER TRAFFIC SIGNS,1025,N,CENTRAL AVE,1524,,,,,,,2,NO INDICATION OF INJURY,0,0,0,0,0,2,0,6,3,11,41.89937074,-87.76540912,POINT (-87.765409119619 41.89937073655),1
JA502936,,11/7/2017 6:50,30,NO CONTROLS,NO CONTROLS,CLEAR,"DARKNESS, LIGHTED ROAD",SIDESWIPE SAME DIRECTION,NOT DIVIDED,,STRAIGHT AND LEVEL,DRY,UNKNOWN,NOT ON SCENE (DESK REPORT),NO INJURY / DRIVE AWAY,,,,"$501 - $1,500",11/7/2017 18:05,FAILING TO YIELD RIGHT-OF-WAY,FAILING TO YIELD RIGHT-OF-WAY,4300,W,JACKSON BLVD,1115,,,,,,,2,NO INDICATION OF INJURY,0,0,0,0,0,2,0,6,3,11,41.87710576,-87.73302501,POINT (-87.733025009199 41.877105756596),1
JA502673,,11/7/2017 7:00,30,NO CONTROLS,NO CONTROLS,CLEAR,DAYLIGHT,PARKED MOTOR VEHICLE,ONE-WAY,,STRAIGHT AND LEVEL,DRY,NO DEFECTS,NOT ON SCENE (DESK REPORT),NO INJURY / DRIVE AWAY,,,Y,"OVER $1,500",11/7/2017 15:22,NOT APPLICABLE,NOT APPLICABLE,5147,S,LECLAIRE AVE,814,,,,,,,2,NO INDICATION OF INJURY,0,0,0,0,0,1,0,7,3,11,41.79883091,-87.75010474,POINT (-87.750104737061 41.798830908399),1
JA502049,,11/7/2017 7:00,40,NO CONTROLS,NO CONTROLS,CLEAR,DAYLIGHT,REAR END,DIVIDED - W/MEDIAN BARRIER,,"CURVE, LEVEL",DRY,NO DEFECTS,ON SCENE,INJURY AND / OR TOW DUE TO CRASH,,,,"OVER $1,500",11/7/2017 7:05,FAILING TO REDUCE SPEED TO AVOID CRASH,FOLLOWING TOO CLOSELY,3800,N,LAKE SHORE DR NB,1925,,,,,,,2,NO INDICATION OF INJURY,0,0,0,0,0,3,0,7,3,11,41.95239868,-87.64473284,POINT (-87.644732840259 41.95239868088),1
JA502031,,11/7/2017 7:01,30,STOP SIGN/FLASHER,FUNCTIONING PROPERLY,CLEAR,DAYLIGHT,TURNING,NOT DIVIDED,0,STRAIGHT AND LEVEL,DRY,NO DEFECTS,ON SCENE,INJURY AND / OR TOW DUE TO CRASH,Y,,,"OVER $1,500",11/7/2017 7:06,FAILING TO YIELD RIGHT-OF-WAY,FAILING TO REDUCE SPEED TO AVOID CRASH,4600,W,MADISON ST,1113,,,,,,,3,NONINCAPACITATING INJURY,2,0,0,2,0,1,0,7,3,11,41.88066007,-87.74072813,POINT (-87.740728133013 41.880660066981),1
JA502145,,11/7/2017 7:05,30,TRAFFIC SIGNAL,FUNCTIONING PROPERLY,CLEAR,DAYLIGHT,TURNING,NOT DIVIDED,4,STRAIGHT AND LEVEL,DRY,NO DEFECTS,NOT ON SCENE (DESK REPORT),INJURY AND / OR TOW DUE TO CRASH,,,,"OVER $1,500",11/7/2017 8:45,IMPROPER TURNING/NO SIGNAL,UNABLE TO DETERMINE,2,E,69TH ST,322,,,,,,,2,NO INDICATION OF INJURY,0,0,0,0,0,2,0,7,3,11,41.76930471,-87.62486723,POINT (-87.624867227366 41.769304708276),1
JA502678,,11/7/2017 7:10,30,NO CONTROLS,NO CONTROLS,CLEAR,DAYLIGHT,SIDESWIPE SAME DIRECTION,NOT DIVIDED,2,STRAIGHT AND LEVEL,DRY,NO DEFECTS,NOT ON SCENE (DESK REPORT),NO INJURY / DRIVE AWAY,,,Y,"$501 - $1,500",11/7/2017 15:35,FAILING TO YIELD RIGHT-OF-WAY,IMPROPER OVERTAKING/PASSING,6958,W,GRAND AVE,2512,,,,,,,2,NO INDICATION OF INJURY,0,0,0,0,0,2,0,7,3,11,41.92366978,-87.80001955,POINT (-87.800019547738 41.923669780217),1
JA502097,,11/7/2017 7:10,30,NO CONTROLS,NO CONTROLS,CLOUDY/OVERCAST,DAWN,REAR END,DIVIDED - W/MEDIAN (NOT RAISED),4,STRAIGHT AND LEVEL,DRY,NO DEFECTS,NOT ON SCENE (DESK REPORT),NO INJURY / DRIVE AWAY,,,Y,"$501 - $1,500",11/7/2017 8:12,FOLLOWING TOO CLOSELY,IMPROPER LANE USAGE,6845,W,GRAND AVE,2512,,,,,,,2,NO INDICATION OF INJURY,0,0,0,0,0,2,0,7,3,11,41.92347474,-87.796974,POINT (-87.796974000356 41.923474740566),1
JA502083,,11/7/2017 7:10,30,TRAFFIC SIGNAL,FUNCTIONING PROPERLY,CLEAR,DAYLIGHT,REAR END,NOT DIVIDED,,STRAIGHT AND LEVEL,DRY,NO DEFECTS,NOT ON SCENE (DESK REPORT),NO INJURY / DRIVE AWAY,,,,$500 OR LESS,11/7/2017 7:51,UNABLE TO DETERMINE,UNABLE TO DETERMINE,7209,S,JEFFERY BLVD,333,,,,,,,2,NO INDICATION OF INJURY,0,0,0,0,0,2,0,7,3,11,41.76403878,-87.57610842,POINT (-87.576108416784 41.764038777515),1
JA502063,,11/7/2017 7:10,25,STOP SIGN/FLASHER,FUNCTIONING PROPERLY,CLEAR,DAYLIGHT,ANGLE,NOT DIVIDED,2,STRAIGHT AND LEVEL,DRY,NO DEFECTS,ON SCENE,INJURY AND / OR TOW DUE TO CRASH,Y,,,"OVER $1,500",11/7/2017 7:30,FAILING TO YIELD RIGHT-OF-WAY,NOT APPLICABLE,7600,S,DANTE AVE,411,,,,,,,2,NO INDICATION OF INJURY,0,0,0,0,0,2,0,7,3,11,41.75682157,-87.58968322,POINT (-87.589683217836 41.756821569654),1
JA502074,,11/7/2017 7:15,35,NO CONTROLS,NO CONTROLS,CLEAR,DAYLIGHT,REAR END,DIVIDED - W/MEDIAN BARRIER,,STRAIGHT ON GRADE,DRY,NO DEFECTS,ON SCENE,INJURY AND / OR TOW DUE TO CRASH,,,,"OVER $1,500",11/7/2017 7:38,FOLLOWING TOO CLOSELY,FAILING TO REDUCE SPEED TO AVOID CRASH,6731,S,CICERO AVE,833,,,,,,,2,"REPORTED, NOT EVIDENT",1,0,0,0,1,2,0,7,3,11,41.77024265,-87.74188391,POINT (-87.741883911686 41.770242651018),1
JA502036,,11/7/2017 7:18,20,STOP SIGN/FLASHER,FUNCTIONING PROPERLY,CLEAR,DAYLIGHT,ANGLE,NOT DIVIDED,2,STRAIGHT AND LEVEL,DRY,NO DEFECTS,ON SCENE,INJURY AND / OR TOW DUE TO CRASH,Y,,,"OVER $1,500",11/7/2017 7:18,DRIVING SKILLS/KNOWLEDGE/EXPERIENCE,NOT APPLICABLE,2700,W,PRATT BLVD,2411,,,,,,,2,NO INDICATION OF INJURY,0,0,0,0,0,4,0,7,3,11,42.00500188,-87.69744772,POINT (-87.697447722224 42.005001883528),1