RD_NO,CRASH_DATE_EST_I,CRASH_DATE,POSTED_SPEED_LIMIT,TRAFFIC_CONTROL_DEVICE,DEVICE_CONDITION,WEATHER_CONDITION,LIGHTING_CONDITION,FIRST_CRASH_TYPE,TRAFFICWAY_TYPE,LANE_CNT,ALIGNMENT,ROADWAY_SURFACE_COND,ROAD_DEFECT,REPORT_TYPE,CRASH_TYPE,INTERSECTION_RELATED_I,NOT_RIGHT_OF_WAY_I,HIT_AND_RUN_I,DAMAGE,DATE_POLICE_NOTIFIED,PRIM_CONTRIBUTORY_CAUSE,SEC_CONTRIBUTORY_CAUSE,STREET_NO,STREET_DIRECTION,STREET_NAME,BEAT_OF_OCCURRENCE,PHOTOS_TAKEN_I,STATEMENTS_TAKEN_I,DOORING_I,WORK_ZONE_I,WORK_ZONE_TYPE,WORKERS_PRESENT_I,NUM_UNITS,MOST_SEVERE_INJURY,INJURIES_TOTAL,INJURIES_FATAL,INJURIES_INCAPACITATING,INJURIES_NON_INCAPACITATING,INJURIES_REPORTED_NOT_EVIDENT,INJURIES_NO_INDICATION,INJURIES_UNKNOWN,CRASH_HOUR,CRASH_DAY_OF_WEEK,CRASH_MONTH,LATITUDE,LONGITUDE,LOCATION,Join
JA502042,,11/7/2017 7:20,30,NO CONTROLS,NO CONTROLS,CLEAR,DAYLIGHT,ANGLE,NOT DIVIDED,4,STRAIGHT AND LEVEL,DRY,NO DEFECTS,ON SCENE,INJURY AND / OR TOW DUE TO CRASH,,,Y,"OVER $1,500",11/7/2017 7:21,FAILING TO YIELD RIGHT-OF-WAY,FAILING TO YIELD RIGHT-OF-WAY,3000,S,KEDZIE AVE,1032,,,,,,,2,NONINCAPACITATING INJURY,1,0,0,1,0,1,0,7,3,11,41.83896285,-87.70501791,POINT (-87.70501790708 41.838962849662),1
JA503543,,11/7/2017 7:20,15,NO CONTROLS,NO CONTROLS,CLEAR,DAYLIGHT,REAR END,DRIVEWAY,1,STRAIGHT AND LEVEL,DRY,NO DEFECTS,NOT ON SCENE (DESK REPORT),INJURY AND / OR TOW DUE TO CRASH,,Y,Y,"$501 - $1,500",11/8/2017 9:15,UNABLE TO DETERMINE,UNABLE TO DETERMINE,6350,N,BROADWAY,2433,,,,,,,2,NONINCAPACITATING INJURY,1,0,0,1,0,1,0,7,3,11,41.99786429,-87.66065828,POINT (-87.660658276141 41.997864290687),1
JA502047,,11/7/2017 7:20,30,NO CONTROLS,UNKNOWN,CLEAR,DAYLIGHT,PARKED MOTOR VEHICLE,NOT DIVIDED,2,STRAIGHT AND LEVEL,DRY,UNKNOWN,ON SCENE,NO INJURY / DRIVE AWAY,,,Y,"$501 - $1,500",11/7/2017 7:21,UNABLE TO DETERMINE,NOT APPLICABLE,8125,S,HALSTED ST,622,,,,,,,2,NO INDICATION OF INJURY,0,0,0,0,0,1,0,7,3,11,41.74623627,-87.64376604,POINT (-87.643766037833 41.74623627172),1
JA511074,,11/7/2017 7:25,30,TRAFFIC SIGNAL,FUNCTIONING PROPERLY,CLEAR,DAYLIGHT,TURNING,DIVIDED - W/MEDIAN (NOT RAISED),4,STRAIGHT AND LEVEL,DRY,NO DEFECTS,ON SCENE,INJURY AND / OR TOW DUE TO CRASH,Y,,,"OVER $1,500",11/14/2017 7:35,FAILING TO YIELD RIGHT-OF-WAY,UNABLE TO DETERMINE,5140,N,CENTRAL AVE,1622,,,,,,,2,NO INDICATION OF INJURY,0,0,0,0,0,2,0,7,3,11,41.97474328,-87.76864435,POINT (-87.768644353417 41.974743281185),1
JA502084,,11/7/2017 7:30,20,STOP SIGN/FLASHER,WORN REFLECTIVE MATERIAL,CLEAR,DAYLIGHT,PARKED MOTOR VEHICLE,ONE-WAY,,STRAIGHT AND LEVEL,DRY,NO DEFECTS,NOT ON SCENE (DESK REPORT),NO INJURY / DRIVE AWAY,,,,"$501 - $1,500",11/7/2017 8:29,UNABLE TO DETERMINE,NOT APPLICABLE,3001,N,KILPATRICK AVE,2521,Y,,,,,,2,NO INDICATION OF INJURY,0,0,0,0,0,1,0,7,3,11,41.93530983,-87.74414044,POINT (-87.744140441488 41.935309834126),1
JA502156,,11/7/2017 7:30,30,TRAFFIC SIGNAL,FUNCTIONING PROPERLY,CLEAR,DAYLIGHT,TURNING,DIVIDED - W/MEDIAN (NOT RAISED),2,STRAIGHT AND LEVEL,DRY,NO DEFECTS,NOT ON SCENE (DESK REPORT),NO INJURY / DRIVE AWAY,Y,,,"$501 - $1,500",11/7/2017 9:10,DISREGARDING TRAFFIC SIGNALS,FAILING TO YIELD RIGHT-OF-WAY,7000,W,BELMONT AVE,1632,,,,,,,2,NO INDICATION OF INJURY,0,0,0,0,0,2,0,7,3,11,41.93818574,-87.80129017,POINT (-87.80129017281 41.938185738779),1
JA502072,,11/7/2017 7:30,15,NO CONTROLS,NO CONTROLS,CLEAR,DAYLIGHT,TURNING,ONE-WAY,1,STRAIGHT AND LEVEL,DRY,UNKNOWN,ON SCENE,INJURY AND / OR TOW DUE TO CRASH,Y,,,"OVER $1,500",11/7/2017 7:38,FAILING TO YIELD RIGHT-OF-WAY,NOT APPLICABLE,4743,N,AVERS AVE,1723,,,,,,,3,NO INDICATION OF INJURY,0,0,0,0,0,2,0,7,3,11,41.96770365,-87.72420322,POINT (-87.724203215772 41.967703646302),1
JA513550,,11/7/2017 7:30,30,TRAFFIC SIGNAL,FUNCTIONING PROPERLY,CLEAR,DAYLIGHT,TURNING,NOT DIVIDED,2,STRAIGHT AND LEVEL,DRY,UNKNOWN,NOT ON SCENE (DESK REPORT),INJURY AND / OR TOW DUE TO CRASH,,,,"$501 - $1,500",11/16/2017 0:55,FOLLOWING TOO CLOSELY,UNABLE TO DETERMINE,130,W,NORTH AVE,1814,,,,,,,2,NONINCAPACITATING INJURY,2,0,0,2,0,1,0,7,3,11,41.91127207,-87.63311717,POINT (-87.633117174389 41.911272068098),1
JA502113,,11/7/2017 7:35,30,NO CONTROLS,NO CONTROLS,CLEAR,DAYLIGHT,PARKED MOTOR VEHICLE,DIVIDED - W/MEDIAN (NOT RAISED),2,STRAIGHT AND LEVEL,DRY,NO DEFECTS,NOT ON SCENE (DESK REPORT),NO INJURY / DRIVE AWAY,,,Y,"$501 - $1,500",11/7/2017 7:40,UNABLE TO DETERMINE,UNABLE TO DETERMINE,2415,N,LONG AVE,2515,,,,,,,2,NO INDICATION OF INJURY,0,0,0,0,0,4,0,7,3,11,41.92453692,-87.7609373,POINT (-87.760937299294 41.924536915377),1
JA502080,,11/7/2017 7:40,30,NO CONTROLS,NO CONTROLS,CLEAR,DAYLIGHT,REAR END,NOT DIVIDED,,STRAIGHT AND LEVEL,DRY,NO DEFECTS,,NO INJURY / DRIVE AWAY,,,,"OVER $1,500",11/7/2017 8:10,FAILING TO YIELD RIGHT-OF-WAY,FAILING TO REDUCE SPEED TO AVOID CRASH,7229,W,HIGGINS AVE,1613,,,,,,,2,NO INDICATION OF INJURY,0,0,0,0,0,2,0,7,3,11,41.98142937,-87.80880082,POINT (-87.808800815132 41.98142937195),1
JA502285,,11/7/2017 7:45,30,TRAFFIC SIGNAL,NO CONTROLS,CLEAR,DAYLIGHT,REAR END,NOT DIVIDED,4,STRAIGHT AND LEVEL,DRY,NO DEFECTS,NOT ON SCENE (DESK REPORT),NO INJURY / DRIVE AWAY,,,,$500 OR LESS,11/7/2017 8:00,UNABLE TO DETERMINE,NOT APPLICABLE,8309,S,PULASKI RD,834,,,,,,,2,NO INDICATION OF INJURY,0,0,0,0,0,2,0,7,3,11,41.74190141,-87.72152328,POINT (-87.721523279983 41.741901406144),1
JA502081,,11/7/2017 7:45,30,NO CONTROLS,NO CONTROLS,CLEAR,DAYLIGHT,ANGLE,DIVIDED - W/MEDIAN (NOT RAISED),,STRAIGHT AND LEVEL,DRY,NO DEFECTS,NOT ON SCENE (DESK REPORT),NO INJURY / DRIVE AWAY,,,,"OVER $1,500",11/7/2017 8:10,FAILING TO YIELD RIGHT-OF-WAY,UNABLE TO DETERMINE,6999,W,DEVON AVE,1611,,,,,,,2,NO INDICATION OF INJURY,0,0,0,0,0,2,0,7,3,11,41.99735551,-87.80298603,POINT (-87.802986027457 41.997355511827),1
JA502101,,11/7/2017 7:45,15,NO CONTROLS,UNKNOWN,CLEAR,DAYLIGHT,PARKED MOTOR VEHICLE,NOT DIVIDED,,STRAIGHT AND LEVEL,DRY,NO DEFECTS,ON SCENE,INJURY AND / OR TOW DUE TO CRASH,,,,"OVER $1,500",11/7/2017 7:48,UNABLE TO DETERMINE,NOT APPLICABLE,3757,W,34TH ST,1031,,,,,,,3,NO INDICATION OF INJURY,0,0,0,0,0,1,0,7,3,11,41.83141102,-87.71913997,POINT (-87.719139970649 41.83141101972),1
JA502119,,11/7/2017 7:48,25,NO CONTROLS,NO CONTROLS,CLOUDY/OVERCAST,DAYLIGHT,SIDESWIPE SAME DIRECTION,NOT DIVIDED,,STRAIGHT AND LEVEL,DRY,NO DEFECTS,ON SCENE,NO INJURY / DRIVE AWAY,,,,"$501 - $1,500",11/7/2017 8:45,UNABLE TO DETERMINE,UNABLE TO DETERMINE,2551,W,25TH ST,1034,,,,,,,2,NO INDICATION OF INJURY,0,0,0,0,0,4,0,7,3,11,41.84641355,-87.68991551,POINT (-87.689915509383 41.846413546784),1
JA502848,,11/7/2017 7:50,30,STOP SIGN/FLASHER,FUNCTIONING PROPERLY,CLEAR,DAYLIGHT,REAR END,OTHER,,STRAIGHT AND LEVEL,DRY,NO DEFECTS,NOT ON SCENE (DESK REPORT),NO INJURY / DRIVE AWAY,Y,,,"$501 - $1,500",11/7/2017 17:00,FOLLOWING TOO CLOSELY,FOLLOWING TOO CLOSELY,2400,N,CENTRAL PARK AVE,2524,,,,,,,2,NO INDICATION OF INJURY,0,0,0,0,0,4,0,7,3,11,41.92469215,-87.71714291,POINT (-87.717142910619 41.924692154013),1
JA502077,Y,11/7/2017 7:50,30,TRAFFIC SIGNAL,FUNCTIONING PROPERLY,CLEAR,DAYLIGHT,SIDESWIPE SAME DIRECTION,OTHER,1,STRAIGHT AND LEVEL,DRY,NO DEFECTS,ON SCENE,NO INJURY / DRIVE AWAY,,,,"OVER $1,500",11/7/2017 7:51,FAILING TO REDUCE SPEED TO AVOID CRASH,NOT APPLICABLE,2340,N,CLYBOURN AVE,1811,,Y,,,,,2,NO INDICATION OF INJURY,0,0,0,0,0,2,0,7,3,11,41.92440256,-87.66849742,POINT (-87.668497424345 41.924402557183),1
JA503931,,11/7/2017 7:50,30,TRAFFIC SIGNAL,FUNCTIONING PROPERLY,CLEAR,DAYLIGHT,REAR END,ONE-WAY,,STRAIGHT AND LEVEL,DRY,NO DEFECTS,NOT ON SCENE (DESK REPORT),INJURY AND / OR TOW DUE TO CRASH,,,,"$501 - $1,500",11/8/2017 14:30,UNABLE TO DETERMINE,UNABLE TO DETERMINE,6709,S,STONY ISLAND AVE,332,,,,,,,2,"REPORTED, NOT EVIDENT",2,0,0,0,2,1,0,7,3,11,41.77302807,-87.58594542,POINT (-87.585945418052 41.773028070072),1
JA502087,,11/7/2017 7:51,30,TRAFFIC SIGNAL,FUNCTIONING PROPERLY,CLEAR,DAYLIGHT,SIDESWIPE SAME DIRECTION,NOT DIVIDED,4,STRAIGHT AND LEVEL,DRY,NO DEFECTS,ON SCENE,NO INJURY / DRIVE AWAY,Y,,,"OVER $1,500",11/7/2017 8:00,IMPROPER OVERTAKING/PASSING,DRIVING SKILLS/KNOWLEDGE/EXPERIENCE,2623,W,ADDISON ST,1921,,,,,,,2,NO INDICATION OF INJURY,0,0,0,0,0,2,0,7,3,11,41.94660121,-87.6940903,POINT (-87.694090302787 41.946601205261),1
JA502487,,11/7/2017 7:55,30,NO CONTROLS,NO CONTROLS,CLEAR,DAYLIGHT,REAR END,DIVIDED - W/MEDIAN (NOT RAISED),4,STRAIGHT AND LEVEL,DRY,UNKNOWN,NOT ON SCENE (DESK REPORT),NO INJURY / DRIVE AWAY,,,,"$501 - $1,500",11/7/2017 7:55,IMPROPER LANE USAGE,FAILING TO REDUCE SPEED TO AVOID CRASH,4731,S,CALIFORNIA AVE,922,,,,,,,2,NO INDICATION OF INJURY,0,0,0,0,0,2,0,7,3,11,41.80734713,-87.69403185,POINT (-87.694031850904 41.80734713404),1
JA502210,,11/7/2017 7:55,30,NO CONTROLS,NO CONTROLS,CLEAR,DAYLIGHT,REAR END,DIVIDED - W/MEDIAN (NOT RAISED),,STRAIGHT AND LEVEL,DRY,NO DEFECTS,NOT ON SCENE (DESK REPORT),NO INJURY / DRIVE AWAY,,,,"$501 - $1,500",11/7/2017 10:05,FOLLOWING TOO CLOSELY,FAILING TO YIELD RIGHT-OF-WAY,6200,N,CALDWELL AVE,1621,,,,,,,4,NO INDICATION OF INJURY,0,0,0,0,0,4,0,7,3,11,41.99379171,-87.75946368,POINT (-87.7594636818 41.993791708519),1
JA502068,,11/7/2017 7:57,25,TRAFFIC SIGNAL,FUNCTIONING PROPERLY,CLEAR,DAYLIGHT,PEDESTRIAN,NOT DIVIDED,,STRAIGHT AND LEVEL,DRY,NO DEFECTS,ON SCENE,NO INJURY / DRIVE AWAY,,,,$500 OR LESS,11/7/2017 7:58,UNABLE TO DETERMINE,NOT APPLICABLE,1557,W,87TH ST,2221,,,,,,,2,NO INDICATION OF INJURY,0,0,0,0,0,2,0,7,3,11,41.73568222,-87.66291715,POINT (-87.662917151197 41.735682224033),1
JA502106,,11/7/2017 8:00,20,NO CONTROLS,NO CONTROLS,CLEAR,UNKNOWN,PARKED MOTOR VEHICLE,ONE-WAY,,STRAIGHT AND LEVEL,DRY,NO DEFECTS,ON SCENE,NO INJURY / DRIVE AWAY,,,Y,"OVER $1,500",11/7/2017 8:15,UNABLE TO DETERMINE,NOT APPLICABLE,5648,N,ROCKWELL ST,2011,,,,,,,2,NO INDICATION OF INJURY,0,0,0,0,0,1,0,8,3,11,41.98458869,-87.69449353,POINT (-87.694493525721 41.98458869123),1
JA502114,,11/7/2017 8:00,5,NO CONTROLS,NO CONTROLS,CLEAR,DAYLIGHT,PARKED MOTOR VEHICLE,PARKING LOT,,STRAIGHT AND LEVEL,DRY,NO DEFECTS,NOT ON SCENE (DESK REPORT),NO INJURY / DRIVE AWAY,,,,"OVER $1,500",11/7/2017 8:30,UNABLE TO DETERMINE,UNABLE TO DETERMINE,2059,W,HASTINGS ST,1233,,,,,,,2,NO INDICATION OF INJURY,0,0,0,0,0,1,0,8,3,11,41.86389182,-87.67842026,POINT (-87.678420263545 41.863891816086),1
JA503027,,11/7/2017 8:00,20,NO CONTROLS,NO CONTROLS,CLEAR,DAYLIGHT,SIDESWIPE SAME DIRECTION,ONE-WAY,,STRAIGHT AND LEVEL,DRY,NO DEFECTS,NOT ON SCENE (DESK REPORT),NO INJURY / DRIVE AWAY,,,,"OVER $1,500",11/7/2017 18:30,IMPROPER LANE USAGE,IMPROPER LANE USAGE,9838,S,AVENUE H,432,,,,,,,2,NO INDICATION OF INJURY,0,0,0,0,0,6,0,8,3,11,41.71662796,-87.53301345,POINT (-87.533013447495 41.716627957367),1
JA511880,,11/7/2017 8:00,30,TRAFFIC SIGNAL,FUNCTIONING PROPERLY,CLEAR,DAYLIGHT,TURNING,ONE-WAY,,STRAIGHT AND LEVEL,DRY,NO DEFECTS,NOT ON SCENE (DESK REPORT),NO INJURY / DRIVE AWAY,Y,,,"OVER $1,500",11/14/2017 18:05,UNABLE TO DETERMINE,UNABLE TO DETERMINE,601,S,INDEPENDENCE BLVD,1133,,,,,,,2,NO INDICATION OF INJURY,0,0,0,0,0,2,0,8,3,11,41.87347922,-87.7196089,POINT (-87.719608895659 41.873479220546),1
JA502405,,11/7/2017 8:01,30,NO CONTROLS,NO CONTROLS,CLEAR,DAYLIGHT,ANGLE,NOT DIVIDED,,STRAIGHT AND LEVEL,DRY,NO DEFECTS,NOT ON SCENE (DESK REPORT),NO INJURY / DRIVE AWAY,,,,"$501 - $1,500",11/7/2017 12:23,UNABLE TO DETERMINE,NOT APPLICABLE,1100,N,DAMEN AVE,1212,,,,,,,2,NO INDICATION OF INJURY,0,0,0,0,0,2,0,8,3,11,41.90141564,-87.67735384,POINT (-87.677353843578 41.901415639343),1
JA502094,,11/7/2017 8:05,30,NO CONTROLS,NO CONTROLS,CLEAR,DAYLIGHT,REAR END,DIVIDED - W/MEDIAN (NOT RAISED),4,STRAIGHT AND LEVEL,DRY,NO DEFECTS,ON SCENE,NO INJURY / DRIVE AWAY,,,,"$501 - $1,500",11/7/2017 8:14,FAILING TO REDUCE SPEED TO AVOID CRASH,FOLLOWING TOO CLOSELY,4329,S,KEDZIE AVE,922,,,,,,,2,NO INDICATION OF INJURY,0,0,0,0,0,5,0,8,3,11,41.81438909,-87.704074,POINT (-87.704073997315 41.814389089891),1
JA502121,,11/7/2017 8:05,30,NO CONTROLS,NO CONTROLS,CLEAR,DAYLIGHT,ANGLE,NOT DIVIDED,2,STRAIGHT AND LEVEL,DRY,NO DEFECTS,NOT ON SCENE (DESK REPORT),NO INJURY / DRIVE AWAY,,,,"$501 - $1,500",11/7/2017 8:40,FAILING TO YIELD RIGHT-OF-WAY,UNABLE TO DETERMINE,3598,E,113TH ST,433,,,,,,,2,NO INDICATION OF INJURY,0,0,0,0,0,2,0,8,3,11,41.6901424,-87.53654978,POINT (-87.536549782357 41.690142395217),1
JA502202,,11/7/2017 8:05,25,TRAFFIC SIGNAL,FUNCTIONING PROPERLY,CLEAR,DAYLIGHT,HEAD ON,NOT DIVIDED,,STRAIGHT AND LEVEL,DRY,NO DEFECTS,NOT ON SCENE (DESK REPORT),NO INJURY / DRIVE AWAY,,,,"$501 - $1,500",11/7/2017 9:45,DRIVING ON WRONG SIDE/WRONG WAY,FAILING TO YIELD RIGHT-OF-WAY,750,W,OHIO ST,1214,,,,,,,2,NO INDICATION OF INJURY,0,0,0,0,0,3,0,8,3,11,41.89235475,-87.64755445,POINT (-87.647554451425 41.892354753261),1
JA503790,,11/7/2017 8:07,30,TRAFFIC SIGNAL,FUNCTIONING PROPERLY,CLEAR,DAYLIGHT,TURNING,NOT DIVIDED,,STRAIGHT AND LEVEL,DRY,NO DEFECTS,NOT ON SCENE (DESK REPORT),NO INJURY / DRIVE AWAY,,,,"OVER $1,500",11/8/2017 12:30,FAILING TO YIELD RIGHT-OF-WAY,NOT APPLICABLE,501,N,PESHTIGO CT,1834,,,,,,,2,NO INDICATION OF INJURY,0,0,0,0,0,2,0,8,3,11,41.8911389,-87.61502825,POINT (-87.615028253741 41.891138904081),1
JA502086,,11/7/2017 8:15,30,TRAFFIC SIGNAL,FUNCTIONING PROPERLY,CLEAR,DAYLIGHT,SIDESWIPE SAME DIRECTION,NOT DIVIDED,,STRAIGHT AND LEVEL,DRY,NO DEFECTS,NOT ON SCENE (DESK REPORT),NO INJURY / DRIVE AWAY,Y,,,"$501 - $1,500",11/7/2017 8:25,IMPROPER LANE USAGE,IMPROPER LANE USAGE,3158,W,CERMAK RD,1022,,,,,,,2,NO INDICATION OF INJURY,0,0,0,0,0,3,0,8,3,11,41.85187579,-87.70519652,POINT (-87.705196516963 41.851875786849),1
JA502124,,11/7/2017 8:15,30,NO CONTROLS,NO CONTROLS,CLEAR,DAYLIGHT,TURNING,NOT DIVIDED,4,STRAIGHT AND LEVEL,DRY,NO DEFECTS,NOT ON SCENE (DESK REPORT),NO INJURY / DRIVE AWAY,,,,"OVER $1,500",11/7/2017 8:45,IMPROPER TURNING/NO SIGNAL,UNABLE TO DETERMINE,2705,N,WESTERN AVE,1432,,,,,,,2,NO INDICATION OF INJURY,0,0,0,0,0,2,0,8,3,11,41.93056356,-87.68770169,POINT (-87.687701687942 41.930563563287),1
JA502088,Y,11/7/2017 8:20,25,NO CONTROLS,NO CONTROLS,CLEAR,DAYLIGHT,SIDESWIPE SAME DIRECTION,NOT DIVIDED,2,STRAIGHT AND LEVEL,DRY,NO DEFECTS,ON SCENE,NO INJURY / DRIVE AWAY,,,,"$501 - $1,500",11/7/2017 8:20,DRIVING SKILLS/KNOWLEDGE/EXPERIENCE,NOT APPLICABLE,925,W,EASTWOOD AVE,1914,,,,,,,2,NO INDICATION OF INJURY,0,0,0,0,0,2,0,8,3,11,41.96627966,-87.65373221,POINT (-87.653732209161 41.966279657911),1
JA538870,,11/7/2017 8:28,20,NO CONTROLS,NO CONTROLS,CLEAR,DAYLIGHT,FIXED OBJECT,ALLEY,1,STRAIGHT AND LEVEL,DRY,NO DEFECTS,NOT ON SCENE (DESK REPORT),NO INJURY / DRIVE AWAY,,Y,Y,"OVER $1,500",12/6/2017 12:05,UNABLE TO DETERMINE,NOT APPLICABLE,500,W,46TH ST,925,,,,,,,1,NO INDICATION OF INJURY,0,0,0,0,0,1,0,8,3,11,41.8109336,-87.63841523,POINT (-87.638415230955 41.810933602459),1
JA502715,,11/7/2017 8:30,30,STOP SIGN/FLASHER,FUNCTIONING PROPERLY,CLEAR,DAYLIGHT,REAR END,NOT DIVIDED,,STRAIGHT AND LEVEL,DRY,NO DEFECTS,NOT ON SCENE (DESK REPORT),NO INJURY / DRIVE AWAY,,,,"$501 - $1,500",11/7/2017 16:07,UNABLE TO DETERMINE,NOT APPLICABLE,600,N,LARAMIE AVE,1524,,,,,,,2,NO INDICATION OF INJURY,0,0,0,0,0,2,0,8,3,11,41.89125039,-87.75561155,POINT (-87.755611546255 41.891250394402),1
JA505027,,11/7/2017 8:30,30,TRAFFIC SIGNAL,FUNCTIONING PROPERLY,CLEAR,DAYLIGHT,REAR END,NOT DIVIDED,6,STRAIGHT AND LEVEL,DRY,NO DEFECTS,NOT ON SCENE (DESK REPORT),NO INJURY / DRIVE AWAY,,,,"OVER $1,500",11/9/2017 12:10,FOLLOWING TOO CLOSELY,UNABLE TO DETERMINE,10,E,95TH ST,634,,,,,,,2,NO INDICATION OF INJURY,0,0,0,0,0,2,0,8,3,11,41.72183201,-87.62332459,POINT (-87.623324584803 41.7218320075),1
JA502128,,11/7/2017 8:30,30,TRAFFIC SIGNAL,FUNCTIONING PROPERLY,CLEAR,DAYLIGHT,SIDESWIPE SAME DIRECTION,DIVIDED - W/MEDIAN (NOT RAISED),2,STRAIGHT AND LEVEL,DRY,NO DEFECTS,ON SCENE,NO INJURY / DRIVE AWAY,,,,$500 OR LESS,11/7/2017 8:36,IMPROPER LANE USAGE,IMPROPER LANE USAGE,1000,W,BRYN MAWR AVE,2022,,,,,,,2,NO INDICATION OF INJURY,0,0,0,0,0,2,0,8,3,11,41.98390383,-87.65525746,POINT (-87.655257455859 41.983903828061),1
JA502123,,11/7/2017 8:30,30,TRAFFIC SIGNAL,FUNCTIONING PROPERLY,CLEAR,DAYLIGHT,TURNING,NOT DIVIDED,4,STRAIGHT AND LEVEL,DRY,NO DEFECTS,NOT ON SCENE (DESK REPORT),NO INJURY / DRIVE AWAY,,,Y,$500 OR LESS,11/7/2017 8:50,UNABLE TO DETERMINE,UNABLE TO DETERMINE,6349,N,WESTERN AVE,2413,,,,,,,2,NO INDICATION OF INJURY,0,0,0,0,0,2,0,8,3,11,41.9973594,-87.68972367,POINT (-87.689723670316 41.997359395642),1
JA502542,,11/7/2017 8:30,30,NO CONTROLS,NO CONTROLS,CLEAR,DAYLIGHT,SIDESWIPE SAME DIRECTION,NOT DIVIDED,,STRAIGHT AND LEVEL,DRY,NO DEFECTS,NOT ON SCENE (DESK REPORT),NO INJURY / DRIVE AWAY,,,,"$501 - $1,500",11/7/2017 14:00,UNABLE TO DETERMINE,UNABLE TO DETERMINE,5824,S,STONY ISLAND AVE,235,,,,,,,2,NO INDICATION OF INJURY,0,0,0,0,0,3,0,8,3,11,41.78890939,-87.58680202,POINT (-87.58680201497 41.788909393859),1
JA503006,,11/7/2017 8:30,30,NO CONTROLS,NO CONTROLS,CLEAR,DAYLIGHT,PARKED MOTOR VEHICLE,PARKING LOT,,STRAIGHT AND LEVEL,DRY,NO DEFECTS,NOT ON SCENE (DESK REPORT),NO INJURY / DRIVE AWAY,,,Y,"$501 - $1,500",11/7/2017 19:02,UNABLE TO DETERMINE,UNABLE TO DETERMINE,3750,W,OGDEN AVE,1014,,,,,,,2,NO INDICATION OF INJURY,0,0,0,0,0,1,0,8,3,11,41.85319452,-87.71932895,POINT (-87.719328947545 41.853194515075),1
JA502141,,11/7/2017 8:30,30,NO CONTROLS,NO CONTROLS,CLEAR,DAYLIGHT,OTHER OBJECT,NOT DIVIDED,2,STRAIGHT AND LEVEL,DRY,NO DEFECTS,NOT ON SCENE (DESK REPORT),NO INJURY / DRIVE AWAY,,,,"OVER $1,500",11/7/2017 8:38,DRIVING SKILLS/KNOWLEDGE/EXPERIENCE,UNABLE TO DETERMINE,4335,N,HAZEL ST,1915,,,,,,,2,NO INDICATION OF INJURY,0,0,0,0,0,1,0,8,3,11,41.9612213,-87.65216446,POINT (-87.652164458418 41.9612213039),1
JA502177,,11/7/2017 8:35,30,NO CONTROLS,NO CONTROLS,CLEAR,DAYLIGHT,SIDESWIPE SAME DIRECTION,DIVIDED - W/MEDIAN (NOT RAISED),,STRAIGHT AND LEVEL,DRY,UNKNOWN,NOT ON SCENE (DESK REPORT),INJURY AND / OR TOW DUE TO CRASH,,,,"OVER $1,500",11/7/2017 9:25,DRIVING SKILLS/KNOWLEDGE/EXPERIENCE,DRIVING SKILLS/KNOWLEDGE/EXPERIENCE,9200,S,STONY ISLAND AVE,413,,,,,,,2,NONINCAPACITATING INJURY,1,0,0,1,0,1,0,8,3,11,41.72772744,-87.58559431,POINT (-87.585594309293 41.727727438391),1
JA502193,,11/7/2017 8:45,35,TRAFFIC SIGNAL,FUNCTIONING PROPERLY,CLEAR,DAYLIGHT,REAR END,NOT DIVIDED,,STRAIGHT AND LEVEL,DRY,NO DEFECTS,NOT ON SCENE (DESK REPORT),NO INJURY / DRIVE AWAY,,,,"$501 - $1,500",11/7/2017 9:45,UNABLE TO DETERMINE,UNABLE TO DETERMINE,4700,S,MICHIGAN AVE,224,,,,,,,2,NO INDICATION OF INJURY,0,0,0,0,0,2,0,8,3,11,41.80919351,-87.62297931,POINT (-87.62297930642 41.809193513201),1
JA502337,,11/7/2017 8:45,30,TRAFFIC SIGNAL,FUNCTIONING PROPERLY,CLEAR,DAYLIGHT,SIDESWIPE SAME DIRECTION,DIVIDED - W/MEDIAN (NOT RAISED),2,STRAIGHT AND LEVEL,DRY,UNKNOWN,ON SCENE,NO INJURY / DRIVE AWAY,,,,$500 OR LESS,11/7/2017 11:15,UNABLE TO DETERMINE,NOT APPLICABLE,358,S,WABASH AVE,113,,,,,,,2,NO INDICATION OF INJURY,0,0,0,0,0,2,0,8,3,11,41.87703369,-87.6262057,POINT (-87.62620569873 41.877033689697),1
JA502270,,11/7/2017 8:45,30,NO CONTROLS,NO CONTROLS,CLEAR,DAYLIGHT,SIDESWIPE SAME DIRECTION,NOT DIVIDED,1,STRAIGHT AND LEVEL,DRY,NO DEFECTS,ON SCENE,NO INJURY / DRIVE AWAY,,,,$500 OR LESS,11/7/2017 10:32,UNABLE TO DETERMINE,UNABLE TO DETERMINE,2037,W,CERMAK RD,1034,,,,,,,3,NO INDICATION OF INJURY,0,0,0,0,0,3,0,8,3,11,41.85204131,-87.67732989,POINT (-87.677329888472 41.852041314456),1
JA502188,,11/7/2017 8:47,30,NO CONTROLS,NO CONTROLS,CLEAR,DAYLIGHT,SIDESWIPE SAME DIRECTION,NOT DIVIDED,2,STRAIGHT AND LEVEL,DRY,NO DEFECTS,NOT ON SCENE (DESK REPORT),NO INJURY / DRIVE AWAY,,,Y,"OVER $1,500",11/7/2017 9:40,UNABLE TO DETERMINE,UNABLE TO DETERMINE,5501,N,KEDZIE AVE,1712,,,,,,,2,NO INDICATION OF INJURY,0,0,0,0,0,2,0,8,3,11,41.98135196,-87.70867192,POINT (-87.708671917939 41.981351962375),1