RD_NO,CRASH_DATE_EST_I,CRASH_DATE,POSTED_SPEED_LIMIT,TRAFFIC_CONTROL_DEVICE,DEVICE_CONDITION,WEATHER_CONDITION,LIGHTING_CONDITION,FIRST_CRASH_TYPE,TRAFFICWAY_TYPE,LANE_CNT,ALIGNMENT,ROADWAY_SURFACE_COND,ROAD_DEFECT,REPORT_TYPE,CRASH_TYPE,INTERSECTION_RELATED_I,NOT_RIGHT_OF_WAY_I,HIT_AND_RUN_I,DAMAGE,DATE_POLICE_NOTIFIED,PRIM_CONTRIBUTORY_CAUSE,SEC_CONTRIBUTORY_CAUSE,STREET_NO,STREET_DIRECTION,STREET_NAME,BEAT_OF_OCCURRENCE,PHOTOS_TAKEN_I,STATEMENTS_TAKEN_I,DOORING_I,WORK_ZONE_I,WORK_ZONE_TYPE,WORKERS_PRESENT_I,NUM_UNITS,MOST_SEVERE_INJURY,INJURIES_TOTAL,INJURIES_FATAL,INJURIES_INCAPACITATING,INJURIES_NON_INCAPACITATING,INJURIES_REPORTED_NOT_EVIDENT,INJURIES_NO_INDICATION,INJURIES_UNKNOWN,CRASH_HOUR,CRASH_DAY_OF_WEEK,CRASH_MONTH,LATITUDE,LONGITUDE,LOCATION,Join
JA502152,,11/7/2017 8:49,30,STOP SIGN/FLASHER,FUNCTIONING PROPERLY,CLEAR,DAYLIGHT,REAR END,NOT DIVIDED,2,STRAIGHT AND LEVEL,DRY,UNKNOWN,ON SCENE,INJURY AND / OR TOW DUE TO CRASH,,,,"OVER $1,500",11/7/2017 8:49,NOT APPLICABLE,NOT APPLICABLE,1150,N,LARAMIE AVE,1524,,,,,,,2,INCAPACITATING INJURY,2,0,1,1,0,0,0,8,3,11,41.90192859,-87.75591296,POINT (-87.755912960595 41.901928588932),1
JA502132,,11/7/2017 8:50,30,STOP SIGN/FLASHER,FUNCTIONING PROPERLY,CLEAR,DAYLIGHT,SIDESWIPE SAME DIRECTION,NOT DIVIDED,4,STRAIGHT AND LEVEL,DRY,NO DEFECTS,ON SCENE,NO INJURY / DRIVE AWAY,,,,"OVER $1,500",11/7/2017 8:56,IMPROPER OVERTAKING/PASSING,NOT APPLICABLE,2970,N,MILWAUKEE AVE,2523,,,,,,,3,NO INDICATION OF INJURY,0,0,0,0,0,3,0,8,3,11,41.93521738,-87.71771522,POINT (-87.717715217103 41.935217375876),1
JA502214,,11/7/2017 8:53,35,TRAFFIC SIGNAL,FUNCTIONING PROPERLY,CLEAR,DAYLIGHT,SIDESWIPE SAME DIRECTION,OTHER,3,STRAIGHT AND LEVEL,DRY,NO DEFECTS,NOT ON SCENE (DESK REPORT),NO INJURY / DRIVE AWAY,Y,,,"$501 - $1,500",11/7/2017 10:00,IMPROPER OVERTAKING/PASSING,NOT APPLICABLE,2,W,63RD ST,311,,,,,,,2,NO INDICATION OF INJURY,0,0,0,0,0,3,0,8,3,11,41.78016768,-87.6254298,POINT (-87.625429798661 41.780167678293),1
JA502952,,11/7/2017 8:58,30,NO CONTROLS,NO CONTROLS,CLEAR,DAYLIGHT,REAR END,NOT DIVIDED,,STRAIGHT AND LEVEL,DRY,NO DEFECTS,NOT ON SCENE (DESK REPORT),INJURY AND / OR TOW DUE TO CRASH,,,,"OVER $1,500",11/7/2017 18:20,UNABLE TO DETERMINE,ROAD CONSTRUCTION/MAINTENANCE,490,N,MC CLURG CT,1834,,,,,,,2,NONINCAPACITATING INJURY,1,0,0,1,0,1,0,8,3,11,41.89097149,-87.61781344,POINT (-87.617813437056 41.890971493758),1
JA502182,,11/7/2017 9:00,25,TRAFFIC SIGNAL,FUNCTIONING PROPERLY,CLEAR,DAYLIGHT,SIDESWIPE SAME DIRECTION,NOT DIVIDED,,STRAIGHT AND LEVEL,DRY,NO DEFECTS,ON SCENE,NO INJURY / DRIVE AWAY,,,,"$501 - $1,500",11/7/2017 9:05,FAILING TO YIELD RIGHT-OF-WAY,NOT APPLICABLE,3180,N,LAKE SHORE DR,1934,,,,,,,2,NO INDICATION OF INJURY,0,0,0,0,0,2,0,9,3,11,41.93977619,-87.63865432,POINT (-87.63865431946 41.939776186743),1
JA502167,,11/7/2017 9:00,30,NO CONTROLS,NO CONTROLS,CLEAR,DAWN,SIDESWIPE SAME DIRECTION,NOT DIVIDED,3,STRAIGHT AND LEVEL,DRY,NO DEFECTS,NOT ON SCENE (DESK REPORT),NO INJURY / DRIVE AWAY,,,,"$501 - $1,500",11/7/2017 9:20,IMPROPER OVERTAKING/PASSING,UNABLE TO DETERMINE,9210,S,STONY ISLAND AVE,413,,,,,,,2,NO INDICATION OF INJURY,0,0,0,0,0,2,0,9,3,11,41.72744646,-87.58559196,POINT (-87.585591960812 41.727446456696),1
JA505069,,11/7/2017 9:00,55,NO CONTROLS,NO CONTROLS,CLEAR,DAYLIGHT,FIXED OBJECT,DIVIDED - W/MEDIAN BARRIER,,STRAIGHT AND LEVEL,DRY,NO DEFECTS,NOT ON SCENE (DESK REPORT),INJURY AND / OR TOW DUE TO CRASH,,,Y,"OVER $1,500",11/9/2017 13:00,FAILING TO YIELD RIGHT-OF-WAY,FAILING TO REDUCE SPEED TO AVOID CRASH,251,W,63RD ST,722,,,,,,,2,NO INDICATION OF INJURY,0,0,0,0,0,2,0,9,3,11,41.77984917,-87.63213749,POINT (-87.632137487679 41.779849170803),1
JA502180,,11/7/2017 9:09,30,NO CONTROLS,NO CONTROLS,CLEAR,DAYLIGHT,REAR END,DIVIDED - W/MEDIAN (NOT RAISED),,STRAIGHT AND LEVEL,DRY,NO DEFECTS,ON SCENE,INJURY AND / OR TOW DUE TO CRASH,,,,"OVER $1,500",11/7/2017 9:09,IMPROPER LANE USAGE,FAILING TO REDUCE SPEED TO AVOID CRASH,3527,S,WESTERN BLVD,912,,,,,,,3,NO INDICATION OF INJURY,0,0,0,0,0,3,0,9,3,11,41.82940737,-87.68428619,POINT (-87.684286192063 41.829407370801),1
JA502159,,11/7/2017 9:10,30,NO CONTROLS,NO CONTROLS,CLEAR,DAYLIGHT,PEDALCYCLIST,DIVIDED - W/MEDIAN (NOT RAISED),,STRAIGHT AND LEVEL,DRY,NO DEFECTS,ON SCENE,INJURY AND / OR TOW DUE TO CRASH,,,Y,$500 OR LESS,11/7/2017 9:13,FAILING TO YIELD RIGHT-OF-WAY,UNABLE TO DETERMINE,214,N,HOMAN AVE,1123,,Y,,,,,2,NONINCAPACITATING INJURY,1,0,0,1,0,1,0,9,3,11,41.88510313,-87.71127829,POINT (-87.711278286828 41.885103134464),1
JA502179,,11/7/2017 9:11,30,TRAFFIC SIGNAL,FUNCTIONING PROPERLY,CLEAR,DAYLIGHT,REAR END,ONE-WAY,2,STRAIGHT AND LEVEL,DRY,NO DEFECTS,ON SCENE,INJURY AND / OR TOW DUE TO CRASH,Y,,,"OVER $1,500",11/7/2017 9:11,FAILING TO REDUCE SPEED TO AVOID CRASH,UNABLE TO DETERMINE,300,E,24TH PL,132,,,,,,,2,NONINCAPACITATING INJURY,1,0,0,1,0,1,0,9,3,11,41.84851093,-87.62048776,POINT (-87.620487761007 41.848510934195),1
JA502183,Y,11/7/2017 9:11,30,TRAFFIC SIGNAL,FUNCTIONING PROPERLY,CLEAR,DAYLIGHT,PARKED MOTOR VEHICLE,DIVIDED - W/MEDIAN (NOT RAISED),,STRAIGHT AND LEVEL,DRY,NO DEFECTS,NOT ON SCENE (DESK REPORT),NO INJURY / DRIVE AWAY,,,Y,"$501 - $1,500",11/7/2017 9:40,UNABLE TO DETERMINE,NOT APPLICABLE,5105,S,WENTWORTH AVE,225,,,,,,,2,NO INDICATION OF INJURY,0,0,0,0,0,1,0,9,3,11,41.80165355,-87.63055146,POINT (-87.630551457612 41.801653552448),1
JA502261,,11/7/2017 9:15,30,TRAFFIC SIGNAL,FUNCTIONING PROPERLY,CLEAR,DAYLIGHT,ANGLE,OTHER,4,"CURVE, LEVEL",DRY,NO DEFECTS,NOT ON SCENE (DESK REPORT),NO INJURY / DRIVE AWAY,,,,"OVER $1,500",11/7/2017 10:20,DISREGARDING TRAFFIC SIGNALS,DISREGARDING TRAFFIC SIGNALS,100,E,CONGRESS DR,114,,,,,,,2,NO INDICATION OF INJURY,0,0,0,0,0,2,0,9,3,11,41.87583508,-87.62421289,POINT (-87.624212886292 41.875835081627),1
JA502267,,11/7/2017 9:15,30,TRAFFIC SIGNAL,FUNCTIONING PROPERLY,CLEAR,DAYLIGHT,REAR END,DIVIDED - W/MEDIAN BARRIER,6,STRAIGHT AND LEVEL,DRY,NO DEFECTS,NOT ON SCENE (DESK REPORT),NO INJURY / DRIVE AWAY,Y,,,$500 OR LESS,11/7/2017 10:40,UNABLE TO DETERMINE,NOT APPLICABLE,42,W,CONGRESS PKWY,113,,,,,,,2,NO INDICATION OF INJURY,0,0,0,0,0,3,0,9,3,11,41.87573626,-87.62921295,POINT (-87.629212946899 41.875736259062),1
JA502251,,11/7/2017 9:15,30,STOP SIGN/FLASHER,FUNCTIONING PROPERLY,CLEAR,DAYLIGHT,ANGLE,NOT DIVIDED,,STRAIGHT AND LEVEL,DRY,NO DEFECTS,NOT ON SCENE (DESK REPORT),NO INJURY / DRIVE AWAY,,,,"$501 - $1,500",11/7/2017 9:27,FAILING TO YIELD RIGHT-OF-WAY,UNABLE TO DETERMINE,6600,S,MARYLAND AVE,321,,,,,,,2,NO INDICATION OF INJURY,0,0,0,0,0,2,0,9,3,11,41.77488112,-87.60473351,POINT (-87.604733510472 41.774881119771),1
JA502258,,11/7/2017 9:15,30,TRAFFIC SIGNAL,FUNCTIONING PROPERLY,CLEAR,DAYLIGHT,TURNING,NOT DIVIDED,2,STRAIGHT AND LEVEL,DRY,NO DEFECTS,NOT ON SCENE (DESK REPORT),NO INJURY / DRIVE AWAY,,,,"OVER $1,500",11/7/2017 10:37,UNABLE TO DETERMINE,UNABLE TO DETERMINE,2199,S,KEDZIE AVE,1022,,,,,,,2,NO INDICATION OF INJURY,0,0,0,0,0,3,0,9,3,11,41.85183412,-87.70510989,POINT (-87.705109891826 41.851834119628),1
JA504024,,11/7/2017 9:20,30,NO CONTROLS,NO CONTROLS,CLEAR,DAYLIGHT,PEDALCYCLIST,NOT DIVIDED,2,STRAIGHT AND LEVEL,DRY,NO DEFECTS,NOT ON SCENE (DESK REPORT),INJURY AND / OR TOW DUE TO CRASH,,,Y,$500 OR LESS,11/8/2017 16:03,FAILING TO YIELD RIGHT-OF-WAY,UNABLE TO DETERMINE,2555,W,TOUHY AVE,2411,,,,,,,2,NONINCAPACITATING INJURY,1,0,0,1,0,1,0,9,3,11,42.01207042,-87.69480592,POINT (-87.694805923462 42.01207042083),1
JA502206,,11/7/2017 9:20,30,NO CONTROLS,NO CONTROLS,CLEAR,DAYLIGHT,SIDESWIPE SAME DIRECTION,DIVIDED - W/MEDIAN (NOT RAISED),2,STRAIGHT AND LEVEL,DRY,NO DEFECTS,ON SCENE,INJURY AND / OR TOW DUE TO CRASH,,,,"$501 - $1,500",11/7/2017 9:38,FAILING TO YIELD RIGHT-OF-WAY,NOT APPLICABLE,3101,W,BELMONT AVE,1411,,,,,,,2,"REPORTED, NOT EVIDENT",1,0,0,0,1,1,0,9,3,11,41.93924277,-87.70482563,POINT (-87.704825626589 41.939242767039),1
JA502196,,11/7/2017 9:25,10,NO CONTROLS,NO CONTROLS,CLEAR,DAYLIGHT,FIXED OBJECT,ALLEY,,STRAIGHT AND LEVEL,DRY,NO DEFECTS,ON SCENE,NO INJURY / DRIVE AWAY,,,,$500 OR LESS,11/7/2017 9:34,"OPERATING VEHICLE IN ERRATIC, RECKLESS, CARELESS, NEGLIGENT OR AGGRESSIVE MANNER",NOT APPLICABLE,1459,W,103RD ST,2212,,,,,,,1,NO INDICATION OF INJURY,0,0,0,0,0,1,0,9,3,11,41.70661886,-87.65976278,POINT (-87.659762781537 41.706618857714),1
JA502901,,11/7/2017 9:30,30,STOP SIGN/FLASHER,NO CONTROLS,CLEAR,DAYLIGHT,REAR END,NOT DIVIDED,4,STRAIGHT AND LEVEL,DRY,NO DEFECTS,NOT ON SCENE (DESK REPORT),NO INJURY / DRIVE AWAY,,,,"$501 - $1,500",11/7/2017 17:55,UNABLE TO DETERMINE,NOT APPLICABLE,3600,W,CHICAGO AVE,1112,,,,,,,2,NO INDICATION OF INJURY,0,0,0,0,0,2,0,9,3,11,41.89557001,-87.71637707,POINT (-87.716377069262 41.895570010057),1
JA502396,,11/7/2017 9:30,35,NO CONTROLS,NO CONTROLS,CLEAR,DAYLIGHT,REAR END,DIVIDED - W/MEDIAN (NOT RAISED),,STRAIGHT AND LEVEL,DRY,NO DEFECTS,NOT ON SCENE (DESK REPORT),NO INJURY / DRIVE AWAY,,,,"OVER $1,500",11/7/2017 12:15,UNABLE TO DETERMINE,NOT APPLICABLE,4956,S,CICERO AVE,814,,,,,,,2,NO INDICATION OF INJURY,0,0,0,0,0,2,0,9,3,11,41.80229461,-87.74315356,POINT (-87.743153564011 41.802294607871),1
JA502236,,11/7/2017 9:30,30,STOP SIGN/FLASHER,FUNCTIONING PROPERLY,CLEAR,DAYLIGHT,REAR END,DIVIDED - W/MEDIAN (NOT RAISED),2,STRAIGHT AND LEVEL,DRY,NO DEFECTS,NOT ON SCENE (DESK REPORT),NO INJURY / DRIVE AWAY,,,,$500 OR LESS,11/7/2017 10:18,UNABLE TO DETERMINE,UNABLE TO DETERMINE,2007,S,DAMEN AVE,1234,,,,,,,2,NO INDICATION OF INJURY,0,0,0,0,0,5,0,9,3,11,41.8546947,-87.67576514,POINT (-87.675765135168 41.854694701707),1
JA502218,,11/7/2017 9:30,30,TRAFFIC SIGNAL,FUNCTIONING PROPERLY,CLEAR,DAYLIGHT,REAR END,DIVIDED - W/MEDIAN (NOT RAISED),2,STRAIGHT AND LEVEL,DRY,NO DEFECTS,ON SCENE,NO INJURY / DRIVE AWAY,,,Y,"$501 - $1,500",11/7/2017 9:30,FOLLOWING TOO CLOSELY,UNABLE TO DETERMINE,900,E,63RD ST,313,,,,,,,2,NO INDICATION OF INJURY,0,0,0,0,0,3,0,9,3,11,41.7805605,-87.60263357,POINT (-87.602633566578 41.780560497004),1
JA502200,,11/7/2017 9:35,30,NO CONTROLS,NO CONTROLS,CLEAR,DAYLIGHT,SIDESWIPE SAME DIRECTION,ONE-WAY,1,STRAIGHT AND LEVEL,DRY,NO DEFECTS,ON SCENE,NO INJURY / DRIVE AWAY,,,,"$501 - $1,500",11/7/2017 9:37,DRIVING SKILLS/KNOWLEDGE/EXPERIENCE,DRIVING SKILLS/KNOWLEDGE/EXPERIENCE,5945,S,KEDVALE AVE,813,,,,,,,2,NO INDICATION OF INJURY,0,0,0,0,0,2,0,9,3,11,41.7845692,-87.72644333,POINT (-87.726443325625 41.784569202693),1
JA502194,,11/7/2017 9:36,30,NO CONTROLS,NO CONTROLS,CLEAR,DAYLIGHT,SIDESWIPE OPPOSITE DIRECTION,NOT DIVIDED,,STRAIGHT AND LEVEL,DRY,NO DEFECTS,NOT ON SCENE (DESK REPORT),NO INJURY / DRIVE AWAY,,,,"$501 - $1,500",11/7/2017 9:50,UNABLE TO DETERMINE,UNABLE TO DETERMINE,2055,W,BALMORAL AVE,2012,,,,,,,2,NO INDICATION OF INJURY,0,0,0,0,0,2,0,9,3,11,41.97952633,-87.68168538,POINT (-87.681685376265 41.979526329453),1
JA502199,,11/7/2017 9:37,30,TRAFFIC SIGNAL,FUNCTIONING PROPERLY,CLEAR,DAYLIGHT,TURNING,NOT DIVIDED,4,STRAIGHT AND LEVEL,DRY,NO DEFECTS,ON SCENE,NO INJURY / DRIVE AWAY,Y,,,"OVER $1,500",11/7/2017 9:55,CELL PHONE USE OTHER THAN TEXTING,DISTRACTION - FROM INSIDE VEHICLE,810,N,MICHIGAN AVE,1833,,Y,,,,,2,NO INDICATION OF INJURY,0,0,0,0,0,2,0,9,3,11,41.89713058,-87.62433003,POINT (-87.624330031264 41.8971305783),1
JA502212,,11/7/2017 9:37,30,STOP SIGN/FLASHER,FUNCTIONING PROPERLY,CLEAR,DAYLIGHT,ANGLE,DIVIDED - W/MEDIAN (NOT RAISED),4,STRAIGHT AND LEVEL,DRY,NO DEFECTS,ON SCENE,INJURY AND / OR TOW DUE TO CRASH,Y,,,"OVER $1,500",11/7/2017 9:37,FAILING TO YIELD RIGHT-OF-WAY,FAILING TO YIELD RIGHT-OF-WAY,6000,N,MILWAUKEE AVE,1611,,,,,,,2,"REPORTED, NOT EVIDENT",1,0,0,0,1,1,0,9,3,11,41.99014993,-87.78119441,POINT (-87.781194411874 41.990149924818),1
JA502207,,11/7/2017 9:40,30,TRAFFIC SIGNAL,FUNCTIONING PROPERLY,CLEAR,DAYLIGHT,ANGLE,NOT DIVIDED,4,STRAIGHT AND LEVEL,DRY,NO DEFECTS,NOT ON SCENE (DESK REPORT),INJURY AND / OR TOW DUE TO CRASH,Y,,,"OVER $1,500",11/7/2017 9:41,UNABLE TO DETERMINE,UNABLE TO DETERMINE,5900,S,ASHLAND AVE,714,,,,,,,2,NONINCAPACITATING INJURY,1,0,0,1,0,2,0,9,3,11,41.78665418,-87.66453916,POINT (-87.664539157743 41.786654178265),1
JA502259,,11/7/2017 9:40,30,NO CONTROLS,NO CONTROLS,CLOUDY/OVERCAST,DAYLIGHT,TURNING,NOT DIVIDED,4,STRAIGHT AND LEVEL,DRY,NO DEFECTS,NOT ON SCENE (DESK REPORT),NO INJURY / DRIVE AWAY,,,,"OVER $1,500",11/7/2017 10:41,FAILING TO YIELD RIGHT-OF-WAY,NOT APPLICABLE,7219,W,IRVING PARK RD,1631,,,,,,,2,NO INDICATION OF INJURY,0,0,0,0,0,3,0,9,3,11,41.95264403,-87.8080749,POINT (-87.808074900704 41.952644032667),1
JA502252,,11/7/2017 9:45,30,TRAFFIC SIGNAL,FUNCTIONING PROPERLY,CLEAR,DAYLIGHT,REAR END,DIVIDED - W/MEDIAN BARRIER,,STRAIGHT AND LEVEL,DRY,NO DEFECTS,NOT ON SCENE (DESK REPORT),NO INJURY / DRIVE AWAY,,,,"OVER $1,500",11/7/2017 10:30,UNABLE TO DETERMINE,UNABLE TO DETERMINE,700,S,ASHLAND AVE,1231,,,,,,,2,NO INDICATION OF INJURY,0,0,0,0,0,2,0,9,3,11,41.87283454,-87.66671607,POINT (-87.666716069722 41.872834540669),1
JA502243,,11/7/2017 9:46,0,NO CONTROLS,NO CONTROLS,CLEAR,DAYLIGHT,FIXED OBJECT,PARKING LOT,,STRAIGHT AND LEVEL,DRY,UNKNOWN,ON SCENE,NO INJURY / DRIVE AWAY,,N,,"OVER $1,500",11/7/2017 10:16,DRIVING SKILLS/KNOWLEDGE/EXPERIENCE,UNABLE TO DETERMINE,2438,W,CERMAK RD,1023,,,,,,,1,NO INDICATION OF INJURY,0,0,0,0,0,1,0,9,3,11,41.85212453,-87.68728217,POINT (-87.687282164902 41.852124531449),1
JA502242,,11/7/2017 10:00,30,NO CONTROLS,NO CONTROLS,CLEAR,DAYLIGHT,REAR END,NOT DIVIDED,,STRAIGHT AND LEVEL,DRY,NO DEFECTS,NOT ON SCENE (DESK REPORT),NO INJURY / DRIVE AWAY,,,,"OVER $1,500",11/7/2017 10:25,UNABLE TO DETERMINE,NOT APPLICABLE,2400,W,NORTH AVE,1434,,,,,,,2,NO INDICATION OF INJURY,0,0,0,0,0,2,0,10,3,11,41.91042986,-87.68728422,POINT (-87.687284220508 41.910429862359),1
JA502282,,11/7/2017 10:00,15,NO CONTROLS,NO CONTROLS,CLEAR,DAYLIGHT,ANGLE,PARKING LOT,0,STRAIGHT AND LEVEL,DRY,UNKNOWN,NOT ON SCENE (DESK REPORT),NO INJURY / DRIVE AWAY,,,,"OVER $1,500",11/7/2017 11:00,FAILING TO YIELD RIGHT-OF-WAY,UNABLE TO DETERMINE,5118,S,PULASKI RD,815,,,,,,,2,NO INDICATION OF INJURY,0,0,0,0,0,3,0,10,3,11,41.79982911,-87.72349787,POINT (-87.723497868206 41.799829108123),1
JA502407,,11/7/2017 10:00,30,NO CONTROLS,NO CONTROLS,CLEAR,DAYLIGHT,ANGLE,NOT DIVIDED,2,STRAIGHT AND LEVEL,DRY,NO DEFECTS,NOT ON SCENE (DESK REPORT),NO INJURY / DRIVE AWAY,,,,"OVER $1,500",11/7/2017 12:24,FAILING TO YIELD RIGHT-OF-WAY,FAILING TO YIELD RIGHT-OF-WAY,3202,W,CERMAK RD,1022,,,,,,,2,NO INDICATION OF INJURY,0,0,0,0,0,2,0,10,3,11,41.85187306,-87.70538678,POINT (-87.70538678386 41.851873057835),1
JA502617,,11/7/2017 10:07,30,NO CONTROLS,NO CONTROLS,CLEAR,DAYLIGHT,PARKED MOTOR VEHICLE,NOT DIVIDED,,STRAIGHT AND LEVEL,DRY,NO DEFECTS,NOT ON SCENE (DESK REPORT),NO INJURY / DRIVE AWAY,,,Y,"$501 - $1,500",11/7/2017 14:50,UNABLE TO DETERMINE,UNABLE TO DETERMINE,4302,S,COTTAGE GROVE AVE,221,,,,,,,2,NO INDICATION OF INJURY,0,0,0,0,0,1,0,10,3,11,41.81666515,-87.60685277,POINT (-87.606852767013 41.816665152635),1
JA502276,,11/7/2017 10:10,30,NO CONTROLS,NO CONTROLS,CLOUDY/OVERCAST,DAYLIGHT,PARKED MOTOR VEHICLE,NOT DIVIDED,,STRAIGHT AND LEVEL,DRY,NO DEFECTS,ON SCENE,INJURY AND / OR TOW DUE TO CRASH,,,,"OVER $1,500",11/7/2017 10:25,FAILING TO YIELD RIGHT-OF-WAY,NOT APPLICABLE,4805,N,CALIFORNIA AVE,2031,,,,,,,2,NO INDICATION OF INJURY,0,0,0,0,0,2,0,10,3,11,41.96870578,-87.69854778,POINT (-87.698547777213 41.968705777233),1
JA502257,,11/7/2017 10:19,30,TRAFFIC SIGNAL,FUNCTIONING PROPERLY,CLEAR,DAYLIGHT,REAR END,CENTER TURN LANE,5,STRAIGHT AND LEVEL,DRY,NO DEFECTS,ON SCENE,INJURY AND / OR TOW DUE TO CRASH,Y,,,"OVER $1,500",11/7/2017 10:21,DISTRACTION - FROM OUTSIDE VEHICLE,NOT APPLICABLE,7900,S,STONY ISLAND AVE,411,,,,,,,2,NO INDICATION OF INJURY,0,0,0,0,0,2,0,10,3,11,41.7514606,-87.58597199,POINT (-87.585971992965 41.751460603167),1
JA502289,,11/7/2017 10:26,30,NO CONTROLS,NO CONTROLS,CLEAR,DAYLIGHT,PARKED MOTOR VEHICLE,NOT DIVIDED,1,STRAIGHT AND LEVEL,DRY,NO DEFECTS,ON SCENE,NO INJURY / DRIVE AWAY,,,,$500 OR LESS,11/7/2017 10:40,NOT APPLICABLE,NOT APPLICABLE,2012,W,ST PAUL AVE,1434,,,,,,,2,NO INDICATION OF INJURY,0,0,0,0,0,1,0,10,3,11,41.91317377,-87.67810668,POINT (-87.678106678717 41.913173767),1
JA502377,Y,11/7/2017 10:30,35,TRAFFIC SIGNAL,FUNCTIONING PROPERLY,CLEAR,DAYLIGHT,REAR END,NOT DIVIDED,4,STRAIGHT AND LEVEL,DRY,NO DEFECTS,NOT ON SCENE (DESK REPORT),NO INJURY / DRIVE AWAY,,,Y,"$501 - $1,500",11/7/2017 11:45,FOLLOWING TOO CLOSELY,NOT APPLICABLE,4959,S,ARCHER AVE,821,,,,,,,2,NO INDICATION OF INJURY,0,0,0,0,0,3,0,10,3,11,41.80304615,-87.72200673,POINT (-87.722006733579 41.803046146366),1
JA502658,,11/7/2017 10:30,30,UNKNOWN,UNKNOWN,CLEAR,DAYLIGHT,PARKED MOTOR VEHICLE,UNKNOWN,,STRAIGHT AND LEVEL,DRY,NO DEFECTS,NOT ON SCENE (DESK REPORT),NO INJURY / DRIVE AWAY,,,Y,"$501 - $1,500",11/7/2017 15:21,UNABLE TO DETERMINE,NOT APPLICABLE,3300,N,HOYNE AVE,1921,,,,,,,2,NO INDICATION OF INJURY,0,0,0,0,0,1,0,10,3,11,41.94145408,-87.68097687,POINT (-87.680976866307 41.94145408043),1
JA502307,,11/7/2017 10:34,30,TRAFFIC SIGNAL,FUNCTIONING PROPERLY,CLOUDY/OVERCAST,DAYLIGHT,REAR END,RAMP,,CURVE ON GRADE,DRY,NO DEFECTS,ON SCENE,INJURY AND / OR TOW DUE TO CRASH,,,,"$501 - $1,500",11/7/2017 10:51,CELL PHONE USE OTHER THAN TEXTING,DISTRACTION - FROM INSIDE VEHICLE,532,N,LAKE SHORE DR SB,1834,,,,,,,2,NO INDICATION OF INJURY,0,0,0,0,0,2,0,10,3,11,41.89202287,-87.61436266,POINT (-87.614362660608 41.892022874111),1
JA502280,,11/7/2017 10:45,30,NO CONTROLS,NO CONTROLS,CLOUDY/OVERCAST,DAYLIGHT,PARKED MOTOR VEHICLE,NOT DIVIDED,,STRAIGHT AND LEVEL,DRY,NO DEFECTS,ON SCENE,INJURY AND / OR TOW DUE TO CRASH,,,,"OVER $1,500",11/7/2017 10:46,DRIVING SKILLS/KNOWLEDGE/EXPERIENCE,FAILING TO REDUCE SPEED TO AVOID CRASH,3221,W,NORTH AVE,1422,,,,,,,2,"REPORTED, NOT EVIDENT",1,0,0,0,1,0,0,10,3,11,41.90999492,-87.70781434,POINT (-87.707814341374 41.909994919541),1
JA503689,Y,11/7/2017 10:45,30,NO CONTROLS,NO CONTROLS,CLEAR,DAYLIGHT,PARKED MOTOR VEHICLE,DIVIDED - W/MEDIAN BARRIER,4,STRAIGHT AND LEVEL,DRY,NO DEFECTS,NOT ON SCENE (DESK REPORT),NO INJURY / DRIVE AWAY,,,Y,"OVER $1,500",11/8/2017 11:30,UNABLE TO DETERMINE,NOT APPLICABLE,755,W,CHICAGO AVE,1214,,,,,,,2,NO INDICATION OF INJURY,0,0,0,0,0,1,0,10,3,11,41.89628637,-87.64766873,POINT (-87.647668725313 41.896286369547),1
JA502348,,11/7/2017 10:50,35,NO CONTROLS,NO CONTROLS,CLEAR,DAYLIGHT,PARKED MOTOR VEHICLE,DIVIDED - W/MEDIAN (NOT RAISED),,STRAIGHT AND LEVEL,DRY,NO DEFECTS,NOT ON SCENE (DESK REPORT),NO INJURY / DRIVE AWAY,,,,"OVER $1,500",11/7/2017 11:40,UNABLE TO DETERMINE,NOT APPLICABLE,6603,S,WESTERN AVE,832,,,,,,,2,NO INDICATION OF INJURY,0,0,0,0,0,1,0,10,3,11,41.77363978,-87.68334248,POINT (-87.683342474841 41.77363978026),1
JA502310,,11/7/2017 10:55,35,TRAFFIC SIGNAL,FUNCTIONING PROPERLY,CLEAR,DAYLIGHT,REAR END,DIVIDED - W/MEDIAN (NOT RAISED),,STRAIGHT AND LEVEL,DRY,NO DEFECTS,ON SCENE,NO INJURY / DRIVE AWAY,,,,"$501 - $1,500",11/7/2017 11:05,FOLLOWING TOO CLOSELY,NOT APPLICABLE,5859,S,CICERO AVE,813,,Y,,,,,2,NO INDICATION OF INJURY,0,0,0,0,0,2,0,10,3,11,41.78571259,-87.74119514,POINT (-87.741195134665 41.785712592759),1
JA502409,,11/7/2017 11:00,5,NO CONTROLS,NO CONTROLS,CLEAR,DAYLIGHT,TURNING,PARKING LOT,,STRAIGHT AND LEVEL,DRY,NO DEFECTS,NOT ON SCENE (DESK REPORT),NO INJURY / DRIVE AWAY,,,,"$501 - $1,500",11/7/2017 12:14,UNABLE TO DETERMINE,UNABLE TO DETERMINE,731,E,60TH ST,313,,,,,,,2,NO INDICATION OF INJURY,0,0,0,0,0,3,0,11,3,11,41.78574474,-87.60724593,POINT (-87.60724593082 41.785744742321),1
JA502342,,11/7/2017 11:05,30,NO CONTROLS,NO CONTROLS,CLEAR,DAYLIGHT,PARKED MOTOR VEHICLE,NOT DIVIDED,4,STRAIGHT AND LEVEL,DRY,NO DEFECTS,ON SCENE,NO INJURY / DRIVE AWAY,,,,"$501 - $1,500",11/7/2017 11:10,IMPROPER LANE USAGE,NOT APPLICABLE,4336,W,IRVING PARK RD,1722,,,,,,,2,NO INDICATION OF INJURY,0,0,0,0,0,1,0,11,3,11,41.95365058,-87.73700721,POINT (-87.737007206153 41.953650582761),1