RD_NO,CRASH_DATE_EST_I,CRASH_DATE,POSTED_SPEED_LIMIT,TRAFFIC_CONTROL_DEVICE,DEVICE_CONDITION,WEATHER_CONDITION,LIGHTING_CONDITION,FIRST_CRASH_TYPE,TRAFFICWAY_TYPE,LANE_CNT,ALIGNMENT,ROADWAY_SURFACE_COND,ROAD_DEFECT,REPORT_TYPE,CRASH_TYPE,INTERSECTION_RELATED_I,NOT_RIGHT_OF_WAY_I,HIT_AND_RUN_I,DAMAGE,DATE_POLICE_NOTIFIED,PRIM_CONTRIBUTORY_CAUSE,SEC_CONTRIBUTORY_CAUSE,STREET_NO,STREET_DIRECTION,STREET_NAME,BEAT_OF_OCCURRENCE,PHOTOS_TAKEN_I,STATEMENTS_TAKEN_I,DOORING_I,WORK_ZONE_I,WORK_ZONE_TYPE,WORKERS_PRESENT_I,NUM_UNITS,MOST_SEVERE_INJURY,INJURIES_TOTAL,INJURIES_FATAL,INJURIES_INCAPACITATING,INJURIES_NON_INCAPACITATING,INJURIES_REPORTED_NOT_EVIDENT,INJURIES_NO_INDICATION,INJURIES_UNKNOWN,CRASH_HOUR,CRASH_DAY_OF_WEEK,CRASH_MONTH,LATITUDE,LONGITUDE,LOCATION,Join
JA502443,,11/7/2017 11:09,30,TRAFFIC SIGNAL,FUNCTIONING PROPERLY,CLEAR,DAYLIGHT,REAR END,ONE-WAY,4,STRAIGHT AND LEVEL,DRY,NO DEFECTS,NOT ON SCENE (DESK REPORT),NO INJURY / DRIVE AWAY,Y,,,$500 OR LESS,11/7/2017 13:00,UNABLE TO DETERMINE,NOT APPLICABLE,1,E,ONTARIO ST,1834,,,,,,,2,NO INDICATION OF INJURY,0,0,0,0,0,2,0,11,3,11,41.89316375,-87.6280434,POINT (-87.628043396849 41.893163747664),1
JA502570,,11/7/2017 11:09,30,TRAFFIC SIGNAL,FUNCTIONING PROPERLY,CLEAR,DAYLIGHT,REAR END,DIVIDED - W/MEDIAN BARRIER,3,STRAIGHT AND LEVEL,WET,NO DEFECTS,NOT ON SCENE (DESK REPORT),NO INJURY / DRIVE AWAY,,,,"OVER $1,500",11/7/2017 14:14,UNABLE TO DETERMINE,UNABLE TO DETERMINE,101,W,CONGRESS PKWY,123,,,,,,,2,NO INDICATION OF INJURY,0,0,0,0,0,2,0,11,3,11,41.87549991,-87.63075825,POINT (-87.63075824989 41.875499909006),1
JA502367,,11/7/2017 11:18,30,NO CONTROLS,NO CONTROLS,CLEAR,DAYLIGHT,REAR END,NOT DIVIDED,2,STRAIGHT AND LEVEL,DRY,NO DEFECTS,NOT ON SCENE (DESK REPORT),NO INJURY / DRIVE AWAY,,,,"$501 - $1,500",11/7/2017 11:50,FOLLOWING TOO CLOSELY,UNABLE TO DETERMINE,4735,W,PETERSON AVE,1711,,,,,,,2,NO INDICATION OF INJURY,0,0,0,0,0,2,0,11,3,11,41.98979499,-87.74733795,POINT (-87.747337952163 41.989794992542),1
JA502361,,11/7/2017 11:30,30,TRAFFIC SIGNAL,FUNCTIONING PROPERLY,CLEAR,DAYLIGHT,SIDESWIPE SAME DIRECTION,DIVIDED - W/MEDIAN (NOT RAISED),2,STRAIGHT AND LEVEL,WET,NO DEFECTS,ON SCENE,NO INJURY / DRIVE AWAY,,,,"OVER $1,500",11/7/2017 11:47,IMPROPER OVERTAKING/PASSING,UNABLE TO DETERMINE,951,N,DEARBORN ST,1832,,,,,,,2,NO INDICATION OF INJURY,0,0,0,0,0,2,0,11,3,11,41.90024545,-87.62973116,POINT (-87.629731158377 41.900245449356),1
JA502365,,11/7/2017 11:30,30,NO CONTROLS,NO CONTROLS,CLEAR,DAYLIGHT,REAR END,NOT DIVIDED,,STRAIGHT AND LEVEL,DRY,NO DEFECTS,NOT ON SCENE (DESK REPORT),NO INJURY / DRIVE AWAY,,,,"OVER $1,500",11/7/2017 11:45,UNABLE TO DETERMINE,UNABLE TO DETERMINE,4329,W,26TH ST,1031,,,,,,,2,NO INDICATION OF INJURY,0,0,0,0,0,2,0,11,3,11,41.84403704,-87.73216054,POINT (-87.732160535548 41.844037042609),1
JA512296,,11/7/2017 11:39,30,NO CONTROLS,NO CONTROLS,CLEAR,DAYLIGHT,PARKED MOTOR VEHICLE,NOT DIVIDED,,STRAIGHT AND LEVEL,DRY,NO DEFECTS,NOT ON SCENE (DESK REPORT),NO INJURY / DRIVE AWAY,,,Y,"OVER $1,500",11/15/2017 3:00,IMPROPER BACKING,UNABLE TO DETERMINE,1710,S,CLINTON ST,1235,Y,,,,,,2,NO INDICATION OF INJURY,0,0,0,0,0,1,0,11,3,11,41.8583891,-87.64104331,POINT (-87.641043305548 41.858389101633),1
JA502373,,11/7/2017 11:40,30,NO CONTROLS,NO CONTROLS,CLEAR,DAYLIGHT,PARKED MOTOR VEHICLE,NOT DIVIDED,,STRAIGHT AND LEVEL,DRY,NO DEFECTS,NOT ON SCENE (DESK REPORT),NO INJURY / DRIVE AWAY,,,Y,"OVER $1,500",11/7/2017 12:00,UNABLE TO DETERMINE,UNABLE TO DETERMINE,1950,W,BELMONT AVE,1922,,,,,,,2,NO INDICATION OF INJURY,0,0,0,0,0,1,0,11,3,11,41.93968679,-87.67793478,POINT (-87.677934777585 41.93968679067),1
JA502410,,11/7/2017 11:45,30,STOP SIGN/FLASHER,FUNCTIONING PROPERLY,CLEAR,DAYLIGHT,ANGLE,NOT DIVIDED,,STRAIGHT AND LEVEL,DRY,NO DEFECTS,ON SCENE,INJURY AND / OR TOW DUE TO CRASH,Y,Y,,"OVER $1,500",11/7/2017 12:05,FAILING TO YIELD RIGHT-OF-WAY,NOT APPLICABLE,3032,W,81ST ST,835,,Y,,,,,2,"REPORTED, NOT EVIDENT",2,0,0,0,2,1,0,11,3,11,41.74631955,-87.69869751,POINT (-87.698697512592 41.746319545707),1
JA502878,,11/7/2017 12:00,15,NO CONTROLS,NO CONTROLS,CLEAR,DAYLIGHT,FIXED OBJECT,ALLEY,1,STRAIGHT AND LEVEL,DRY,NO DEFECTS,ON SCENE,NO INJURY / DRIVE AWAY,,Y,Y,$500 OR LESS,11/7/2017 17:05,UNABLE TO DETERMINE,NOT APPLICABLE,2135,W,50TH PL,931,,,,,,,1,NO INDICATION OF INJURY,0,0,0,0,0,1,0,12,3,11,41.80199122,-87.67819015,POINT (-87.678190149349 41.80199121467),1
JA502585,Y,11/7/2017 12:00,30,NO CONTROLS,NO CONTROLS,CLEAR,DAYLIGHT,PARKED MOTOR VEHICLE,DIVIDED - W/MEDIAN (NOT RAISED),4,STRAIGHT AND LEVEL,DRY,NO DEFECTS,NOT ON SCENE (DESK REPORT),NO INJURY / DRIVE AWAY,,,Y,"OVER $1,500",11/7/2017 14:22,UNABLE TO DETERMINE,UNABLE TO DETERMINE,217,S,WABASH AVE,113,,,,,,,2,NO INDICATION OF INJURY,0,0,0,0,0,1,0,12,3,11,41.87909308,-87.6259632,POINT (-87.625963199017 41.879093079955),1
JA502455,,11/7/2017 12:02,25,TRAFFIC SIGNAL,FUNCTIONING PROPERLY,CLEAR,DAYLIGHT,TURNING,DIVIDED - W/MEDIAN (NOT RAISED),,STRAIGHT ON GRADE,DRY,UNKNOWN,NOT ON SCENE (DESK REPORT),NO INJURY / DRIVE AWAY,Y,,,"OVER $1,500",11/7/2017 13:10,IMPROPER LANE USAGE,DRIVING SKILLS/KNOWLEDGE/EXPERIENCE,345,W,BELMONT AVE,1934,,,,,,,2,NO INDICATION OF INJURY,0,0,0,0,0,5,0,12,3,11,41.94013444,-87.6387795,POINT (-87.638779502086 41.940134443032),1
JA502404,,11/7/2017 12:10,30,NO CONTROLS,NO CONTROLS,CLEAR,DAYLIGHT,PARKED MOTOR VEHICLE,ONE-WAY,1,STRAIGHT AND LEVEL,DRY,NO DEFECTS,ON SCENE,INJURY AND / OR TOW DUE TO CRASH,,,,"OVER $1,500",11/7/2017 12:13,DRIVING SKILLS/KNOWLEDGE/EXPERIENCE,NOT APPLICABLE,5311,S,LAKE PARK AVE W,234,,,,,,,2,INCAPACITATING INJURY,1,0,1,0,0,0,0,12,3,11,41.79918814,-87.58762602,POINT (-87.58762602216 41.79918813568),1
JA502441,,11/7/2017 12:10,30,TRAFFIC SIGNAL,FUNCTIONING PROPERLY,CLEAR,DAYLIGHT,SIDESWIPE SAME DIRECTION,NOT DIVIDED,4,STRAIGHT AND LEVEL,DRY,UNKNOWN,NOT ON SCENE (DESK REPORT),NO INJURY / DRIVE AWAY,,,,"OVER $1,500",11/7/2017 12:40,UNABLE TO DETERMINE,UNABLE TO DETERMINE,100,W,87TH ST,622,,,,,,,2,NO INDICATION OF INJURY,0,0,0,0,0,2,0,12,3,11,41.73637382,-87.62723157,POINT (-87.627231564567 41.736373820276),1
JA502416,,11/7/2017 12:10,30,NO CONTROLS,NO CONTROLS,CLEAR,DAYLIGHT,SIDESWIPE SAME DIRECTION,DIVIDED - W/MEDIAN (NOT RAISED),4,STRAIGHT AND LEVEL,DRY,NO DEFECTS,ON SCENE,NO INJURY / DRIVE AWAY,,,,"$501 - $1,500",11/7/2017 12:16,UNABLE TO DETERMINE,UNABLE TO DETERMINE,9314,S,ASHLAND AVE,2221,,,,,,,2,NO INDICATION OF INJURY,0,0,0,0,0,2,0,12,3,11,41.7243539,-87.66290117,POINT (-87.662901164666 41.72435389622),1
JA502537,,11/7/2017 12:15,30,TRAFFIC SIGNAL,FUNCTIONING PROPERLY,CLEAR,DAYLIGHT,TURNING,NOT DIVIDED,,STRAIGHT AND LEVEL,DRY,NO DEFECTS,NOT ON SCENE (DESK REPORT),NO INJURY / DRIVE AWAY,,,,"OVER $1,500",11/7/2017 13:42,NOT APPLICABLE,NOT APPLICABLE,5600,S,ARCHER AVE,814,,,,,,,2,NO INDICATION OF INJURY,0,0,0,0,0,3,0,12,3,11,41.79768285,-87.75031209,POINT (-87.750312091905 41.797682848563),1
JA502430,,11/7/2017 12:20,30,TRAFFIC SIGNAL,FUNCTIONING PROPERLY,CLEAR,DAYLIGHT,REAR END,DIVIDED - W/MEDIAN (NOT RAISED),2,STRAIGHT AND LEVEL,DRY,NO DEFECTS,NOT ON SCENE (DESK REPORT),NO INJURY / DRIVE AWAY,Y,,,"$501 - $1,500",11/7/2017 12:44,UNABLE TO DETERMINE,UNABLE TO DETERMINE,1400,S,HALSTED ST,1232,,,,,,,2,NO INDICATION OF INJURY,0,0,0,0,0,2,0,12,3,11,41.86352514,-87.64695668,POINT (-87.646956674734 41.863525140538),1
JA502506,,11/7/2017 12:30,30,NO CONTROLS,NO CONTROLS,CLEAR,DAYLIGHT,PARKED MOTOR VEHICLE,PARKING LOT,0,STRAIGHT AND LEVEL,DRY,UNKNOWN,NOT ON SCENE (DESK REPORT),NO INJURY / DRIVE AWAY,,N,,"$501 - $1,500",11/7/2017 13:30,UNABLE TO DETERMINE,UNABLE TO DETERMINE,3201,W,DIVERSEY AVE,1412,,,,,,,2,NO INDICATION OF INJURY,0,0,0,0,0,1,0,12,3,11,41.93192002,-87.70748917,POINT (-87.707489169213 41.931920016194),1
JA502610,,11/7/2017 12:30,30,NO CONTROLS,NO CONTROLS,CLEAR,DAYLIGHT,REAR END,NOT DIVIDED,2,STRAIGHT AND LEVEL,DRY,NO DEFECTS,NOT ON SCENE (DESK REPORT),NO INJURY / DRIVE AWAY,,,,"OVER $1,500",11/7/2017 12:43,FOLLOWING TOO CLOSELY,NOT APPLICABLE,5900,S,COTTAGE GROVE AVE,233,,,,,,,2,NO INDICATION OF INJURY,0,0,0,0,0,3,0,12,3,11,41.78766642,-87.60622616,POINT (-87.606226159394 41.787666416266),1
JA502575,,11/7/2017 12:30,30,NO CONTROLS,NO CONTROLS,CLEAR,DAWN,REAR END,PARKING LOT,,STRAIGHT AND LEVEL,DRY,NO DEFECTS,NOT ON SCENE (DESK REPORT),NO INJURY / DRIVE AWAY,,,,"$501 - $1,500",11/7/2017 13:30,TEXTING,FOLLOWING TOO CLOSELY,11400,S,HALSTED ST,2234,,,,,,,2,NO INDICATION OF INJURY,0,0,0,0,0,4,0,12,3,11,41.68680945,-87.64235209,POINT (-87.642352094016 41.686809445343),1
JA502448,,11/7/2017 12:35,30,TRAFFIC SIGNAL,FUNCTIONING PROPERLY,CLEAR,DAYLIGHT,SIDESWIPE SAME DIRECTION,NOT DIVIDED,4,STRAIGHT AND LEVEL,DRY,NO DEFECTS,ON SCENE,NO INJURY / DRIVE AWAY,,,,$500 OR LESS,11/7/2017 12:40,DRIVING SKILLS/KNOWLEDGE/EXPERIENCE,UNABLE TO DETERMINE,1631,W,FULLERTON AVE,1811,,,,,,,2,NO INDICATION OF INJURY,0,0,0,0,0,2,0,12,3,11,41.92502538,-87.66937832,POINT (-87.669378321318 41.925025375256),1
JA502435,,11/7/2017 12:35,30,TRAFFIC SIGNAL,FUNCTIONING PROPERLY,CLEAR,"DARKNESS, LIGHTED ROAD",REAR END,DIVIDED - W/MEDIAN BARRIER,4,STRAIGHT AND LEVEL,DRY,NO DEFECTS,ON SCENE,INJURY AND / OR TOW DUE TO CRASH,Y,,,"OVER $1,500",11/7/2017 12:35,FAILING TO REDUCE SPEED TO AVOID CRASH,UNABLE TO DETERMINE,225,W,LOWER WACKER DR,122,,,,,,,2,NONINCAPACITATING INJURY,1,0,0,1,0,2,0,12,3,11,41.88668225,-87.63484868,POINT (-87.634848680286 41.886682251828),1
JA502503,,11/7/2017 12:45,30,NO CONTROLS,NO CONTROLS,CLEAR,DAYLIGHT,PARKED MOTOR VEHICLE,NOT DIVIDED,,STRAIGHT AND LEVEL,DRY,NO DEFECTS,NOT ON SCENE (DESK REPORT),NO INJURY / DRIVE AWAY,,,Y,"OVER $1,500",11/7/2017 13:30,UNABLE TO DETERMINE,NOT APPLICABLE,6500,S,ASHLAND AVE,725,,,,,,,2,NO INDICATION OF INJURY,0,0,0,0,0,1,0,12,3,11,41.77573893,-87.66426411,POINT (-87.66426410929 41.775738933736),1
JA502454,,11/7/2017 12:50,30,STOP SIGN/FLASHER,FUNCTIONING PROPERLY,CLEAR,DAYLIGHT,SIDESWIPE SAME DIRECTION,NOT DIVIDED,,STRAIGHT AND LEVEL,DRY,UNKNOWN,NOT ON SCENE (DESK REPORT),NO INJURY / DRIVE AWAY,,,,"$501 - $1,500",11/7/2017 13:08,FAILING TO YIELD RIGHT-OF-WAY,FAILING TO YIELD RIGHT-OF-WAY,399,S,CAMPBELL AVE,1125,,,,,,,2,NO INDICATION OF INJURY,0,0,0,0,0,3,0,12,3,11,41.87607894,-87.68858477,POINT (-87.688584767405 41.876078936361),1
JA502526,,11/7/2017 12:57,30,NO CONTROLS,NO CONTROLS,CLEAR,DAYLIGHT,PARKED MOTOR VEHICLE,ONE-WAY,1,STRAIGHT AND LEVEL,DRY,NO DEFECTS,ON SCENE,INJURY AND / OR TOW DUE TO CRASH,,,Y,"OVER $1,500",11/7/2017 13:05,"OPERATING VEHICLE IN ERRATIC, RECKLESS, CARELESS, NEGLIGENT OR AGGRESSIVE MANNER",FAILING TO REDUCE SPEED TO AVOID CRASH,5015,W,MONROE ST,1533,,,,,,,4,NO INDICATION OF INJURY,0,0,0,0,0,2,0,12,3,11,41.87933108,-87.7501176,POINT (-87.750117604089 41.87933108422),1
JA506314,,11/7/2017 13:00,30,NO CONTROLS,NO CONTROLS,CLEAR,DAYLIGHT,SIDESWIPE SAME DIRECTION,NOT DIVIDED,,STRAIGHT AND LEVEL,DRY,NO DEFECTS,NOT ON SCENE (DESK REPORT),NO INJURY / DRIVE AWAY,,,Y,"$501 - $1,500",11/10/2017 11:18,UNABLE TO DETERMINE,UNABLE TO DETERMINE,4113,S,PULASKI RD,821,,,,,,,2,NO INDICATION OF INJURY,0,0,0,0,0,2,0,13,3,11,41.81801875,-87.72379038,POINT (-87.723790382171 41.818018746165),1
JA502478,Y,11/7/2017 13:00,15,NO CONTROLS,NO CONTROLS,CLEAR,UNKNOWN,REAR END,RAMP,1,STRAIGHT AND LEVEL,UNKNOWN,UNKNOWN,NOT ON SCENE (DESK REPORT),NO INJURY / DRIVE AWAY,,,,"OVER $1,500",11/7/2017 13:21,DRIVING SKILLS/KNOWLEDGE/EXPERIENCE,FAILING TO REDUCE SPEED TO AVOID CRASH,200,W,RANDOLPH ST,122,,,,,,,2,NO INDICATION OF INJURY,0,0,0,0,0,4,0,13,3,11,41.88457905,-87.63396972,POINT (-87.633969720953 41.884579045949),1
JA503699,,11/7/2017 13:00,30,NO CONTROLS,NO CONTROLS,CLEAR,DAYLIGHT,SIDESWIPE OPPOSITE DIRECTION,NOT DIVIDED,,STRAIGHT AND LEVEL,DRY,NO DEFECTS,NOT ON SCENE (DESK REPORT),NO INJURY / DRIVE AWAY,,,Y,"$501 - $1,500",11/8/2017 11:45,DRIVING ON WRONG SIDE/WRONG WAY,NOT APPLICABLE,3601,W,DIVISION ST,1112,,,,,,,2,NO INDICATION OF INJURY,0,0,0,0,0,2,0,13,3,11,41.90264389,-87.71662122,POINT (-87.716621217672 41.902643889498),1
JA502565,,11/7/2017 13:00,15,NO CONTROLS,NO CONTROLS,CLOUDY/OVERCAST,DAYLIGHT,FIXED OBJECT,OTHER,,STRAIGHT AND LEVEL,DRY,NO DEFECTS,NOT ON SCENE (DESK REPORT),NO INJURY / DRIVE AWAY,,,,"OVER $1,500",11/7/2017 14:00,IMPROPER BACKING,NOT APPLICABLE,4215,W,45TH ST,815,,,,,,,2,NO INDICATION OF INJURY,0,0,0,0,0,2,0,13,3,11,41.81135239,-87.72929047,POINT (-87.729290466792 41.811352384558),1
JA502528,,11/7/2017 13:00,30,NO CONTROLS,NO CONTROLS,CLEAR,DAYLIGHT,PARKED MOTOR VEHICLE,NOT DIVIDED,2,STRAIGHT AND LEVEL,DRY,NO DEFECTS,NOT ON SCENE (DESK REPORT),NO INJURY / DRIVE AWAY,,,Y,"OVER $1,500",11/7/2017 13:56,UNABLE TO DETERMINE,UNABLE TO DETERMINE,3379,W,CONGRESS PKWY,1134,,,,,,,2,NO INDICATION OF INJURY,0,0,0,0,0,1,0,13,3,11,41.87443478,-87.71076508,POINT (-87.710765075441 41.874434778336),1
JA502814,,11/7/2017 13:00,30,NO CONTROLS,NO CONTROLS,CLEAR,DAYLIGHT,SIDESWIPE SAME DIRECTION,NOT DIVIDED,,STRAIGHT AND LEVEL,DRY,NO DEFECTS,NOT ON SCENE (DESK REPORT),NO INJURY / DRIVE AWAY,,,,"OVER $1,500",11/7/2017 17:05,UNABLE TO DETERMINE,UNABLE TO DETERMINE,1100,W,BLACKHAWK ST,1822,,,,,,,2,NO INDICATION OF INJURY,0,0,0,0,0,2,0,13,3,11,41.90726487,-87.65551164,POINT (-87.655511641852 41.907264868264),1
JA502492,Y,11/7/2017 13:02,30,NO CONTROLS,NO CONTROLS,CLEAR,DAYLIGHT,SIDESWIPE SAME DIRECTION,ONE-WAY,,STRAIGHT AND LEVEL,DRY,NO DEFECTS,NOT ON SCENE (DESK REPORT),NO INJURY / DRIVE AWAY,,,,"$501 - $1,500",11/7/2017 13:27,FAILING TO YIELD RIGHT-OF-WAY,NOT APPLICABLE,6214,N,RICHMOND ST,2413,,,,,,,2,NO INDICATION OF INJURY,0,0,0,0,0,2,0,13,3,11,41.99440967,-87.70331957,POINT (-87.703319572927 41.994409671997),1
JA502491,,11/7/2017 13:05,30,TRAFFIC SIGNAL,FUNCTIONING PROPERLY,CLEAR,DAYLIGHT,SIDESWIPE SAME DIRECTION,DIVIDED - W/MEDIAN BARRIER,5,STRAIGHT AND LEVEL,DRY,NO DEFECTS,ON SCENE,NO INJURY / DRIVE AWAY,,,,"OVER $1,500",11/7/2017 13:07,UNABLE TO DETERMINE,UNABLE TO DETERMINE,5958,N,RIDGE AVE,2012,,,,,,,2,NO INDICATION OF INJURY,0,0,0,0,0,2,0,13,3,11,41.99000122,-87.67086392,POINT (-87.670863920439 41.990001215955),1
JA502494,,11/7/2017 13:06,30,TRAFFIC SIGNAL,FUNCTIONING PROPERLY,CLEAR,DAYLIGHT,SIDESWIPE SAME DIRECTION,ONE-WAY,2,STRAIGHT AND LEVEL,DRY,NO DEFECTS,NOT ON SCENE (DESK REPORT),NO INJURY / DRIVE AWAY,Y,,,"$501 - $1,500",11/7/2017 13:30,IMPROPER OVERTAKING/PASSING,NOT APPLICABLE,149,N,LA SALLE ST,122,,,,,,,2,NO INDICATION OF INJURY,0,0,0,0,0,2,0,13,3,11,41.88444281,-87.63228784,POINT (-87.632287842797 41.884442811903),1
JA502470,,11/7/2017 13:10,30,TRAFFIC SIGNAL,FUNCTIONING PROPERLY,CLEAR,DAYLIGHT,SIDESWIPE SAME DIRECTION,NOT DIVIDED,,STRAIGHT AND LEVEL,DRY,NO DEFECTS,NOT ON SCENE (DESK REPORT),NO INJURY / DRIVE AWAY,,,Y,"$501 - $1,500",11/7/2017 13:15,UNABLE TO DETERMINE,NOT APPLICABLE,3401,W,NORTH AVE,1422,,,,,,,2,NO INDICATION OF INJURY,0,0,0,0,0,2,0,13,3,11,41.90994334,-87.71194978,POINT (-87.711949783168 41.909943335064),1
JA502540,,11/7/2017 13:12,30,NO CONTROLS,NO CONTROLS,CLEAR,DAYLIGHT,PARKED MOTOR VEHICLE,NOT DIVIDED,2,STRAIGHT AND LEVEL,DRY,NO DEFECTS,,INJURY AND / OR TOW DUE TO CRASH,,,,"OVER $1,500",11/7/2017 13:12,IMPROPER BACKING,IMPROPER LANE USAGE,520,S,CAMPBELL AVE,1135,,,,,,,4,NO INDICATION OF INJURY,0,0,0,0,0,1,0,13,3,11,41.87429072,-87.68882068,POINT (-87.688820679068 41.874290720317),1
JA502504,Y,11/7/2017 13:15,30,NO CONTROLS,NO CONTROLS,CLEAR,DAYLIGHT,REAR END,CENTER TURN LANE,2,STRAIGHT AND LEVEL,DRY,NO DEFECTS,ON SCENE,INJURY AND / OR TOW DUE TO CRASH,,,,"OVER $1,500",11/7/2017 13:19,DRIVING SKILLS/KNOWLEDGE/EXPERIENCE,UNABLE TO DETERMINE,1546,W,NORTH AVE,1433,,,,,,,2,"REPORTED, NOT EVIDENT",1,0,0,0,1,1,0,13,3,11,41.9107483,-87.66713897,POINT (-87.667138969487 41.910748300401),1
JA502518,,11/7/2017 13:20,20,TRAFFIC SIGNAL,FUNCTIONING PROPERLY,CLEAR,DAYLIGHT,SIDESWIPE SAME DIRECTION,NOT DIVIDED,4,STRAIGHT AND LEVEL,DRY,NO DEFECTS,ON SCENE,NO INJURY / DRIVE AWAY,Y,,,$500 OR LESS,11/7/2017 13:29,IMPROPER OVERTAKING/PASSING,IMPROPER OVERTAKING/PASSING,5999,N,RIDGE AVE,2012,,,,,,,2,NO INDICATION OF INJURY,0,0,0,0,0,2,0,13,3,11,41.99085017,-87.67202118,POINT (-87.672021178093 41.990850173449),1
JA502619,,11/7/2017 13:23,30,YIELD,FUNCTIONING PROPERLY,CLEAR,DAYLIGHT,SIDESWIPE SAME DIRECTION,ONE-WAY,,STRAIGHT AND LEVEL,DRY,UNKNOWN,NOT ON SCENE (DESK REPORT),NO INJURY / DRIVE AWAY,Y,,,"OVER $1,500",11/7/2017 14:50,ROAD CONSTRUCTION/MAINTENANCE,UNABLE TO DETERMINE,100,S,CLARK ST,122,,,,,,,2,NO INDICATION OF INJURY,0,0,0,0,0,2,0,13,3,11,41.88066287,-87.63099923,POINT (-87.630999232701 41.880662867542),1
JA502592,,11/7/2017 13:30,35,NO CONTROLS,NO CONTROLS,CLEAR,DAYLIGHT,REAR END,NOT DIVIDED,,STRAIGHT AND LEVEL,DRY,NO DEFECTS,ON SCENE,NO INJURY / DRIVE AWAY,,,,"OVER $1,500",11/7/2017 14:00,FOLLOWING TOO CLOSELY,FAILING TO REDUCE SPEED TO AVOID CRASH,3000,W,103RD ST,2211,,,,,,,2,NO INDICATION OF INJURY,0,0,0,0,0,2,0,13,3,11,41.70636728,-87.69675769,POINT (-87.696757689225 41.706367277186),1
JA502729,,11/7/2017 13:30,25,TRAFFIC SIGNAL,FUNCTIONING PROPERLY,CLEAR,DAYLIGHT,PEDALCYCLIST,NOT DIVIDED,4,STRAIGHT AND LEVEL,DRY,SHOULDER DEFECT,ON SCENE,INJURY AND / OR TOW DUE TO CRASH,Y,,,$500 OR LESS,11/7/2017 13:31,DISREGARDING OTHER TRAFFIC SIGNS,FAILING TO YIELD RIGHT-OF-WAY,6459,S,ASHLAND AVE,725,,,,,,,2,INCAPACITATING INJURY,1,0,1,0,0,1,0,13,3,11,41.77592746,-87.6639781,POINT (-87.663978101967 41.775927454902),1
JA502554,,11/7/2017 13:40,30,NO CONTROLS,NO CONTROLS,CLOUDY/OVERCAST,DAYLIGHT,ANGLE,CENTER TURN LANE,6,STRAIGHT AND LEVEL,DRY,NO DEFECTS,ON SCENE,INJURY AND / OR TOW DUE TO CRASH,,,Y,"OVER $1,500",11/7/2017 13:48,FAILING TO YIELD RIGHT-OF-WAY,UNABLE TO DETERMINE,4425,S,PULASKI RD,821,,,,,,,2,NO INDICATION OF INJURY,0,0,0,0,0,3,0,13,3,11,41.81259757,-87.72361706,POINT (-87.723617064193 41.812597569938),1
JA502523,,11/7/2017 13:40,35,STOP SIGN/FLASHER,FUNCTIONING PROPERLY,CLEAR,DAYLIGHT,REAR END,NOT DIVIDED,2,STRAIGHT AND LEVEL,DRY,NO DEFECTS,ON SCENE,INJURY AND / OR TOW DUE TO CRASH,,,,"OVER $1,500",11/7/2017 13:45,EQUIPMENT - VEHICLE CONDITION,NOT APPLICABLE,920,E,87TH ST,632,,,,,,,2,NONINCAPACITATING INJURY,2,0,0,2,0,0,0,13,3,11,41.73680331,-87.60150176,POINT (-87.601501763054 41.736803304782),1
JA502659,,11/7/2017 13:40,20,STOP SIGN/FLASHER,FUNCTIONING PROPERLY,CLEAR,DAYLIGHT,ANGLE,NOT DIVIDED,,STRAIGHT AND LEVEL,DRY,NO DEFECTS,ON SCENE,INJURY AND / OR TOW DUE TO CRASH,,,,"OVER $1,500",11/7/2017 15:28,DISREGARDING STOP SIGN,UNABLE TO DETERMINE,160,W,87TH ST,622,,,,,,,2,NO INDICATION OF INJURY,0,0,0,0,0,3,0,13,3,11,41.73633471,-87.62864522,POINT (-87.62864522161 41.736334713231),1
JA502622,,11/7/2017 13:40,30,TRAFFIC SIGNAL,FUNCTIONING PROPERLY,CLOUDY/OVERCAST,DAYLIGHT,TURNING,NOT DIVIDED,4,STRAIGHT AND LEVEL,DRY,NO DEFECTS,NOT ON SCENE (DESK REPORT),NO INJURY / DRIVE AWAY,Y,,Y,"$501 - $1,500",11/7/2017 14:45,FAILING TO YIELD RIGHT-OF-WAY,UNABLE TO DETERMINE,6900,S,STATE ST,322,,,,,,,2,NO INDICATION OF INJURY,0,0,0,0,0,3,0,13,3,11,41.76910398,-87.62509228,POINT (-87.625092282754 41.769103975226),1
JA502535,,11/7/2017 13:43,0,NO CONTROLS,NO CONTROLS,CLEAR,DAYLIGHT,PARKED MOTOR VEHICLE,PARKING LOT,,STRAIGHT AND LEVEL,DRY,NO DEFECTS,ON SCENE,NO INJURY / DRIVE AWAY,,Y,,"$501 - $1,500",11/7/2017 13:46,IMPROPER OVERTAKING/PASSING,UNABLE TO DETERMINE,3401,S,CALIFORNIA AVE,911,,,,,,,2,NO INDICATION OF INJURY,0,0,0,0,0,2,0,13,3,11,41.8321338,-87.69472806,POINT (-87.694728059276 41.83213380291),1