RD_NO,CRASH_DATE_EST_I,CRASH_DATE,POSTED_SPEED_LIMIT,TRAFFIC_CONTROL_DEVICE,DEVICE_CONDITION,WEATHER_CONDITION,LIGHTING_CONDITION,FIRST_CRASH_TYPE,TRAFFICWAY_TYPE,LANE_CNT,ALIGNMENT,ROADWAY_SURFACE_COND,ROAD_DEFECT,REPORT_TYPE,CRASH_TYPE,INTERSECTION_RELATED_I,NOT_RIGHT_OF_WAY_I,HIT_AND_RUN_I,DAMAGE,DATE_POLICE_NOTIFIED,PRIM_CONTRIBUTORY_CAUSE,SEC_CONTRIBUTORY_CAUSE,STREET_NO,STREET_DIRECTION,STREET_NAME,BEAT_OF_OCCURRENCE,PHOTOS_TAKEN_I,STATEMENTS_TAKEN_I,DOORING_I,WORK_ZONE_I,WORK_ZONE_TYPE,WORKERS_PRESENT_I,NUM_UNITS,MOST_SEVERE_INJURY,INJURIES_TOTAL,INJURIES_FATAL,INJURIES_INCAPACITATING,INJURIES_NON_INCAPACITATING,INJURIES_REPORTED_NOT_EVIDENT,INJURIES_NO_INDICATION,INJURIES_UNKNOWN,CRASH_HOUR,CRASH_DAY_OF_WEEK,CRASH_MONTH,LATITUDE,LONGITUDE,LOCATION,Join
JA502574,,11/7/2017 13:44,30,TRAFFIC SIGNAL,FUNCTIONING PROPERLY,CLEAR,DAYLIGHT,REAR END,NOT DIVIDED,,STRAIGHT AND LEVEL,DRY,NO DEFECTS,NOT ON SCENE (DESK REPORT),NO INJURY / DRIVE AWAY,,,,"OVER $1,500",11/7/2017 14:27,IMPROPER BACKING,NOT APPLICABLE,1132,S,DESPLAINES ST,124,,,,,,,2,NO INDICATION OF INJURY,0,0,0,0,0,3,0,13,3,11,41.86798521,-87.64383224,POINT (-87.64383223991 41.867985209593),1
JA503897,,11/7/2017 13:45,30,NO CONTROLS,NO CONTROLS,CLEAR,DAYLIGHT,REAR END,NOT DIVIDED,2,STRAIGHT AND LEVEL,DRY,NO DEFECTS,NOT ON SCENE (DESK REPORT),NO INJURY / DRIVE AWAY,,,Y,"$501 - $1,500",11/8/2017 14:16,FOLLOWING TOO CLOSELY,FAILING TO REDUCE SPEED TO AVOID CRASH,1150,S,DESPLAINES ST,124,,,,,,,2,NO INDICATION OF INJURY,0,0,0,0,0,3,0,13,3,11,41.86749949,-87.64381715,POINT (-87.643817145858 41.867499494034),1
JA502534,,11/7/2017 13:47,30,NO CONTROLS,NO CONTROLS,CLEAR,DAYLIGHT,TURNING,NOT DIVIDED,4,STRAIGHT AND LEVEL,DRY,NO DEFECTS,ON SCENE,INJURY AND / OR TOW DUE TO CRASH,,,,"OVER $1,500",11/7/2017 13:49,IMPROPER TURNING/NO SIGNAL,PHYSICAL CONDITION OF DRIVER,2263,W,111TH ST,2212,,,,,,,3,NONINCAPACITATING INJURY,1,0,0,1,0,2,0,13,3,11,41.69169809,-87.67874903,POINT (-87.678749026646 41.691698086721),1
JA502591,,11/7/2017 14:00,30,NO CONTROLS,NO CONTROLS,CLEAR,DAYLIGHT,PARKED MOTOR VEHICLE,DIVIDED - W/MEDIAN (NOT RAISED),,STRAIGHT AND LEVEL,DRY,NO DEFECTS,ON SCENE,NO INJURY / DRIVE AWAY,,,Y,$500 OR LESS,11/7/2017 14:10,NOT APPLICABLE,NOT APPLICABLE,4104,N,WESTERN AVE,1911,,,,,,,2,NO INDICATION OF INJURY,0,0,0,0,0,2,0,14,3,11,41.95601591,-87.68867232,POINT (-87.688672323358 41.956015911526),1
JA502580,,11/7/2017 14:00,30,NO CONTROLS,NO CONTROLS,CLEAR,DAYLIGHT,TURNING,NOT DIVIDED,2,STRAIGHT AND LEVEL,DRY,NO DEFECTS,ON SCENE,INJURY AND / OR TOW DUE TO CRASH,,,,"OVER $1,500",11/7/2017 14:05,UNABLE TO DETERMINE,FAILING TO YIELD RIGHT-OF-WAY,1015,W,AINSLIE ST,2024,,,,,,,4,NONINCAPACITATING INJURY,1,0,0,1,0,1,0,14,3,11,41.97146003,-87.6555386,POINT (-87.655538601466 41.971460024694),1
JA502680,Y,11/7/2017 14:00,30,NO CONTROLS,NO CONTROLS,CLEAR,DAYLIGHT,PARKED MOTOR VEHICLE,NOT DIVIDED,2,STRAIGHT AND LEVEL,DRY,NO DEFECTS,ON SCENE,NO INJURY / DRIVE AWAY,,,,"$501 - $1,500",11/7/2017 15:25,IMPROPER LANE USAGE,NOT APPLICABLE,717,S,WELLS ST,123,,,,,,,2,NO INDICATION OF INJURY,0,0,0,0,0,1,0,14,3,11,41.87296747,-87.63344781,POINT (-87.633447808641 41.872967472716),1
JA502796,,11/7/2017 14:00,30,STOP SIGN/FLASHER,UNKNOWN,CLOUDY/OVERCAST,DUSK,ANGLE,NOT DIVIDED,,STRAIGHT AND LEVEL,UNKNOWN,UNKNOWN,ON SCENE,NO INJURY / DRIVE AWAY,Y,,N,"OVER $1,500",11/7/2017 14:10,EXCEEDING AUTHORIZED SPEED LIMIT,UNABLE TO DETERMINE,7800,S,EUCLID AVE,414,,,,,,,2,NO INDICATION OF INJURY,0,0,0,0,0,2,0,14,3,11,41.75331611,-87.57739146,POINT (-87.577391457552 41.753316110136),1
JA502594,,11/7/2017 14:10,20,NO CONTROLS,NO CONTROLS,CLOUDY/OVERCAST,DAYLIGHT,PEDESTRIAN,ONE-WAY,,STRAIGHT AND LEVEL,DRY,SHOULDER DEFECT,ON SCENE,INJURY AND / OR TOW DUE TO CRASH,,,,"OVER $1,500",11/7/2017 14:17,IMPROPER BACKING,FAILING TO YIELD RIGHT-OF-WAY,12210,S,LAFAYETTE AVE,523,,,,,,,2,NONINCAPACITATING INJURY,1,0,0,1,0,1,0,14,3,11,41.67216593,-87.62383153,POINT (-87.623831529426 41.672165927778),1
JA502607,,11/7/2017 14:20,30,NO CONTROLS,NO CONTROLS,CLEAR,DAYLIGHT,SIDESWIPE SAME DIRECTION,DIVIDED - W/MEDIAN (NOT RAISED),,STRAIGHT AND LEVEL,DRY,NO DEFECTS,NOT ON SCENE (DESK REPORT),NO INJURY / DRIVE AWAY,N,,,"$501 - $1,500",11/7/2017 14:35,FAILING TO YIELD RIGHT-OF-WAY,NOT APPLICABLE,2101,W,DIVISION ST,1212,,,,,,,2,NO INDICATION OF INJURY,0,0,0,0,0,2,0,14,3,11,41.90303503,-87.67981869,POINT (-87.679818690623 41.903035033911),1
JA502614,,11/7/2017 14:20,30,NO CONTROLS,NO CONTROLS,CLEAR,DAYLIGHT,ANGLE,NOT DIVIDED,2,STRAIGHT AND LEVEL,DRY,NO DEFECTS,NOT ON SCENE (DESK REPORT),NO INJURY / DRIVE AWAY,,,,"$501 - $1,500",11/7/2017 14:45,IMPROPER BACKING,NOT APPLICABLE,65,E,WACKER DR,111,,,,,,,2,NO INDICATION OF INJURY,0,0,0,0,0,2,0,14,3,11,41.88759875,-87.62567672,POINT (-87.625676723888 41.887598746811),1
JA502724,,11/7/2017 14:30,30,NO CONTROLS,NO CONTROLS,CLEAR,DAYLIGHT,SIDESWIPE SAME DIRECTION,ONE-WAY,2,STRAIGHT AND LEVEL,DRY,NO DEFECTS,NOT ON SCENE (DESK REPORT),NO INJURY / DRIVE AWAY,,,,$500 OR LESS,11/7/2017 15:30,FAILING TO YIELD RIGHT-OF-WAY,NOT APPLICABLE,499,W,ADAMS ST,121,,,,,,,2,NO INDICATION OF INJURY,0,0,0,0,0,3,0,14,3,11,41.87920311,-87.63955182,POINT (-87.639551821383 41.879203111052),1
JA503594,,11/7/2017 14:30,30,TRAFFIC SIGNAL,FUNCTIONING PROPERLY,CLEAR,DAYLIGHT,REAR END,DIVIDED - W/MEDIAN (NOT RAISED),,STRAIGHT AND LEVEL,DRY,NO DEFECTS,NOT ON SCENE (DESK REPORT),NO INJURY / DRIVE AWAY,,,,"OVER $1,500",11/8/2017 10:10,UNABLE TO DETERMINE,UNABLE TO DETERMINE,199,W,CONGRESS PKWY,123,,,,,,,2,NO INDICATION OF INJURY,0,0,0,0,0,2,0,14,3,11,41.87548059,-87.63362991,POINT (-87.633629911006 41.875480586383),1
JA502623,,11/7/2017 14:30,30,STOP SIGN/FLASHER,FUNCTIONING PROPERLY,CLEAR,DAYLIGHT,ANGLE,NOT DIVIDED,2,STRAIGHT AND LEVEL,DRY,NO DEFECTS,NOT ON SCENE (DESK REPORT),NO INJURY / DRIVE AWAY,,,,"$501 - $1,500",11/7/2017 14:57,FAILING TO YIELD RIGHT-OF-WAY,DISREGARDING STOP SIGN,6030,W,FULLERTON AVE,2512,,,,,,,2,NO INDICATION OF INJURY,0,0,0,0,0,3,0,14,3,11,41.92391629,-87.77699544,POINT (-87.776995444019 41.923916289618),1
JA503823,,11/7/2017 14:30,30,TRAFFIC SIGNAL,FUNCTIONING PROPERLY,CLEAR,DAYLIGHT,REAR END,DIVIDED - W/MEDIAN (NOT RAISED),4,STRAIGHT AND LEVEL,DRY,NO DEFECTS,NOT ON SCENE (DESK REPORT),NO INJURY / DRIVE AWAY,Y,,,"$501 - $1,500",11/8/2017 13:20,UNABLE TO DETERMINE,NOT APPLICABLE,800,N,STATE ST,1832,,,,,,,2,NO INDICATION OF INJURY,0,0,0,0,0,2,0,14,3,11,41.89671758,-87.62834729,POINT (-87.628347290222 41.896717575598),1
JA502713,,11/7/2017 14:30,30,TRAFFIC SIGNAL,FUNCTIONING PROPERLY,CLEAR,DAYLIGHT,SIDESWIPE SAME DIRECTION,ONE-WAY,,STRAIGHT AND LEVEL,DRY,UNKNOWN,NOT ON SCENE (DESK REPORT),NO INJURY / DRIVE AWAY,,,,"$501 - $1,500",11/7/2017 15:48,FAILING TO YIELD RIGHT-OF-WAY,FAILING TO YIELD RIGHT-OF-WAY,40,S,CLARK ST,122,,,,,,,2,NO INDICATION OF INJURY,0,0,0,0,0,2,0,14,3,11,41.88099883,-87.63100652,POINT (-87.631006516388 41.880998833041),1
JA502691,,11/7/2017 14:30,30,TRAFFIC SIGNAL,FUNCTIONING PROPERLY,CLEAR,DAYLIGHT,TURNING,ONE-WAY,3,STRAIGHT AND LEVEL,DRY,NO DEFECTS,ON SCENE,NO INJURY / DRIVE AWAY,Y,,,"OVER $1,500",11/7/2017 14:46,UNABLE TO DETERMINE,UNABLE TO DETERMINE,400,N,DEARBORN ST,1831,,,,,,,2,NO INDICATION OF INJURY,0,0,0,0,0,2,0,14,3,11,41.88926953,-87.62973533,POINT (-87.629735331044 41.889269528172),1
JA502628,,11/7/2017 14:30,30,NO CONTROLS,NO CONTROLS,CLEAR,DAYLIGHT,PARKED MOTOR VEHICLE,ONE-WAY,1,STRAIGHT AND LEVEL,DRY,NO DEFECTS,ON SCENE,NO INJURY / DRIVE AWAY,,,Y,"OVER $1,500",11/7/2017 15:00,"OPERATING VEHICLE IN ERRATIC, RECKLESS, CARELESS, NEGLIGENT OR AGGRESSIVE MANNER",NOT APPLICABLE,2415,N,KEELER AVE,2524,,,,,,,3,NO INDICATION OF INJURY,0,0,0,0,0,1,0,14,3,11,41.92489037,-87.73153531,POINT (-87.731535310136 41.924890372421),1
JA502737,,11/7/2017 14:35,30,TRAFFIC SIGNAL,FUNCTIONING PROPERLY,CLEAR,DAYLIGHT,SIDESWIPE SAME DIRECTION,NOT DIVIDED,2,STRAIGHT AND LEVEL,DRY,NO DEFECTS,NOT ON SCENE (DESK REPORT),NO INJURY / DRIVE AWAY,,,,"$501 - $1,500",11/7/2017 15:25,FAILING TO YIELD RIGHT-OF-WAY,NOT APPLICABLE,9500,S,DR MARTIN LUTHER KING JR DR,511,,,,,,,2,NO INDICATION OF INJURY,0,0,0,0,0,2,0,14,3,11,41.72179922,-87.61428708,POINT (-87.614287075979 41.721799219894),1
JA502701,,11/7/2017 14:45,30,TRAFFIC SIGNAL,FUNCTIONING PROPERLY,CLEAR,DUSK,REAR END,NOT DIVIDED,4,STRAIGHT AND LEVEL,DRY,NO DEFECTS,NOT ON SCENE (DESK REPORT),INJURY AND / OR TOW DUE TO CRASH,Y,,,"$501 - $1,500",11/7/2017 15:45,FOLLOWING TOO CLOSELY,UNABLE TO DETERMINE,1300,N,WESTERN AVE,1423,,,,,,,2,"REPORTED, NOT EVIDENT",1,0,0,0,1,1,0,14,3,11,41.90493125,-87.6872251,POINT (-87.687225094559 41.904931250046),1
JA502632,,11/7/2017 14:45,30,UNKNOWN,UNKNOWN,CLEAR,DAYLIGHT,ANGLE,DIVIDED - W/MEDIAN (NOT RAISED),2,STRAIGHT AND LEVEL,DRY,UNKNOWN,NOT ON SCENE (DESK REPORT),NO INJURY / DRIVE AWAY,,,Y,"$501 - $1,500",11/7/2017 15:00,CELL PHONE USE OTHER THAN TEXTING,UNABLE TO DETERMINE,8608,S,VINCENNES AVE,622,,,,,,,2,NO INDICATION OF INJURY,0,0,0,0,0,2,0,14,3,11,41.73833967,-87.642041,POINT (-87.642040998821 41.738339667957),1
JA502757,,11/7/2017 14:51,30,NO CONTROLS,NO CONTROLS,CLEAR,DAYLIGHT,SIDESWIPE SAME DIRECTION,NOT DIVIDED,4,STRAIGHT AND LEVEL,DRY,NO DEFECTS,ON SCENE,INJURY AND / OR TOW DUE TO CRASH,,,Y,"OVER $1,500",11/7/2017 14:53,IMPROPER LANE USAGE,UNABLE TO DETERMINE,3236,S,ARCHER AVE,912,,,,,,,2,NONINCAPACITATING INJURY,2,0,0,1,1,1,0,14,3,11,41.83531131,-87.6698516,POINT (-87.669851597603 41.835311312358),1
JA503788,,11/7/2017 15:00,0,NO CONTROLS,NO CONTROLS,CLEAR,DAYLIGHT,PARKED MOTOR VEHICLE,PARKING LOT,,STRAIGHT AND LEVEL,DRY,NO DEFECTS,NOT ON SCENE (DESK REPORT),NO INJURY / DRIVE AWAY,,,,"OVER $1,500",11/8/2017 13:00,"VISION OBSCURED (SIGNS, TREE LIMBS, BUILDINGS, ETC.)",UNABLE TO DETERMINE,11020,S,PROSPECT AVE,2212,,,,,,,2,NO INDICATION OF INJURY,0,0,0,0,0,2,0,15,3,11,41.69340231,-87.67068701,POINT (-87.670687013042 41.693402313894),1
JA502662,,11/7/2017 15:00,35,NO CONTROLS,NO CONTROLS,CLOUDY/OVERCAST,DAYLIGHT,ANGLE,DIVIDED - W/MEDIAN (NOT RAISED),0,STRAIGHT ON GRADE,DRY,NO DEFECTS,ON SCENE,INJURY AND / OR TOW DUE TO CRASH,Y,,,"OVER $1,500",11/7/2017 15:00,FAILING TO YIELD RIGHT-OF-WAY,NOT APPLICABLE,2400,W,80TH ST,835,,,,,,,2,NONINCAPACITATING INJURY,1,0,0,1,0,1,0,15,3,11,41.74839734,-87.68287069,POINT (-87.682870693902 41.748397341196),1
JA502891,,11/7/2017 15:00,30,NO CONTROLS,NO CONTROLS,CLEAR,DAYLIGHT,SIDESWIPE SAME DIRECTION,NOT DIVIDED,,STRAIGHT AND LEVEL,DRY,NO DEFECTS,NOT ON SCENE (DESK REPORT),NO INJURY / DRIVE AWAY,,,Y,"$501 - $1,500",11/7/2017 17:45,UNABLE TO DETERMINE,UNABLE TO DETERMINE,5830,S,NORMAL BLVD,711,,,,,,,2,NO INDICATION OF INJURY,0,0,0,0,0,7,0,15,3,11,41.78792337,-87.63783136,POINT (-87.63783135969 41.787923369555),1
JA503832,,11/7/2017 15:00,30,NO CONTROLS,NO CONTROLS,CLEAR,DAYLIGHT,PARKED MOTOR VEHICLE,NOT DIVIDED,,STRAIGHT AND LEVEL,DRY,NO DEFECTS,NOT ON SCENE (DESK REPORT),NO INJURY / DRIVE AWAY,,,,"$501 - $1,500",11/8/2017 13:25,IMPROPER LANE USAGE,UNABLE TO DETERMINE,2312,W,18TH ST,1234,,,,,,,2,NO INDICATION OF INJURY,0,0,0,0,0,1,0,15,3,11,41.85766966,-87.68393451,POINT (-87.683934509913 41.857669656816),1
JA502702,,11/7/2017 15:00,35,NO CONTROLS,NO CONTROLS,CLEAR,DAYLIGHT,REAR END,NOT DIVIDED,,STRAIGHT AND LEVEL,DRY,NO DEFECTS,NOT ON SCENE (DESK REPORT),NO INJURY / DRIVE AWAY,,,,"$501 - $1,500",11/7/2017 15:35,UNABLE TO DETERMINE,UNABLE TO DETERMINE,3426,W,IRVING PARK RD,1723,,,,,,,2,NO INDICATION OF INJURY,0,0,0,0,0,5,0,15,3,11,41.95394996,-87.71406655,POINT (-87.714066553617 41.953949961533),1
JA502695,Y,11/7/2017 15:04,30,NO CONTROLS,NO CONTROLS,CLEAR,DAYLIGHT,SIDESWIPE SAME DIRECTION,DIVIDED - W/MEDIAN (NOT RAISED),4,STRAIGHT AND LEVEL,UNKNOWN,UNKNOWN,NOT ON SCENE (DESK REPORT),NO INJURY / DRIVE AWAY,,,,"OVER $1,500",11/7/2017 15:41,FAILING TO YIELD RIGHT-OF-WAY,FAILING TO REDUCE SPEED TO AVOID CRASH,1256,S,MICHIGAN AVE,131,,,,,,,2,NO INDICATION OF INJURY,0,0,0,0,0,2,0,15,3,11,41.86591798,-87.62426253,POINT (-87.624262524761 41.865917983575),1
JA502742,,11/7/2017 15:10,20,NO CONTROLS,NO CONTROLS,CLEAR,DAYLIGHT,REAR END,ALLEY,,STRAIGHT AND LEVEL,DRY,NO DEFECTS,NOT ON SCENE (DESK REPORT),NO INJURY / DRIVE AWAY,,,,"$501 - $1,500",11/7/2017 16:15,IMPROPER BACKING,NOT APPLICABLE,4201,W,POTOMAC AVE,2534,,,,,,,2,NO INDICATION OF INJURY,0,0,0,0,0,4,0,15,3,11,41.90428707,-87.73139422,POINT (-87.731394215696 41.904287070691),1
JA502683,,11/7/2017 15:20,30,NO CONTROLS,NO CONTROLS,CLEAR,DAYLIGHT,REAR END,NOT DIVIDED,,STRAIGHT AND LEVEL,DRY,NO DEFECTS,NOT ON SCENE (DESK REPORT),NO INJURY / DRIVE AWAY,,,,"OVER $1,500",11/7/2017 15:40,FOLLOWING TOO CLOSELY,FOLLOWING TOO CLOSELY,1340,W,63RD ST,713,,,,,,,2,NO INDICATION OF INJURY,0,0,0,0,0,4,0,15,3,11,41.77966253,-87.65859211,POINT (-87.65859211181 41.779662529172),1
JA502697,,11/7/2017 15:21,20,NO CONTROLS,NO CONTROLS,CLEAR,DAYLIGHT,ANGLE,NOT DIVIDED,2,STRAIGHT AND LEVEL,DRY,NO DEFECTS,ON SCENE,INJURY AND / OR TOW DUE TO CRASH,,,,"OVER $1,500",11/7/2017 15:23,"VISION OBSCURED (SIGNS, TREE LIMBS, BUILDINGS, ETC.)",NOT APPLICABLE,2798,W,28TH ST,1034,,,,,,,2,"REPORTED, NOT EVIDENT",1,0,0,0,1,1,0,15,3,11,41.84134779,-87.69433789,POINT (-87.694337885225 41.841347794054),1
JA502776,,11/7/2017 15:25,30,TRAFFIC SIGNAL,FUNCTIONING PROPERLY,CLEAR,DAYLIGHT,SIDESWIPE SAME DIRECTION,RAMP,,STRAIGHT AND LEVEL,DRY,NO DEFECTS,ON SCENE,NO INJURY / DRIVE AWAY,Y,,,"OVER $1,500",11/7/2017 15:36,FAILING TO YIELD RIGHT-OF-WAY,NOT APPLICABLE,4656,S,WENTWORTH AVE,925,,,,,,,2,NO INDICATION OF INJURY,0,0,0,0,0,2,0,15,3,11,41.80932701,-87.63264114,POINT (-87.632641139242 41.809327009254),1
JA503653,,11/7/2017 15:30,20,NO CONTROLS,NO CONTROLS,CLEAR,DAYLIGHT,PARKED MOTOR VEHICLE,NOT DIVIDED,2,STRAIGHT AND LEVEL,DRY,UNKNOWN,NOT ON SCENE (DESK REPORT),NO INJURY / DRIVE AWAY,,,Y,"$501 - $1,500",11/8/2017 11:00,UNABLE TO DETERMINE,UNABLE TO DETERMINE,2643,W,CHICAGO AVE,1221,,,,,,,2,NO INDICATION OF INJURY,0,0,0,0,0,1,0,15,3,11,41.89556585,-87.69349984,POINT (-87.69349983762 41.895565849748),1
JA502710,,11/7/2017 15:30,30,UNKNOWN,UNKNOWN,CLEAR,DAYLIGHT,REAR END,UNKNOWN,,STRAIGHT AND LEVEL,DRY,UNKNOWN,NOT ON SCENE (DESK REPORT),NO INJURY / DRIVE AWAY,,,,"$501 - $1,500",11/7/2017 15:55,FOLLOWING TOO CLOSELY,FOLLOWING TOO CLOSELY,2002,N,CICERO AVE,2522,,,,,,,2,NO INDICATION OF INJURY,0,0,0,0,0,2,0,15,3,11,41.91703182,-87.74626372,POINT (-87.746263718306 41.917031824409),1
JA502718,,11/7/2017 15:30,30,NO CONTROLS,NO CONTROLS,CLEAR,DAYLIGHT,ANGLE,NOT DIVIDED,2,STRAIGHT AND LEVEL,DRY,NO DEFECTS,ON SCENE,INJURY AND / OR TOW DUE TO CRASH,,,,"OVER $1,500",11/7/2017 15:33,FAILING TO YIELD RIGHT-OF-WAY,UNABLE TO DETERMINE,2747,N,MULLIGAN AVE,2512,,,,,,,2,NO INDICATION OF INJURY,0,0,0,0,0,2,0,15,3,11,41.93058901,-87.78431318,POINT (-87.784313178455 41.930589005738),1
JA502685,,11/7/2017 15:35,30,TRAFFIC SIGNAL,FUNCTIONING PROPERLY,CLOUDY/OVERCAST,DAYLIGHT,SIDESWIPE SAME DIRECTION,NOT DIVIDED,2,STRAIGHT AND LEVEL,DRY,NO DEFECTS,,NO INJURY / DRIVE AWAY,Y,,,"OVER $1,500",11/7/2017 15:45,IMPROPER LANE USAGE,NOT APPLICABLE,1900,W,MONTEREY AVE,2212,,,,N,,,2,NO INDICATION OF INJURY,0,0,0,0,0,2,0,15,3,11,41.69143478,-87.66852039,POINT (-87.668520393669 41.691434779531),1
JA502792,,11/7/2017 15:42,30,NO CONTROLS,NO CONTROLS,CLEAR,DAYLIGHT,TURNING,NOT DIVIDED,2,STRAIGHT AND LEVEL,DRY,NO DEFECTS,NOT ON SCENE (DESK REPORT),NO INJURY / DRIVE AWAY,,,,"OVER $1,500",11/7/2017 16:50,FAILING TO YIELD RIGHT-OF-WAY,EXCEEDING AUTHORIZED SPEED LIMIT,5800,N,NAGLE AVE,1611,,,,,,,2,NO INDICATION OF INJURY,0,0,0,0,0,2,0,15,3,11,41.98597697,-87.78782345,POINT (-87.787823450015 41.985976968036),1
JA502738,,11/7/2017 15:45,30,TRAFFIC SIGNAL,FUNCTIONING PROPERLY,CLEAR,DAYLIGHT,REAR END,NOT DIVIDED,4,STRAIGHT AND LEVEL,DRY,NO DEFECTS,NOT ON SCENE (DESK REPORT),NO INJURY / DRIVE AWAY,,,,"$501 - $1,500",11/7/2017 16:10,FOLLOWING TOO CLOSELY,FAILING TO REDUCE SPEED TO AVOID CRASH,5911,S,CICERO AVE,813,,,,,,,2,NO INDICATION OF INJURY,0,0,0,0,0,2,0,15,3,11,41.78543304,-87.74118025,POINT (-87.741180252528 41.785433042982),1
JA502783,,11/7/2017 15:50,30,NO CONTROLS,NO CONTROLS,CLEAR,DAYLIGHT,PARKED MOTOR VEHICLE,NOT DIVIDED,2,STRAIGHT AND LEVEL,DRY,NO DEFECTS,ON SCENE,INJURY AND / OR TOW DUE TO CRASH,,,,"OVER $1,500",11/7/2017 15:51,IMPROPER OVERTAKING/PASSING,DRIVING SKILLS/KNOWLEDGE/EXPERIENCE,4211,W,ROOSEVELT RD,1011,,,,,,,2,NO INDICATION OF INJURY,0,0,0,0,0,2,0,15,3,11,41.86598453,-87.73058121,POINT (-87.730581213863 41.86598453211),1
JA502750,,11/7/2017 15:55,30,NO CONTROLS,UNKNOWN,CLEAR,DAYLIGHT,PARKED MOTOR VEHICLE,ONE-WAY,1,STRAIGHT AND LEVEL,DRY,NO DEFECTS,ON SCENE,INJURY AND / OR TOW DUE TO CRASH,,,,"OVER $1,500",11/7/2017 15:57,UNABLE TO DETERMINE,UNABLE TO DETERMINE,5438,S,HOMAN AVE,822,,,,,,,2,NO INDICATION OF INJURY,0,0,0,0,0,1,0,15,3,11,41.79411655,-87.70862038,POINT (-87.708620379583 41.794116552218),1
JA502752,Y,11/7/2017 16:00,30,TRAFFIC SIGNAL,UNKNOWN,CLEAR,DAYLIGHT,TURNING,ONE-WAY,3,STRAIGHT AND LEVEL,UNKNOWN,NO DEFECTS,NOT ON SCENE (DESK REPORT),NO INJURY / DRIVE AWAY,,,,"OVER $1,500",11/7/2017 16:25,FAILING TO YIELD RIGHT-OF-WAY,UNABLE TO DETERMINE,2,N,WELLS ST,122,,,,,,,2,NO INDICATION OF INJURY,0,0,0,0,0,2,0,16,3,11,41.88197573,-87.63397185,POINT (-87.63397184627 41.881975727714),1
JA502839,,11/7/2017 16:00,30,NO CONTROLS,NO CONTROLS,CLEAR,DAYLIGHT,PARKED MOTOR VEHICLE,PARKING LOT,,STRAIGHT AND LEVEL,UNKNOWN,UNKNOWN,NOT ON SCENE (DESK REPORT),NO INJURY / DRIVE AWAY,,,Y,$500 OR LESS,11/7/2017 17:00,UNABLE TO DETERMINE,UNABLE TO DETERMINE,1950,W,33RD ST,912,,,,,,,2,NO INDICATION OF INJURY,0,0,0,0,0,1,0,16,3,11,41.83413939,-87.67498685,POINT (-87.674986851996 41.834139388599),1
JA503750,,11/7/2017 16:00,30,TRAFFIC SIGNAL,FUNCTIONING PROPERLY,RAIN,DAYLIGHT,SIDESWIPE SAME DIRECTION,NOT DIVIDED,2,STRAIGHT AND LEVEL,DRY,NO DEFECTS,NOT ON SCENE (DESK REPORT),NO INJURY / DRIVE AWAY,Y,,Y,"$501 - $1,500",11/8/2017 12:25,FAILING TO YIELD RIGHT-OF-WAY,IMPROPER OVERTAKING/PASSING,1600,N,CALIFORNIA AVE,1421,,,,,,,2,NO INDICATION OF INJURY,0,0,0,0,0,2,0,16,3,11,41.91031515,-87.69717472,POINT (-87.697174719012 41.910315146253),1
JA502753,,11/7/2017 16:00,45,NO CONTROLS,NO CONTROLS,RAIN,DUSK,SIDESWIPE SAME DIRECTION,DIVIDED - W/MEDIAN BARRIER,4,STRAIGHT AND LEVEL,WET,NO DEFECTS,ON SCENE,NO INJURY / DRIVE AWAY,,,,"OVER $1,500",11/7/2017 16:04,NOT APPLICABLE,NOT APPLICABLE,1601,E,130TH ST,434,,,,,,,2,NO INDICATION OF INJURY,0,0,0,0,0,3,0,16,3,11,41.66020617,-87.58643922,POINT (-87.586439219373 41.660206171313),1
JA503199,,11/7/2017 16:00,35,NO CONTROLS,NO CONTROLS,CLEAR,DAYLIGHT,SIDESWIPE SAME DIRECTION,DIVIDED - W/MEDIAN (NOT RAISED),,STRAIGHT AND LEVEL,DRY,UNKNOWN,NOT ON SCENE (DESK REPORT),NO INJURY / DRIVE AWAY,,,,"$501 - $1,500",11/7/2017 22:00,UNABLE TO DETERMINE,UNABLE TO DETERMINE,6232,S,LAKE SHORE DR,331,,,,,,,2,NO INDICATION OF INJURY,0,0,0,0,0,2,0,16,3,11,41.78132031,-87.57507937,POINT (-87.575079365418 41.781320311894),1
JA502787,,11/7/2017 16:03,30,NO CONTROLS,NO CONTROLS,CLEAR,DAYLIGHT,HEAD ON,PARKING LOT,0,STRAIGHT AND LEVEL,DRY,UNKNOWN,ON SCENE,INJURY AND / OR TOW DUE TO CRASH,,Y,Y,"OVER $1,500",11/7/2017 16:07,"OPERATING VEHICLE IN ERRATIC, RECKLESS, CARELESS, NEGLIGENT OR AGGRESSIVE MANNER",UNABLE TO DETERMINE,5546,W,HARRISON ST,1522,,,,,,,3,"REPORTED, NOT EVIDENT",2,0,0,0,2,1,0,16,3,11,41.87295174,-87.76340354,POINT (-87.763403535062 41.872951736973),1
JA502823,,11/7/2017 16:05,30,NO CONTROLS,NO CONTROLS,CLEAR,DUSK,REAR END,NOT DIVIDED,,STRAIGHT AND LEVEL,DRY,NO DEFECTS,NOT ON SCENE (DESK REPORT),NO INJURY / DRIVE AWAY,,,Y,"OVER $1,500",11/7/2017 16:56,NOT APPLICABLE,NOT APPLICABLE,5640,S,KEDZIE AVE,822,,,,,,,2,NO INDICATION OF INJURY,0,0,0,0,0,2,0,16,3,11,41.79047889,-87.70361656,POINT (-87.703616560058 41.790478884595),1