RD_NO,CRASH_DATE_EST_I,CRASH_DATE,POSTED_SPEED_LIMIT,TRAFFIC_CONTROL_DEVICE,DEVICE_CONDITION,WEATHER_CONDITION,LIGHTING_CONDITION,FIRST_CRASH_TYPE,TRAFFICWAY_TYPE,LANE_CNT,ALIGNMENT,ROADWAY_SURFACE_COND,ROAD_DEFECT,REPORT_TYPE,CRASH_TYPE,INTERSECTION_RELATED_I,NOT_RIGHT_OF_WAY_I,HIT_AND_RUN_I,DAMAGE,DATE_POLICE_NOTIFIED,PRIM_CONTRIBUTORY_CAUSE,SEC_CONTRIBUTORY_CAUSE,STREET_NO,STREET_DIRECTION,STREET_NAME,BEAT_OF_OCCURRENCE,PHOTOS_TAKEN_I,STATEMENTS_TAKEN_I,DOORING_I,WORK_ZONE_I,WORK_ZONE_TYPE,WORKERS_PRESENT_I,NUM_UNITS,MOST_SEVERE_INJURY,INJURIES_TOTAL,INJURIES_FATAL,INJURIES_INCAPACITATING,INJURIES_NON_INCAPACITATING,INJURIES_REPORTED_NOT_EVIDENT,INJURIES_NO_INDICATION,INJURIES_UNKNOWN,CRASH_HOUR,CRASH_DAY_OF_WEEK,CRASH_MONTH,LATITUDE,LONGITUDE,LOCATION,Join
JA502800,,11/7/2017 16:07,30,STOP SIGN/FLASHER,NO CONTROLS,CLEAR,DAWN,ANGLE,OTHER,2,STRAIGHT AND LEVEL,DRY,NO DEFECTS,ON SCENE,INJURY AND / OR TOW DUE TO CRASH,,,,"OVER $1,500",11/7/2017 16:07,FAILING TO REDUCE SPEED TO AVOID CRASH,FAILING TO YIELD RIGHT-OF-WAY,4098,N,LARAMIE AVE,1624,,,,,,,2,"REPORTED, NOT EVIDENT",2,0,0,0,2,3,0,16,3,11,41.95507385,-87.75735159,POINT (-87.757351590834 41.955073851032),1
JA502773,,11/7/2017 16:10,30,TRAFFIC SIGNAL,FUNCTIONING PROPERLY,CLEAR,DAYLIGHT,REAR END,DIVIDED - W/MEDIAN (NOT RAISED),2,STRAIGHT AND LEVEL,DRY,NO DEFECTS,NOT ON SCENE (DESK REPORT),INJURY AND / OR TOW DUE TO CRASH,,,,"$501 - $1,500",11/7/2017 16:15,FOLLOWING TOO CLOSELY,DISTRACTION - FROM INSIDE VEHICLE,2000,W,DIVERSEY PKWY,1931,,,,,,,2,"REPORTED, NOT EVIDENT",2,0,0,0,2,2,0,16,3,11,41.93239416,-87.67817303,POINT (-87.678173030878 41.932394164037),1
JA502880,,11/7/2017 16:13,30,NO CONTROLS,NO CONTROLS,CLEAR,DAYLIGHT,REAR END,NOT DIVIDED,6,STRAIGHT AND LEVEL,DRY,NO DEFECTS,ON SCENE,INJURY AND / OR TOW DUE TO CRASH,,,,$500 OR LESS,11/7/2017 16:57,FOLLOWING TOO CLOSELY,DRIVING SKILLS/KNOWLEDGE/EXPERIENCE,7848,S,PULASKI RD,834,,,,,,,2,INCAPACITATING INJURY,1,0,1,0,0,1,0,16,3,11,41.7499352,-87.72207419,POINT (-87.722074192307 41.749935203085),1
JA502790,,11/7/2017 16:15,30,NO CONTROLS,NO CONTROLS,CLOUDY/OVERCAST,DAYLIGHT,SIDESWIPE SAME DIRECTION,NOT DIVIDED,2,STRAIGHT AND LEVEL,DRY,NO DEFECTS,NOT ON SCENE (DESK REPORT),NO INJURY / DRIVE AWAY,,,,"OVER $1,500",11/7/2017 16:40,FAILING TO YIELD RIGHT-OF-WAY,NOT APPLICABLE,4700,S,KEDZIE AVE,821,,,,,,,2,NO INDICATION OF INJURY,0,0,0,0,0,3,0,16,3,11,41.80804727,-87.70411882,POINT (-87.704118822299 41.80804727165),1
JA503861,,11/7/2017 16:15,30,TRAFFIC SIGNAL,FUNCTIONING PROPERLY,CLEAR,DAYLIGHT,REAR END,NOT DIVIDED,2,STRAIGHT AND LEVEL,DRY,UNKNOWN,NOT ON SCENE (DESK REPORT),INJURY AND / OR TOW DUE TO CRASH,Y,,,"$501 - $1,500",11/8/2017 13:28,UNABLE TO DETERMINE,UNABLE TO DETERMINE,6700,S,JEFFERY BLVD,332,,,,,,,2,NONINCAPACITATING INJURY,1,0,0,1,0,2,0,16,3,11,41.77336841,-87.57663855,POINT (-87.576638552177 41.773368408547),1
JA504386,,11/7/2017 16:15,30,NO CONTROLS,NO CONTROLS,CLEAR,DAYLIGHT,SIDESWIPE SAME DIRECTION,NOT DIVIDED,3,STRAIGHT AND LEVEL,DRY,UNKNOWN,NOT ON SCENE (DESK REPORT),NO INJURY / DRIVE AWAY,,,,"OVER $1,500",11/8/2017 19:47,UNABLE TO DETERMINE,UNABLE TO DETERMINE,2433,W,99TH ST,2211,,,,,,,2,NO INDICATION OF INJURY,0,0,0,0,0,2,0,16,3,11,41.7135495,-87.68318107,POINT (-87.68318106695 41.713549498543),1
JA503053,,11/7/2017 16:19,30,TRAFFIC SIGNAL,FUNCTIONING PROPERLY,CLEAR,DAYLIGHT,SIDESWIPE SAME DIRECTION,DIVIDED - W/MEDIAN (NOT RAISED),,STRAIGHT AND LEVEL,DRY,UNKNOWN,NOT ON SCENE (DESK REPORT),NO INJURY / DRIVE AWAY,Y,,,"OVER $1,500",11/7/2017 19:30,UNABLE TO DETERMINE,UNABLE TO DETERMINE,2000,W,WASHINGTON BLVD,1223,,,,,,,2,NO INDICATION OF INJURY,0,0,0,0,0,2,0,16,3,11,41.88325493,-87.67681517,POINT (-87.676815165876 41.883254927762),1
JA502780,,11/7/2017 16:20,25,NO CONTROLS,NO CONTROLS,CLEAR,DUSK,TURNING,NOT DIVIDED,2,STRAIGHT AND LEVEL,DRY,NO DEFECTS,ON SCENE,NO INJURY / DRIVE AWAY,,,,"$501 - $1,500",11/7/2017 16:50,IMPROPER TURNING/NO SIGNAL,FAILING TO YIELD RIGHT-OF-WAY,17,N,HOYNE AVE,1223,,,,,,,2,NO INDICATION OF INJURY,0,0,0,0,0,2,0,16,3,11,41.88187772,-87.67894633,POINT (-87.678946330491 41.881877720721),1
JA502762,,11/7/2017 16:20,30,TRAFFIC SIGNAL,FUNCTIONING PROPERLY,CLEAR,DAYLIGHT,SIDESWIPE SAME DIRECTION,CENTER TURN LANE,5,STRAIGHT AND LEVEL,DRY,NO DEFECTS,ON SCENE,NO INJURY / DRIVE AWAY,,,,"OVER $1,500",11/7/2017 16:23,FOLLOWING TOO CLOSELY,NOT APPLICABLE,5549,N,BROADWAY,2023,,,,,,,2,NO INDICATION OF INJURY,0,0,0,0,0,2,0,16,3,11,41.98325023,-87.65991099,POINT (-87.659910989749 41.983250231974),1
JA502785,,11/7/2017 16:20,30,NO CONTROLS,NO CONTROLS,CLEAR,DUSK,PARKED MOTOR VEHICLE,NOT DIVIDED,,STRAIGHT AND LEVEL,DRY,NO DEFECTS,NOT ON SCENE (DESK REPORT),NO INJURY / DRIVE AWAY,,,Y,"OVER $1,500",11/7/2017 16:31,NOT APPLICABLE,NOT APPLICABLE,5900,S,ST LOUIS AVE,822,,,,,,,2,NO INDICATION OF INJURY,0,0,0,0,0,1,0,16,3,11,41.78606736,-87.71080015,POINT (-87.710800151368 41.786067358991),1
JA502850,,11/7/2017 16:24,20,STOP SIGN/FLASHER,FUNCTIONING PROPERLY,CLEAR,DUSK,ANGLE,NOT DIVIDED,2,STRAIGHT AND LEVEL,DRY,NO DEFECTS,ON SCENE,INJURY AND / OR TOW DUE TO CRASH,Y,,,"OVER $1,500",11/7/2017 16:25,FAILING TO YIELD RIGHT-OF-WAY,FAILING TO REDUCE SPEED TO AVOID CRASH,8400,S,YATES BLVD,412,,,,,,,2,NO INDICATION OF INJURY,0,0,0,0,0,2,0,16,3,11,41.74255278,-87.56624252,POINT (-87.566242522868 41.742552781968),1
JA502828,,11/7/2017 16:28,30,NO CONTROLS,NO CONTROLS,CLEAR,DUSK,SIDESWIPE SAME DIRECTION,PARKING LOT,0,STRAIGHT AND LEVEL,UNKNOWN,NO DEFECTS,ON SCENE,INJURY AND / OR TOW DUE TO CRASH,,Y,Y,"OVER $1,500",11/7/2017 16:29,IMPROPER OVERTAKING/PASSING,NOT APPLICABLE,4720,S,COTTAGE GROVE AVE,223,,,,,,,2,NO INDICATION OF INJURY,0,0,0,0,0,2,0,16,3,11,41.80890166,-87.60669697,POINT (-87.606696966181 41.808901663696),1
JA504135,,11/7/2017 16:30,0,NO CONTROLS,NO CONTROLS,CLEAR,DAYLIGHT,PARKED MOTOR VEHICLE,PARKING LOT,100,STRAIGHT AND LEVEL,DRY,UNKNOWN,NOT ON SCENE (DESK REPORT),NO INJURY / DRIVE AWAY,,Y,Y,"OVER $1,500",11/8/2017 17:13,UNABLE TO DETERMINE,UNABLE TO DETERMINE,8741,S,GREENWOOD AVE,412,,,,,,,2,NO INDICATION OF INJURY,0,0,0,0,0,1,0,16,3,11,41.73558446,-87.59738091,POINT (-87.59738091083 41.735584456914),1
JA502862,,11/7/2017 16:30,30,STOP SIGN/FLASHER,FUNCTIONING PROPERLY,CLEAR,DAYLIGHT,PEDESTRIAN,OTHER,1,STRAIGHT AND LEVEL,DRY,NO DEFECTS,NOT ON SCENE (DESK REPORT),INJURY AND / OR TOW DUE TO CRASH,,,Y,$500 OR LESS,11/7/2017 17:15,DISREGARDING STOP SIGN,DISREGARDING STOP SIGN,5600,S,NARRAGANSETT AVE,811,,,,,,,2,"REPORTED, NOT EVIDENT",1,0,0,0,1,1,0,16,3,11,41.7904158,-87.78188205,POINT (-87.781882053455 41.790415800447),1
JA511756,,11/7/2017 16:30,30,NO CONTROLS,NO CONTROLS,CLEAR,DARKNESS,PARKED MOTOR VEHICLE,NOT DIVIDED,,STRAIGHT AND LEVEL,DRY,NO DEFECTS,NOT ON SCENE (DESK REPORT),NO INJURY / DRIVE AWAY,,,,"OVER $1,500",11/14/2017 17:04,UNABLE TO DETERMINE,UNABLE TO DETERMINE,1314,W,32ND ST,913,,,,,,,2,NO INDICATION OF INJURY,0,0,0,0,0,1,0,16,3,11,41.83618356,-87.65935932,POINT (-87.659359320146 41.83618355518),1
JA502772,,11/7/2017 16:30,30,NO CONTROLS,NO CONTROLS,CLEAR,DUSK,PARKED MOTOR VEHICLE,DIVIDED - W/MEDIAN BARRIER,2,STRAIGHT AND LEVEL,DRY,UNKNOWN,ON SCENE,NO INJURY / DRIVE AWAY,,,,$500 OR LESS,11/7/2017 16:37,UNABLE TO DETERMINE,NOT APPLICABLE,1343,S,STATE ST,131,,,,,,,2,NO INDICATION OF INJURY,0,0,0,0,0,1,0,16,3,11,41.86451983,-87.62721091,POINT (-87.62721090653 41.864519825492),1
JA502811,,11/7/2017 16:35,30,NO CONTROLS,NO CONTROLS,CLEAR,DAYLIGHT,REAR END,DIVIDED - W/MEDIAN (NOT RAISED),2,STRAIGHT AND LEVEL,DRY,UNKNOWN,NOT ON SCENE (DESK REPORT),NO INJURY / DRIVE AWAY,,,,"$501 - $1,500",11/7/2017 17:00,UNABLE TO DETERMINE,UNABLE TO DETERMINE,7304,S,HALSTED ST,733,,,,,,,2,NO INDICATION OF INJURY,0,0,0,0,0,3,0,16,3,11,41.76135741,-87.64446337,POINT (-87.644463373296 41.761357408235),1
JA502841,,11/7/2017 16:35,30,NO CONTROLS,NO CONTROLS,CLEAR,DARKNESS,SIDESWIPE SAME DIRECTION,ONE-WAY,5,STRAIGHT AND LEVEL,UNKNOWN,UNKNOWN,NOT ON SCENE (DESK REPORT),NO INJURY / DRIVE AWAY,,,,"OVER $1,500",11/7/2017 17:18,UNABLE TO DETERMINE,UNABLE TO DETERMINE,304,E,OHIO ST,1834,,,,,,,2,NO INDICATION OF INJURY,0,0,0,0,0,5,0,16,3,11,41.89271276,-87.61998321,POINT (-87.61998320607 41.892712763793),1
JA502904,,11/7/2017 16:35,30,STOP SIGN/FLASHER,FUNCTIONING PROPERLY,CLEAR,DUSK,REAR END,NOT DIVIDED,2,STRAIGHT AND LEVEL,DRY,NO DEFECTS,ON SCENE,NO INJURY / DRIVE AWAY,,Y,,"OVER $1,500",11/7/2017 16:42,FOLLOWING TOO CLOSELY,NOT APPLICABLE,320,E,130TH ST,532,,,,,,,2,NO INDICATION OF INJURY,0,0,0,0,0,2,0,16,3,11,41.65922295,-87.61490297,POINT (-87.614902972577 41.6592229502),1
JA502805,,11/7/2017 16:40,30,STOP SIGN/FLASHER,FUNCTIONING PROPERLY,CLEAR,"DARKNESS, LIGHTED ROAD",TURNING,DIVIDED - W/MEDIAN (NOT RAISED),2,STRAIGHT AND LEVEL,DRY,NO DEFECTS,ON SCENE,NO INJURY / DRIVE AWAY,Y,,,"OVER $1,500",11/7/2017 16:55,UNABLE TO DETERMINE,NOT APPLICABLE,5300,N,CLARK ST,2012,,,,,,,2,NO INDICATION OF INJURY,0,0,0,0,0,2,0,16,3,11,41.97806628,-87.66849575,POINT (-87.668495747108 41.978066283346),1
JA502825,,11/7/2017 16:45,30,NO CONTROLS,NO CONTROLS,CLEAR,"DARKNESS, LIGHTED ROAD",SIDESWIPE SAME DIRECTION,OTHER,,STRAIGHT AND LEVEL,DRY,NO DEFECTS,NOT ON SCENE (DESK REPORT),NO INJURY / DRIVE AWAY,,,,"OVER $1,500",11/7/2017 17:00,DRIVING SKILLS/KNOWLEDGE/EXPERIENCE,NOT APPLICABLE,4942,W,ARMITAGE AVE,2522,,,,,,,2,NO INDICATION OF INJURY,0,0,0,0,0,2,0,16,3,11,41.91698086,-87.75088033,POINT (-87.750880324934 41.916980864007),1
JA502957,,11/7/2017 16:50,30,NO CONTROLS,NO CONTROLS,CLEAR,DUSK,SIDESWIPE SAME DIRECTION,NOT DIVIDED,2,STRAIGHT AND LEVEL,DRY,NO DEFECTS,NOT ON SCENE (DESK REPORT),NO INJURY / DRIVE AWAY,,,Y,"OVER $1,500",11/7/2017 18:31,IMPROPER OVERTAKING/PASSING,NOT APPLICABLE,5150,N,NAGLE AVE,1613,,,,,,,2,NO INDICATION OF INJURY,0,0,0,0,0,2,0,16,3,11,41.975339,-87.78802644,POINT (-87.788026442746 41.975339003678),1
JA502806,,11/7/2017 16:57,30,UNKNOWN,UNKNOWN,CLEAR,DAWN,OTHER OBJECT,NOT DIVIDED,2,STRAIGHT AND LEVEL,DRY,NO DEFECTS,ON SCENE,INJURY AND / OR TOW DUE TO CRASH,,,,"OVER $1,500",11/7/2017 16:58,UNABLE TO DETERMINE,UNABLE TO DETERMINE,1500,N,LARAMIE AVE,2532,,Y,,,,,1,NO INDICATION OF INJURY,0,0,0,0,0,1,0,16,3,11,41.90777573,-87.75605131,POINT (-87.756051311421 41.907775731969),1
JA503918,,11/7/2017 17:00,30,NO CONTROLS,NO CONTROLS,CLEAR,DAYLIGHT,REAR END,ONE-WAY,,STRAIGHT AND LEVEL,DRY,NO DEFECTS,NOT ON SCENE (DESK REPORT),NO INJURY / DRIVE AWAY,,,,"OVER $1,500",11/8/2017 14:35,FOLLOWING TOO CLOSELY,NOT APPLICABLE,172,N,BESSIE COLEMAN DR,1654,,,,,,,2,NO INDICATION OF INJURY,0,0,0,0,0,2,0,17,3,11,,,,1
JA502899,,11/7/2017 17:00,30,TRAFFIC SIGNAL,UNKNOWN,CLEAR,DARKNESS,TURNING,DIVIDED - W/MEDIAN (NOT RAISED),4,STRAIGHT AND LEVEL,UNKNOWN,UNKNOWN,NOT ON SCENE (DESK REPORT),NO INJURY / DRIVE AWAY,Y,,,"OVER $1,500",11/7/2017 17:55,FAILING TO YIELD RIGHT-OF-WAY,UNABLE TO DETERMINE,1204,S,STATE ST,131,,,,,,,2,NO INDICATION OF INJURY,0,0,0,0,0,3,0,17,3,11,41.86722678,-87.62756663,POINT (-87.627566634413 41.867226776019),1
JA502902,,11/7/2017 17:00,30,STOP SIGN/FLASHER,FUNCTIONING PROPERLY,CLEAR,DUSK,ANGLE,NOT DIVIDED,,STRAIGHT AND LEVEL,DRY,NO DEFECTS,NOT ON SCENE (DESK REPORT),NO INJURY / DRIVE AWAY,,,,"OVER $1,500",11/7/2017 17:51,NOT APPLICABLE,NOT APPLICABLE,6300,S,MENARD AVE,812,,,,,,,2,NO INDICATION OF INJURY,0,0,0,0,0,4,0,17,3,11,41.77790661,-87.76675427,POINT (-87.766754273739 41.777906614433),1
JA502921,,11/7/2017 17:00,10,NO CONTROLS,NO CONTROLS,CLEAR,DAYLIGHT,PARKED MOTOR VEHICLE,DRIVEWAY,,STRAIGHT AND LEVEL,UNKNOWN,UNKNOWN,NOT ON SCENE (DESK REPORT),NO INJURY / DRIVE AWAY,,,N,"$501 - $1,500",11/7/2017 18:00,UNABLE TO DETERMINE,UNABLE TO DETERMINE,901,S,ASHLAND AVE,1231,,,,,,,2,NO INDICATION OF INJURY,0,0,0,0,0,1,0,17,3,11,41.87038616,-87.66634066,POINT (-87.666340663907 41.870386161123),1
JA502856,,11/7/2017 17:00,35,NO CONTROLS,NO CONTROLS,CLEAR,DARKNESS,TURNING,NOT DIVIDED,4,STRAIGHT AND LEVEL,DRY,NO DEFECTS,ON SCENE,INJURY AND / OR TOW DUE TO CRASH,,,,"OVER $1,500",11/7/2017 17:05,UNABLE TO DETERMINE,NOT APPLICABLE,11301,S,WESTERN AVE,2212,,,,,,,2,NO INDICATION OF INJURY,0,0,0,0,0,2,0,17,3,11,41.68811625,-87.68089313,POINT (-87.680893133756 41.688116254168),1
JA502945,,11/7/2017 17:05,30,NO CONTROLS,NO CONTROLS,CLEAR,"DARKNESS, LIGHTED ROAD",PARKED MOTOR VEHICLE,ONE-WAY,,STRAIGHT AND LEVEL,DRY,NO DEFECTS,ON SCENE,INJURY AND / OR TOW DUE TO CRASH,,,Y,"OVER $1,500",11/7/2017 17:45,UNABLE TO DETERMINE,UNABLE TO DETERMINE,7419,S,WENTWORTH AVE,731,,,,,,,2,NO INDICATION OF INJURY,0,0,0,0,0,1,0,17,3,11,41.75937325,-87.62948962,POINT (-87.62948961915 41.759373247774),1
JA502844,,11/7/2017 17:05,10,NO CONTROLS,NO CONTROLS,CLEAR,DARKNESS,SIDESWIPE OPPOSITE DIRECTION,PARKING LOT,1,STRAIGHT AND LEVEL,DRY,UNKNOWN,NOT ON SCENE (DESK REPORT),NO INJURY / DRIVE AWAY,,,,$500 OR LESS,11/7/2017 17:25,IMPROPER BACKING,UNABLE TO DETERMINE,5357,N,LINCOLN AVE,2011,,,,,,,2,NO INDICATION OF INJURY,0,0,0,0,0,4,0,17,3,11,41.97941114,-87.69254008,POINT (-87.692540083068 41.979411144203),1
JA502858,,11/7/2017 17:08,30,NO CONTROLS,NO CONTROLS,CLEAR,DUSK,REAR END,ONE-WAY,2,STRAIGHT AND LEVEL,DRY,NO DEFECTS,ON SCENE,INJURY AND / OR TOW DUE TO CRASH,,,,"OVER $1,500",11/7/2017 17:10,FOLLOWING TOO CLOSELY,NOT APPLICABLE,140,S,WELLS ST,122,,,,,,,2,NO INDICATION OF INJURY,0,0,0,0,0,2,0,17,3,11,41.87961367,-87.63391134,POINT (-87.633911335648 41.879613673431),1
JA502849,,11/7/2017 17:10,30,TRAFFIC SIGNAL,FUNCTIONING PROPERLY,CLEAR,DUSK,REAR END,CENTER TURN LANE,2,STRAIGHT AND LEVEL,DRY,NO DEFECTS,ON SCENE,NO INJURY / DRIVE AWAY,,,Y,$500 OR LESS,11/7/2017 17:25,UNABLE TO DETERMINE,UNABLE TO DETERMINE,526,N,MC CLURG CT,1834,,,,,,,2,NO INDICATION OF INJURY,0,0,0,0,0,2,0,17,3,11,41.89180451,-87.61783918,POINT (-87.617839177121 41.891804508431),1
JA502847,,11/7/2017 17:11,0,NO CONTROLS,OTHER,CLEAR,DARKNESS,FIXED OBJECT,DRIVEWAY,1,STRAIGHT AND LEVEL,DRY,NO DEFECTS,ON SCENE,INJURY AND / OR TOW DUE TO CRASH,,Y,,"OVER $1,500",11/7/2017 17:11,PHYSICAL CONDITION OF DRIVER,NOT APPLICABLE,3619,W,107TH ST,2211,,,,,,,1,"REPORTED, NOT EVIDENT",1,0,0,0,1,0,0,17,3,11,41.69860048,-87.7115721,POINT (-87.711572097125 41.698600481343),1
JA502881,,11/7/2017 17:13,30,TRAFFIC SIGNAL,FUNCTIONING PROPERLY,CLEAR,"DARKNESS, LIGHTED ROAD",TURNING,NOT DIVIDED,,STRAIGHT AND LEVEL,DRY,NO DEFECTS,NOT ON SCENE (DESK REPORT),NO INJURY / DRIVE AWAY,,,,"$501 - $1,500",11/7/2017 17:45,UNABLE TO DETERMINE,UNABLE TO DETERMINE,9000,S,STONY ISLAND AVE,413,,,,,,,2,NO INDICATION OF INJURY,0,0,0,0,0,2,0,17,3,11,41.73135421,-87.58567513,POINT (-87.585675126771 41.731354209915),1
JA502948,,11/7/2017 17:15,30,NO CONTROLS,NO CONTROLS,CLEAR,DAWN,REAR END,NOT DIVIDED,2,STRAIGHT AND LEVEL,DRY,NO DEFECTS,ON SCENE,NO INJURY / DRIVE AWAY,,,,"OVER $1,500",11/7/2017 17:41,FOLLOWING TOO CLOSELY,NOT APPLICABLE,1735,N,CENTRAL AVE,2532,,,,,,,3,NO INDICATION OF INJURY,0,0,0,0,0,3,0,17,3,11,41.91221371,-87.76546418,POINT (-87.765464179184 41.912213711109),1
JA502867,,11/7/2017 17:15,30,TRAFFIC SIGNAL,FUNCTIONING PROPERLY,CLEAR,"DARKNESS, LIGHTED ROAD",TURNING,DIVIDED - W/MEDIAN (NOT RAISED),2,STRAIGHT AND LEVEL,DRY,NO DEFECTS,ON SCENE,NO INJURY / DRIVE AWAY,Y,,,"OVER $1,500",11/7/2017 17:15,IMPROPER TURNING/NO SIGNAL,NOT APPLICABLE,3200,N,CALIFORNIA AVE,1733,,Y,,,,,2,NO INDICATION OF INJURY,0,0,0,0,0,3,0,17,3,11,41.93943259,-87.69797177,POINT (-87.697971770699 41.939432590672),1
JA502889,,11/7/2017 17:18,30,STOP SIGN/FLASHER,FUNCTIONING PROPERLY,CLEAR,DARKNESS,REAR END,NOT DIVIDED,,STRAIGHT AND LEVEL,DRY,NO DEFECTS,NOT ON SCENE (DESK REPORT),NO INJURY / DRIVE AWAY,Y,,,"OVER $1,500",11/7/2017 18:01,UNABLE TO DETERMINE,UNABLE TO DETERMINE,3099,S,ARCHER AVE,912,,,,,,,2,NO INDICATION OF INJURY,0,0,0,0,0,2,0,17,3,11,41.83762566,-87.66560485,POINT (-87.665604851749 41.837625658202),1
JA502895,,11/7/2017 17:19,30,NO CONTROLS,FUNCTIONING PROPERLY,CLEAR,"DARKNESS, LIGHTED ROAD",SIDESWIPE SAME DIRECTION,OTHER,3,STRAIGHT AND LEVEL,DRY,NO DEFECTS,ON SCENE,NO INJURY / DRIVE AWAY,,,,"$501 - $1,500",11/7/2017 17:28,IMPROPER LANE USAGE,NOT APPLICABLE,111,S,MICHIGAN AVE,114,,,,,,,2,NO INDICATION OF INJURY,0,0,0,0,0,2,0,17,3,11,41.88052782,-87.62420947,POINT (-87.624209465859 41.880527821931),1
JA502961,,11/7/2017 17:20,30,TRAFFIC SIGNAL,FUNCTIONING PROPERLY,CLEAR,"DARKNESS, LIGHTED ROAD",TURNING,NOT DIVIDED,2,STRAIGHT AND LEVEL,DRY,NO DEFECTS,,NO INJURY / DRIVE AWAY,,,Y,"OVER $1,500",11/7/2017 18:25,FAILING TO YIELD RIGHT-OF-WAY,NOT APPLICABLE,5100,S,PULASKI RD,815,,,,,,,2,NO INDICATION OF INJURY,0,0,0,0,0,2,0,17,3,11,41.8005277,-87.72351928,POINT (-87.723519274799 41.80052770213),1
JA535963,,11/7/2017 17:30,35,NO CONTROLS,NO CONTROLS,CLEAR,DAYLIGHT,ANGLE,DIVIDED - W/MEDIAN (NOT RAISED),2,STRAIGHT AND LEVEL,DRY,NO DEFECTS,NOT ON SCENE (DESK REPORT),NO INJURY / DRIVE AWAY,,,,$500 OR LESS,12/4/2017 10:30,FAILING TO YIELD RIGHT-OF-WAY,NOT APPLICABLE,2321,S,DR MARTIN LUTHER KING JR DR,132,N,,,,,,2,NO INDICATION OF INJURY,0,0,0,0,0,3,0,17,3,11,41.85042799,-87.61871819,POINT (-87.618718191074 41.850427985448),1
JA502947,,11/7/2017 17:30,30,NO CONTROLS,NO CONTROLS,CLEAR,"DARKNESS, LIGHTED ROAD",REAR END,NOT DIVIDED,2,STRAIGHT AND LEVEL,DRY,NO DEFECTS,NOT ON SCENE (DESK REPORT),INJURY AND / OR TOW DUE TO CRASH,Y,,,"$501 - $1,500",11/7/2017 18:10,FOLLOWING TOO CLOSELY,UNABLE TO DETERMINE,448,E,87TH ST,632,,,,,,,3,"REPORTED, NOT EVIDENT",1,0,0,0,1,3,0,17,3,11,41.73664085,-87.61260287,POINT (-87.612602873725 41.73664084968),1
JA502872,,11/7/2017 17:30,25,NO CONTROLS,NO CONTROLS,CLEAR,"DARKNESS, LIGHTED ROAD",TURNING,NOT DIVIDED,2,STRAIGHT AND LEVEL,DRY,NO DEFECTS,ON SCENE,INJURY AND / OR TOW DUE TO CRASH,Y,,,"OVER $1,500",11/7/2017 17:37,FAILING TO YIELD RIGHT-OF-WAY,UNABLE TO DETERMINE,2331,N,DAMEN AVE,1432,,,,,,,2,NO INDICATION OF INJURY,0,0,0,0,0,3,0,17,3,11,41.92384726,-87.67769646,POINT (-87.677696459893 41.92384725667),1
JA504113,,11/7/2017 17:30,30,NO CONTROLS,NO CONTROLS,CLEAR,"DARKNESS, LIGHTED ROAD",TURNING,DIVIDED - W/MEDIAN (NOT RAISED),2,STRAIGHT AND LEVEL,DRY,NO DEFECTS,NOT ON SCENE (DESK REPORT),NO INJURY / DRIVE AWAY,,,,"$501 - $1,500",11/8/2017 17:00,FAILING TO YIELD RIGHT-OF-WAY,NOT APPLICABLE,6330,N,CALIFORNIA AVE,2413,,,,,,,2,NO INDICATION OF INJURY,0,0,0,0,0,2,0,17,3,11,41.99669042,-87.69975457,POINT (-87.699754570683 41.996690421788),1
JA502894,,11/7/2017 17:30,30,NO CONTROLS,NO CONTROLS,CLEAR,DUSK,REAR END,NOT DIVIDED,,STRAIGHT AND LEVEL,DRY,NO DEFECTS,NOT ON SCENE (DESK REPORT),NO INJURY / DRIVE AWAY,,,,"OVER $1,500",11/7/2017 17:50,UNABLE TO DETERMINE,UNABLE TO DETERMINE,5961,N,LINCOLN AVE,2011,,,,,,,2,NO INDICATION OF INJURY,0,0,0,0,0,2,0,17,3,11,41.98950582,-87.70565777,POINT (-87.705657769522 41.989505816497),1
JA502915,,11/7/2017 17:30,30,NO CONTROLS,NO CONTROLS,CLEAR,DARKNESS,TURNING,DIVIDED - W/MEDIAN (NOT RAISED),,STRAIGHT AND LEVEL,DRY,NO DEFECTS,ON SCENE,NO INJURY / DRIVE AWAY,,,,"OVER $1,500",11/7/2017 17:37,FAILING TO YIELD RIGHT-OF-WAY,IMPROPER TURNING/NO SIGNAL,2465,W,47TH ST,922,,,,,,,2,NO INDICATION OF INJURY,0,0,0,0,0,2,0,17,3,11,41.80829065,-87.68675822,POINT (-87.68675821906 41.808290649),1
JA502950,,11/7/2017 17:30,20,TRAFFIC SIGNAL,FUNCTIONING PROPERLY,CLEAR,DARKNESS,SIDESWIPE SAME DIRECTION,ONE-WAY,,STRAIGHT AND LEVEL,DRY,NO DEFECTS,ON SCENE,NO INJURY / DRIVE AWAY,,,,"OVER $1,500",11/7/2017 17:36,IMPROPER LANE USAGE,NOT APPLICABLE,4654,S,WENTWORTH AVE,925,,,,,,,2,NO INDICATION OF INJURY,0,0,0,0,0,2,0,17,3,11,41.8094029,-87.63261239,POINT (-87.63261239383 41.80940290351),1