RD_NO,CRASH_DATE_EST_I,CRASH_DATE,POSTED_SPEED_LIMIT,TRAFFIC_CONTROL_DEVICE,DEVICE_CONDITION,WEATHER_CONDITION,LIGHTING_CONDITION,FIRST_CRASH_TYPE,TRAFFICWAY_TYPE,LANE_CNT,ALIGNMENT,ROADWAY_SURFACE_COND,ROAD_DEFECT,REPORT_TYPE,CRASH_TYPE,INTERSECTION_RELATED_I,NOT_RIGHT_OF_WAY_I,HIT_AND_RUN_I,DAMAGE,DATE_POLICE_NOTIFIED,PRIM_CONTRIBUTORY_CAUSE,SEC_CONTRIBUTORY_CAUSE,STREET_NO,STREET_DIRECTION,STREET_NAME,BEAT_OF_OCCURRENCE,PHOTOS_TAKEN_I,STATEMENTS_TAKEN_I,DOORING_I,WORK_ZONE_I,WORK_ZONE_TYPE,WORKERS_PRESENT_I,NUM_UNITS,MOST_SEVERE_INJURY,INJURIES_TOTAL,INJURIES_FATAL,INJURIES_INCAPACITATING,INJURIES_NON_INCAPACITATING,INJURIES_REPORTED_NOT_EVIDENT,INJURIES_NO_INDICATION,INJURIES_UNKNOWN,CRASH_HOUR,CRASH_DAY_OF_WEEK,CRASH_MONTH,LATITUDE,LONGITUDE,LOCATION,Join
JA502900,,11/7/2017 17:35,30,NO CONTROLS,NO CONTROLS,CLEAR,"DARKNESS, LIGHTED ROAD",REAR END,DIVIDED - W/MEDIAN (NOT RAISED),,STRAIGHT AND LEVEL,DRY,NO DEFECTS,ON SCENE,NO INJURY / DRIVE AWAY,Y,,,"$501 - $1,500",11/7/2017 17:37,FOLLOWING TOO CLOSELY,NOT APPLICABLE,8411,W,HIGGINS RD,1614,,,,,,,2,NO INDICATION OF INJURY,0,0,0,0,0,2,0,17,3,11,41.98636755,-87.83733082,POINT (-87.837330821049 41.986367553013),1
JA504286,,11/7/2017 17:40,30,NO CONTROLS,NO CONTROLS,CLEAR,"DARKNESS, LIGHTED ROAD",REAR END,ONE-WAY,,STRAIGHT AND LEVEL,DRY,NO DEFECTS,NOT ON SCENE (DESK REPORT),NO INJURY / DRIVE AWAY,,,,"OVER $1,500",11/8/2017 18:30,FOLLOWING TOO CLOSELY,FAILING TO REDUCE SPEED TO AVOID CRASH,455,W,ONTARIO ST,1831,,,,,,,2,NO INDICATION OF INJURY,0,0,0,0,0,2,0,17,3,11,41.89299501,-87.64055629,POINT (-87.640556288963 41.892995005469),1
JA502964,,11/7/2017 17:40,30,NO CONTROLS,NO CONTROLS,CLEAR,DUSK,SIDESWIPE SAME DIRECTION,NOT DIVIDED,,STRAIGHT AND LEVEL,DRY,NO DEFECTS,NOT ON SCENE (DESK REPORT),NO INJURY / DRIVE AWAY,,,,"OVER $1,500",11/7/2017 18:22,NOT APPLICABLE,NOT APPLICABLE,6300,S,ASHLAND AVE,725,,,,,,,2,NO INDICATION OF INJURY,0,0,0,0,0,2,0,17,3,11,41.77937222,-87.66436535,POINT (-87.664365347416 41.779372220485),1
JA502919,,11/7/2017 17:50,30,NO CONTROLS,NO CONTROLS,CLEAR,"DARKNESS, LIGHTED ROAD",REAR END,ONE-WAY,1,STRAIGHT AND LEVEL,DRY,NO DEFECTS,ON SCENE,INJURY AND / OR TOW DUE TO CRASH,,,,"OVER $1,500",11/7/2017 18:00,NOT APPLICABLE,NOT APPLICABLE,1137,N,LAWLER AVE,1531,,,,,,,2,NO INDICATION OF INJURY,0,0,0,0,0,2,0,17,3,11,41.90157292,-87.7519353,POINT (-87.751935299278 41.901572916436),1
JA503048,,11/7/2017 17:53,30,NO CONTROLS,NO CONTROLS,CLEAR,"DARKNESS, LIGHTED ROAD",FIXED OBJECT,DIVIDED - W/MEDIAN BARRIER,2,STRAIGHT AND LEVEL,DRY,"RUT, HOLES",NOT ON SCENE (DESK REPORT),NO INJURY / DRIVE AWAY,,,,"OVER $1,500",11/7/2017 19:35,UNABLE TO DETERMINE,NOT APPLICABLE,331,N,WOOD ST,1215,,,,,,,1,NO INDICATION OF INJURY,0,0,0,0,0,1,0,17,3,11,41.88771096,-87.67177912,POINT (-87.671779117883 41.887710960673),1
JA502976,,11/7/2017 17:57,30,TRAFFIC SIGNAL,FUNCTIONING PROPERLY,CLEAR,"DARKNESS, LIGHTED ROAD",SIDESWIPE SAME DIRECTION,ONE-WAY,4,STRAIGHT AND LEVEL,DRY,NO DEFECTS,ON SCENE,NO INJURY / DRIVE AWAY,,,,"OVER $1,500",11/7/2017 18:20,UNABLE TO DETERMINE,UNABLE TO DETERMINE,99,W,ONTARIO ST,1832,,,,,,,2,NO INDICATION OF INJURY,0,0,0,0,0,2,0,17,3,11,41.89312017,-87.63109223,POINT (-87.631092230253 41.893120166627),1
JA502972,,11/7/2017 18:03,30,TRAFFIC SIGNAL,FUNCTIONING PROPERLY,CLEAR,"DARKNESS, LIGHTED ROAD",REAR END,ONE-WAY,3,STRAIGHT AND LEVEL,DRY,UNKNOWN,ON SCENE,NO INJURY / DRIVE AWAY,,,Y,"OVER $1,500",11/7/2017 18:12,UNABLE TO DETERMINE,UNABLE TO DETERMINE,430,W,GARFIELD BLVD,935,,,,,,,3,NO INDICATION OF INJURY,0,0,0,0,0,3,0,18,3,11,41.79456188,-87.63677229,POINT (-87.636772287108 41.794561878784),1
JA503020,,11/7/2017 18:09,30,NO CONTROLS,NO CONTROLS,CLEAR,DARKNESS,PARKED MOTOR VEHICLE,ONE-WAY,,STRAIGHT AND LEVEL,DRY,NO DEFECTS,NOT ON SCENE (DESK REPORT),NO INJURY / DRIVE AWAY,,,Y,"$501 - $1,500",11/7/2017 19:00,UNABLE TO DETERMINE,UNABLE TO DETERMINE,2320,S,LAWNDALE AVE,1013,,,,,,,2,NO INDICATION OF INJURY,0,0,0,0,0,1,0,18,3,11,41.8491562,-87.71751182,POINT (-87.717511817968 41.849156197386),1
JA503005,,11/7/2017 18:10,30,TRAFFIC SIGNAL,FUNCTIONING PROPERLY,CLEAR,"DARKNESS, LIGHTED ROAD",TURNING,NOT DIVIDED,,STRAIGHT AND LEVEL,DRY,NO DEFECTS,NOT ON SCENE (DESK REPORT),NO INJURY / DRIVE AWAY,Y,,,"OVER $1,500",11/7/2017 19:00,UNABLE TO DETERMINE,UNABLE TO DETERMINE,799,N,LA SALLE DR,1832,,,,,,,2,NO INDICATION OF INJURY,0,0,0,0,0,2,0,18,3,11,41.8965648,-87.63256168,POINT (-87.632561678317 41.896564799141),1
JA502983,,11/7/2017 18:15,35,TRAFFIC SIGNAL,FUNCTIONING PROPERLY,CLEAR,"DARKNESS, LIGHTED ROAD",REAR END,DIVIDED - W/MEDIAN (NOT RAISED),5,STRAIGHT AND LEVEL,DRY,NO DEFECTS,ON SCENE,NO INJURY / DRIVE AWAY,Y,,,"OVER $1,500",11/7/2017 18:30,FOLLOWING TOO CLOSELY,FAILING TO REDUCE SPEED TO AVOID CRASH,5672,S,ARCHER AVE,814,,,,,,,2,NO INDICATION OF INJURY,0,0,0,0,0,2,0,18,3,11,41.79727371,-87.75298542,POINT (-87.752985419742 41.797273709306),1
JA502970,,11/7/2017 18:15,30,STOP SIGN/FLASHER,OTHER,CLEAR,"DARKNESS, LIGHTED ROAD",SIDESWIPE SAME DIRECTION,DIVIDED - W/MEDIAN (NOT RAISED),4,STRAIGHT AND LEVEL,DRY,NO DEFECTS,NOT ON SCENE (DESK REPORT),NO INJURY / DRIVE AWAY,Y,,,"$501 - $1,500",11/7/2017 18:30,UNABLE TO DETERMINE,NOT APPLICABLE,1501,W,CHICAGO AVE,1215,,,,,,,2,NO INDICATION OF INJURY,0,0,0,0,0,2,0,18,3,11,41.89600058,-87.66494019,POINT (-87.664940192703 41.896000579285),1
JA503018,,11/7/2017 18:16,30,STOP SIGN/FLASHER,FUNCTIONING PROPERLY,CLEAR,"DARKNESS, LIGHTED ROAD",ANGLE,NOT DIVIDED,2,STRAIGHT AND LEVEL,DRY,NO DEFECTS,ON SCENE,INJURY AND / OR TOW DUE TO CRASH,,,,"OVER $1,500",11/7/2017 18:23,"VISION OBSCURED (SIGNS, TREE LIMBS, BUILDINGS, ETC.)",NOT APPLICABLE,228,N,PAULINA ST,1215,,,,,,,2,NONINCAPACITATING INJURY,1,0,0,1,0,1,0,18,3,11,41.88613515,-87.66959389,POINT (-87.669593891075 41.886135147199),1
JA503023,,11/7/2017 18:30,20,NO CONTROLS,NO CONTROLS,CLEAR,"DARKNESS, LIGHTED ROAD",PEDESTRIAN,DIVIDED - W/MEDIAN BARRIER,1,STRAIGHT AND LEVEL,DRY,NO DEFECTS,NOT ON SCENE (DESK REPORT),INJURY AND / OR TOW DUE TO CRASH,,,,$500 OR LESS,11/7/2017 18:31,NOT APPLICABLE,NOT APPLICABLE,13015,S,ELLIS AVE,533,,,,,,,2,"REPORTED, NOT EVIDENT",1,0,0,0,1,4,0,18,3,11,41.65863801,-87.59750231,POINT (-87.597502306225 41.658638005921),1
JA503429,,11/7/2017 18:30,30,NO CONTROLS,NO CONTROLS,CLEAR,"DARKNESS, LIGHTED ROAD",REAR END,NOT DIVIDED,5,STRAIGHT AND LEVEL,DRY,NO DEFECTS,NOT ON SCENE (DESK REPORT),NO INJURY / DRIVE AWAY,,,,"$501 - $1,500",11/8/2017 7:56,FOLLOWING TOO CLOSELY,FAILING TO REDUCE SPEED TO AVOID CRASH,6415,N,CALDWELL AVE,1621,,,,,,,2,NO INDICATION OF INJURY,0,0,0,0,0,2,0,18,3,11,41.99768253,-87.76723658,POINT (-87.767236582692 41.997682531979),1
JA503038,,11/7/2017 18:30,30,STOP SIGN/FLASHER,FUNCTIONING PROPERLY,CLEAR,DUSK,TURNING,ONE-WAY,,STRAIGHT AND LEVEL,DRY,NO DEFECTS,NOT ON SCENE (DESK REPORT),INJURY AND / OR TOW DUE TO CRASH,,,,"OVER $1,500",11/7/2017 19:10,UNABLE TO DETERMINE,UNABLE TO DETERMINE,2200,W,33RD ST,912,,,,,,,2,NO INDICATION OF INJURY,0,0,0,0,0,4,0,18,3,11,41.83407409,-87.68033177,POINT (-87.680331766555 41.834074093812),1
JA503101,,11/7/2017 18:30,30,NO CONTROLS,NO CONTROLS,CLEAR,"DARKNESS, LIGHTED ROAD",PARKED MOTOR VEHICLE,ONE-WAY,1,STRAIGHT AND LEVEL,DRY,NO DEFECTS,ON SCENE,NO INJURY / DRIVE AWAY,,,Y,"OVER $1,500",11/7/2017 19:00,UNABLE TO DETERMINE,NOT APPLICABLE,3554,N,OPAL AVE,1631,,,,,,,2,NO INDICATION OF INJURY,0,0,0,0,0,1,0,18,3,11,41.94475187,-87.82305563,POINT (-87.823055627582 41.944751871573),1
JA503029,,11/7/2017 18:40,30,STOP SIGN/FLASHER,FUNCTIONING PROPERLY,CLEAR,DARKNESS,PEDALCYCLIST,NOT DIVIDED,0,STRAIGHT AND LEVEL,DRY,NO DEFECTS,ON SCENE,INJURY AND / OR TOW DUE TO CRASH,Y,,,$500 OR LESS,11/7/2017 18:45,DISREGARDING STOP SIGN,NOT APPLICABLE,1800,W,CORTLAND ST,1434,,,,,,,2,NONINCAPACITATING INJURY,1,0,0,1,0,1,0,18,3,11,41.91613831,-87.67277871,POINT (-87.672778714063 41.916138309704),1
JA503021,N,11/7/2017 18:45,5,NO CONTROLS,NO CONTROLS,CLEAR,DARKNESS,PARKED MOTOR VEHICLE,PARKING LOT,1,STRAIGHT ON GRADE,DRY,NO DEFECTS,NOT ON SCENE (DESK REPORT),NO INJURY / DRIVE AWAY,,,,"$501 - $1,500",11/7/2017 19:05,IMPROPER BACKING,FAILING TO REDUCE SPEED TO AVOID CRASH,1933,W,103RD ST,2212,,,,,,,2,NO INDICATION OF INJURY,0,0,0,0,0,1,0,18,3,11,41.70645424,-87.67053217,POINT (-87.670532173095 41.706454243021),1
JA502995,,11/7/2017 18:47,30,STOP SIGN/FLASHER,FUNCTIONING PROPERLY,CLEAR,DARKNESS,REAR END,NOT DIVIDED,2,STRAIGHT AND LEVEL,DRY,NO DEFECTS,ON SCENE,NO INJURY / DRIVE AWAY,Y,,,"$501 - $1,500",11/7/2017 18:49,FAILING TO REDUCE SPEED TO AVOID CRASH,NOT APPLICABLE,2703,S,CALIFORNIA AVE,1034,,,,,,,3,NO INDICATION OF INJURY,0,0,0,0,0,5,0,18,3,11,41.84246906,-87.69500252,POINT (-87.695002519964 41.842469055729),1
JA503073,,11/7/2017 18:50,30,NO CONTROLS,NO CONTROLS,CLEAR,"DARKNESS, LIGHTED ROAD",PARKED MOTOR VEHICLE,ONE-WAY,1,STRAIGHT AND LEVEL,DRY,NO DEFECTS,NOT ON SCENE (DESK REPORT),NO INJURY / DRIVE AWAY,,,Y,"$501 - $1,500",11/7/2017 19:41,UNABLE TO DETERMINE,UNABLE TO DETERMINE,10,S,MASON AVE,1513,,,,,,,2,NO INDICATION OF INJURY,0,0,0,0,0,1,0,18,3,11,41.8797978,-87.77315857,POINT (-87.773158570069 41.879797803751),1
JA503032,,11/7/2017 18:50,30,STOP SIGN/FLASHER,FUNCTIONING PROPERLY,CLEAR,"DARKNESS, LIGHTED ROAD",REAR END,NOT DIVIDED,2,STRAIGHT AND LEVEL,DRY,NO DEFECTS,ON SCENE,NO INJURY / DRIVE AWAY,N,,,"$501 - $1,500",11/7/2017 18:51,PHYSICAL CONDITION OF DRIVER,FAILING TO REDUCE SPEED TO AVOID CRASH,2332,E,93RD ST,413,,,,,,,2,NO INDICATION OF INJURY,0,0,0,0,0,2,0,18,3,11,41.72633507,-87.56678421,POINT (-87.566784204886 41.726335069095),1
JA503081,Y,11/7/2017 19:00,30,NO CONTROLS,NO CONTROLS,OTHER,UNKNOWN,PARKED MOTOR VEHICLE,PARKING LOT,1,STRAIGHT AND LEVEL,UNKNOWN,UNKNOWN,NOT ON SCENE (DESK REPORT),NO INJURY / DRIVE AWAY,,,Y,"OVER $1,500",11/7/2017 19:58,DRIVING SKILLS/KNOWLEDGE/EXPERIENCE,UNABLE TO DETERMINE,201,W,MADISON ST,122,,,,,,,2,NO INDICATION OF INJURY,0,0,0,0,0,1,0,19,3,11,41.88183547,-87.63389739,POINT (-87.633897388601 41.88183546591),1
JA503071,,11/7/2017 19:00,30,STOP SIGN/FLASHER,MISSING,CLEAR,"DARKNESS, LIGHTED ROAD",PEDALCYCLIST,OTHER,,STRAIGHT AND LEVEL,DRY,NO DEFECTS,ON SCENE,INJURY AND / OR TOW DUE TO CRASH,Y,,,"$501 - $1,500",11/7/2017 19:18,UNABLE TO DETERMINE,NOT APPLICABLE,1999,W,HUBBARD ST,1221,,,,,,,2,NONINCAPACITATING INJURY,1,0,0,1,0,2,0,19,3,11,41.88961721,-87.67684058,POINT (-87.676840577408 41.889617214272),1
JA503040,,11/7/2017 19:00,30,STOP SIGN/FLASHER,FUNCTIONING PROPERLY,CLEAR,"DARKNESS, LIGHTED ROAD",PEDESTRIAN,ONE-WAY,,STRAIGHT AND LEVEL,DRY,UNKNOWN,ON SCENE,INJURY AND / OR TOW DUE TO CRASH,Y,,,"OVER $1,500",11/7/2017 19:06,FAILING TO YIELD RIGHT-OF-WAY,NOT APPLICABLE,2800,W,BERWYN AVE,2011,,,,,,,2,INCAPACITATING INJURY,1,0,1,0,0,1,0,19,3,11,41.97775329,-87.69910356,POINT (-87.699103555906 41.977753290822),1
JA503047,,11/7/2017 19:05,30,STOP SIGN/FLASHER,FUNCTIONING PROPERLY,CLEAR,"DARKNESS, LIGHTED ROAD",ANGLE,NOT DIVIDED,4,STRAIGHT AND LEVEL,DRY,WORN SURFACE,ON SCENE,INJURY AND / OR TOW DUE TO CRASH,Y,,,"OVER $1,500",11/7/2017 19:05,FAILING TO YIELD RIGHT-OF-WAY,DISREGARDING STOP SIGN,9200,S,BALTIMORE AVE,424,Y,,,,,,2,"REPORTED, NOT EVIDENT",3,0,0,0,3,0,0,19,3,11,41.72818385,-87.54859586,POINT (-87.548595862491 41.728183853987),1
JA503141,,11/7/2017 19:05,30,TRAFFIC SIGNAL,FUNCTIONING PROPERLY,CLEAR,"DARKNESS, LIGHTED ROAD",TURNING,NOT DIVIDED,0,STRAIGHT AND LEVEL,DRY,NO DEFECTS,ON SCENE,INJURY AND / OR TOW DUE TO CRASH,Y,,,"OVER $1,500",11/7/2017 20:45,IMPROPER TURNING/NO SIGNAL,FAILING TO REDUCE SPEED TO AVOID CRASH,3100,W,31ST ST,1033,,,,,,,2,NO INDICATION OF INJURY,0,0,0,0,0,2,0,19,3,11,41.83738546,-87.70244253,POINT (-87.702442531983 41.83738545903),1
JA503054,,11/7/2017 19:15,30,STOP SIGN/FLASHER,FUNCTIONING PROPERLY,CLEAR,"DARKNESS, LIGHTED ROAD",ANGLE,NOT DIVIDED,,STRAIGHT AND LEVEL,DRY,NO DEFECTS,ON SCENE,NO INJURY / DRIVE AWAY,Y,,,"OVER $1,500",11/7/2017 19:16,DRIVING SKILLS/KNOWLEDGE/EXPERIENCE,FAILING TO YIELD RIGHT-OF-WAY,2227,W,HIRSCH ST,1424,,,,,,,2,NO INDICATION OF INJURY,0,0,0,0,0,3,0,19,3,11,41.90661768,-87.68340141,POINT (-87.68340140761 41.90661767577),1
JA503161,,11/7/2017 19:28,0,TRAFFIC SIGNAL,UNKNOWN,CLEAR,DARKNESS,SIDESWIPE SAME DIRECTION,ONE-WAY,2,STRAIGHT AND LEVEL,DRY,UNKNOWN,NOT ON SCENE (DESK REPORT),NO INJURY / DRIVE AWAY,,,Y,$500 OR LESS,11/7/2017 21:39,UNABLE TO DETERMINE,UNABLE TO DETERMINE,6339,S,WENTWORTH AVE,312,,,,,,,2,NO INDICATION OF INJURY,0,0,0,0,0,2,0,19,3,11,41.77887155,-87.62996244,POINT (-87.629962443107 41.778871551248),1
JA503084,,11/7/2017 19:41,30,TRAFFIC SIGNAL,FUNCTIONING PROPERLY,CLEAR,"DARKNESS, LIGHTED ROAD",SIDESWIPE SAME DIRECTION,DIVIDED - W/MEDIAN (NOT RAISED),4,STRAIGHT AND LEVEL,DRY,NO DEFECTS,ON SCENE,INJURY AND / OR TOW DUE TO CRASH,Y,,,"$501 - $1,500",11/7/2017 19:41,IMPROPER LANE USAGE,UNDER THE INFLUENCE OF ALCOHOL/DRUGS (USE WHEN ARREST IS EFFECTED),5560,W,IRVING PARK RD,1624,,,,,,,2,NO INDICATION OF INJURY,0,0,0,0,0,2,0,19,3,11,41.9532972,-87.76688134,POINT (-87.766881337666 41.953297198059),1
JA503076,,11/7/2017 19:45,30,NO CONTROLS,NO CONTROLS,CLEAR,DARKNESS,ANGLE,DIVIDED - W/MEDIAN (NOT RAISED),2,STRAIGHT AND LEVEL,DRY,UNKNOWN,ON SCENE,INJURY AND / OR TOW DUE TO CRASH,Y,,,"OVER $1,500",11/7/2017 19:45,FAILING TO YIELD RIGHT-OF-WAY,FAILING TO YIELD RIGHT-OF-WAY,6449,W,DIVERSEY AVE,2512,,,,,,,2,NONINCAPACITATING INJURY,1,0,0,1,0,2,0,19,3,11,41.93085232,-87.78767696,POINT (-87.787676963379 41.930852321214),1
JA503173,,11/7/2017 19:45,30,NO CONTROLS,NO CONTROLS,CLEAR,"DARKNESS, LIGHTED ROAD",PARKED MOTOR VEHICLE,DIVIDED - W/MEDIAN BARRIER,4,STRAIGHT AND LEVEL,DRY,NO DEFECTS,ON SCENE,INJURY AND / OR TOW DUE TO CRASH,,,,"OVER $1,500",11/7/2017 19:50,UNABLE TO DETERMINE,UNABLE TO DETERMINE,1155,W,95TH ST,2213,,,,,,,2,NO INDICATION OF INJURY,0,0,0,0,0,1,0,19,3,11,41.72122675,-87.65288372,POINT (-87.652883715311 41.721226744826),1
JA503083,,11/7/2017 19:50,30,NO CONTROLS,NO CONTROLS,CLEAR,DUSK,TURNING,NOT DIVIDED,,STRAIGHT AND LEVEL,DRY,NO DEFECTS,NOT ON SCENE (DESK REPORT),NO INJURY / DRIVE AWAY,,,,"OVER $1,500",11/7/2017 19:56,NOT APPLICABLE,NOT APPLICABLE,5500,S,CENTRAL AVE,811,,,,,,,2,NO INDICATION OF INJURY,0,0,0,0,0,2,0,19,3,11,41.79264234,-87.7624466,POINT (-87.762446600716 41.792642336891),1
JA503120,,11/7/2017 19:50,30,TRAFFIC SIGNAL,FUNCTIONING PROPERLY,CLEAR,"DARKNESS, LIGHTED ROAD",REAR END,NOT DIVIDED,2,STRAIGHT AND LEVEL,DRY,NO DEFECTS,NOT ON SCENE (DESK REPORT),NO INJURY / DRIVE AWAY,,,,"$501 - $1,500",11/7/2017 20:35,FOLLOWING TOO CLOSELY,NOT APPLICABLE,4500,W,63RD ST,813,,,,,,,3,NO INDICATION OF INJURY,0,0,0,0,0,4,0,19,3,11,41.77862499,-87.73502936,POINT (-87.735029364106 41.778624993141),1
JA503108,,11/7/2017 19:52,30,NO CONTROLS,NO CONTROLS,CLEAR,"DARKNESS, LIGHTED ROAD",PARKED MOTOR VEHICLE,ONE-WAY,2,STRAIGHT AND LEVEL,DRY,NO DEFECTS,ON SCENE,INJURY AND / OR TOW DUE TO CRASH,,,,"OVER $1,500",11/7/2017 19:52,UNDER THE INFLUENCE OF ALCOHOL/DRUGS (USE WHEN ARREST IS EFFECTED),UNABLE TO DETERMINE,5957,S,WENTWORTH AVE,232,,,,,,,2,NO INDICATION OF INJURY,0,0,0,0,0,1,0,19,3,11,41.7855535,-87.63011641,POINT (-87.6301164071 41.785553498177),1
JA504587,,11/7/2017 20:00,35,NO CONTROLS,NO CONTROLS,CLEAR,"DARKNESS, LIGHTED ROAD",PEDALCYCLIST,NOT DIVIDED,,STRAIGHT AND LEVEL,DRY,NO DEFECTS,NOT ON SCENE (DESK REPORT),NO INJURY / DRIVE AWAY,,,,$500 OR LESS,11/8/2017 23:00,UNABLE TO DETERMINE,UNABLE TO DETERMINE,2300,N,SHEFFIELD AVE,1811,,,Y,,,,2,NO INDICATION OF INJURY,0,0,0,0,0,2,0,20,3,11,41.92364436,-87.65369761,POINT (-87.653697613025 41.923644362327),1
JA503124,,11/7/2017 20:00,15,NO CONTROLS,NO CONTROLS,CLEAR,DARKNESS,PARKED MOTOR VEHICLE,PARKING LOT,,STRAIGHT AND LEVEL,DRY,NO DEFECTS,NOT ON SCENE (DESK REPORT),NO INJURY / DRIVE AWAY,,,,$500 OR LESS,11/7/2017 20:40,IMPROPER BACKING,NOT APPLICABLE,333,W,NORTH AVE,1821,,,,,,,2,NO INDICATION OF INJURY,0,0,0,0,0,1,0,20,3,11,41.91101315,-87.63801771,POINT (-87.638017711666 41.911013148744),1
JA503228,,11/7/2017 20:00,30,TRAFFIC SIGNAL,UNKNOWN,CLEAR,"DARKNESS, LIGHTED ROAD",SIDESWIPE SAME DIRECTION,NOT DIVIDED,,STRAIGHT AND LEVEL,UNKNOWN,UNKNOWN,NOT ON SCENE (DESK REPORT),NO INJURY / DRIVE AWAY,Y,,Y,"$501 - $1,500",11/7/2017 23:00,FAILING TO YIELD RIGHT-OF-WAY,NOT APPLICABLE,800,S,HOMAN AVE,1133,,,,,,,2,NO INDICATION OF INJURY,0,0,0,0,0,2,0,20,3,11,41.87085211,-87.71083384,POINT (-87.710833834543 41.870852105971),1
JA503123,,11/7/2017 20:00,30,NO CONTROLS,NO CONTROLS,CLEAR,DARKNESS,ANGLE,PARKING LOT,1,STRAIGHT AND LEVEL,DRY,NO DEFECTS,ON SCENE,NO INJURY / DRIVE AWAY,,Y,,$500 OR LESS,11/7/2017 20:10,UNABLE TO DETERMINE,NOT APPLICABLE,5559,S,KEDZIE AVE,824,,,,,,,2,NO INDICATION OF INJURY,0,0,0,0,0,2,0,20,3,11,41.79179138,-87.70336094,POINT (-87.703360943116 41.791791377092),1
JA503214,,11/7/2017 20:10,30,TRAFFIC SIGNAL,UNKNOWN,CLEAR,"DARKNESS, LIGHTED ROAD",ANGLE,NOT DIVIDED,2,STRAIGHT AND LEVEL,DRY,UNKNOWN,NOT ON SCENE (DESK REPORT),NO INJURY / DRIVE AWAY,,,Y,"OVER $1,500",11/7/2017 20:54,FAILING TO YIELD RIGHT-OF-WAY,NOT APPLICABLE,400,N,PULASKI RD,1111,,,,,,,2,NO INDICATION OF INJURY,0,0,0,0,0,2,0,20,3,11,41.88778477,-87.7260156,POINT (-87.726015594503 41.88778477417),1
JA503198,,11/7/2017 20:15,25,NO CONTROLS,NO CONTROLS,UNKNOWN,UNKNOWN,PARKED MOTOR VEHICLE,NOT DIVIDED,2,STRAIGHT AND LEVEL,UNKNOWN,NO DEFECTS,ON SCENE,NO INJURY / DRIVE AWAY,,,,"$501 - $1,500",11/7/2017 22:11,UNABLE TO DETERMINE,UNABLE TO DETERMINE,3037,S,LOCK ST,913,,,,,,,2,NO INDICATION OF INJURY,0,0,0,0,0,1,0,20,3,11,41.8391962,-87.66028879,POINT (-87.660288785615 41.83919619805),1
JA503149,,11/7/2017 20:15,30,TRAFFIC SIGNAL,FUNCTIONING PROPERLY,CLEAR,"DARKNESS, LIGHTED ROAD",REAR END,NOT DIVIDED,2,STRAIGHT AND LEVEL,DRY,UNKNOWN,NOT ON SCENE (DESK REPORT),NO INJURY / DRIVE AWAY,Y,,,"OVER $1,500",11/7/2017 21:20,FOLLOWING TOO CLOSELY,UNABLE TO DETERMINE,3002,W,DIVERSEY AVE,1411,,,,,,,2,NO INDICATION OF INJURY,0,0,0,0,0,2,0,20,3,11,41.93216678,-87.70267127,POINT (-87.702671269203 41.932166778223),1
JA504256,,11/7/2017 20:30,20,NO CONTROLS,NO CONTROLS,CLEAR,UNKNOWN,PARKED MOTOR VEHICLE,PARKING LOT,,STRAIGHT AND LEVEL,DRY,NO DEFECTS,NOT ON SCENE (DESK REPORT),NO INJURY / DRIVE AWAY,,,Y,$500 OR LESS,11/8/2017 18:15,NOT APPLICABLE,NOT APPLICABLE,210,W,87TH ST,622,,,,,,,2,NO INDICATION OF INJURY,0,0,0,0,0,1,0,20,3,11,41.73621796,-87.62931044,POINT (-87.629310436538 41.736217960782),1
JA503134,,11/7/2017 20:32,30,NO CONTROLS,NO CONTROLS,CLEAR,"DARKNESS, LIGHTED ROAD",REAR END,NOT DIVIDED,2,STRAIGHT AND LEVEL,DRY,NO DEFECTS,ON SCENE,INJURY AND / OR TOW DUE TO CRASH,,,Y,"OVER $1,500",11/7/2017 20:34,FOLLOWING TOO CLOSELY,UNABLE TO DETERMINE,198,S,SPRINGFIELD AVE,1122,,,,,,,2,NONINCAPACITATING INJURY,4,0,0,4,0,1,0,20,3,11,41.87805335,-87.72328482,POINT (-87.723284816208 41.878053352756),1
JA503167,,11/7/2017 20:35,30,STOP SIGN/FLASHER,FUNCTIONING PROPERLY,CLEAR,DARKNESS,SIDESWIPE SAME DIRECTION,NOT DIVIDED,2,STRAIGHT AND LEVEL,DRY,NO DEFECTS,NOT ON SCENE (DESK REPORT),NO INJURY / DRIVE AWAY,,,Y,$500 OR LESS,11/7/2017 21:30,UNABLE TO DETERMINE,UNABLE TO DETERMINE,655,S,CICERO AVE,1131,,,,,,,2,NO INDICATION OF INJURY,0,0,0,0,0,2,0,20,3,11,41.87208345,-87.74478582,POINT (-87.744785816519 41.87208344809),1
JA503205,,11/7/2017 20:40,30,NO CONTROLS,NO CONTROLS,CLEAR,"DARKNESS, LIGHTED ROAD",TURNING,RAMP,,CURVE ON GRADE,DRY,NO DEFECTS,NOT ON SCENE (DESK REPORT),NO INJURY / DRIVE AWAY,,,Y,"OVER $1,500",11/7/2017 22:30,IMPROPER TURNING/NO SIGNAL,IMPROPER LANE USAGE,2002,S,EMERALD AVE,1235,,,,,,,2,NO INDICATION OF INJURY,0,0,0,0,0,2,0,20,3,11,41.85534749,-87.64530962,POINT (-87.645309622748 41.855347487744),1