RD_NO,CRASH_DATE_EST_I,CRASH_DATE,POSTED_SPEED_LIMIT,TRAFFIC_CONTROL_DEVICE,DEVICE_CONDITION,WEATHER_CONDITION,LIGHTING_CONDITION,FIRST_CRASH_TYPE,TRAFFICWAY_TYPE,LANE_CNT,ALIGNMENT,ROADWAY_SURFACE_COND,ROAD_DEFECT,REPORT_TYPE,CRASH_TYPE,INTERSECTION_RELATED_I,NOT_RIGHT_OF_WAY_I,HIT_AND_RUN_I,DAMAGE,DATE_POLICE_NOTIFIED,PRIM_CONTRIBUTORY_CAUSE,SEC_CONTRIBUTORY_CAUSE,STREET_NO,STREET_DIRECTION,STREET_NAME,BEAT_OF_OCCURRENCE,PHOTOS_TAKEN_I,STATEMENTS_TAKEN_I,DOORING_I,WORK_ZONE_I,WORK_ZONE_TYPE,WORKERS_PRESENT_I,NUM_UNITS,MOST_SEVERE_INJURY,INJURIES_TOTAL,INJURIES_FATAL,INJURIES_INCAPACITATING,INJURIES_NON_INCAPACITATING,INJURIES_REPORTED_NOT_EVIDENT,INJURIES_NO_INDICATION,INJURIES_UNKNOWN,CRASH_HOUR,CRASH_DAY_OF_WEEK,CRASH_MONTH,LATITUDE,LONGITUDE,LOCATION,Join
JA503147,,11/7/2017 20:50,35,NO CONTROLS,NO CONTROLS,CLEAR,"DARKNESS, LIGHTED ROAD",SIDESWIPE SAME DIRECTION,NOT DIVIDED,,STRAIGHT AND LEVEL,DRY,NO DEFECTS,NOT ON SCENE (DESK REPORT),NO INJURY / DRIVE AWAY,,,Y,"$501 - $1,500",11/7/2017 21:20,UNABLE TO DETERMINE,IMPROPER LANE USAGE,2901,W,FOSTER AVE,2031,,,,,,,2,NO INDICATION OF INJURY,0,0,0,0,0,2,0,20,3,11,41.97568873,-87.70142761,POINT (-87.701427606531 41.975688732294),1
JA503146,,11/7/2017 21:00,35,TRAFFIC SIGNAL,FUNCTIONING PROPERLY,CLEAR,"DARKNESS, LIGHTED ROAD",TURNING,ONE-WAY,2,STRAIGHT AND LEVEL,DRY,NO DEFECTS,ON SCENE,NO INJURY / DRIVE AWAY,Y,,Y,"OVER $1,500",11/7/2017 21:15,UNABLE TO DETERMINE,IMPROPER LANE USAGE,2019,S,CANALPORT AVE,1235,,,,,,,2,NO INDICATION OF INJURY,0,0,0,0,0,3,0,21,3,11,41.8552667,-87.64506416,POINT (-87.645064158491 41.85526669592),1
JA503164,,11/7/2017 21:14,30,NO CONTROLS,NO CONTROLS,CLEAR,"DARKNESS, LIGHTED ROAD",ANGLE,NOT DIVIDED,2,STRAIGHT AND LEVEL,DRY,NO DEFECTS,ON SCENE,NO INJURY / DRIVE AWAY,,,Y,"$501 - $1,500",11/7/2017 21:22,FAILING TO YIELD RIGHT-OF-WAY,NOT APPLICABLE,2399,E,77TH ST,414,,,,,,,3,NO INDICATION OF INJURY,0,0,0,0,0,3,0,21,3,11,41.75525027,-87.56636152,POINT (-87.566361521204 41.755250264621),1
JA503175,,11/7/2017 21:15,30,TRAFFIC SIGNAL,FUNCTIONING PROPERLY,CLEAR,"DARKNESS, LIGHTED ROAD",REAR END,DIVIDED - W/MEDIAN (NOT RAISED),4,STRAIGHT AND LEVEL,DRY,OTHER,ON SCENE,INJURY AND / OR TOW DUE TO CRASH,Y,,,"$501 - $1,500",11/7/2017 21:43,FOLLOWING TOO CLOSELY,UNABLE TO DETERMINE,1600,W,87TH ST,614,,,,,,,2,NONINCAPACITATING INJURY,2,0,0,2,0,0,0,21,3,11,41.73589862,-87.66312878,POINT (-87.663128780901 41.735898617066),1
JA503151,,11/7/2017 21:18,30,TRAFFIC SIGNAL,FUNCTIONING PROPERLY,CLEAR,"DARKNESS, LIGHTED ROAD",PEDESTRIAN,NOT DIVIDED,1,STRAIGHT AND LEVEL,DRY,NO DEFECTS,ON SCENE,NO INJURY / DRIVE AWAY,Y,,,"OVER $1,500",11/7/2017 21:20,NOT APPLICABLE,NOT APPLICABLE,748,W,LAWRENCE AVE,2024,,,,,,,2,NO INDICATION OF INJURY,0,0,0,0,0,2,0,21,3,11,41.96928214,-87.64967514,POINT (-87.649675139352 41.969282142444),1
JA503208,,11/7/2017 21:30,30,NO CONTROLS,NO CONTROLS,CLEAR,"DARKNESS, LIGHTED ROAD",SIDESWIPE OPPOSITE DIRECTION,PARKING LOT,,STRAIGHT AND LEVEL,DRY,NO DEFECTS,NOT ON SCENE (DESK REPORT),NO INJURY / DRIVE AWAY,,,,"OVER $1,500",11/7/2017 22:00,IMPROPER BACKING,NOT APPLICABLE,100,W,87TH ST,622,,,,,,,2,NO INDICATION OF INJURY,0,0,0,0,0,2,0,21,3,11,41.73637382,-87.62723157,POINT (-87.627231564567 41.736373820276),1
JA503180,,11/7/2017 21:30,30,NO CONTROLS,NO CONTROLS,CLEAR,"DARKNESS, LIGHTED ROAD",ANGLE,ALLEY,,STRAIGHT AND LEVEL,DRY,NO DEFECTS,NOT ON SCENE (DESK REPORT),NO INJURY / DRIVE AWAY,,,,"OVER $1,500",11/7/2017 21:50,FAILING TO YIELD RIGHT-OF-WAY,UNABLE TO DETERMINE,4829,N,SPRINGFIELD AVE,1712,,,,,,,2,NO INDICATION OF INJURY,0,0,0,0,0,2,0,21,3,11,41.96920368,-87.72548155,POINT (-87.725481548512 41.969203675824),1
JA513968,,11/7/2017 21:30,30,TRAFFIC SIGNAL,FUNCTIONING PROPERLY,CLEAR,"DARKNESS, LIGHTED ROAD",REAR END,OTHER,0,STRAIGHT AND LEVEL,DRY,NO DEFECTS,NOT ON SCENE (DESK REPORT),NO INJURY / DRIVE AWAY,Y,,N,"$501 - $1,500",11/16/2017 12:15,DISTRACTION - FROM INSIDE VEHICLE,NOT APPLICABLE,4800,W,63RD ST,813,,,,,,,2,NO INDICATION OF INJURY,0,0,0,0,0,4,0,21,3,11,41.77853807,-87.74235588,POINT (-87.74235587842 41.778538071066),1
JA503197,,11/7/2017 22:09,30,NO CONTROLS,NO CONTROLS,CLEAR,"DARKNESS, LIGHTED ROAD",SIDESWIPE SAME DIRECTION,DIVIDED - W/MEDIAN BARRIER,4,STRAIGHT AND LEVEL,DRY,NO DEFECTS,ON SCENE,NO INJURY / DRIVE AWAY,,,Y,"OVER $1,500",11/7/2017 22:12,"OPERATING VEHICLE IN ERRATIC, RECKLESS, CARELESS, NEGLIGENT OR AGGRESSIVE MANNER",UNABLE TO DETERMINE,12800,S,HALSTED ST,523,,,,,,,2,NO INDICATION OF INJURY,0,0,0,0,0,2,0,22,3,11,41.66132051,-87.64150297,POINT (-87.641502974491 41.661320509783),1
JA503207,,11/7/2017 22:16,30,TRAFFIC SIGNAL,FUNCTIONING PROPERLY,CLEAR,DARKNESS,REAR END,DIVIDED - W/MEDIAN (NOT RAISED),2,STRAIGHT AND LEVEL,DRY,NO DEFECTS,ON SCENE,NO INJURY / DRIVE AWAY,,,,"$501 - $1,500",11/7/2017 22:20,IMPROPER TURNING/NO SIGNAL,NOT APPLICABLE,6300,S,DR MARTIN LUTHER KING JR DR,312,,,,,,,2,NO INDICATION OF INJURY,0,0,0,0,0,2,0,22,3,11,41.78021132,-87.61576829,POINT (-87.615768291828 41.780211321839),1
JA503200,,11/7/2017 22:25,30,NO CONTROLS,NO CONTROLS,CLEAR,"DARKNESS, LIGHTED ROAD",PARKED MOTOR VEHICLE,NOT DIVIDED,2,STRAIGHT AND LEVEL,DRY,NO DEFECTS,ON SCENE,INJURY AND / OR TOW DUE TO CRASH,,,Y,"OVER $1,500",11/7/2017 22:28,UNABLE TO DETERMINE,NOT APPLICABLE,3735,N,KIMBALL AVE,1733,,,,,,,2,NO INDICATION OF INJURY,0,0,0,0,0,1,0,22,3,11,41.94949014,-87.71264721,POINT (-87.712647211658 41.949490139675),1
JA503219,,11/7/2017 22:30,30,NO CONTROLS,NO CONTROLS,CLEAR,"DARKNESS, LIGHTED ROAD",PARKED MOTOR VEHICLE,ONE-WAY,,STRAIGHT AND LEVEL,DRY,NO DEFECTS,ON SCENE,NO INJURY / DRIVE AWAY,,,,$500 OR LESS,11/7/2017 22:40,DISTRACTION - FROM OUTSIDE VEHICLE,UNABLE TO DETERMINE,7726,S,HERMITAGE AVE,611,,,,,,,2,NO INDICATION OF INJURY,0,0,0,0,0,1,0,22,3,11,41.75312054,-87.66729636,POINT (-87.667296357683 41.753120535381),1
JA503213,,11/7/2017 22:43,30,NO CONTROLS,NO CONTROLS,CLEAR,"DARKNESS, LIGHTED ROAD",FIXED OBJECT,DIVIDED - W/MEDIAN BARRIER,2,STRAIGHT AND LEVEL,DRY,UNKNOWN,ON SCENE,NO INJURY / DRIVE AWAY,,,,$500 OR LESS,11/7/2017 22:43,"EVASIVE ACTION DUE TO ANIMAL, OBJECT, NONMOTORIST","EVASIVE ACTION DUE TO ANIMAL, OBJECT, NONMOTORIST",831,W,73RD ST,733,,,,,,,1,NO INDICATION OF INJURY,0,0,0,0,0,1,0,22,3,11,41.76143483,-87.64546756,POINT (-87.645467557467 41.761434830801),1
JA504598,,11/7/2017 22:45,30,TRAFFIC SIGNAL,FUNCTIONING PROPERLY,CLEAR,"DARKNESS, LIGHTED ROAD",TURNING,ONE-WAY,2,STRAIGHT AND LEVEL,DRY,NO DEFECTS,NOT ON SCENE (DESK REPORT),NO INJURY / DRIVE AWAY,,,,"OVER $1,500",11/7/2017 23:00,FAILING TO YIELD RIGHT-OF-WAY,IMPROPER OVERTAKING/PASSING,200,S,DEARBORN ST,113,,,,,,,2,NO INDICATION OF INJURY,0,0,0,0,0,2,0,22,3,11,41.87937332,-87.62949764,POINT (-87.629497636384 41.879373320875),1
JA503317,,11/7/2017 22:52,35,TRAFFIC SIGNAL,FUNCTIONING PROPERLY,CLEAR,"DARKNESS, LIGHTED ROAD",OTHER OBJECT,DIVIDED - W/MEDIAN BARRIER,6,"CURVE, LEVEL",DRY,NO DEFECTS,ON SCENE,INJURY AND / OR TOW DUE TO CRASH,Y,,,"OVER $1,500",11/7/2017 22:52,UNABLE TO DETERMINE,UNABLE TO DETERMINE,5731,S,LAKE SHORE DR,331,,,,,,,1,NO INDICATION OF INJURY,0,0,0,0,0,1,0,22,3,11,41.79084222,-87.57945148,POINT (-87.579451477274 41.790842223593),1
JA503227,,11/7/2017 22:55,35,STOP SIGN/FLASHER,FUNCTIONING PROPERLY,CLEAR,"DARKNESS, LIGHTED ROAD",ANGLE,NOT DIVIDED,,STRAIGHT AND LEVEL,DRY,NO DEFECTS,ON SCENE,INJURY AND / OR TOW DUE TO CRASH,Y,,,"OVER $1,500",11/7/2017 23:00,UNABLE TO DETERMINE,FAILING TO YIELD RIGHT-OF-WAY,5329,N,ASHLAND AVE,2012,,,,,,,2,NO INDICATION OF INJURY,0,0,0,0,0,2,0,22,3,11,41.97886686,-87.66954168,POINT (-87.66954167794 41.978866860286),1
JA503231,,11/7/2017 23:05,30,TRAFFIC SIGNAL,UNKNOWN,CLEAR,"DARKNESS, LIGHTED ROAD",PEDESTRIAN,NOT DIVIDED,4,STRAIGHT AND LEVEL,DRY,UNKNOWN,ON SCENE,NO INJURY / DRIVE AWAY,Y,,Y,$500 OR LESS,11/7/2017 23:08,UNABLE TO DETERMINE,NOT APPLICABLE,4700,S,WESTERN AVE,922,,,,,,,2,NO INDICATION OF INJURY,0,0,0,0,0,2,0,23,3,11,41.80837841,-87.68457072,POINT (-87.684570716896 41.808378407947),1
JA503255,,11/7/2017 23:32,30,NO CONTROLS,NO CONTROLS,CLEAR,"DARKNESS, LIGHTED ROAD",PARKED MOTOR VEHICLE,NOT DIVIDED,,STRAIGHT AND LEVEL,DRY,NO DEFECTS,ON SCENE,NO INJURY / DRIVE AWAY,,,,"OVER $1,500",11/7/2017 23:40,UNABLE TO DETERMINE,NOT APPLICABLE,1457,W,LELAND AVE,1913,,,,,,,4,NO INDICATION OF INJURY,0,0,0,0,0,1,0,23,3,11,41.96698179,-87.66637941,POINT (-87.666379414262 41.966981792871),1
JA504984,,11/7/2017 23:40,35,NO CONTROLS,NO CONTROLS,FOG/SMOKE/HAZE,DARKNESS,ANIMAL,NOT DIVIDED,4,STRAIGHT AND LEVEL,DRY,NO DEFECTS,NOT ON SCENE (DESK REPORT),NO INJURY / DRIVE AWAY,,,,"OVER $1,500",11/9/2017 11:30,ANIMAL,NOT APPLICABLE,8801,W,IRVING PARK RD,1631,,,,,,,1,NO INDICATION OF INJURY,0,0,0,0,0,3,0,23,3,11,41.9525037,-87.84636088,POINT (-87.846360880347 41.952503701103),1
JA503276,,11/8/2017 0:18,40,NO CONTROLS,NO CONTROLS,CLEAR,"DARKNESS, LIGHTED ROAD",FIXED OBJECT,DIVIDED - W/MEDIAN BARRIER,8,STRAIGHT AND LEVEL,DRY,NO DEFECTS,ON SCENE,INJURY AND / OR TOW DUE TO CRASH,,,Y,"OVER $1,500",11/8/2017 0:18,EXCEEDING AUTHORIZED SPEED LIMIT,HAD BEEN DRINKING (USE WHEN ARREST IS NOT MADE),1200,N,LAKE SHORE DR SB,1824,,,,,,,1,NONINCAPACITATING INJURY,1,0,0,1,0,2,0,0,4,11,41.90407674,-87.62480394,POINT (-87.624803937073 41.904076743028),1
JA503289,,11/8/2017 0:30,30,TRAFFIC SIGNAL,UNKNOWN,CLEAR,"DARKNESS, LIGHTED ROAD",REAR END,DIVIDED - W/MEDIAN BARRIER,6,STRAIGHT AND LEVEL,DRY,UNKNOWN,ON SCENE,INJURY AND / OR TOW DUE TO CRASH,,,N,"OVER $1,500",11/8/2017 0:30,FAILING TO REDUCE SPEED TO AVOID CRASH,NOT APPLICABLE,7101,S,CICERO AVE,833,,Y,,,,,2,NONINCAPACITATING INJURY,2,0,0,2,0,0,0,0,4,11,41.76429247,-87.74175261,POINT (-87.741752607214 41.764292464973),1
JA503301,,11/8/2017 0:30,10,NO CONTROLS,NO CONTROLS,CLEAR,"DARKNESS, LIGHTED ROAD",PARKED MOTOR VEHICLE,PARKING LOT,,STRAIGHT AND LEVEL,DRY,NO DEFECTS,ON SCENE,NO INJURY / DRIVE AWAY,,Y,Y,"$501 - $1,500",11/8/2017 1:20,DRIVING SKILLS/KNOWLEDGE/EXPERIENCE,DRIVING SKILLS/KNOWLEDGE/EXPERIENCE,3001,S,DR MARTIN LUTHER KING JR DR,133,,,,,,,3,NO INDICATION OF INJURY,0,0,0,0,0,1,0,0,4,11,41.84018461,-87.61700654,POINT (-87.617006543002 41.84018461325),1
JA504220,Y,11/8/2017 1:00,30,NO CONTROLS,NO CONTROLS,CLEAR,"DARKNESS, LIGHTED ROAD",PARKED MOTOR VEHICLE,ONE-WAY,,STRAIGHT AND LEVEL,DRY,NO DEFECTS,ON SCENE,NO INJURY / DRIVE AWAY,,,Y,"OVER $1,500",11/8/2017 17:30,UNABLE TO DETERMINE,NOT APPLICABLE,4251,W,HADDON AVE,1111,,,,,,,2,NO INDICATION OF INJURY,0,0,0,0,0,1,0,1,4,11,41.90153724,-87.73322624,POINT (-87.733226240385 41.901537237277),1
JA504049,,11/8/2017 2:02,30,NO CONTROLS,NO CONTROLS,CLEAR,DAYLIGHT,REAR END,NOT DIVIDED,4,STRAIGHT AND LEVEL,DRY,NO DEFECTS,NOT ON SCENE (DESK REPORT),NO INJURY / DRIVE AWAY,,,,"OVER $1,500",11/8/2017 16:00,IMPROPER BACKING,IMPROPER BACKING,2420,W,51ST ST,923,,,,,,,2,NO INDICATION OF INJURY,0,0,0,0,0,2,0,2,4,11,41.8012514,-87.68503553,POINT (-87.685035531611 41.801251403716),1
JA503323,,11/8/2017 2:10,20,NO CONTROLS,NO CONTROLS,CLEAR,UNKNOWN,OTHER OBJECT,ALLEY,,STRAIGHT AND LEVEL,UNKNOWN,UNKNOWN,NOT ON SCENE (DESK REPORT),NO INJURY / DRIVE AWAY,,,,"OVER $1,500",11/8/2017 2:22,UNABLE TO DETERMINE,UNABLE TO DETERMINE,5740,N,SHERIDAN RD,2022,,,,,,,1,NO INDICATION OF INJURY,0,0,0,0,0,2,0,2,4,11,41.98676153,-87.65543234,POINT (-87.655432344295 41.986761534199),1
JA503334,,11/8/2017 3:07,30,NO CONTROLS,UNKNOWN,CLEAR,"DARKNESS, LIGHTED ROAD",SIDESWIPE SAME DIRECTION,NOT DIVIDED,4,STRAIGHT AND LEVEL,DRY,UNKNOWN,ON SCENE,INJURY AND / OR TOW DUE TO CRASH,,,,"OVER $1,500",11/8/2017 3:07,UNABLE TO DETERMINE,NOT APPLICABLE,398,N,STATE ST,1831,,,,,,,2,NO INDICATION OF INJURY,0,0,0,0,0,2,0,3,4,11,41.88919261,-87.6281949,POINT (-87.628194899842 41.889192612887),1
JA503345,,11/8/2017 3:25,25,NO CONTROLS,NO CONTROLS,CLEAR,"DARKNESS, LIGHTED ROAD",PARKED MOTOR VEHICLE,ONE-WAY,1,STRAIGHT AND LEVEL,DRY,NO DEFECTS,ON SCENE,INJURY AND / OR TOW DUE TO CRASH,,,Y,"OVER $1,500",11/8/2017 3:30,UNABLE TO DETERMINE,UNABLE TO DETERMINE,3139,N,WASHTENAW AVE,1411,,,,,,,4,NO INDICATION OF INJURY,0,0,0,0,0,1,0,3,4,11,41.93894643,-87.69513434,POINT (-87.695134340564 41.938946428192),1
JA503350,,11/8/2017 4:15,30,NO CONTROLS,NO CONTROLS,CLEAR,"DARKNESS, LIGHTED ROAD",HEAD ON,NOT DIVIDED,2,STRAIGHT AND LEVEL,DRY,NO DEFECTS,ON SCENE,INJURY AND / OR TOW DUE TO CRASH,,,Y,"OVER $1,500",11/8/2017 4:15,NOT APPLICABLE,DRIVING ON WRONG SIDE/WRONG WAY,4637,W,ARMITAGE AVE,2533,,Y,,,,,3,NONINCAPACITATING INJURY,1,0,0,1,0,1,0,4,4,11,41.91686094,-87.7429,POINT (-87.742900004271 41.916860935726),1
JA503354,,11/8/2017 4:40,30,NO CONTROLS,NO CONTROLS,CLEAR,"DARKNESS, LIGHTED ROAD",SIDESWIPE SAME DIRECTION,NOT DIVIDED,4,STRAIGHT AND LEVEL,DRY,NO DEFECTS,ON SCENE,NO INJURY / DRIVE AWAY,,,,"$501 - $1,500",11/8/2017 4:43,IMPROPER OVERTAKING/PASSING,FAILING TO YIELD RIGHT-OF-WAY,4412,N,CICERO AVE,1623,,,,,,,2,NO INDICATION OF INJURY,0,0,0,0,0,2,0,4,4,11,41.96112245,-87.74771205,POINT (-87.747712054046 41.961122454078),1
JA503355,Y,11/8/2017 4:50,30,UNKNOWN,UNKNOWN,CLEAR,"DARKNESS, LIGHTED ROAD",OVERTURNED,DIVIDED - W/MEDIAN BARRIER,,"CURVE, LEVEL",UNKNOWN,UNKNOWN,ON SCENE,INJURY AND / OR TOW DUE TO CRASH,,,,"OVER $1,500",11/8/2017 4:52,UNABLE TO DETERMINE,NOT APPLICABLE,6959,S,VINCENNES AVE,731,,,,,,,1,NONINCAPACITATING INJURY,1,0,0,1,0,0,0,4,4,11,41.76735,-87.62675615,POINT (-87.626756153368 41.767349997202),1
JA503363,,11/8/2017 5:14,30,NO CONTROLS,NO CONTROLS,CLEAR,"DARKNESS, LIGHTED ROAD",REAR END,NOT DIVIDED,4,STRAIGHT AND LEVEL,DRY,NO DEFECTS,ON SCENE,INJURY AND / OR TOW DUE TO CRASH,,,,"OVER $1,500",11/8/2017 5:20,FOLLOWING TOO CLOSELY,PHYSICAL CONDITION OF DRIVER,6350,N,HARLEM AVE,1612,,,,,,,2,NO INDICATION OF INJURY,0,0,0,0,0,2,0,5,4,11,41.99693256,-87.80694863,POINT (-87.806948630241 41.996932559659),1
JA503379,,11/8/2017 5:30,30,STOP SIGN/FLASHER,FUNCTIONING PROPERLY,CLEAR,"DARKNESS, LIGHTED ROAD",TURNING,DIVIDED - W/MEDIAN (NOT RAISED),0,STRAIGHT AND LEVEL,DRY,NO DEFECTS,ON SCENE,INJURY AND / OR TOW DUE TO CRASH,Y,,,"OVER $1,500",11/8/2017 5:45,FAILING TO YIELD RIGHT-OF-WAY,FAILING TO REDUCE SPEED TO AVOID CRASH,2058,S,CANALPORT AVE,1235,,,,,,,2,NONINCAPACITATING INJURY,1,0,0,1,0,1,0,5,4,11,41.85474137,-87.64678552,POINT (-87.646785518767 41.854741372323),1
JA503387,,11/8/2017 5:30,30,NO CONTROLS,NO CONTROLS,CLEAR,"DARKNESS, LIGHTED ROAD",PEDESTRIAN,ONE-WAY,1,STRAIGHT AND LEVEL,DRY,OTHER,NOT ON SCENE (DESK REPORT),INJURY AND / OR TOW DUE TO CRASH,,,Y,$500 OR LESS,11/8/2017 6:01,FAILING TO YIELD RIGHT-OF-WAY,NOT APPLICABLE,3458,N,LAVERGNE AVE,1634,,,,Y,CONSTRUCTION,,2,NONINCAPACITATING INJURY,1,0,0,1,0,1,0,5,4,11,41.94419005,-87.75209687,POINT (-87.752096872727 41.944190044915),1
JA503371,,11/8/2017 5:38,30,TRAFFIC SIGNAL,UNKNOWN,CLEAR,DAWN,PARKED MOTOR VEHICLE,NOT DIVIDED,,STRAIGHT AND LEVEL,DRY,NO DEFECTS,ON SCENE,INJURY AND / OR TOW DUE TO CRASH,Y,,N,"OVER $1,500",11/8/2017 5:51,EXCEEDING AUTHORIZED SPEED LIMIT,NOT APPLICABLE,3480,N,LAKE SHORE DR,1925,,,,,,,4,"REPORTED, NOT EVIDENT",1,0,0,0,1,0,0,5,4,11,41.9460984,-87.64215459,POINT (-87.642154587067 41.946098395531),1
JA503503,,11/8/2017 5:40,30,RAILROAD CROSSING GATE,NOT FUNCTIONING,CLEAR,DARKNESS,SIDESWIPE SAME DIRECTION,NOT DIVIDED,2,STRAIGHT AND LEVEL,DRY,NO DEFECTS,NOT ON SCENE (DESK REPORT),NO INJURY / DRIVE AWAY,,,,"OVER $1,500",11/8/2017 9:03,IMPROPER LANE USAGE,NOT APPLICABLE,356,N,KILBOURN AVE,1113,,,,,,,2,NO INDICATION OF INJURY,0,0,0,0,0,2,0,5,4,11,41.88688347,-87.73828039,POINT (-87.738280392188 41.886883472012),1
JA503382,,11/8/2017 6:00,30,TRAFFIC SIGNAL,UNKNOWN,CLEAR,"DARKNESS, LIGHTED ROAD",SIDESWIPE SAME DIRECTION,DIVIDED - W/MEDIAN (NOT RAISED),2,STRAIGHT AND LEVEL,DRY,NO DEFECTS,NOT ON SCENE (DESK REPORT),NO INJURY / DRIVE AWAY,,,,"OVER $1,500",11/8/2017 6:25,UNABLE TO DETERMINE,UNABLE TO DETERMINE,5605,W,ADDISON ST,1633,,,,,,,2,NO INDICATION OF INJURY,0,0,0,0,0,2,0,6,4,11,41.94576393,-87.7670268,POINT (-87.767026798197 41.945763933837),1
JA504013,,11/8/2017 6:00,30,NO CONTROLS,NO CONTROLS,CLEAR,DAYLIGHT,PARKED MOTOR VEHICLE,NOT DIVIDED,2,STRAIGHT AND LEVEL,DRY,NO DEFECTS,NOT ON SCENE (DESK REPORT),NO INJURY / DRIVE AWAY,,,Y,"OVER $1,500",11/8/2017 15:53,UNABLE TO DETERMINE,NOT APPLICABLE,810,W,KINZIE ST,1214,,,,,,,2,NO INDICATION OF INJURY,0,0,0,0,0,1,0,6,4,11,41.88915485,-87.64797862,POINT (-87.647978615504 41.889154848698),1
JA503378,,11/8/2017 6:10,30,TRAFFIC SIGNAL,FUNCTIONING PROPERLY,CLEAR,"DARKNESS, LIGHTED ROAD",ANGLE,OTHER,5,STRAIGHT AND LEVEL,DRY,NO DEFECTS,ON SCENE,INJURY AND / OR TOW DUE TO CRASH,Y,,,"OVER $1,500",11/8/2017 6:15,FAILING TO YIELD RIGHT-OF-WAY,FAILING TO REDUCE SPEED TO AVOID CRASH,3637,W,DIVISION ST,1112,,,,,,,2,NO INDICATION OF INJURY,0,0,0,0,0,2,0,6,4,11,41.90263376,-87.71793124,POINT (-87.717931238949 41.902633755647),1
JA503398,,11/8/2017 6:30,20,STOP SIGN/FLASHER,FUNCTIONING PROPERLY,CLEAR,DAWN,ANGLE,DIVIDED - W/MEDIAN BARRIER,2,STRAIGHT AND LEVEL,DRY,NO DEFECTS,ON SCENE,NO INJURY / DRIVE AWAY,Y,,Y,"OVER $1,500",11/8/2017 6:45,FAILING TO YIELD RIGHT-OF-WAY,DISREGARDING STOP SIGN,7700,S,MORGAN ST,612,,,,,,,2,NO INDICATION OF INJURY,0,0,0,0,0,2,0,6,4,11,41.75411721,-87.6491327,POINT (-87.649132703406 41.754117206136),1
JA503395,,11/8/2017 6:35,30,TRAFFIC SIGNAL,FUNCTIONING PROPERLY,CLEAR,DAYLIGHT,TURNING,NOT DIVIDED,4,STRAIGHT AND LEVEL,DRY,NO DEFECTS,ON SCENE,INJURY AND / OR TOW DUE TO CRASH,Y,,,"OVER $1,500",11/8/2017 6:45,FAILING TO YIELD RIGHT-OF-WAY,NOT APPLICABLE,4358,N,NARRAGANSETT AVE,1632,,,,,,,3,"REPORTED, NOT EVIDENT",1,0,0,0,1,2,0,6,4,11,41.96012642,-87.78694927,POINT (-87.7869492733 41.960126418241),1
JA503407,,11/8/2017 6:50,45,TRAFFIC SIGNAL,FUNCTIONING PROPERLY,CLEAR,DAYLIGHT,REAR END,DIVIDED - W/MEDIAN (NOT RAISED),8,STRAIGHT AND LEVEL,DRY,NO DEFECTS,NOT ON SCENE (DESK REPORT),NO INJURY / DRIVE AWAY,,,,"OVER $1,500",11/8/2017 7:17,UNABLE TO DETERMINE,UNABLE TO DETERMINE,101,S,LAKE SHORE DR NB,114,,,,,,,2,NO INDICATION OF INJURY,0,0,0,0,0,2,0,6,4,11,41.88085693,-87.61710338,POINT (-87.617103384378 41.880856926277),1
JA503396,Y,11/8/2017 7:00,20,NO CONTROLS,NO CONTROLS,UNKNOWN,UNKNOWN,PARKED MOTOR VEHICLE,NOT DIVIDED,,STRAIGHT AND LEVEL,UNKNOWN,NO DEFECTS,ON SCENE,NO INJURY / DRIVE AWAY,,,Y,"OVER $1,500",11/8/2017 7:00,UNABLE TO DETERMINE,UNABLE TO DETERMINE,859,W,CASTLEWOOD TER,2024,,,,,,,2,NO INDICATION OF INJURY,0,0,0,0,0,1,0,7,4,11,41.97072934,-87.65240745,POINT (-87.652407450441 41.97072934036),1
JA506227,,11/8/2017 7:00,30,TRAFFIC SIGNAL,FUNCTIONING PROPERLY,CLEAR,DAYLIGHT,REAR END,NOT DIVIDED,4,STRAIGHT AND LEVEL,DRY,NO DEFECTS,NOT ON SCENE (DESK REPORT),NO INJURY / DRIVE AWAY,Y,,,"OVER $1,500",11/10/2017 10:27,FOLLOWING TOO CLOSELY,NOT APPLICABLE,4800,S,ASHLAND AVE,931,,,,,,,2,NO INDICATION OF INJURY,0,0,0,0,0,4,0,7,4,11,41.80668905,-87.665065,POINT (-87.665065002859 41.806689045263),1
JA503402,,11/8/2017 7:00,30,NO CONTROLS,NO CONTROLS,CLEAR,DAYLIGHT,REAR END,NOT DIVIDED,,STRAIGHT AND LEVEL,DRY,NO DEFECTS,NOT ON SCENE (DESK REPORT),NO INJURY / DRIVE AWAY,,,Y,"$501 - $1,500",11/8/2017 7:30,FOLLOWING TOO CLOSELY,UNABLE TO DETERMINE,3214,N,ELSTON AVE,1733,,,,,,,2,NO INDICATION OF INJURY,0,0,0,0,0,2,0,7,4,11,41.93966442,-87.69893688,POINT (-87.698936876745 41.93966441609),1
JA503456,,11/8/2017 7:00,30,NO CONTROLS,NO CONTROLS,CLEAR,DAYLIGHT,TURNING,ONE-WAY,,STRAIGHT AND LEVEL,DRY,NO DEFECTS,NOT ON SCENE (DESK REPORT),NO INJURY / DRIVE AWAY,,,,"$501 - $1,500",11/8/2017 7:56,UNABLE TO DETERMINE,UNABLE TO DETERMINE,5500,S,WELLS ST,711,,,,,,,2,NO INDICATION OF INJURY,0,0,0,0,0,2,0,7,4,11,41.79419949,-87.63192548,POINT (-87.631925482492 41.794199485414),1
JA503563,,11/8/2017 7:00,10,NO CONTROLS,NO CONTROLS,CLEAR,"DARKNESS, LIGHTED ROAD",PARKED MOTOR VEHICLE,PARKING LOT,,STRAIGHT AND LEVEL,DRY,NO DEFECTS,NOT ON SCENE (DESK REPORT),NO INJURY / DRIVE AWAY,,,,"$501 - $1,500",11/8/2017 9:50,UNABLE TO DETERMINE,UNABLE TO DETERMINE,4659,S,CICERO AVE,815,,,,,,,2,NO INDICATION OF INJURY,0,0,0,0,0,1,0,7,4,11,41.80771577,-87.74300685,POINT (-87.743006844919 41.807715767819),1