RD_NO,CRASH_DATE_EST_I,CRASH_DATE,POSTED_SPEED_LIMIT,TRAFFIC_CONTROL_DEVICE,DEVICE_CONDITION,WEATHER_CONDITION,LIGHTING_CONDITION,FIRST_CRASH_TYPE,TRAFFICWAY_TYPE,LANE_CNT,ALIGNMENT,ROADWAY_SURFACE_COND,ROAD_DEFECT,REPORT_TYPE,CRASH_TYPE,INTERSECTION_RELATED_I,NOT_RIGHT_OF_WAY_I,HIT_AND_RUN_I,DAMAGE,DATE_POLICE_NOTIFIED,PRIM_CONTRIBUTORY_CAUSE,SEC_CONTRIBUTORY_CAUSE,STREET_NO,STREET_DIRECTION,STREET_NAME,BEAT_OF_OCCURRENCE,PHOTOS_TAKEN_I,STATEMENTS_TAKEN_I,DOORING_I,WORK_ZONE_I,WORK_ZONE_TYPE,WORKERS_PRESENT_I,NUM_UNITS,MOST_SEVERE_INJURY,INJURIES_TOTAL,INJURIES_FATAL,INJURIES_INCAPACITATING,INJURIES_NON_INCAPACITATING,INJURIES_REPORTED_NOT_EVIDENT,INJURIES_NO_INDICATION,INJURIES_UNKNOWN,CRASH_HOUR,CRASH_DAY_OF_WEEK,CRASH_MONTH,LATITUDE,LONGITUDE,LOCATION,Join
JA503513,,11/8/2017 8:34,30,STOP SIGN/FLASHER,FUNCTIONING PROPERLY,CLEAR,DAYLIGHT,PEDALCYCLIST,NOT DIVIDED,2,STRAIGHT AND LEVEL,DRY,NO DEFECTS,ON SCENE,INJURY AND / OR TOW DUE TO CRASH,Y,,,"$501 - $1,500",11/8/2017 8:37,FAILING TO YIELD RIGHT-OF-WAY,FAILING TO YIELD RIGHT-OF-WAY,3700,S,PARNELL AVE,915,,Y,N,,,,2,INCAPACITATING INJURY,1,0,1,0,0,1,0,8,4,11,41.82708989,-87.64007026,POINT (-87.640070262363 41.827089891249),1
JA503588,,11/8/2017 8:35,30,TRAFFIC SIGNAL,FUNCTIONING PROPERLY,CLEAR,DAYLIGHT,REAR END,NOT DIVIDED,,STRAIGHT AND LEVEL,DRY,NO DEFECTS,NOT ON SCENE (DESK REPORT),NO INJURY / DRIVE AWAY,,,,"$501 - $1,500",11/8/2017 9:56,UNABLE TO DETERMINE,UNABLE TO DETERMINE,8400,S,ANTHONY AVE,412,,,,,,,2,NO INDICATION OF INJURY,0,0,0,0,0,2,0,8,4,11,41.74242215,-87.57617574,POINT (-87.57617573812 41.742422150376),1
JA503496,,11/8/2017 8:40,30,NO CONTROLS,NO CONTROLS,CLEAR,DAYLIGHT,ANGLE,NOT DIVIDED,2,STRAIGHT AND LEVEL,DRY,NO DEFECTS,ON SCENE,NO INJURY / DRIVE AWAY,Y,,,"OVER $1,500",11/8/2017 8:45,FAILING TO YIELD RIGHT-OF-WAY,UNABLE TO DETERMINE,5400,N,NAGLE AVE,1613,,,,,,,2,NO INDICATION OF INJURY,0,0,0,0,0,3,0,8,4,11,41.97936406,-87.78795077,POINT (-87.787950772066 41.979364061738),1
JA503511,,11/8/2017 8:45,35,TRAFFIC SIGNAL,FUNCTIONING PROPERLY,CLEAR,DAYLIGHT,SIDESWIPE SAME DIRECTION,DIVIDED - W/MEDIAN (NOT RAISED),4,STRAIGHT AND LEVEL,DRY,NO DEFECTS,ON SCENE,NO INJURY / DRIVE AWAY,,,,"OVER $1,500",11/8/2017 8:53,IMPROPER OVERTAKING/PASSING,FAILING TO YIELD RIGHT-OF-WAY,4903,W,NORTH AVE,2533,,,,,,,2,NO INDICATION OF INJURY,0,0,0,0,0,2,0,8,4,11,41.90948118,-87.74877736,POINT (-87.748777358941 41.909481181159),1
JA504018,,11/8/2017 8:45,30,TRAFFIC SIGNAL,FUNCTIONING PROPERLY,CLEAR,DAYLIGHT,REAR END,NOT DIVIDED,,STRAIGHT AND LEVEL,DRY,NO DEFECTS,NOT ON SCENE (DESK REPORT),NO INJURY / DRIVE AWAY,,,,"OVER $1,500",11/8/2017 16:00,FOLLOWING TOO CLOSELY,FOLLOWING TOO CLOSELY,1039,W,BRYN MAWR AVE,2023,,,,,,,2,NO INDICATION OF INJURY,0,0,0,0,0,2,0,8,4,11,41.98357123,-87.65675393,POINT (-87.656753930343 41.983571230842),1
JA503524,,11/8/2017 8:45,30,TRAFFIC SIGNAL,FUNCTIONING PROPERLY,CLEAR,DAYLIGHT,REAR END,DIVIDED - W/MEDIAN (NOT RAISED),2,STRAIGHT AND LEVEL,DRY,NO DEFECTS,NOT ON SCENE (DESK REPORT),NO INJURY / DRIVE AWAY,,,,"OVER $1,500",11/8/2017 9:15,EXCEEDING AUTHORIZED SPEED LIMIT,FOLLOWING TOO CLOSELY,2200,N,LARAMIE AVE,2515,,,,,,,2,NO INDICATION OF INJURY,0,0,0,0,0,2,0,8,4,11,41.92054614,-87.75619186,POINT (-87.756191863247 41.920546141917),1
JA503515,,11/8/2017 8:50,30,NO CONTROLS,NO CONTROLS,RAIN,DAYLIGHT,SIDESWIPE SAME DIRECTION,NOT DIVIDED,,STRAIGHT AND LEVEL,DRY,NO DEFECTS,ON SCENE,INJURY AND / OR TOW DUE TO CRASH,,,,"OVER $1,500",11/8/2017 8:53,FAILING TO YIELD RIGHT-OF-WAY,FAILING TO YIELD RIGHT-OF-WAY,547,E,115TH ST,532,,,,,,,2,NONINCAPACITATING INJURY,2,0,0,2,0,2,0,8,4,11,41.68534838,-87.6096962,POINT (-87.609696199571 41.685348383263),1
JA523812,,11/8/2017 8:50,30,NO CONTROLS,NO CONTROLS,CLEAR,DAYLIGHT,OTHER NONCOLLISION,DIVIDED - W/MEDIAN (NOT RAISED),2,STRAIGHT AND LEVEL,DRY,"RUT, HOLES",NOT ON SCENE (DESK REPORT),NO INJURY / DRIVE AWAY,,,,$500 OR LESS,11/24/2017 17:20,UNABLE TO DETERMINE,UNABLE TO DETERMINE,3853,W,ADDISON ST,1732,,,,,,,1,NO INDICATION OF INJURY,0,0,0,0,0,1,0,8,4,11,41.94629866,-87.72466099,POINT (-87.724660991003 41.946298659107),1
JA503516,,11/8/2017 8:55,30,NO CONTROLS,NO CONTROLS,CLEAR,DAYLIGHT,REAR END,DIVIDED - W/MEDIAN (NOT RAISED),2,STRAIGHT AND LEVEL,DRY,NO DEFECTS,ON SCENE,INJURY AND / OR TOW DUE TO CRASH,,,,"OVER $1,500",11/8/2017 9:00,UNABLE TO DETERMINE,UNABLE TO DETERMINE,724,W,47TH ST,925,,,,,,,2,"REPORTED, NOT EVIDENT",1,0,0,0,1,3,0,8,4,11,41.80899421,-87.64427146,POINT (-87.644271460411 41.808994209672),1
JA503802,,11/8/2017 9:00,30,NO CONTROLS,NO CONTROLS,CLEAR,DAYLIGHT,PARKED MOTOR VEHICLE,NOT DIVIDED,2,STRAIGHT AND LEVEL,DRY,NO DEFECTS,NOT ON SCENE (DESK REPORT),NO INJURY / DRIVE AWAY,,,Y,"$501 - $1,500",11/8/2017 14:00,UNABLE TO DETERMINE,UNABLE TO DETERMINE,4775,N,LINDER AVE,1623,,,,,,,2,NO INDICATION OF INJURY,0,0,0,0,0,1,0,9,4,11,41.96774024,-87.76487402,POINT (-87.764874021241 41.967740238801),1
JA503556,,11/8/2017 9:00,25,NO CONTROLS,NO CONTROLS,CLEAR,DAYLIGHT,PARKED MOTOR VEHICLE,NOT DIVIDED,,STRAIGHT AND LEVEL,DRY,NO DEFECTS,NOT ON SCENE (DESK REPORT),NO INJURY / DRIVE AWAY,,,,"OVER $1,500",11/8/2017 9:30,UNABLE TO DETERMINE,NOT APPLICABLE,5245,W,BELDEN AVE,2515,Y,,,,,,2,NO INDICATION OF INJURY,0,0,0,0,0,2,0,9,4,11,41.92214827,-87.7579331,POINT (-87.757933099844 41.922148267274),1
JA503910,,11/8/2017 9:00,30,NO CONTROLS,NO CONTROLS,CLEAR,DAYLIGHT,SIDESWIPE SAME DIRECTION,DIVIDED - W/MEDIAN (NOT RAISED),,STRAIGHT AND LEVEL,DRY,NO DEFECTS,NOT ON SCENE (DESK REPORT),NO INJURY / DRIVE AWAY,,,,"OVER $1,500",11/8/2017 14:35,IMPROPER LANE USAGE,IMPROPER LANE USAGE,1105,W,CHICAGO AVE,1215,,,,,,,2,NO INDICATION OF INJURY,0,0,0,0,0,2,0,9,4,11,41.89615635,-87.65547454,POINT (-87.655474544459 41.896156346949),1
JA503529,,11/8/2017 9:00,30,NO CONTROLS,NO CONTROLS,CLEAR,DAYLIGHT,ANGLE,DIVIDED - W/MEDIAN (NOT RAISED),,STRAIGHT AND LEVEL,DRY,NO DEFECTS,NOT ON SCENE (DESK REPORT),NO INJURY / DRIVE AWAY,,,,"OVER $1,500",11/8/2017 9:25,FAILING TO YIELD RIGHT-OF-WAY,FOLLOWING TOO CLOSELY,4300,N,KILPATRICK AVE,1722,,,,,,,2,NO INDICATION OF INJURY,0,0,0,0,0,3,0,9,4,11,41.95889678,-87.74595307,POINT (-87.745953069911 41.958896781183),1
JA506776,,11/8/2017 9:00,30,NO CONTROLS,NO CONTROLS,CLEAR,UNKNOWN,PARKED MOTOR VEHICLE,ONE-WAY,3,STRAIGHT AND LEVEL,DRY,NO DEFECTS,NOT ON SCENE (DESK REPORT),NO INJURY / DRIVE AWAY,,,Y,"OVER $1,500",11/10/2017 16:40,IMPROPER BACKING,NOT APPLICABLE,744,N,WOLCOTT AVE,1221,,,,,,,2,NO INDICATION OF INJURY,0,0,0,0,0,1,0,9,4,11,41.89545808,-87.67474288,POINT (-87.674742880113 41.895458077799),1
JA503762,,11/8/2017 9:00,30,TRAFFIC SIGNAL,FUNCTIONING PROPERLY,CLEAR,DAYLIGHT,REAR END,DIVIDED - W/MEDIAN (NOT RAISED),4,STRAIGHT AND LEVEL,DRY,NO DEFECTS,NOT ON SCENE (DESK REPORT),NO INJURY / DRIVE AWAY,,,,"OVER $1,500",11/8/2017 12:40,UNABLE TO DETERMINE,NOT APPLICABLE,700,S,COLUMBUS DR,114,,,,,,,2,NO INDICATION OF INJURY,0,0,0,0,0,2,0,9,4,11,41.87314833,-87.62073886,POINT (-87.620738859591 41.873148327225),1
JA503666,,11/8/2017 9:05,30,TRAFFIC SIGNAL,FUNCTIONING PROPERLY,CLEAR,DAYLIGHT,REAR END,DIVIDED - W/MEDIAN (NOT RAISED),2,STRAIGHT AND LEVEL,DRY,NO DEFECTS,NOT ON SCENE (DESK REPORT),INJURY AND / OR TOW DUE TO CRASH,,,,"OVER $1,500",11/8/2017 11:15,FOLLOWING TOO CLOSELY,NOT APPLICABLE,7130,S,JEFFERY BLVD,333,,,,,,,2,"REPORTED, NOT EVIDENT",1,0,0,0,1,2,0,9,4,11,41.76518528,-87.57642628,POINT (-87.576426279403 41.76518527516),1
JA506323,,11/8/2017 9:10,30,TRAFFIC SIGNAL,FUNCTIONING PROPERLY,CLEAR,DAYLIGHT,REAR END,DIVIDED - W/MEDIAN (NOT RAISED),,STRAIGHT AND LEVEL,DRY,NO DEFECTS,NOT ON SCENE (DESK REPORT),NO INJURY / DRIVE AWAY,,,,"$501 - $1,500",11/10/2017 11:37,FOLLOWING TOO CLOSELY,FOLLOWING TOO CLOSELY,2200,S,WENTWORTH AVE,914,,,,,,,2,NO INDICATION OF INJURY,0,0,0,0,0,2,0,9,4,11,41.85281668,-87.63215529,POINT (-87.632155289181 41.852816681706),1
JA503525,Y,11/8/2017 9:15,30,NO CONTROLS,NO CONTROLS,CLEAR,DAYLIGHT,REAR END,DIVIDED - W/MEDIAN (NOT RAISED),4,STRAIGHT AND LEVEL,DRY,NO DEFECTS,ON SCENE,INJURY AND / OR TOW DUE TO CRASH,,,,"OVER $1,500",11/8/2017 9:16,UNABLE TO DETERMINE,UNABLE TO DETERMINE,2433,N,WESTERN AVE,1432,,,,,,,2,NO INDICATION OF INJURY,0,0,0,0,0,2,0,9,4,11,41.92596883,-87.68753477,POINT (-87.687534771646 41.925968832276),1
JA517096,,11/8/2017 9:20,30,NO CONTROLS,NO CONTROLS,CLEAR,DAYLIGHT,REAR END,NOT DIVIDED,4,STRAIGHT AND LEVEL,DRY,NO DEFECTS,NOT ON SCENE (DESK REPORT),NO INJURY / DRIVE AWAY,,,,"OVER $1,500",11/18/2017 19:13,FOLLOWING TOO CLOSELY,UNABLE TO DETERMINE,5444,N,CUMBERLAND AVE,1614,,,,,,,2,NO INDICATION OF INJURY,0,0,0,0,0,2,0,9,4,11,41.97880762,-87.83673509,POINT (-87.836735084783 41.978807623905),1
JA505240,,11/8/2017 9:20,30,NO CONTROLS,NO CONTROLS,CLEAR,DAYLIGHT,ANGLE,NOT DIVIDED,2,STRAIGHT AND LEVEL,DRY,NO DEFECTS,NOT ON SCENE (DESK REPORT),NO INJURY / DRIVE AWAY,Y,,,"OVER $1,500",11/9/2017 14:53,FAILING TO YIELD RIGHT-OF-WAY,NOT APPLICABLE,6200,N,HARLEM AVE,1612,,,,,,,2,NO INDICATION OF INJURY,0,0,0,0,0,2,0,9,4,11,41.99358308,-87.80698377,POINT (-87.806983767169 41.993583080763),1
JA505868,,11/8/2017 9:22,30,TRAFFIC SIGNAL,FUNCTIONING PROPERLY,CLEAR,DAYLIGHT,TURNING,NOT DIVIDED,,STRAIGHT AND LEVEL,DRY,NO DEFECTS,NOT ON SCENE (DESK REPORT),NO INJURY / DRIVE AWAY,,,,"$501 - $1,500",11/10/2017 0:15,UNABLE TO DETERMINE,NOT APPLICABLE,5522,N,NAGLE AVE,1613,,,,,,,2,NO INDICATION OF INJURY,0,0,0,0,0,6,0,9,4,11,41.98187623,-87.78790055,POINT (-87.787900546866 41.981876229085),1
JA506108,,11/8/2017 9:30,35,NO CONTROLS,NO CONTROLS,CLEAR,DAYLIGHT,REAR END,DIVIDED - W/MEDIAN (NOT RAISED),6,STRAIGHT AND LEVEL,DRY,NO DEFECTS,NOT ON SCENE (DESK REPORT),NO INJURY / DRIVE AWAY,,,,"OVER $1,500",11/10/2017 9:30,EXCEEDING SAFE SPEED FOR CONDITIONS,FAILING TO REDUCE SPEED TO AVOID CRASH,800,N,FRANKLIN ST,1823,,,,,,,2,NO INDICATION OF INJURY,0,0,0,0,0,2,0,9,4,11,41.89662149,-87.63584071,POINT (-87.63584070765 41.896621488199),1
JA505479,,11/8/2017 9:30,15,NO CONTROLS,NO CONTROLS,CLEAR,DAYLIGHT,FIXED OBJECT,ALLEY,,STRAIGHT AND LEVEL,DRY,NO DEFECTS,NOT ON SCENE (DESK REPORT),NO INJURY / DRIVE AWAY,,,,"$501 - $1,500",11/9/2017 18:45,IMPROPER BACKING,NOT APPLICABLE,708,W,111TH ST,2233,,,,,,,1,NO INDICATION OF INJURY,0,0,0,0,0,1,0,9,4,11,41.69248894,-87.64035396,POINT (-87.640353961025 41.692488941333),1
JA503567,,11/8/2017 9:40,30,TRAFFIC SIGNAL,FUNCTIONING PROPERLY,CLEAR,"DARKNESS, LIGHTED ROAD",TURNING,DIVIDED - W/MEDIAN BARRIER,3,STRAIGHT AND LEVEL,DRY,NO DEFECTS,NOT ON SCENE (DESK REPORT),NO INJURY / DRIVE AWAY,,,,"OVER $1,500",11/8/2017 10:00,UNABLE TO DETERMINE,NOT APPLICABLE,340,E,LOWER WACKER DR,114,,,,,,,2,NO INDICATION OF INJURY,0,0,0,0,0,2,0,9,4,11,41.88794808,-87.61879675,POINT (-87.618796750713 41.88794808169),1
JA503590,,11/8/2017 9:45,10,NO CONTROLS,NO CONTROLS,CLEAR,DAYLIGHT,FIXED OBJECT,PARKING LOT,,STRAIGHT AND LEVEL,DRY,NO DEFECTS,ON SCENE,NO INJURY / DRIVE AWAY,,Y,,"OVER $1,500",11/8/2017 9:50,UNABLE TO DETERMINE,UNABLE TO DETERMINE,3230,W,ARMITAGE AVE,1413,,,,,,,1,NO INDICATION OF INJURY,0,0,0,0,0,2,0,9,4,11,41.91749465,-87.70826581,POINT (-87.708265807846 41.917494651902),1
JA503591,,11/8/2017 9:45,35,LANE USE MARKING,WORN REFLECTIVE MATERIAL,CLEAR,DAYLIGHT,SIDESWIPE SAME DIRECTION,DIVIDED - W/MEDIAN (NOT RAISED),5,STRAIGHT AND LEVEL,DRY,NO DEFECTS,ON SCENE,NO INJURY / DRIVE AWAY,,,,"OVER $1,500",11/8/2017 10:00,IMPROPER LANE USAGE,FAILING TO YIELD RIGHT-OF-WAY,10000,W,OHARE ST,1651,,,,,,,2,NO INDICATION OF INJURY,0,0,0,0,0,2,0,9,4,11,41.97620114,-87.90530913,POINT (-87.905309125103 41.976201139024),1
JA503604,,11/8/2017 9:47,45,NO CONTROLS,NO CONTROLS,CLEAR,DAYLIGHT,REAR END,DIVIDED - W/MEDIAN BARRIER,4,STRAIGHT AND LEVEL,DRY,NO DEFECTS,ON SCENE,INJURY AND / OR TOW DUE TO CRASH,,,,"OVER $1,500",11/8/2017 9:48,UNABLE TO DETERMINE,NOT APPLICABLE,2920,N,LAKE SHORE DR SB,1934,,,,,,,3,NONINCAPACITATING INJURY,3,0,0,1,2,0,0,9,4,11,41.93505958,-87.63281649,POINT (-87.632816491101 41.935059577137),1
JA503792,,11/8/2017 9:50,30,TRAFFIC SIGNAL,FUNCTIONING PROPERLY,CLEAR,DAYLIGHT,REAR END,DIVIDED - W/MEDIAN BARRIER,4,STRAIGHT AND LEVEL,DRY,NO DEFECTS,NOT ON SCENE (DESK REPORT),NO INJURY / DRIVE AWAY,,,,"OVER $1,500",11/8/2017 13:04,FOLLOWING TOO CLOSELY,FOLLOWING TOO CLOSELY,6311,S,CICERO AVE,813,,,,,,,2,NO INDICATION OF INJURY,0,0,0,0,0,2,0,9,4,11,41.77805762,-87.74213434,POINT (-87.742134338193 41.778057623611),1
JA503614,,11/8/2017 9:55,30,TRAFFIC SIGNAL,FUNCTIONING PROPERLY,CLEAR,DAYLIGHT,TURNING,DIVIDED - W/MEDIAN (NOT RAISED),,STRAIGHT AND LEVEL,DRY,NO DEFECTS,ON SCENE,NO INJURY / DRIVE AWAY,,,Y,"$501 - $1,500",11/8/2017 10:15,IMPROPER TURNING/NO SIGNAL,FOLLOWING TOO CLOSELY,830,N,CALIFORNIA AVE,1211,,,,,,,2,NO INDICATION OF INJURY,0,0,0,0,0,2,0,9,4,11,41.89652803,-87.696872,POINT (-87.696871994959 41.896528026915),1
JA503678,,11/8/2017 9:56,30,NO CONTROLS,NO CONTROLS,CLEAR,DAYLIGHT,SIDESWIPE SAME DIRECTION,NOT DIVIDED,4,STRAIGHT AND LEVEL,DRY,NO DEFECTS,NOT ON SCENE (DESK REPORT),NO INJURY / DRIVE AWAY,,,Y,"OVER $1,500",11/8/2017 11:10,FAILING TO YIELD RIGHT-OF-WAY,UNABLE TO DETERMINE,401,N,WABASH AVE,1834,,,,,,,2,NO INDICATION OF INJURY,0,0,0,0,0,2,0,9,4,11,41.88928401,-87.62654855,POINT (-87.626548547941 41.889284013529),1
JA503598,,11/8/2017 10:00,30,NO CONTROLS,NO CONTROLS,CLEAR,DAYLIGHT,SIDESWIPE SAME DIRECTION,DIVIDED - W/MEDIAN (NOT RAISED),2,STRAIGHT AND LEVEL,DRY,NO DEFECTS,ON SCENE,INJURY AND / OR TOW DUE TO CRASH,,,,"OVER $1,500",11/8/2017 10:30,FAILING TO YIELD RIGHT-OF-WAY,FAILING TO YIELD RIGHT-OF-WAY,1005,W,MADISON ST,1232,,,,,,,2,NO INDICATION OF INJURY,0,0,0,0,0,2,0,10,4,11,41.88158651,-87.65224725,POINT (-87.652247245215 41.881586509989),1
JA503576,,11/8/2017 10:00,20,NO CONTROLS,NO CONTROLS,CLEAR,DAYLIGHT,FIXED OBJECT,NOT DIVIDED,,STRAIGHT AND LEVEL,DRY,NO DEFECTS,ON SCENE,NO INJURY / DRIVE AWAY,,,,"OVER $1,500",11/8/2017 10:00,ROAD ENGINEERING/SURFACE/MARKING DEFECTS,NOT APPLICABLE,1800,W,BALMORAL AVE,2012,,,,,,,1,NO INDICATION OF INJURY,0,0,0,0,0,2,0,10,4,11,41.97985494,-87.67475022,POINT (-87.674750222001 41.979854938441),1
JA503613,,11/8/2017 10:14,30,TRAFFIC SIGNAL,FUNCTIONING PROPERLY,CLEAR,DAYLIGHT,TURNING,NOT DIVIDED,4,STRAIGHT ON GRADE,DRY,NO DEFECTS,ON SCENE,NO INJURY / DRIVE AWAY,Y,,,"$501 - $1,500",11/8/2017 10:16,FAILING TO YIELD RIGHT-OF-WAY,FAILING TO YIELD RIGHT-OF-WAY,4000,W,CHICAGO AVE,1111,,,,,,,2,NO INDICATION OF INJURY,0,0,0,0,0,2,0,10,4,11,41.89547675,-87.72614436,POINT (-87.726144359916 41.895476751637),1
JA503664,,11/8/2017 10:17,35,TRAFFIC SIGNAL,FUNCTIONING PROPERLY,CLEAR,DAYLIGHT,REAR END,DIVIDED - W/MEDIAN BARRIER,,STRAIGHT AND LEVEL,DRY,NO DEFECTS,ON SCENE,INJURY AND / OR TOW DUE TO CRASH,,,,"OVER $1,500",11/8/2017 10:27,FOLLOWING TOO CLOSELY,UNABLE TO DETERMINE,5658,S,LAKE SHORE DR SB,331,,,,,,,2,"REPORTED, NOT EVIDENT",1,0,0,0,1,1,0,10,4,11,41.79153392,-87.58020874,POINT (-87.580208735455 41.791533916538),1
JA503635,,11/8/2017 10:20,30,STOP SIGN/FLASHER,FUNCTIONING PROPERLY,CLEAR,DAYLIGHT,ANGLE,NOT DIVIDED,,STRAIGHT AND LEVEL,DRY,NO DEFECTS,ON SCENE,INJURY AND / OR TOW DUE TO CRASH,Y,,,"OVER $1,500",11/8/2017 10:22,UNABLE TO DETERMINE,UNABLE TO DETERMINE,10757,S,AVENUE F,432,,,,,,,2,NO INDICATION OF INJURY,0,0,0,0,0,2,0,10,4,11,41.69922457,-87.53030732,POINT (-87.530307322794 41.69922457334),1
JA503848,N,11/8/2017 10:20,20,NO CONTROLS,NO CONTROLS,CLEAR,DAYLIGHT,PARKED MOTOR VEHICLE,DIVIDED - W/MEDIAN BARRIER,,STRAIGHT AND LEVEL,DRY,NO DEFECTS,ON SCENE,NO INJURY / DRIVE AWAY,,,,"OVER $1,500",11/8/2017 11:35,UNABLE TO DETERMINE,UNABLE TO DETERMINE,4237,N,ASHLAND AVE,1912,,,,,,,2,NO INDICATION OF INJURY,0,0,0,0,0,1,0,10,4,11,41.95905919,-87.66903704,POINT (-87.669037040734 41.959059188154),1
JA503643,,11/8/2017 10:25,30,NO CONTROLS,NO CONTROLS,CLEAR,DAYLIGHT,PARKED MOTOR VEHICLE,DIVIDED - W/MEDIAN (NOT RAISED),2,STRAIGHT AND LEVEL,DRY,NO DEFECTS,ON SCENE,NO INJURY / DRIVE AWAY,,,Y,"OVER $1,500",11/8/2017 10:26,DISTRACTION - FROM INSIDE VEHICLE,FAILING TO REDUCE SPEED TO AVOID CRASH,331,N,FRANCISCO AVE,1222,,,,,,,2,NO INDICATION OF INJURY,0,0,0,0,0,1,0,10,4,11,41.88739311,-87.69877338,POINT (-87.698773381278 41.887393106066),1
JA503651,,11/8/2017 10:30,25,NO CONTROLS,NO CONTROLS,CLEAR,DAYLIGHT,SIDESWIPE OPPOSITE DIRECTION,OTHER,,STRAIGHT ON GRADE,DRY,NO DEFECTS,ON SCENE,NO INJURY / DRIVE AWAY,,,,$500 OR LESS,11/8/2017 10:45,IMPROPER BACKING,IMPROPER BACKING,3840,S,MORGAN ST,915,,,,,,,2,NO INDICATION OF INJURY,0,0,0,0,0,2,0,10,4,11,41.82398139,-87.65094599,POINT (-87.650945990184 41.823981392792),1
JA504050,,11/8/2017 10:40,30,TRAFFIC SIGNAL,FUNCTIONING PROPERLY,CLEAR,DAYLIGHT,REAR END,NOT DIVIDED,8,STRAIGHT AND LEVEL,DRY,NO DEFECTS,NOT ON SCENE (DESK REPORT),NO INJURY / DRIVE AWAY,Y,,,"$501 - $1,500",11/8/2017 16:00,UNABLE TO DETERMINE,UNABLE TO DETERMINE,150,E,LA SALLE DR,1814,,,,,,,2,NO INDICATION OF INJURY,0,0,0,0,0,2,0,10,4,11,41.91344878,-87.62611234,POINT (-87.626112337562 41.913448777932),1
JA504786,,11/8/2017 10:41,0,NO CONTROLS,NO CONTROLS,CLEAR,DAYLIGHT,ANGLE,PARKING LOT,,STRAIGHT AND LEVEL,DRY,NO DEFECTS,NOT ON SCENE (DESK REPORT),NO INJURY / DRIVE AWAY,,,,"$501 - $1,500",11/9/2017 8:25,IMPROPER BACKING,FAILING TO YIELD RIGHT-OF-WAY,1408,E,53RD ST,234,,,,,,,2,NO INDICATION OF INJURY,0,0,0,0,0,2,0,10,4,11,41.79962569,-87.59137367,POINT (-87.59137367045 41.799625689273),1
JA503686,,11/8/2017 10:50,35,NO CONTROLS,NO CONTROLS,CLEAR,DAYLIGHT,REAR END,DIVIDED - W/MEDIAN (NOT RAISED),,STRAIGHT AND LEVEL,DRY,NO DEFECTS,ON SCENE,INJURY AND / OR TOW DUE TO CRASH,,,,"OVER $1,500",11/8/2017 10:56,FOLLOWING TOO CLOSELY,NOT APPLICABLE,6000,S,KEDZIE AVE,823,,Y,,Y,UTILITY,,3,NONINCAPACITATING INJURY,1,0,0,1,0,2,0,10,4,11,41.78433325,-87.7034373,POINT (-87.70343729709 41.784333248946),1
JA503703,,11/8/2017 10:59,5,NO CONTROLS,NO CONTROLS,CLEAR,DAYLIGHT,PARKED MOTOR VEHICLE,PARKING LOT,0,STRAIGHT AND LEVEL,DRY,NO DEFECTS,NOT ON SCENE (DESK REPORT),NO INJURY / DRIVE AWAY,,,,$500 OR LESS,11/8/2017 11:40,UNABLE TO DETERMINE,UNABLE TO DETERMINE,4440,W,NORTH AVE,2533,,,,,,,2,NO INDICATION OF INJURY,0,0,0,0,0,2,0,10,4,11,41.90984206,-87.73779797,POINT (-87.737797969282 41.909842057966),1
JA504465,,11/8/2017 11:00,30,NO CONTROLS,NO CONTROLS,CLEAR,DAYLIGHT,PARKED MOTOR VEHICLE,PARKING LOT,0,STRAIGHT AND LEVEL,DRY,NO DEFECTS,NOT ON SCENE (DESK REPORT),NO INJURY / DRIVE AWAY,,,Y,"OVER $1,500",11/8/2017 20:30,DRIVING SKILLS/KNOWLEDGE/EXPERIENCE,UNABLE TO DETERMINE,3301,W,63RD ST,823,,,,,,,2,NO INDICATION OF INJURY,0,0,0,0,0,1,0,11,4,11,41.7788227,-87.70567679,POINT (-87.705676790286 41.778822697431),1
JA503695,,11/8/2017 11:00,30,NO CONTROLS,NO CONTROLS,CLEAR,DAYLIGHT,ANGLE,ALLEY,,STRAIGHT AND LEVEL,DRY,NO DEFECTS,NOT ON SCENE (DESK REPORT),NO INJURY / DRIVE AWAY,,,,"$501 - $1,500",11/8/2017 11:30,UNABLE TO DETERMINE,NOT APPLICABLE,1700,W,WABANSIA AVE,1433,,,,,,,2,NO INDICATION OF INJURY,0,0,0,0,0,2,0,11,4,11,41.91253146,-87.67024681,POINT (-87.670246806593 41.912531456295),1
JA504936,N,11/8/2017 11:00,30,NO CONTROLS,NO CONTROLS,CLEAR,DAYLIGHT,PARKED MOTOR VEHICLE,NOT DIVIDED,,STRAIGHT AND LEVEL,DRY,OTHER,ON SCENE,NO INJURY / DRIVE AWAY,,,Y,"$501 - $1,500",11/9/2017 10:15,UNABLE TO DETERMINE,NOT APPLICABLE,2530,N,CLARK ST,1935,,,,,,,2,NO INDICATION OF INJURY,0,0,0,0,0,1,0,11,4,11,41.92858516,-87.64242391,POINT (-87.642423912707 41.928585159058),1
JA503928,,11/8/2017 11:05,30,NO CONTROLS,NO CONTROLS,CLEAR,DAYLIGHT,PEDALCYCLIST,NOT DIVIDED,2,STRAIGHT AND LEVEL,DRY,NO DEFECTS,NOT ON SCENE (DESK REPORT),INJURY AND / OR TOW DUE TO CRASH,,,,"$501 - $1,500",11/8/2017 14:00,UNABLE TO DETERMINE,NOT APPLICABLE,51,W,KINZIE ST,1831,,,Y,,,,2,NONINCAPACITATING INJURY,1,0,0,1,0,2,0,11,4,11,41.88911808,-87.6299233,POINT (-87.629923302785 41.889118078364),1