RD_NO,CRASH_DATE_EST_I,CRASH_DATE,POSTED_SPEED_LIMIT,TRAFFIC_CONTROL_DEVICE,DEVICE_CONDITION,WEATHER_CONDITION,LIGHTING_CONDITION,FIRST_CRASH_TYPE,TRAFFICWAY_TYPE,LANE_CNT,ALIGNMENT,ROADWAY_SURFACE_COND,ROAD_DEFECT,REPORT_TYPE,CRASH_TYPE,INTERSECTION_RELATED_I,NOT_RIGHT_OF_WAY_I,HIT_AND_RUN_I,DAMAGE,DATE_POLICE_NOTIFIED,PRIM_CONTRIBUTORY_CAUSE,SEC_CONTRIBUTORY_CAUSE,STREET_NO,STREET_DIRECTION,STREET_NAME,BEAT_OF_OCCURRENCE,PHOTOS_TAKEN_I,STATEMENTS_TAKEN_I,DOORING_I,WORK_ZONE_I,WORK_ZONE_TYPE,WORKERS_PRESENT_I,NUM_UNITS,MOST_SEVERE_INJURY,INJURIES_TOTAL,INJURIES_FATAL,INJURIES_INCAPACITATING,INJURIES_NON_INCAPACITATING,INJURIES_REPORTED_NOT_EVIDENT,INJURIES_NO_INDICATION,INJURIES_UNKNOWN,CRASH_HOUR,CRASH_DAY_OF_WEEK,CRASH_MONTH,LATITUDE,LONGITUDE,LOCATION,Join
JA504108,,11/8/2017 14:15,30,NO CONTROLS,NO CONTROLS,CLEAR,DAYLIGHT,PARKED MOTOR VEHICLE,NOT DIVIDED,,STRAIGHT AND LEVEL,DRY,NO DEFECTS,NOT ON SCENE (DESK REPORT),NO INJURY / DRIVE AWAY,,,Y,$500 OR LESS,11/8/2017 17:05,UNABLE TO DETERMINE,UNABLE TO DETERMINE,6027,W,GRAND AVE,2512,,,,,,,2,NO INDICATION OF INJURY,0,0,0,0,0,1,0,14,4,11,41.92066626,-87.77680365,POINT (-87.776803649081 41.920666254715),1
JA503964,,11/8/2017 14:17,30,NO CONTROLS,NO CONTROLS,CLEAR,DAYLIGHT,TURNING,NOT DIVIDED,2,STRAIGHT AND LEVEL,DRY,NO DEFECTS,NOT ON SCENE (DESK REPORT),NO INJURY / DRIVE AWAY,,,,"OVER $1,500",11/8/2017 15:00,UNABLE TO DETERMINE,NOT APPLICABLE,16,N,MORGAN ST,1224,,,,,,,2,NO INDICATION OF INJURY,0,0,0,0,0,2,0,14,4,11,41.88219542,-87.6521927,POINT (-87.652192694896 41.882195420164),1
JA504041,,11/8/2017 14:20,30,NO CONTROLS,NO CONTROLS,CLEAR,DAYLIGHT,PEDESTRIAN,NOT DIVIDED,,STRAIGHT AND LEVEL,DRY,NO DEFECTS,NOT ON SCENE (DESK REPORT),NO INJURY / DRIVE AWAY,,,,"$501 - $1,500",11/8/2017 16:15,NOT APPLICABLE,NOT APPLICABLE,3955,W,GRAND AVE,2535,,,,,,,2,NO INDICATION OF INJURY,0,0,0,0,0,2,0,14,4,11,41.90584427,-87.7259413,POINT (-87.725941298801 41.905844270588),1
JA503922,,11/8/2017 14:30,30,NO CONTROLS,NO CONTROLS,CLEAR,DAYLIGHT,PARKED MOTOR VEHICLE,ONE-WAY,1,STRAIGHT AND LEVEL,DRY,NO DEFECTS,ON SCENE,NO INJURY / DRIVE AWAY,,,,$500 OR LESS,11/8/2017 14:30,DISTRACTION - FROM OUTSIDE VEHICLE,NOT APPLICABLE,5915,S,THROOP ST,713,,,,,,,2,NO INDICATION OF INJURY,0,0,0,0,0,2,0,14,4,11,41.78636657,-87.6569517,POINT (-87.656951703531 41.786366571404),1
JA503950,,11/8/2017 14:30,30,TRAFFIC SIGNAL,FUNCTIONING PROPERLY,CLEAR,DAYLIGHT,SIDESWIPE SAME DIRECTION,NOT DIVIDED,5,STRAIGHT AND LEVEL,DRY,OTHER,ON SCENE,INJURY AND / OR TOW DUE TO CRASH,,,,$500 OR LESS,11/8/2017 14:51,UNABLE TO DETERMINE,UNABLE TO DETERMINE,25,S,STATE ST,112,,,,Y,CONSTRUCTION,Y,2,"REPORTED, NOT EVIDENT",1,0,0,0,1,1,0,14,4,11,41.88139737,-87.62760287,POINT (-87.627602871389 41.881397366895),1
JA503955,,11/8/2017 14:35,30,TRAFFIC SIGNAL,FUNCTIONING PROPERLY,CLEAR,DAYLIGHT,REAR END,DIVIDED - W/MEDIAN (NOT RAISED),4,STRAIGHT AND LEVEL,DRY,NO DEFECTS,ON SCENE,NO INJURY / DRIVE AWAY,,,Y,"OVER $1,500",11/8/2017 14:50,IMPROPER BACKING,IMPROPER BACKING,5555,N,BROADWAY,2023,,,,,,,2,NO INDICATION OF INJURY,0,0,0,0,0,3,0,14,4,11,41.98342009,-87.65991582,POINT (-87.659915816782 41.983420090744),1
JA503956,,11/8/2017 14:35,25,NO CONTROLS,NO CONTROLS,CLEAR,DAYLIGHT,PARKED MOTOR VEHICLE,ONE-WAY,1,STRAIGHT AND LEVEL,DRY,NO DEFECTS,NOT ON SCENE (DESK REPORT),NO INJURY / DRIVE AWAY,,,,"$501 - $1,500",11/8/2017 15:00,NOT APPLICABLE,NOT APPLICABLE,6034,S,MELVINA AVE,812,,,,,,,2,NO INDICATION OF INJURY,0,0,0,0,0,1,0,14,4,11,41.78220907,-87.77669168,POINT (-87.776691675977 41.782209067706),1
JA504307,,11/8/2017 14:40,30,NO CONTROLS,NO CONTROLS,CLEAR,DAYLIGHT,REAR END,NOT DIVIDED,2,STRAIGHT AND LEVEL,DRY,NO DEFECTS,NOT ON SCENE (DESK REPORT),NO INJURY / DRIVE AWAY,,,Y,"$501 - $1,500",11/8/2017 18:57,FAILING TO YIELD RIGHT-OF-WAY,IMPROPER BACKING,2101,W,59TH ST,714,,,,,,,2,NO INDICATION OF INJURY,0,0,0,0,0,2,0,14,4,11,41.78648524,-87.67666544,POINT (-87.676665442955 41.786485235679),1
JA504023,,11/8/2017 14:50,25,NO CONTROLS,NO CONTROLS,CLEAR,DAYLIGHT,FIXED OBJECT,NOT DIVIDED,2,STRAIGHT AND LEVEL,DRY,NO DEFECTS,NOT ON SCENE (DESK REPORT),INJURY AND / OR TOW DUE TO CRASH,,,N,"OVER $1,500",11/8/2017 15:00,UNABLE TO DETERMINE,NOT APPLICABLE,4525,W,FIFTH AVE,1131,,,,,,,1,,,,,,,,,14,4,11,41.86923187,-87.73853378,POINT (-87.738533781233 41.869231873709),1
JA503971,,11/8/2017 14:55,30,TRAFFIC SIGNAL,UNKNOWN,CLEAR,DAYLIGHT,REAR END,NOT DIVIDED,,STRAIGHT AND LEVEL,UNKNOWN,UNKNOWN,NOT ON SCENE (DESK REPORT),NO INJURY / DRIVE AWAY,Y,,,"OVER $1,500",11/8/2017 15:25,UNABLE TO DETERMINE,UNABLE TO DETERMINE,2044,W,35TH ST,912,,,,,,,2,NO INDICATION OF INJURY,0,0,0,0,0,2,0,14,4,11,41.83047949,-87.67711305,POINT (-87.677113049391 41.830479486814),1
JA504157,,11/8/2017 15:00,30,NO CONTROLS,NO CONTROLS,CLEAR,DUSK,PARKED MOTOR VEHICLE,NOT DIVIDED,4,STRAIGHT AND LEVEL,DRY,NO DEFECTS,NOT ON SCENE (DESK REPORT),NO INJURY / DRIVE AWAY,,,,$500 OR LESS,11/8/2017 17:25,IMPROPER LANE USAGE,NOT APPLICABLE,2345,S,CENTRAL PARK AVE,1024,,,,,,,2,NO INDICATION OF INJURY,0,0,0,0,0,1,0,15,4,11,41.84852133,-87.71476033,POINT (-87.714760332669 41.848521330589),1
JA504188,,11/8/2017 15:00,30,STOP SIGN/FLASHER,FUNCTIONING PROPERLY,CLEAR,DAYLIGHT,ANGLE,ONE-WAY,1,STRAIGHT AND LEVEL,DRY,NO DEFECTS,NOT ON SCENE (DESK REPORT),INJURY AND / OR TOW DUE TO CRASH,,,Y,"OVER $1,500",11/8/2017 17:25,DISREGARDING TRAFFIC SIGNALS,UNABLE TO DETERMINE,300,S,LAVERGNE AVE,1533,,,,,,,2,NONINCAPACITATING INJURY,1,0,0,1,0,2,0,15,4,11,41.87668312,-87.74942714,POINT (-87.749427139594 41.876683124452),1
JA503999,,11/8/2017 15:00,30,NO CONTROLS,NO CONTROLS,CLEAR,DAYLIGHT,TURNING,NOT DIVIDED,,STRAIGHT AND LEVEL,DRY,NO DEFECTS,NOT ON SCENE (DESK REPORT),NO INJURY / DRIVE AWAY,,,,"OVER $1,500",11/8/2017 15:30,UNABLE TO DETERMINE,UNABLE TO DETERMINE,4827,W,FOSTER AVE,1621,,,,,,,2,NO INDICATION OF INJURY,0,0,0,0,0,2,0,15,4,11,41.97520177,-87.74920552,POINT (-87.749205524228 41.975201772208),1
JA503993,,11/8/2017 15:05,25,NO CONTROLS,NO CONTROLS,CLEAR,DAYLIGHT,ANGLE,PARKING LOT,1,STRAIGHT AND LEVEL,DRY,NO DEFECTS,NOT ON SCENE (DESK REPORT),NO INJURY / DRIVE AWAY,,,,"$501 - $1,500",11/8/2017 15:34,UNABLE TO DETERMINE,UNABLE TO DETERMINE,5300,S,PULASKI RD,815,,,,,,,2,NO INDICATION OF INJURY,0,0,0,0,0,2,0,15,4,11,41.79675457,-87.72340922,POINT (-87.7234092203 41.796754571853),1
JA504026,,11/8/2017 15:15,30,TRAFFIC SIGNAL,FUNCTIONING PROPERLY,CLEAR,DAYLIGHT,HEAD ON,NOT DIVIDED,2,STRAIGHT AND LEVEL,DRY,NO DEFECTS,ON SCENE,INJURY AND / OR TOW DUE TO CRASH,Y,,,"OVER $1,500",11/8/2017 15:30,DISREGARDING TRAFFIC SIGNALS,IMPROPER LANE USAGE,6800,N,CALIFORNIA AVE,2411,,,,,,,3,INCAPACITATING INJURY,6,0,3,3,0,0,0,15,4,11,42.00489635,-87.69997666,POINT (-87.699976657304 42.004896352985),1
JA504009,,11/8/2017 15:20,30,TRAFFIC SIGNAL,FUNCTIONING PROPERLY,CLEAR,DAYLIGHT,ANGLE,OTHER,,STRAIGHT AND LEVEL,DRY,NO DEFECTS,ON SCENE,INJURY AND / OR TOW DUE TO CRASH,Y,,,"OVER $1,500",11/8/2017 15:35,UNABLE TO DETERMINE,UNABLE TO DETERMINE,5900,S,YALE AVE,711,,,,,,,2,NONINCAPACITATING INJURY,1,0,0,1,0,3,0,15,4,11,41.78717517,-87.63209554,POINT (-87.632095536704 41.787175172589),1
JA503984,,11/8/2017 15:25,20,STOP SIGN/FLASHER,FUNCTIONING PROPERLY,CLEAR,DAYLIGHT,REAR END,ONE-WAY,1,STRAIGHT AND LEVEL,DRY,NO DEFECTS,ON SCENE,NO INJURY / DRIVE AWAY,,,,"$501 - $1,500",11/8/2017 15:26,IMPROPER BACKING,NOT APPLICABLE,1303,S,KOMENSKY AVE,1011,,Y,,,,,2,NO INDICATION OF INJURY,0,0,0,0,0,3,0,15,4,11,41.86418056,-87.72618739,POINT (-87.726187388467 41.864180562013),1
JA504042,,11/8/2017 15:27,15,NO CONTROLS,NO CONTROLS,CLEAR,DAYLIGHT,PARKED MOTOR VEHICLE,PARKING LOT,,STRAIGHT AND LEVEL,DRY,WORN SURFACE,NOT ON SCENE (DESK REPORT),NO INJURY / DRIVE AWAY,,,Y,"OVER $1,500",11/8/2017 16:10,DRIVING SKILLS/KNOWLEDGE/EXPERIENCE,NOT APPLICABLE,3955,W,WRIGHTWOOD AVE,2524,,,,,,,2,NO INDICATION OF INJURY,0,0,0,0,0,2,0,15,4,11,41.92803629,-87.72664552,POINT (-87.726645517184 41.928036286853),1
JA504219,,11/8/2017 15:30,30,TRAFFIC SIGNAL,FUNCTIONING PROPERLY,CLEAR,DAYLIGHT,REAR END,ONE-WAY,1,STRAIGHT AND LEVEL,DRY,OTHER,NOT ON SCENE (DESK REPORT),NO INJURY / DRIVE AWAY,,,,"OVER $1,500",11/8/2017 18:00,UNABLE TO DETERMINE,NOT APPLICABLE,452,N,FRANKLIN ST,1831,,,,,,,2,NO INDICATION OF INJURY,0,0,0,0,0,2,0,15,4,11,41.89072283,-87.6357008,POINT (-87.635700797963 41.890722832316),1
JA504110,,11/8/2017 15:30,30,NO CONTROLS,NO CONTROLS,CLEAR,DAYLIGHT,SIDESWIPE SAME DIRECTION,DIVIDED - W/MEDIAN BARRIER,,STRAIGHT AND LEVEL,DRY,UNKNOWN,NOT ON SCENE (DESK REPORT),NO INJURY / DRIVE AWAY,,,,"OVER $1,500",11/8/2017 16:55,UNABLE TO DETERMINE,UNABLE TO DETERMINE,1130,S,MICHIGAN AVE,123,,,,,,,2,NO INDICATION OF INJURY,0,0,0,0,0,2,0,15,4,11,41.86830501,-87.62425305,POINT (-87.624253050024 41.868305011717),1
JA504029,,11/8/2017 15:30,25,NO CONTROLS,NO CONTROLS,CLEAR,DAYLIGHT,PARKED MOTOR VEHICLE,PARKING LOT,1,STRAIGHT AND LEVEL,DRY,NO DEFECTS,NOT ON SCENE (DESK REPORT),NO INJURY / DRIVE AWAY,,,,"$501 - $1,500",11/8/2017 16:01,UNABLE TO DETERMINE,UNABLE TO DETERMINE,7400,S,WESTERN AVE,835,,,,,,,2,NO INDICATION OF INJURY,0,0,0,0,0,1,0,15,4,11,41.7591586,-87.68324641,POINT (-87.683246407317 41.759158602213),1
JA504178,,11/8/2017 15:30,25,NO CONTROLS,NO CONTROLS,CLEAR,DAYLIGHT,PARKED MOTOR VEHICLE,OTHER,1,STRAIGHT AND LEVEL,DRY,NO DEFECTS,NOT ON SCENE (DESK REPORT),NO INJURY / DRIVE AWAY,,,Y,"$501 - $1,500",11/8/2017 17:28,UNABLE TO DETERMINE,UNABLE TO DETERMINE,4707,W,MARQUETTE RD,833,,,,,,,2,NO INDICATION OF INJURY,0,0,0,0,0,1,0,15,4,11,41.77105158,-87.73992325,POINT (-87.739923250127 41.771051577483),1
JA505439,,11/8/2017 15:31,20,STOP SIGN/FLASHER,FUNCTIONING PROPERLY,CLEAR,DAYLIGHT,REAR END,NOT DIVIDED,2,STRAIGHT AND LEVEL,DRY,NO DEFECTS,NOT ON SCENE (DESK REPORT),NO INJURY / DRIVE AWAY,,,,$500 OR LESS,11/9/2017 17:00,FOLLOWING TOO CLOSELY,FAILING TO REDUCE SPEED TO AVOID CRASH,832,E,57TH ST,235,,,,,,,2,NO INDICATION OF INJURY,0,0,0,0,0,2,0,15,4,11,41.79146216,-87.6048805,POINT (-87.604880503816 41.791462155804),1
JA504044,,11/8/2017 15:39,30,TRAFFIC SIGNAL,FUNCTIONING PROPERLY,CLEAR,DAYLIGHT,TURNING,OTHER,,STRAIGHT AND LEVEL,DRY,NO DEFECTS,ON SCENE,NO INJURY / DRIVE AWAY,Y,,,"OVER $1,500",11/8/2017 15:50,UNABLE TO DETERMINE,NOT APPLICABLE,597,S,ASHLAND AVE,1231,,,,,,,2,NO INDICATION OF INJURY,0,0,0,0,0,2,0,15,4,11,41.8742514,-87.66645336,POINT (-87.666453358949 41.87425139966),1
JA504071,,11/8/2017 15:40,30,STOP SIGN/FLASHER,FUNCTIONING PROPERLY,CLEAR,DAYLIGHT,ANGLE,OTHER,0,STRAIGHT AND LEVEL,DRY,NO DEFECTS,NOT ON SCENE (DESK REPORT),NO INJURY / DRIVE AWAY,Y,,,"OVER $1,500",11/8/2017 16:35,FAILING TO YIELD RIGHT-OF-WAY,DRIVING SKILLS/KNOWLEDGE/EXPERIENCE,6658,S,CENTRAL PARK AVE,833,,,,,,,2,NO INDICATION OF INJURY,0,0,0,0,0,2,0,15,4,11,41.77156324,-87.71313207,POINT (-87.713132072802 41.771563244046),1
JA504011,,11/8/2017 15:40,30,TRAFFIC SIGNAL,FUNCTIONING PROPERLY,CLEAR,DAYLIGHT,SIDESWIPE SAME DIRECTION,NOT DIVIDED,,STRAIGHT AND LEVEL,DRY,NO DEFECTS,NOT ON SCENE (DESK REPORT),NO INJURY / DRIVE AWAY,Y,,,"$501 - $1,500",11/8/2017 15:55,UNABLE TO DETERMINE,UNABLE TO DETERMINE,499,W,CHICAGO AVE,1831,,,,,,,2,NO INDICATION OF INJURY,0,0,0,0,0,4,0,15,4,11,41.89638376,-87.6414917,POINT (-87.641491696701 41.896383758547),1
JA504055,,11/8/2017 15:45,30,TRAFFIC SIGNAL,FUNCTIONING PROPERLY,CLEAR,DAYLIGHT,REAR END,NOT DIVIDED,2,STRAIGHT AND LEVEL,DRY,NO DEFECTS,ON SCENE,NO INJURY / DRIVE AWAY,Y,,,"OVER $1,500",11/8/2017 16:04,FOLLOWING TOO CLOSELY,UNABLE TO DETERMINE,2301,W,IRVING PARK RD,1921,,,,,,,2,NO INDICATION OF INJURY,0,0,0,0,0,2,0,15,4,11,41.95393808,-87.68609929,POINT (-87.686099288874 41.953938084395),1
JA504100,,11/8/2017 15:45,30,TRAFFIC SIGNAL,FUNCTIONING PROPERLY,CLEAR,DUSK,ANGLE,DIVIDED - W/MEDIAN (NOT RAISED),4,STRAIGHT AND LEVEL,DRY,NO DEFECTS,NOT ON SCENE (DESK REPORT),NO INJURY / DRIVE AWAY,Y,,Y,"OVER $1,500",11/8/2017 16:45,FAILING TO YIELD RIGHT-OF-WAY,FAILING TO REDUCE SPEED TO AVOID CRASH,2916,W,CHICAGO AVE,1211,,,,,,,2,NO INDICATION OF INJURY,0,0,0,0,0,5,0,15,4,11,41.89573885,-87.69987545,POINT (-87.699875448703 41.895738849373),1
JA504056,,11/8/2017 15:45,25,STOP SIGN/FLASHER,FUNCTIONING PROPERLY,CLEAR,DAYLIGHT,TURNING,DIVIDED - W/MEDIAN (NOT RAISED),2,STRAIGHT AND LEVEL,DRY,NO DEFECTS,ON SCENE,NO INJURY / DRIVE AWAY,Y,,,"OVER $1,500",11/8/2017 15:48,UNABLE TO DETERMINE,ANIMAL,2932,W,DEVON AVE,2412,,,,,,,3,NO INDICATION OF INJURY,0,0,0,0,0,3,0,15,4,11,41.99760604,-87.703358,POINT (-87.703358001624 41.997606041215),1
JA504017,,11/8/2017 15:50,30,STOP SIGN/FLASHER,NO CONTROLS,CLEAR,DAYLIGHT,TURNING,NOT DIVIDED,2,STRAIGHT AND LEVEL,DRY,NO DEFECTS,ON SCENE,NO INJURY / DRIVE AWAY,Y,,,"$501 - $1,500",11/8/2017 15:55,PHYSICAL CONDITION OF DRIVER,UNABLE TO DETERMINE,1200,N,LECLAIRE AVE,2533,,,,,,,3,NO INDICATION OF INJURY,0,0,0,0,0,3,0,15,4,11,41.90231797,-87.75347273,POINT (-87.753472730321 41.902317972057),1
JA506034,,11/8/2017 16:00,30,TRAFFIC SIGNAL,FUNCTIONING PROPERLY,CLEAR,DAYLIGHT,PEDESTRIAN,NOT DIVIDED,2,STRAIGHT AND LEVEL,DRY,NO DEFECTS,NOT ON SCENE (DESK REPORT),INJURY AND / OR TOW DUE TO CRASH,,,Y,"OVER $1,500",11/10/2017 8:20,FAILING TO YIELD RIGHT-OF-WAY,NOT APPLICABLE,5249,N,LINCOLN AVE,2011,,,,,,,2,NONINCAPACITATING INJURY,1,0,0,1,0,1,0,16,4,11,41.97735938,-87.69234956,POINT (-87.692349561665 41.977359376255),1
JA504074,,11/8/2017 16:00,30,TRAFFIC SIGNAL,FUNCTIONING PROPERLY,CLEAR,DAYLIGHT,ANGLE,NOT DIVIDED,,STRAIGHT AND LEVEL,DRY,NO DEFECTS,ON SCENE,INJURY AND / OR TOW DUE TO CRASH,Y,,,"OVER $1,500",11/8/2017 16:09,DISREGARDING TRAFFIC SIGNALS,FAILING TO YIELD RIGHT-OF-WAY,33,W,95TH ST,511,,,,Y,CONSTRUCTION,,2,NONINCAPACITATING INJURY,3,0,0,3,0,0,0,16,4,11,41.72157706,-87.62514039,POINT (-87.625140390312 41.721577056676),1
JA504193,Y,11/8/2017 16:00,35,NO CONTROLS,NO CONTROLS,CLEAR,DUSK,SIDESWIPE SAME DIRECTION,DIVIDED - W/MEDIAN (NOT RAISED),,STRAIGHT AND LEVEL,DRY,UNKNOWN,NOT ON SCENE (DESK REPORT),NO INJURY / DRIVE AWAY,,,,"$501 - $1,500",11/8/2017 17:40,UNABLE TO DETERMINE,UNABLE TO DETERMINE,2458,W,87TH ST,835,,,,,,,2,NO INDICATION OF INJURY,0,0,0,0,0,2,0,16,4,11,41.73559301,-87.6850591,POINT (-87.685059096191 41.73559301073),1
JA504063,,11/8/2017 16:00,30,NO CONTROLS,NO CONTROLS,CLEAR,DAYLIGHT,REAR END,DIVIDED - W/MEDIAN (NOT RAISED),,STRAIGHT AND LEVEL,DRY,NO DEFECTS,NOT ON SCENE (DESK REPORT),NO INJURY / DRIVE AWAY,,,,"OVER $1,500",11/8/2017 16:30,FOLLOWING TOO CLOSELY,FOLLOWING TOO CLOSELY,6741,N,RIDGE BLVD,2432,,,,,,,2,NO INDICATION OF INJURY,0,0,0,0,0,2,0,16,4,11,42.00454602,-87.67971623,POINT (-87.679716228694 42.004546016489),1
JA504136,Y,11/8/2017 16:00,25,NO CONTROLS,NO CONTROLS,UNKNOWN,UNKNOWN,PARKED MOTOR VEHICLE,ONE-WAY,,STRAIGHT AND LEVEL,UNKNOWN,NO DEFECTS,ON SCENE,NO INJURY / DRIVE AWAY,,,Y,"$501 - $1,500",11/8/2017 16:00,UNABLE TO DETERMINE,NOT APPLICABLE,2836,W,BELDEN AVE,1414,,,,,,,2,NO INDICATION OF INJURY,0,0,0,0,0,1,0,16,4,11,41.92339323,-87.69880489,POINT (-87.698804889475 41.923393228169),1
JA504067,,11/8/2017 16:01,30,STOP SIGN/FLASHER,FUNCTIONING PROPERLY,CLEAR,DAYLIGHT,TURNING,NOT DIVIDED,2,STRAIGHT AND LEVEL,DRY,NO DEFECTS,NOT ON SCENE (DESK REPORT),NO INJURY / DRIVE AWAY,,,,"$501 - $1,500",11/8/2017 16:39,FAILING TO YIELD RIGHT-OF-WAY,FAILING TO REDUCE SPEED TO AVOID CRASH,2001,N,KEDVALE AVE,2525,,,,,,,2,NO INDICATION OF INJURY,0,0,0,0,0,3,0,16,4,11,41.91721694,-87.73008266,POINT (-87.730082659839 41.917216938186),1
JA506125,,11/8/2017 16:02,30,NO CONTROLS,NO CONTROLS,CLEAR,DAYLIGHT,TURNING,DIVIDED - W/MEDIAN (NOT RAISED),4,STRAIGHT AND LEVEL,DRY,NO DEFECTS,NOT ON SCENE (DESK REPORT),INJURY AND / OR TOW DUE TO CRASH,,,,"OVER $1,500",11/10/2017 9:26,UNABLE TO DETERMINE,UNABLE TO DETERMINE,2801,N,CENTRAL AVE,2514,,,,,,,2,"REPORTED, NOT EVIDENT",1,0,0,0,1,1,0,16,4,11,41.93137132,-87.76610263,POINT (-87.766102633534 41.931371314905),1
JA504124,,11/8/2017 16:10,30,TRAFFIC SIGNAL,FUNCTIONING PROPERLY,CLEAR,DUSK,SIDESWIPE SAME DIRECTION,CENTER TURN LANE,2,STRAIGHT AND LEVEL,DRY,NO DEFECTS,ON SCENE,NO INJURY / DRIVE AWAY,Y,,,$500 OR LESS,11/8/2017 16:51,DRIVING SKILLS/KNOWLEDGE/EXPERIENCE,UNABLE TO DETERMINE,3998,N,CLARK ST,1923,,,,N,,,2,NO INDICATION OF INJURY,0,0,0,0,0,2,0,16,4,11,41.95423259,-87.66230628,POINT (-87.662306283222 41.954232586042),1
JA504107,,11/8/2017 16:15,30,TRAFFIC SIGNAL,FUNCTIONING PROPERLY,CLEAR,DUSK,REAR END,NOT DIVIDED,2,STRAIGHT AND LEVEL,DRY,UNKNOWN,NOT ON SCENE (DESK REPORT),NO INJURY / DRIVE AWAY,,,,"OVER $1,500",11/8/2017 16:57,FAILING TO REDUCE SPEED TO AVOID CRASH,BICYCLE ADVANCING LEGALLY ON RED LIGHT,4252,W,WASHINGTON BLVD,1114,,,,,,,2,NO INDICATION OF INJURY,0,0,0,0,0,2,0,16,4,11,41.88207141,-87.73271723,POINT (-87.732717226625 41.882071409954),1
JA504065,,11/8/2017 16:16,30,NO CONTROLS,NO CONTROLS,CLEAR,DAYLIGHT,SIDESWIPE SAME DIRECTION,DIVIDED - W/MEDIAN (NOT RAISED),,STRAIGHT AND LEVEL,DRY,NO DEFECTS,ON SCENE,NO INJURY / DRIVE AWAY,Y,,,"$501 - $1,500",11/8/2017 16:16,IMPROPER OVERTAKING/PASSING,NOT APPLICABLE,4726,W,47TH ST,815,,,,,,,3,NO INDICATION OF INJURY,0,0,0,0,0,9,0,16,4,11,41.80774861,-87.74187356,POINT (-87.741873561246 41.807748613642),1
JA506796,,11/8/2017 16:25,30,NO CONTROLS,NO CONTROLS,CLEAR,DAYLIGHT,REAR END,DIVIDED - W/MEDIAN (NOT RAISED),4,STRAIGHT AND LEVEL,DRY,NO DEFECTS,NOT ON SCENE (DESK REPORT),NO INJURY / DRIVE AWAY,,,,"OVER $1,500",11/10/2017 16:00,FAILING TO REDUCE SPEED TO AVOID CRASH,UNABLE TO DETERMINE,1817,S,LOOMIS ST,1233,,,,,,,2,NO INDICATION OF INJURY,0,0,0,0,0,2,0,16,4,11,41.85727581,-87.66115401,POINT (-87.661154007818 41.857275814148),1
JA504081,,11/8/2017 16:30,30,NO CONTROLS,NO CONTROLS,CLEAR,DUSK,PARKED MOTOR VEHICLE,NOT DIVIDED,2,STRAIGHT AND LEVEL,DRY,NO DEFECTS,ON SCENE,NO INJURY / DRIVE AWAY,,,,$500 OR LESS,11/8/2017 16:36,FOLLOWING TOO CLOSELY,NOT APPLICABLE,720,S,PULASKI RD,1132,,,,,,,2,NO INDICATION OF INJURY,0,0,0,0,0,1,0,16,4,11,41.8718782,-87.72552904,POINT (-87.725529042415 41.871878200071),1
JA504077,,11/8/2017 16:30,30,STOP SIGN/FLASHER,NO CONTROLS,CLEAR,DUSK,REAR END,DIVIDED - W/MEDIAN (NOT RAISED),2,STRAIGHT AND LEVEL,DRY,NO DEFECTS,ON SCENE,NO INJURY / DRIVE AWAY,,,,"OVER $1,500",11/8/2017 17:45,UNABLE TO DETERMINE,UNABLE TO DETERMINE,4233,W,ADDISON ST,1731,,,,,,,4,NO INDICATION OF INJURY,0,0,0,0,0,4,0,16,4,11,41.94618514,-87.73358932,POINT (-87.733589319335 41.946185139659),1
JA504285,,11/8/2017 16:30,30,NO CONTROLS,NO CONTROLS,CLEAR,DUSK,PARKED MOTOR VEHICLE,NOT DIVIDED,2,STRAIGHT AND LEVEL,DRY,NO DEFECTS,NOT ON SCENE (DESK REPORT),NO INJURY / DRIVE AWAY,,,,"$501 - $1,500",11/8/2017 18:40,UNABLE TO DETERMINE,NOT APPLICABLE,676,N,ST CLAIR ST,1834,,,,,,,2,NO INDICATION OF INJURY,0,0,0,0,0,2,0,16,4,11,41.89485296,-87.6229018,POINT (-87.622901800428 41.89485296136),1
JA504121,,11/8/2017 16:39,30,NO CONTROLS,NO CONTROLS,CLEAR,DAYLIGHT,SIDESWIPE SAME DIRECTION,NOT DIVIDED,4,STRAIGHT AND LEVEL,DRY,NO DEFECTS,,NO INJURY / DRIVE AWAY,,,,"OVER $1,500",11/8/2017 17:00,IMPROPER LANE USAGE,UNABLE TO DETERMINE,1800,S,PULASKI RD,1012,,,,,,,2,NO INDICATION OF INJURY,0,0,0,0,0,2,0,16,4,11,41.85694146,-87.72505491,POINT (-87.725054914159 41.856941455397),1
JA504120,,11/8/2017 16:40,30,TRAFFIC SIGNAL,FUNCTIONING PROPERLY,CLEAR,DAYLIGHT,REAR END,NOT DIVIDED,,STRAIGHT AND LEVEL,DRY,NO DEFECTS,NOT ON SCENE (DESK REPORT),NO INJURY / DRIVE AWAY,,,,"$501 - $1,500",11/8/2017 17:00,UNABLE TO DETERMINE,NOT APPLICABLE,3400,N,AUSTIN AVE,1633,,,,,,,2,NO INDICATION OF INJURY,0,0,0,0,0,4,0,16,4,11,41.94215439,-87.77650575,POINT (-87.776505753197 41.942154386263),1