RD_NO,CRASH_DATE_EST_I,CRASH_DATE,POSTED_SPEED_LIMIT,TRAFFIC_CONTROL_DEVICE,DEVICE_CONDITION,WEATHER_CONDITION,LIGHTING_CONDITION,FIRST_CRASH_TYPE,TRAFFICWAY_TYPE,LANE_CNT,ALIGNMENT,ROADWAY_SURFACE_COND,ROAD_DEFECT,REPORT_TYPE,CRASH_TYPE,INTERSECTION_RELATED_I,NOT_RIGHT_OF_WAY_I,HIT_AND_RUN_I,DAMAGE,DATE_POLICE_NOTIFIED,PRIM_CONTRIBUTORY_CAUSE,SEC_CONTRIBUTORY_CAUSE,STREET_NO,STREET_DIRECTION,STREET_NAME,BEAT_OF_OCCURRENCE,PHOTOS_TAKEN_I,STATEMENTS_TAKEN_I,DOORING_I,WORK_ZONE_I,WORK_ZONE_TYPE,WORKERS_PRESENT_I,NUM_UNITS,MOST_SEVERE_INJURY,INJURIES_TOTAL,INJURIES_FATAL,INJURIES_INCAPACITATING,INJURIES_NON_INCAPACITATING,INJURIES_REPORTED_NOT_EVIDENT,INJURIES_NO_INDICATION,INJURIES_UNKNOWN,CRASH_HOUR,CRASH_DAY_OF_WEEK,CRASH_MONTH,LATITUDE,LONGITUDE,LOCATION,Join
JA504159,,11/8/2017 16:45,30,TRAFFIC SIGNAL,FUNCTIONING PROPERLY,CLEAR,"DARKNESS, LIGHTED ROAD",TURNING,NOT DIVIDED,4,STRAIGHT AND LEVEL,DRY,NO DEFECTS,ON SCENE,NO INJURY / DRIVE AWAY,Y,,Y,"$501 - $1,500",11/8/2017 16:55,FOLLOWING TOO CLOSELY,EXCEEDING AUTHORIZED SPEED LIMIT,2959,N,ASHLAND AVE,1932,,,,,,,2,NO INDICATION OF INJURY,0,0,0,0,0,2,0,16,4,11,41.93600655,-87.66838176,POINT (-87.668381758207 41.93600654632),1
JA504126,,11/8/2017 16:45,30,NO CONTROLS,NO CONTROLS,CLEAR,DAYLIGHT,ANGLE,NOT DIVIDED,,STRAIGHT AND LEVEL,DRY,NO DEFECTS,NOT ON SCENE (DESK REPORT),NO INJURY / DRIVE AWAY,,,,"OVER $1,500",11/8/2017 17:00,UNABLE TO DETERMINE,UNABLE TO DETERMINE,3357,W,PETERSON AVE,1711,,,,,,,2,NO INDICATION OF INJURY,0,0,0,0,0,2,0,16,4,11,41.99021468,-87.71383608,POINT (-87.713836077318 41.990214675792),1
JA504187,,11/8/2017 16:45,30,NO CONTROLS,NO CONTROLS,CLEAR,DAYLIGHT,REAR END,DIVIDED - W/MEDIAN (NOT RAISED),4,STRAIGHT AND LEVEL,DRY,NO DEFECTS,ON SCENE,INJURY AND / OR TOW DUE TO CRASH,,,,"OVER $1,500",11/8/2017 16:56,FOLLOWING TOO CLOSELY,NOT APPLICABLE,5874,N,RIDGE AVE,2013,,,,,,,2,NO INDICATION OF INJURY,0,0,0,0,0,2,0,16,4,11,41.98850244,-87.66826454,POINT (-87.66826453671 41.988502437266),1
JA506443,,11/8/2017 16:50,30,NO CONTROLS,NO CONTROLS,CLEAR,DAYLIGHT,PARKED MOTOR VEHICLE,NOT DIVIDED,,STRAIGHT AND LEVEL,DRY,WORN SURFACE,NOT ON SCENE (DESK REPORT),NO INJURY / DRIVE AWAY,,,,"OVER $1,500",11/10/2017 12:40,FAILING TO YIELD RIGHT-OF-WAY,FAILING TO YIELD RIGHT-OF-WAY,4416,N,KEDZIE AVE,1724,,,,,,,2,NO INDICATION OF INJURY,0,0,0,0,0,2,0,16,4,11,41.9616864,-87.70840953,POINT (-87.708409528557 41.961686402151),1
JA504196,,11/8/2017 16:50,30,NO CONTROLS,NO CONTROLS,CLEAR,"DARKNESS, LIGHTED ROAD",PARKED MOTOR VEHICLE,ONE-WAY,1,STRAIGHT AND LEVEL,DRY,NO DEFECTS,ON SCENE,INJURY AND / OR TOW DUE TO CRASH,,,,$500 OR LESS,11/8/2017 17:00,UNDER THE INFLUENCE OF ALCOHOL/DRUGS (USE WHEN ARREST IS EFFECTED),"OPERATING VEHICLE IN ERRATIC, RECKLESS, CARELESS, NEGLIGENT OR AGGRESSIVE MANNER",6553,S,ALBANY AVE,831,,Y,N,,,,3,NONINCAPACITATING INJURY,1,0,0,1,0,1,0,16,4,11,41.77379393,-87.70042199,POINT (-87.700421993391 41.773793925385),1
JA504214,,11/8/2017 16:50,30,NO CONTROLS,FUNCTIONING PROPERLY,CLEAR,"DARKNESS, LIGHTED ROAD",HEAD ON,NOT DIVIDED,0,STRAIGHT AND LEVEL,DRY,NO DEFECTS,NOT ON SCENE (DESK REPORT),NO INJURY / DRIVE AWAY,Y,,,"OVER $1,500",11/8/2017 17:50,UNABLE TO DETERMINE,NOT APPLICABLE,3199,N,CENTRAL PARK AVE,1412,,,,,,,3,NO INDICATION OF INJURY,0,0,0,0,0,3,0,16,4,11,41.9391287,-87.7172482,POINT (-87.717248202469 41.939128703361),1
JA504794,,11/8/2017 17:00,30,NO CONTROLS,NO CONTROLS,CLEAR,"DARKNESS, LIGHTED ROAD",SIDESWIPE SAME DIRECTION,ONE-WAY,,STRAIGHT AND LEVEL,DRY,NO DEFECTS,NOT ON SCENE (DESK REPORT),NO INJURY / DRIVE AWAY,,,,"$501 - $1,500",11/9/2017 8:30,IMPROPER OVERTAKING/PASSING,NOT APPLICABLE,525,W,MONROE ST,121,,,,,,,2,NO INDICATION OF INJURY,0,0,0,0,0,2,0,17,4,11,41.88046315,-87.64080388,POINT (-87.640803884278 41.880463147078),1
JA504277,,11/8/2017 17:00,30,STOP SIGN/FLASHER,FUNCTIONING PROPERLY,CLEAR,"DARKNESS, LIGHTED ROAD",ANGLE,DIVIDED - W/MEDIAN (NOT RAISED),2,STRAIGHT AND LEVEL,DRY,NO DEFECTS,NOT ON SCENE (DESK REPORT),INJURY AND / OR TOW DUE TO CRASH,Y,,Y,"OVER $1,500",11/8/2017 18:30,FAILING TO YIELD RIGHT-OF-WAY,NOT APPLICABLE,4710,W,JACKSON BLVD,1113,,,,,,,2,NONINCAPACITATING INJURY,1,0,0,1,0,2,0,17,4,11,41.8769791,-87.74320254,POINT (-87.743202538803 41.87697910449),1
JA506799,,11/8/2017 17:00,30,NO CONTROLS,NO CONTROLS,CLEAR,DUSK,PARKED MOTOR VEHICLE,ONE-WAY,2,STRAIGHT AND LEVEL,DRY,NO DEFECTS,NOT ON SCENE (DESK REPORT),NO INJURY / DRIVE AWAY,,,Y,"$501 - $1,500",11/8/2017 17:00,UNABLE TO DETERMINE,NOT APPLICABLE,3144,W,WARREN BLVD,1222,,,,,,,2,NO INDICATION OF INJURY,0,0,0,0,0,1,0,17,4,11,41.88200872,-87.70549279,POINT (-87.705492787363 41.88200871713),1
JA504217,,11/8/2017 17:00,30,NO CONTROLS,NO CONTROLS,CLEAR,"DARKNESS, LIGHTED ROAD",SIDESWIPE SAME DIRECTION,OTHER,1,STRAIGHT AND LEVEL,DRY,NO DEFECTS,ON SCENE,NO INJURY / DRIVE AWAY,,,Y,"OVER $1,500",11/8/2017 17:05,IMPROPER LANE USAGE,IMPROPER OVERTAKING/PASSING,2524,S,CENTRAL PARK AVE,1013,,,,,,,2,NO INDICATION OF INJURY,0,0,0,0,0,2,0,17,4,11,41.84544296,-87.71496352,POINT (-87.714963518882 41.84544295986),1
JA504204,,11/8/2017 17:05,30,NO CONTROLS,NO CONTROLS,CLEAR,"DARKNESS, LIGHTED ROAD",PARKED MOTOR VEHICLE,NOT DIVIDED,,STRAIGHT AND LEVEL,DRY,NO DEFECTS,NOT ON SCENE (DESK REPORT),NO INJURY / DRIVE AWAY,,,Y,"OVER $1,500",11/8/2017 17:55,UNABLE TO DETERMINE,UNABLE TO DETERMINE,2262,N,CLARK ST,1812,,,,,,,2,NO INDICATION OF INJURY,0,0,0,0,0,1,0,17,4,11,41.92359093,-87.63941952,POINT (-87.639419518313 41.923590930572),1
JA504165,,11/8/2017 17:09,25,YIELD,FUNCTIONING PROPERLY,CLEAR,DAWN,TURNING,DIVIDED - W/MEDIAN BARRIER,6,STRAIGHT AND LEVEL,DRY,NO DEFECTS,ON SCENE,INJURY AND / OR TOW DUE TO CRASH,Y,,,"OVER $1,500",11/8/2017 17:11,FAILING TO REDUCE SPEED TO AVOID CRASH,IMPROPER TURNING/NO SIGNAL,331,N,KENTON AVE,1113,,Y,,,,,3,NO INDICATION OF INJURY,0,0,0,0,0,3,0,17,4,11,41.88625012,-87.74013431,POINT (-87.740134309242 41.886250119469),1
JA505377,,11/8/2017 17:10,30,NO CONTROLS,NO CONTROLS,CLEAR,DUSK,PARKED MOTOR VEHICLE,NOT DIVIDED,2,STRAIGHT ON GRADE,DRY,UNKNOWN,NOT ON SCENE (DESK REPORT),NO INJURY / DRIVE AWAY,,,,"$501 - $1,500",11/9/2017 16:32,DRIVING SKILLS/KNOWLEDGE/EXPERIENCE,NOT APPLICABLE,2660,N,HALSTED ST,1935,Y,,,,,,2,NO INDICATION OF INJURY,0,0,0,0,0,1,0,17,4,11,41.93075191,-87.64909233,POINT (-87.649092333546 41.93075191145),1
JA504192,,11/8/2017 17:10,30,NO CONTROLS,NO CONTROLS,CLEAR,DARKNESS,TURNING,DIVIDED - W/MEDIAN (NOT RAISED),3,STRAIGHT AND LEVEL,DRY,NO DEFECTS,ON SCENE,NO INJURY / DRIVE AWAY,,,,"OVER $1,500",11/8/2017 17:31,IMPROPER LANE USAGE,NOT APPLICABLE,4254,S,WENTWORTH AVE,925,,,,,,,2,NO INDICATION OF INJURY,0,0,0,0,0,2,0,17,4,11,41.81662038,-87.63134065,POINT (-87.631340647654 41.816620381658),1
JA504880,,11/8/2017 17:15,30,NO CONTROLS,NO CONTROLS,CLEAR,DUSK,TURNING,NOT DIVIDED,,STRAIGHT AND LEVEL,DRY,NO DEFECTS,NOT ON SCENE (DESK REPORT),INJURY AND / OR TOW DUE TO CRASH,,,,"OVER $1,500",11/9/2017 10:22,UNABLE TO DETERMINE,UNABLE TO DETERMINE,3600,W,OGDEN AVE,1014,,,,,,,2,NONINCAPACITATING INJURY,1,0,0,1,0,2,0,17,4,11,41.8546457,-87.71520625,POINT (-87.715206251845 41.854645701934),1
JA504240,,11/8/2017 17:15,30,NO CONTROLS,NO CONTROLS,CLEAR,"DARKNESS, LIGHTED ROAD",TURNING,NOT DIVIDED,,STRAIGHT AND LEVEL,DRY,NO DEFECTS,NOT ON SCENE (DESK REPORT),NO INJURY / DRIVE AWAY,,,,"OVER $1,500",11/8/2017 19:20,UNABLE TO DETERMINE,UNABLE TO DETERMINE,3916,N,HARLEM AVE,1631,,,,,,,2,NO INDICATION OF INJURY,0,0,0,0,0,2,0,17,4,11,41.95127035,-87.80736041,POINT (-87.807360414372 41.951270351533),1
JA504167,,11/8/2017 17:15,30,NO CONTROLS,NO CONTROLS,CLEAR,"DARKNESS, LIGHTED ROAD",SIDESWIPE SAME DIRECTION,NOT DIVIDED,2,STRAIGHT AND LEVEL,DRY,NO DEFECTS,NOT ON SCENE (DESK REPORT),NO INJURY / DRIVE AWAY,,,,"$501 - $1,500",11/8/2017 17:40,IMPROPER OVERTAKING/PASSING,FAILING TO YIELD RIGHT-OF-WAY,5050,W,ADDISON ST,1634,,,,,,,2,NO INDICATION OF INJURY,0,0,0,0,0,5,0,17,4,11,41.94614724,-87.7538808,POINT (-87.753880795368 41.946147241324),1
JA504208,,11/8/2017 17:20,30,NO CONTROLS,NO CONTROLS,CLEAR,DARKNESS,SIDESWIPE SAME DIRECTION,NOT DIVIDED,1,STRAIGHT AND LEVEL,DRY,NO DEFECTS,NOT ON SCENE (DESK REPORT),NO INJURY / DRIVE AWAY,,,,"$501 - $1,500",11/8/2017 17:54,FOLLOWING TOO CLOSELY,NOT APPLICABLE,5312,W,ARGYLE ST,1623,,,,,,,2,NO INDICATION OF INJURY,0,0,0,0,0,2,0,17,4,11,41.97165194,-87.76073146,POINT (-87.760731455009 41.971651944482),1
JA504223,,11/8/2017 17:30,30,TRAFFIC SIGNAL,FUNCTIONING PROPERLY,CLEAR,"DARKNESS, LIGHTED ROAD",PARKED MOTOR VEHICLE,NOT DIVIDED,2,STRAIGHT AND LEVEL,DRY,NO DEFECTS,ON SCENE,NO INJURY / DRIVE AWAY,Y,,,$500 OR LESS,11/8/2017 17:33,IMPROPER TURNING/NO SIGNAL,NOT APPLICABLE,2005,N,KOSTNER AVE,2522,,,,,,,2,NO INDICATION OF INJURY,0,0,0,0,0,2,0,17,4,11,41.91721162,-87.73618631,POINT (-87.736186310625 41.917211624191),1
JA505509,,11/8/2017 17:30,35,TRAFFIC SIGNAL,FUNCTIONING PROPERLY,CLEAR,"DARKNESS, LIGHTED ROAD",PEDALCYCLIST,NOT DIVIDED,2,STRAIGHT AND LEVEL,DRY,NO DEFECTS,NOT ON SCENE (DESK REPORT),NO INJURY / DRIVE AWAY,,,Y,$500 OR LESS,11/9/2017 17:50,IMPROPER TURNING/NO SIGNAL,NOT APPLICABLE,4455,W,MONTROSE AVE,1722,,,,,,,2,NO INDICATION OF INJURY,0,0,0,0,0,2,0,17,4,11,41.96069294,-87.7405963,POINT (-87.740596296503 41.960692943678),1
JA504236,,11/8/2017 17:30,30,TRAFFIC SIGNAL,FUNCTIONING PROPERLY,CLEAR,"DARKNESS, LIGHTED ROAD",REAR END,NOT DIVIDED,,STRAIGHT AND LEVEL,DRY,NO DEFECTS,NOT ON SCENE (DESK REPORT),NO INJURY / DRIVE AWAY,,,,"$501 - $1,500",11/8/2017 18:23,FOLLOWING TOO CLOSELY,FAILING TO REDUCE SPEED TO AVOID CRASH,2651,N,NARRAGANSETT AVE,2512,,,,,,,2,NO INDICATION OF INJURY,0,0,0,0,0,2,0,17,4,11,41.92885195,-87.7854871,POINT (-87.785487101923 41.928851953608),1
JA504198,,11/8/2017 17:31,35,NO CONTROLS,NO CONTROLS,CLEAR,"DARKNESS, LIGHTED ROAD",SIDESWIPE SAME DIRECTION,NOT DIVIDED,2,STRAIGHT AND LEVEL,DRY,NO DEFECTS,ON SCENE,NO INJURY / DRIVE AWAY,,,Y,"OVER $1,500",11/8/2017 17:35,FAILING TO YIELD RIGHT-OF-WAY,NOT APPLICABLE,3337,W,55TH ST,822,,,,,,,3,NO INDICATION OF INJURY,0,0,0,0,0,4,0,17,4,11,41.79334732,-87.70745849,POINT (-87.707458493783 41.793347323084),1
JA504265,,11/8/2017 17:35,30,TRAFFIC SIGNAL,FUNCTIONING PROPERLY,CLEAR,"DARKNESS, LIGHTED ROAD",SIDESWIPE SAME DIRECTION,OTHER,5,STRAIGHT AND LEVEL,DRY,WORN SURFACE,ON SCENE,INJURY AND / OR TOW DUE TO CRASH,Y,,,$500 OR LESS,11/8/2017 17:42,UNABLE TO DETERMINE,UNABLE TO DETERMINE,1600,E,79TH ST,411,,,,,,,2,"REPORTED, NOT EVIDENT",3,0,0,0,3,8,0,17,4,11,41.75161152,-87.58559228,POINT (-87.585592284288 41.751611523273),1
JA504333,,11/8/2017 17:35,30,TRAFFIC SIGNAL,FUNCTIONING PROPERLY,CLEAR,"DARKNESS, LIGHTED ROAD",PEDALCYCLIST,DIVIDED - W/MEDIAN BARRIER,,STRAIGHT AND LEVEL,DRY,UNKNOWN,NOT ON SCENE (DESK REPORT),NO INJURY / DRIVE AWAY,Y,,,"OVER $1,500",11/8/2017 19:10,UNABLE TO DETERMINE,UNABLE TO DETERMINE,500,W,ROOSEVELT RD,124,,,,,,,2,NO INDICATION OF INJURY,0,0,0,0,0,2,0,17,4,11,41.86736269,-87.6392932,POINT (-87.639293194642 41.867362692617),1
JA504289,,11/8/2017 17:35,30,STOP SIGN/FLASHER,FUNCTIONING PROPERLY,CLEAR,DARKNESS,ANGLE,ONE-WAY,,STRAIGHT AND LEVEL,DRY,NO DEFECTS,NOT ON SCENE (DESK REPORT),NO INJURY / DRIVE AWAY,,,Y,"OVER $1,500",11/8/2017 18:35,DISREGARDING STOP SIGN,DISREGARDING STOP SIGN,8100,S,PEORIA ST,613,,,,,,,2,NO INDICATION OF INJURY,0,0,0,0,0,2,0,17,4,11,41.74686782,-87.64650671,POINT (-87.646506708583 41.746867818678),1
JA504355,,11/8/2017 17:40,30,STOP SIGN/FLASHER,FUNCTIONING PROPERLY,CLEAR,"DARKNESS, LIGHTED ROAD",ANGLE,NOT DIVIDED,,STRAIGHT AND LEVEL,DRY,NO DEFECTS,NOT ON SCENE (DESK REPORT),NO INJURY / DRIVE AWAY,,,,"OVER $1,500",11/8/2017 19:20,UNABLE TO DETERMINE,NOT APPLICABLE,10800,S,AVENUE O,432,,,,,,,2,NO INDICATION OF INJURY,0,0,0,0,0,2,0,17,4,11,41.69904227,-87.54023307,POINT (-87.540233070295 41.699042269751),1
JA504207,,11/8/2017 17:40,30,TRAFFIC SIGNAL,FUNCTIONING PROPERLY,CLEAR,"DARKNESS, LIGHTED ROAD",REAR END,DIVIDED - W/MEDIAN (NOT RAISED),4,STRAIGHT AND LEVEL,DRY,NO DEFECTS,NOT ON SCENE (DESK REPORT),NO INJURY / DRIVE AWAY,Y,,Y,$500 OR LESS,11/8/2017 17:50,UNABLE TO DETERMINE,NOT APPLICABLE,600,S,CENTRAL AVE,1513,,,,,,,4,NO INDICATION OF INJURY,0,0,0,0,0,4,0,17,4,11,41.87277222,-87.76473185,POINT (-87.764731850479 41.872772222189),1
JA504294,,11/8/2017 17:40,30,NO CONTROLS,NO CONTROLS,CLEAR,"DARKNESS, LIGHTED ROAD",PARKED MOTOR VEHICLE,ONE-WAY,1,STRAIGHT AND LEVEL,DRY,NO DEFECTS,ON SCENE,NO INJURY / DRIVE AWAY,,,,"OVER $1,500",11/8/2017 17:57,UNABLE TO DETERMINE,NOT APPLICABLE,1158,N,WASHTENAW AVE,1211,,,,,,,2,NO INDICATION OF INJURY,0,0,0,0,0,1,0,17,4,11,41.90292008,-87.69456202,POINT (-87.694562023998 41.902920076124),1
JA504326,,11/8/2017 17:45,30,NO CONTROLS,NO CONTROLS,CLEAR,"DARKNESS, LIGHTED ROAD",TURNING,NOT DIVIDED,,STRAIGHT AND LEVEL,DRY,NO DEFECTS,NOT ON SCENE (DESK REPORT),NO INJURY / DRIVE AWAY,Y,,,"OVER $1,500",11/8/2017 19:05,UNABLE TO DETERMINE,UNABLE TO DETERMINE,1399,N,SEDGWICK ST,1821,,,,,,,2,NO INDICATION OF INJURY,0,0,0,0,0,2,0,17,4,11,41.90755461,-87.63833528,POINT (-87.638335274756 41.907554608523),1
JA504369,,11/8/2017 17:45,30,NO CONTROLS,NO CONTROLS,CLEAR,"DARKNESS, LIGHTED ROAD",REAR END,DIVIDED - W/MEDIAN (NOT RAISED),4,STRAIGHT ON GRADE,DRY,NO DEFECTS,ON SCENE,NO INJURY / DRIVE AWAY,,,,$500 OR LESS,11/8/2017 17:45,IMPROPER BACKING,IMPROPER BACKING,6065,N,HARLEM AVE,1612,,,,,,,2,NO INDICATION OF INJURY,0,0,0,0,0,3,0,17,4,11,41.99182002,-87.80670558,POINT (-87.80670557488 41.991820022784),1
JA504813,,11/8/2017 17:50,30,TRAFFIC SIGNAL,NO CONTROLS,CLEAR,DAYLIGHT,REAR END,NOT DIVIDED,,STRAIGHT AND LEVEL,DRY,NO DEFECTS,NOT ON SCENE (DESK REPORT),NO INJURY / DRIVE AWAY,,,,"$501 - $1,500",11/9/2017 8:40,UNABLE TO DETERMINE,UNABLE TO DETERMINE,9501,S,COTTAGE GROVE AVE,511,,,,,,,2,NO INDICATION OF INJURY,0,0,0,0,0,2,0,17,4,11,41.72193448,-87.60305897,POINT (-87.603058968556 41.721934480956),1
JA504384,,11/8/2017 17:52,35,NO CONTROLS,NO CONTROLS,CLEAR,DARKNESS,SIDESWIPE SAME DIRECTION,NOT DIVIDED,4,STRAIGHT AND LEVEL,DRY,NO DEFECTS,ON SCENE,NO INJURY / DRIVE AWAY,,,,"$501 - $1,500",11/8/2017 17:52,IMPROPER LANE USAGE,FAILING TO REDUCE SPEED TO AVOID CRASH,5400,S,WESTERN AVE,923,,,,,,,2,NO INDICATION OF INJURY,0,0,0,0,0,2,0,17,4,11,41.79517044,-87.68421944,POINT (-87.684219438912 41.795170441201),1
JA504222,,11/8/2017 17:53,30,NO CONTROLS,OTHER,CLEAR,"DARKNESS, LIGHTED ROAD",REAR END,DIVIDED - W/MEDIAN (NOT RAISED),,STRAIGHT AND LEVEL,DRY,WORN SURFACE,ON SCENE,INJURY AND / OR TOW DUE TO CRASH,,,,"OVER $1,500",11/8/2017 17:55,UNABLE TO DETERMINE,UNABLE TO DETERMINE,729,N,OGDEN AVE,1214,,,,,,,3,NO INDICATION OF INJURY,0,0,0,0,0,4,0,17,4,11,41.89512674,-87.65542854,POINT (-87.655428540567 41.895126741684),1
JA504320,,11/8/2017 18:00,30,NO CONTROLS,NO CONTROLS,CLEAR,"DARKNESS, LIGHTED ROAD",REAR END,NOT DIVIDED,,STRAIGHT AND LEVEL,DRY,NO DEFECTS,NOT ON SCENE (DESK REPORT),NO INJURY / DRIVE AWAY,,,,"OVER $1,500",11/8/2017 20:00,UNABLE TO DETERMINE,UNABLE TO DETERMINE,5300,W,LAWRENCE AVE,1623,,,,,,,2,NO INDICATION OF INJURY,0,0,0,0,0,2,0,18,4,11,41.96799282,-87.75959522,POINT (-87.759595219603 41.967992817032),1
JA504909,N,11/8/2017 18:00,25,STOP SIGN/FLASHER,FUNCTIONING PROPERLY,CLEAR,UNKNOWN,PARKED MOTOR VEHICLE,NOT DIVIDED,2,STRAIGHT AND LEVEL,DRY,NO DEFECTS,NOT ON SCENE (DESK REPORT),NO INJURY / DRIVE AWAY,,,Y,"OVER $1,500",11/9/2017 10:40,UNABLE TO DETERMINE,NOT APPLICABLE,6473,N,RAVENSWOOD AVE,2432,,,,,,,2,NO INDICATION OF INJURY,0,0,0,0,0,1,0,18,4,11,41.99979445,-87.67491633,POINT (-87.674916330603 41.999794450188),1
JA504318,,11/8/2017 18:00,30,UNKNOWN,UNKNOWN,CLEAR,DARKNESS,ANGLE,NOT DIVIDED,,STRAIGHT AND LEVEL,DRY,NO DEFECTS,ON SCENE,NO INJURY / DRIVE AWAY,,,,"OVER $1,500",11/8/2017 18:05,FAILING TO YIELD RIGHT-OF-WAY,BICYCLE ADVANCING LEGALLY ON RED LIGHT,6264,N,HARLEM AVE,1612,,,,,,,2,NO INDICATION OF INJURY,0,0,0,0,0,2,0,18,4,11,41.99534649,-87.80696582,POINT (-87.806965823182 41.995346484781),1
JA509386,,11/8/2017 18:00,30,NO CONTROLS,NO CONTROLS,CLEAR,DAYLIGHT,PARKED MOTOR VEHICLE,ONE-WAY,,STRAIGHT AND LEVEL,DRY,NO DEFECTS,NOT ON SCENE (DESK REPORT),NO INJURY / DRIVE AWAY,,,N,"OVER $1,500",11/12/2017 19:48,NOT APPLICABLE,NOT APPLICABLE,4817,S,LA CROSSE AVE,814,,,,,,,2,NO INDICATION OF INJURY,0,0,0,0,0,1,0,18,4,11,41.80523865,-87.74416786,POINT (-87.744167855676 41.80523865448),1
JA511792,Y,11/8/2017 18:00,30,UNKNOWN,UNKNOWN,UNKNOWN,UNKNOWN,PARKED MOTOR VEHICLE,ONE-WAY,1,STRAIGHT AND LEVEL,UNKNOWN,UNKNOWN,NOT ON SCENE (DESK REPORT),NO INJURY / DRIVE AWAY,,,Y,"OVER $1,500",11/14/2017 17:19,UNABLE TO DETERMINE,NOT APPLICABLE,632,W,BUCKINGHAM PL,1925,,,,,,,2,NO INDICATION OF INJURY,0,0,0,0,0,1,0,18,4,11,41.94286962,-87.64577375,POINT (-87.645773749153 41.942869624416),1
JA505522,,11/8/2017 18:00,15,NO CONTROLS,NO CONTROLS,CLEAR,"DARKNESS, LIGHTED ROAD",PARKED MOTOR VEHICLE,ONE-WAY,1,STRAIGHT ON GRADE,DRY,NO DEFECTS,NOT ON SCENE (DESK REPORT),NO INJURY / DRIVE AWAY,,,,$500 OR LESS,11/9/2017 18:10,UNABLE TO DETERMINE,NOT APPLICABLE,5908,W,MIDWAY PARK,1512,,,,,,,2,NO INDICATION OF INJURY,0,0,0,0,0,2,0,18,4,11,41.8890878,-87.77253383,POINT (-87.772533830718 41.88908780263),1
JA504224,,11/8/2017 18:01,30,STOP SIGN/FLASHER,FUNCTIONING PROPERLY,CLEAR,"DARKNESS, LIGHTED ROAD",PEDESTRIAN,ONE-WAY,,STRAIGHT AND LEVEL,DRY,NO DEFECTS,ON SCENE,INJURY AND / OR TOW DUE TO CRASH,,,,"$501 - $1,500",11/8/2017 18:01,DISREGARDING STOP SIGN,NOT APPLICABLE,3500,W,62ND ST,823,,,,,,,2,INCAPACITATING INJURY,1,0,1,0,0,1,0,18,4,11,41.78079393,-87.71058836,POINT (-87.710588364113 41.780793924741),1
JA504280,,11/8/2017 18:10,30,TRAFFIC SIGNAL,FUNCTIONING PROPERLY,CLEAR,"DARKNESS, LIGHTED ROAD",REAR END,NOT DIVIDED,4,STRAIGHT AND LEVEL,DRY,NO DEFECTS,NOT ON SCENE (DESK REPORT),NO INJURY / DRIVE AWAY,,,Y,$500 OR LESS,11/8/2017 18:35,FOLLOWING TOO CLOSELY,UNABLE TO DETERMINE,4559,N,CICERO AVE,1722,,,,,,,2,NO INDICATION OF INJURY,0,0,0,0,0,4,0,18,4,11,41.96432344,-87.74746855,POINT (-87.747468544931 41.964323444127),1
JA504344,,11/8/2017 18:10,30,NO CONTROLS,NO CONTROLS,CLEAR,"DARKNESS, LIGHTED ROAD",REAR END,NOT DIVIDED,2,STRAIGHT AND LEVEL,DRY,NO DEFECTS,NOT ON SCENE (DESK REPORT),NO INJURY / DRIVE AWAY,,,,"$501 - $1,500",11/8/2017 19:00,FOLLOWING TOO CLOSELY,NOT APPLICABLE,189,W,ERIE ST,1832,,,,,,,2,NO INDICATION OF INJURY,0,0,0,0,0,3,0,18,4,11,41.89388063,-87.63405574,POINT (-87.634055742188 41.893880630426),1
JA504270,,11/8/2017 18:12,30,TRAFFIC SIGNAL,FUNCTIONING PROPERLY,CLEAR,"DARKNESS, LIGHTED ROAD",TURNING,OTHER,3,STRAIGHT AND LEVEL,DRY,NO DEFECTS,ON SCENE,NO INJURY / DRIVE AWAY,Y,,,$500 OR LESS,11/8/2017 18:22,IMPROPER TURNING/NO SIGNAL,DRIVING SKILLS/KNOWLEDGE/EXPERIENCE,4030,S,CALIFORNIA AVE,921,,,,,,,2,NO INDICATION OF INJURY,0,0,0,0,0,3,0,18,4,11,41.82007038,-87.69471484,POINT (-87.694714835496 41.820070382509),1
JA504301,,11/8/2017 18:15,30,NO CONTROLS,NO CONTROLS,CLEAR,"DARKNESS, LIGHTED ROAD",REAR END,DIVIDED - W/MEDIAN (NOT RAISED),2,STRAIGHT AND LEVEL,DRY,NO DEFECTS,NOT ON SCENE (DESK REPORT),NO INJURY / DRIVE AWAY,,,,"OVER $1,500",11/8/2017 18:30,FOLLOWING TOO CLOSELY,FOLLOWING TOO CLOSELY,3224,W,MONTROSE AVE,1724,,,,,,,2,NO INDICATION OF INJURY,0,0,0,0,0,4,0,18,4,11,41.9612858,-87.70932853,POINT (-87.70932853203 41.961285802536),1
JA504415,,11/8/2017 18:15,30,NO CONTROLS,NO CONTROLS,CLEAR,"DARKNESS, LIGHTED ROAD",REAR END,NOT DIVIDED,,STRAIGHT AND LEVEL,DRY,NO DEFECTS,NOT ON SCENE (DESK REPORT),NO INJURY / DRIVE AWAY,,,Y,"OVER $1,500",11/8/2017 20:05,UNABLE TO DETERMINE,UNABLE TO DETERMINE,149,N,LOWER WACKER DR,122,,,,,,,2,NO INDICATION OF INJURY,0,0,0,0,0,2,0,18,4,11,41.88440044,-87.63664056,POINT (-87.636640558797 41.884400440039),1