RD_NO,CRASH_DATE_EST_I,CRASH_DATE,POSTED_SPEED_LIMIT,TRAFFIC_CONTROL_DEVICE,DEVICE_CONDITION,WEATHER_CONDITION,LIGHTING_CONDITION,FIRST_CRASH_TYPE,TRAFFICWAY_TYPE,LANE_CNT,ALIGNMENT,ROADWAY_SURFACE_COND,ROAD_DEFECT,REPORT_TYPE,CRASH_TYPE,INTERSECTION_RELATED_I,NOT_RIGHT_OF_WAY_I,HIT_AND_RUN_I,DAMAGE,DATE_POLICE_NOTIFIED,PRIM_CONTRIBUTORY_CAUSE,SEC_CONTRIBUTORY_CAUSE,STREET_NO,STREET_DIRECTION,STREET_NAME,BEAT_OF_OCCURRENCE,PHOTOS_TAKEN_I,STATEMENTS_TAKEN_I,DOORING_I,WORK_ZONE_I,WORK_ZONE_TYPE,WORKERS_PRESENT_I,NUM_UNITS,MOST_SEVERE_INJURY,INJURIES_TOTAL,INJURIES_FATAL,INJURIES_INCAPACITATING,INJURIES_NON_INCAPACITATING,INJURIES_REPORTED_NOT_EVIDENT,INJURIES_NO_INDICATION,INJURIES_UNKNOWN,CRASH_HOUR,CRASH_DAY_OF_WEEK,CRASH_MONTH,LATITUDE,LONGITUDE,LOCATION,Join
JA504324,,11/8/2017 18:16,30,STOP SIGN/FLASHER,FUNCTIONING PROPERLY,CLEAR,"DARKNESS, LIGHTED ROAD",ANGLE,NOT DIVIDED,2,STRAIGHT AND LEVEL,DRY,NO DEFECTS,ON SCENE,INJURY AND / OR TOW DUE TO CRASH,Y,,,"OVER $1,500",11/8/2017 18:18,FAILING TO YIELD RIGHT-OF-WAY,UNABLE TO DETERMINE,800,W,HUBBARD ST,1214,,,,,,,2,NO INDICATION OF INJURY,0,0,0,0,0,4,0,18,4,11,41.89019488,-87.6476687,POINT (-87.647668699131 41.890194882661),1
JA506968,,11/8/2017 18:17,30,TRAFFIC SIGNAL,FUNCTIONING PROPERLY,CLEAR,DARKNESS,PARKED MOTOR VEHICLE,NOT DIVIDED,,STRAIGHT AND LEVEL,WET,NO DEFECTS,ON SCENE,NO INJURY / DRIVE AWAY,Y,,Y,$500 OR LESS,11/8/2017 18:17,"OPERATING VEHICLE IN ERRATIC, RECKLESS, CARELESS, NEGLIGENT OR AGGRESSIVE MANNER",UNABLE TO DETERMINE,1153,S,CALIFORNIA AVE,1135,,,,,,,2,NO INDICATION OF INJURY,0,0,0,0,0,2,0,18,4,11,41.86672053,-87.69576485,POINT (-87.695764853588 41.8667205313),1
JA504346,,11/8/2017 18:20,30,TRAFFIC SIGNAL,FUNCTIONING PROPERLY,CLEAR,DARKNESS,REAR END,NOT DIVIDED,,STRAIGHT AND LEVEL,DRY,NO DEFECTS,NOT ON SCENE (DESK REPORT),NO INJURY / DRIVE AWAY,Y,,,"OVER $1,500",11/8/2017 18:30,FOLLOWING TOO CLOSELY,FAILING TO REDUCE SPEED TO AVOID CRASH,5557,W,GRAND AVE,2515,,,,,,,2,NO INDICATION OF INJURY,0,0,0,0,0,3,0,18,4,11,41.91862941,-87.76568981,POINT (-87.765689805855 41.918629412196),1
JA504339,,11/8/2017 18:24,35,NO CONTROLS,NO CONTROLS,CLEAR,"DARKNESS, LIGHTED ROAD",REAR END,NOT DIVIDED,6,STRAIGHT AND LEVEL,DRY,NO DEFECTS,ON SCENE,INJURY AND / OR TOW DUE TO CRASH,,,,"OVER $1,500",11/8/2017 18:54,FOLLOWING TOO CLOSELY,FOLLOWING TOO CLOSELY,7353,S,CICERO AVE,833,,,,,,,2,NO INDICATION OF INJURY,0,0,0,0,0,3,0,18,4,11,41.75912971,-87.74155365,POINT (-87.741553649368 41.759129713907),1
JA504304,,11/8/2017 18:25,35,TRAFFIC SIGNAL,FUNCTIONING PROPERLY,CLEAR,"DARKNESS, LIGHTED ROAD",PEDALCYCLIST,DIVIDED - W/MEDIAN BARRIER,4,STRAIGHT AND LEVEL,DRY,NO DEFECTS,ON SCENE,INJURY AND / OR TOW DUE TO CRASH,Y,,,"$501 - $1,500",11/8/2017 18:31,DISREGARDING TRAFFIC SIGNALS,UNABLE TO DETERMINE,3632,W,IRVING PARK RD,1723,,,,,,,2,"REPORTED, NOT EVIDENT",1,0,0,0,1,1,0,18,4,11,41.95384081,-87.71914053,POINT (-87.719140533085 41.953840812484),1
JA504272,,11/8/2017 18:25,30,STOP SIGN/FLASHER,FUNCTIONING PROPERLY,CLEAR,DAYLIGHT,ANGLE,NOT DIVIDED,2,STRAIGHT AND LEVEL,DRY,NO DEFECTS,ON SCENE,NO INJURY / DRIVE AWAY,Y,,,"$501 - $1,500",11/8/2017 18:27,DISREGARDING STOP SIGN,NOT APPLICABLE,1826,W,47TH ST,924,,,,,,,2,NO INDICATION OF INJURY,0,0,0,0,0,3,0,18,4,11,41.80865671,-87.67098537,POINT (-87.670985367328 41.808656709877),1
JA504471,,11/8/2017 18:30,30,NO CONTROLS,NO CONTROLS,CLEAR,"DARKNESS, LIGHTED ROAD",ANGLE,NOT DIVIDED,2,STRAIGHT AND LEVEL,DRY,NO DEFECTS,NOT ON SCENE (DESK REPORT),NO INJURY / DRIVE AWAY,,,,"OVER $1,500",11/8/2017 20:42,FAILING TO YIELD RIGHT-OF-WAY,NOT APPLICABLE,6599,N,HARLEM AVE,1611,,,,,,,2,NO INDICATION OF INJURY,0,0,0,0,0,2,0,18,4,11,42.00078455,-87.80661319,POINT (-87.806613189253 42.000784553131),1
JA504516,,11/8/2017 18:35,35,TRAFFIC SIGNAL,FUNCTIONING PROPERLY,CLEAR,"DARKNESS, LIGHTED ROAD",REAR END,NOT DIVIDED,4,STRAIGHT AND LEVEL,DRY,NO DEFECTS,ON SCENE,INJURY AND / OR TOW DUE TO CRASH,,,,"OVER $1,500",11/8/2017 18:38,UNDER THE INFLUENCE OF ALCOHOL/DRUGS (USE WHEN ARREST IS EFFECTED),FAILING TO REDUCE SPEED TO AVOID CRASH,830,E,95TH ST,413,,,,,,,2,INCAPACITATING INJURY,2,0,1,1,0,0,0,18,4,11,41.72215744,-87.60321813,POINT (-87.603218129841 41.722157442139),1
JA504321,,11/8/2017 18:36,25,TRAFFIC SIGNAL,FUNCTIONING PROPERLY,CLEAR,"DARKNESS, LIGHTED ROAD",SIDESWIPE SAME DIRECTION,DIVIDED - W/MEDIAN (NOT RAISED),4,STRAIGHT AND LEVEL,DRY,NO DEFECTS,NOT ON SCENE (DESK REPORT),NO INJURY / DRIVE AWAY,,,,"$501 - $1,500",11/8/2017 18:56,UNABLE TO DETERMINE,UNABLE TO DETERMINE,6700,S,PULASKI RD,833,,,,,,,2,NO INDICATION OF INJURY,0,0,0,0,0,2,0,18,4,11,41.77132587,-87.72272138,POINT (-87.722721377294 41.771325865209),1
JA504374,,11/8/2017 18:40,30,TRAFFIC SIGNAL,FUNCTIONING PROPERLY,CLEAR,"DARKNESS, LIGHTED ROAD",REAR END,NOT DIVIDED,2,STRAIGHT AND LEVEL,DRY,NO DEFECTS,NOT ON SCENE (DESK REPORT),NO INJURY / DRIVE AWAY,,,,"OVER $1,500",11/8/2017 19:39,FOLLOWING TOO CLOSELY,NOT APPLICABLE,7299,W,ADDISON ST,1631,,,,,,,2,NO INDICATION OF INJURY,0,0,0,0,0,2,0,18,4,11,41.94510694,-87.80935733,POINT (-87.809357325838 41.945106936823),1
JA504343,,11/8/2017 18:43,30,NO CONTROLS,NO CONTROLS,CLEAR,"DARKNESS, LIGHTED ROAD",SIDESWIPE SAME DIRECTION,DIVIDED - W/MEDIAN (NOT RAISED),4,STRAIGHT AND LEVEL,DRY,NO DEFECTS,ON SCENE,NO INJURY / DRIVE AWAY,,,,$500 OR LESS,11/8/2017 18:45,UNABLE TO DETERMINE,NOT APPLICABLE,4754,W,FULLERTON AVE,2521,,,,,,,2,NO INDICATION OF INJURY,0,0,0,0,0,2,0,18,4,11,41.92435238,-87.74608614,POINT (-87.746086140838 41.9243523792),1
JA504403,,11/8/2017 18:45,25,NO CONTROLS,NO CONTROLS,CLEAR,"DARKNESS, LIGHTED ROAD",REAR END,DIVIDED - W/MEDIAN (NOT RAISED),4,STRAIGHT AND LEVEL,DRY,NO DEFECTS,NOT ON SCENE (DESK REPORT),NO INJURY / DRIVE AWAY,,,,"$501 - $1,500",11/8/2017 19:47,UNABLE TO DETERMINE,UNABLE TO DETERMINE,6019,S,ARCHER AVE,811,,,,,,,2,NO INDICATION OF INJURY,0,0,0,0,0,2,0,18,4,11,41.79486667,-87.76717195,POINT (-87.767171952904 41.794866669235),1
JA504328,,11/8/2017 18:45,30,TRAFFIC SIGNAL,FUNCTIONING PROPERLY,CLEAR,"DARKNESS, LIGHTED ROAD",REAR END,NOT DIVIDED,4,STRAIGHT AND LEVEL,DRY,NO DEFECTS,NOT ON SCENE (DESK REPORT),NO INJURY / DRIVE AWAY,,,,"OVER $1,500",11/8/2017 19:04,FAILING TO REDUCE SPEED TO AVOID CRASH,DRIVING SKILLS/KNOWLEDGE/EXPERIENCE,5500,S,KENNETH AVE,813,,,,,,,2,NO INDICATION OF INJURY,0,0,0,0,0,2,0,18,4,11,41.79301664,-87.73433516,POINT (-87.734335162261 41.793016641372),1
JA504375,,11/8/2017 18:45,30,NO CONTROLS,NO CONTROLS,CLEAR,"DARKNESS, LIGHTED ROAD",TURNING,NOT DIVIDED,,STRAIGHT AND LEVEL,DRY,NO DEFECTS,NOT ON SCENE (DESK REPORT),NO INJURY / DRIVE AWAY,Y,,Y,"OVER $1,500",11/8/2017 19:40,UNABLE TO DETERMINE,UNABLE TO DETERMINE,354,N,DEARBORN ST,1831,,,,,,,2,NO INDICATION OF INJURY,0,0,0,0,0,2,0,18,4,11,41.88902669,-87.62972654,POINT (-87.629726543606 41.88902668783),1
JA504310,,11/8/2017 18:47,30,TRAFFIC SIGNAL,FUNCTIONING PROPERLY,CLEAR,DARKNESS,SIDESWIPE SAME DIRECTION,NOT DIVIDED,,STRAIGHT AND LEVEL,DRY,NO DEFECTS,ON SCENE,NO INJURY / DRIVE AWAY,,,,"OVER $1,500",11/8/2017 18:47,IMPROPER OVERTAKING/PASSING,NOT APPLICABLE,412,S,MICHIGAN AVE,113,,,,,,,2,NO INDICATION OF INJURY,0,0,0,0,0,2,0,18,4,11,41.87666158,-87.62442805,POINT (-87.62442805182 41.876661579896),1
JA504405,Y,11/8/2017 18:55,30,NO CONTROLS,NO CONTROLS,CLEAR,"DARKNESS, LIGHTED ROAD",PARKED MOTOR VEHICLE,DIVIDED - W/MEDIAN (NOT RAISED),2,STRAIGHT AND LEVEL,DRY,NO DEFECTS,ON SCENE,NO INJURY / DRIVE AWAY,,,Y,"OVER $1,500",11/8/2017 19:30,UNABLE TO DETERMINE,NOT APPLICABLE,256,W,HUBBARD ST,1831,,,,,,,2,NO INDICATION OF INJURY,0,0,0,0,0,1,0,18,4,11,41.89007403,-87.63546151,POINT (-87.635461506579 41.890074027351),1
JA504382,,11/8/2017 19:00,30,NO CONTROLS,NO CONTROLS,CLEAR,DARKNESS,REAR END,OTHER,,STRAIGHT AND LEVEL,DRY,NO DEFECTS,NOT ON SCENE (DESK REPORT),NO INJURY / DRIVE AWAY,,,,$500 OR LESS,11/8/2017 19:44,UNABLE TO DETERMINE,UNABLE TO DETERMINE,6661,S,STATE ST,322,,,,,,,2,NO INDICATION OF INJURY,0,0,0,0,0,2,0,19,4,11,41.77313937,-87.6249914,POINT (-87.624991399138 41.773139371058),1
JA504366,,11/8/2017 19:11,30,NO CONTROLS,NO CONTROLS,CLEAR,"DARKNESS, LIGHTED ROAD",PARKED MOTOR VEHICLE,NOT DIVIDED,,STRAIGHT AND LEVEL,DRY,NO DEFECTS,ON SCENE,INJURY AND / OR TOW DUE TO CRASH,,,,"OVER $1,500",11/8/2017 19:12,IMPROPER OVERTAKING/PASSING,FAILING TO REDUCE SPEED TO AVOID CRASH,4917,W,WASHINGTON BLVD,1533,,,,,,,2,NONINCAPACITATING INJURY,1,0,0,1,0,0,0,19,4,11,41.88166402,-87.74850112,POINT (-87.748501122282 41.881664017462),1
JA504372,,11/8/2017 19:15,30,NO CONTROLS,NO CONTROLS,CLEAR,"DARKNESS, LIGHTED ROAD",PARKED MOTOR VEHICLE,NOT DIVIDED,2,STRAIGHT AND LEVEL,DRY,NO DEFECTS,ON SCENE,NO INJURY / DRIVE AWAY,,,,$500 OR LESS,11/8/2017 19:20,UNABLE TO DETERMINE,UNABLE TO DETERMINE,3998,N,KIMBALL AVE,1732,,,,,,,2,NO INDICATION OF INJURY,0,0,0,0,0,1,0,19,4,11,41.95376207,-87.71304775,POINT (-87.713047747464 41.953762068286),1
JA504385,,11/8/2017 19:15,30,NO CONTROLS,NO CONTROLS,CLEAR,DAYLIGHT,REAR END,DIVIDED - W/MEDIAN (NOT RAISED),4,STRAIGHT AND LEVEL,DRY,NO DEFECTS,NOT ON SCENE (DESK REPORT),NO INJURY / DRIVE AWAY,,,,"OVER $1,500",11/8/2017 19:44,FAILING TO REDUCE SPEED TO AVOID CRASH,DRIVING SKILLS/KNOWLEDGE/EXPERIENCE,5301,S,HARLEM AVE,811,,,,,,,2,NO INDICATION OF INJURY,0,0,0,0,0,2,0,19,4,11,41.79568805,-87.80145967,POINT (-87.801459670523 41.795688052768),1
JA506665,,11/8/2017 19:15,30,UNKNOWN,UNKNOWN,UNKNOWN,UNKNOWN,REAR END,UNKNOWN,,STRAIGHT AND LEVEL,UNKNOWN,UNKNOWN,NOT ON SCENE (DESK REPORT),NO INJURY / DRIVE AWAY,,,,"OVER $1,500",11/10/2017 15:25,UNABLE TO DETERMINE,NOT APPLICABLE,4758,W,DIVERSEY AVE,2521,,,,,,,2,NO INDICATION OF INJURY,0,0,0,0,0,3,0,19,4,11,41.93164367,-87.74653418,POINT (-87.746534178949 41.931643673553),1
JA504534,,11/8/2017 19:15,30,TRAFFIC SIGNAL,NO CONTROLS,CLEAR,"DARKNESS, LIGHTED ROAD",SIDESWIPE SAME DIRECTION,DIVIDED - W/MEDIAN (NOT RAISED),2,STRAIGHT AND LEVEL,DRY,NO DEFECTS,NOT ON SCENE (DESK REPORT),NO INJURY / DRIVE AWAY,,,,"$501 - $1,500",11/8/2017 21:55,UNABLE TO DETERMINE,UNABLE TO DETERMINE,6400,N,SHERIDAN RD,2432,,,,,,,2,NO INDICATION OF INJURY,0,0,0,0,0,2,0,19,4,11,41.99821792,-87.66069526,POINT (-87.660695255572 41.998217920532),1
JA505573,,11/8/2017 19:20,40,NO CONTROLS,NO CONTROLS,CLEAR,"DARKNESS, LIGHTED ROAD",SIDESWIPE SAME DIRECTION,DIVIDED - W/MEDIAN BARRIER,4,STRAIGHT AND LEVEL,DRY,UNKNOWN,NOT ON SCENE (DESK REPORT),NO INJURY / DRIVE AWAY,,,,"$501 - $1,500",11/9/2017 18:30,IMPROPER LANE USAGE,NOT APPLICABLE,500,N,LAKE SHORE DR SB,1834,,,,,,,2,NO INDICATION OF INJURY,0,0,0,0,0,3,0,19,4,11,41.89114707,-87.61437506,POINT (-87.61437505723 41.89114707171),1
JA504447,,11/8/2017 19:29,30,TRAFFIC SIGNAL,FUNCTIONING PROPERLY,CLEAR,"DARKNESS, LIGHTED ROAD",REAR END,NOT DIVIDED,,STRAIGHT AND LEVEL,DRY,NO DEFECTS,NOT ON SCENE (DESK REPORT),NO INJURY / DRIVE AWAY,,,,"OVER $1,500",11/8/2017 20:10,FAILING TO REDUCE SPEED TO AVOID CRASH,FOLLOWING TOO CLOSELY,2300,S,DR MARTIN LUTHER KING JR DR,132,,,,,,,2,NO INDICATION OF INJURY,0,0,0,0,0,2,0,19,4,11,41.85118706,-87.61911261,POINT (-87.619112611242 41.851187063739),1
JA504383,,11/8/2017 19:30,35,TRAFFIC SIGNAL,FUNCTIONING PROPERLY,CLEAR,DARKNESS,SIDESWIPE SAME DIRECTION,ONE-WAY,3,STRAIGHT AND LEVEL,DRY,NO DEFECTS,ON SCENE,INJURY AND / OR TOW DUE TO CRASH,,,,"OVER $1,500",11/8/2017 19:32,FAILING TO REDUCE SPEED TO AVOID CRASH,FOLLOWING TOO CLOSELY,7100,S,STATE ST,323,,,,,,,2,NONINCAPACITATING INJURY,1,0,0,1,0,1,0,19,4,11,41.76539361,-87.62505048,POINT (-87.625050475006 41.765393607783),1
JA504510,,11/8/2017 19:30,25,STOP SIGN/FLASHER,FUNCTIONING PROPERLY,CLEAR,"DARKNESS, LIGHTED ROAD",PARKED MOTOR VEHICLE,ONE-WAY,1,STRAIGHT AND LEVEL,DRY,NO DEFECTS,NOT ON SCENE (DESK REPORT),NO INJURY / DRIVE AWAY,,,Y,"OVER $1,500",11/8/2017 21:30,IMPROPER LANE USAGE,UNABLE TO DETERMINE,4801,S,WOLCOTT AVE,931,,,,,,,2,NO INDICATION OF INJURY,0,0,0,0,0,1,0,19,4,11,41.80662503,-87.67206028,POINT (-87.672060276363 41.806625028092),1
JA504427,,11/8/2017 19:42,30,NO CONTROLS,NO CONTROLS,CLEAR,"DARKNESS, LIGHTED ROAD",FIXED OBJECT,NOT DIVIDED,2,STRAIGHT AND LEVEL,DRY,NO DEFECTS,ON SCENE,INJURY AND / OR TOW DUE TO CRASH,,N,Y,"OVER $1,500",11/8/2017 19:43,UNABLE TO DETERMINE,UNABLE TO DETERMINE,1100,E,49TH ST,222,,,,,,,1,NO INDICATION OF INJURY,0,0,0,0,0,1,0,19,4,11,41.80608733,-87.59908068,POINT (-87.599080678239 41.806087324689),1
JA504437,Y,11/8/2017 19:48,30,STOP SIGN/FLASHER,FUNCTIONING PROPERLY,CLEAR,"DARKNESS, LIGHTED ROAD",ANGLE,DIVIDED - W/MEDIAN (NOT RAISED),2,STRAIGHT AND LEVEL,DRY,WORN SURFACE,ON SCENE,INJURY AND / OR TOW DUE TO CRASH,Y,,,"OVER $1,500",11/8/2017 20:00,UNABLE TO DETERMINE,UNABLE TO DETERMINE,1346,W,LAKE ST,1215,,,,,,,2,NO INDICATION OF INJURY,0,0,0,0,0,2,0,19,4,11,41.88555623,-87.66067508,POINT (-87.66067507804 41.885556227496),1
JA504439,,11/8/2017 19:50,30,NO CONTROLS,NO CONTROLS,CLEAR,"DARKNESS, LIGHTED ROAD",SIDESWIPE SAME DIRECTION,DIVIDED - W/MEDIAN (NOT RAISED),4,STRAIGHT AND LEVEL,DRY,NO DEFECTS,NOT ON SCENE (DESK REPORT),NO INJURY / DRIVE AWAY,,,,"$501 - $1,500",11/8/2017 20:10,IMPROPER LANE USAGE,NOT APPLICABLE,5060,N,WESTERN AVE,2031,,,,,,,2,NO INDICATION OF INJURY,0,0,0,0,0,2,0,19,4,11,41.97404291,-87.68923254,POINT (-87.689232539811 41.974042912595),1
JA507475,,11/8/2017 20:00,30,NO CONTROLS,NO CONTROLS,CLEAR,DAYLIGHT,PARKED MOTOR VEHICLE,ONE-WAY,1,STRAIGHT AND LEVEL,DRY,NO DEFECTS,NOT ON SCENE (DESK REPORT),NO INJURY / DRIVE AWAY,,,,"OVER $1,500",11/11/2017 7:30,UNABLE TO DETERMINE,UNABLE TO DETERMINE,4114,W,CORNELIA AVE,1731,,,,,,,2,NO INDICATION OF INJURY,0,0,0,0,0,1,0,20,4,11,41.94488282,-87.72982571,POINT (-87.729825713909 41.944882819655),1
JA504479,,11/8/2017 20:15,25,STOP SIGN/FLASHER,FUNCTIONING PROPERLY,CLEAR,"DARKNESS, LIGHTED ROAD",TURNING,DIVIDED - W/MEDIAN (NOT RAISED),2,STRAIGHT AND LEVEL,DRY,NO DEFECTS,NOT ON SCENE (DESK REPORT),NO INJURY / DRIVE AWAY,Y,,,$500 OR LESS,11/8/2017 20:20,FAILING TO YIELD RIGHT-OF-WAY,UNABLE TO DETERMINE,4600,N,SHERIDAN RD,1914,,,,,,,2,NO INDICATION OF INJURY,0,0,0,0,0,3,0,20,4,11,41.96547528,-87.65493561,POINT (-87.654935604948 41.965475274534),1
JA504476,,11/8/2017 20:15,30,NO CONTROLS,NO CONTROLS,CLEAR,DARKNESS,REAR END,NOT DIVIDED,2,STRAIGHT AND LEVEL,DRY,NO DEFECTS,NOT ON SCENE (DESK REPORT),NO INJURY / DRIVE AWAY,,,,"OVER $1,500",11/8/2017 20:40,EXCEEDING AUTHORIZED SPEED LIMIT,FOLLOWING TOO CLOSELY,4800,N,AUSTIN AVE,1622,,,,,,,2,NO INDICATION OF INJURY,0,0,0,0,0,2,0,20,4,11,41.96762485,-87.77743074,POINT (-87.777430736114 41.967624849006),1
JA504498,,11/8/2017 20:46,30,LANE USE MARKING,FUNCTIONING PROPERLY,CLEAR,"DARKNESS, LIGHTED ROAD",SIDESWIPE SAME DIRECTION,NOT DIVIDED,2,STRAIGHT AND LEVEL,DRY,NO DEFECTS,ON SCENE,NO INJURY / DRIVE AWAY,,,Y,"$501 - $1,500",11/8/2017 20:48,"OPERATING VEHICLE IN ERRATIC, RECKLESS, CARELESS, NEGLIGENT OR AGGRESSIVE MANNER",UNABLE TO DETERMINE,3000,S,WENTWORTH AVE,914,,,,,,,3,NO INDICATION OF INJURY,0,0,0,0,0,2,0,20,4,11,41.83964163,-87.63186103,POINT (-87.631861032164 41.839641624592),1
JA504532,,11/8/2017 20:55,25,NO CONTROLS,NO CONTROLS,CLEAR,"DARKNESS, LIGHTED ROAD",ANGLE,ALLEY,,STRAIGHT AND LEVEL,DRY,NO DEFECTS,NOT ON SCENE (DESK REPORT),NO INJURY / DRIVE AWAY,,,,"OVER $1,500",11/8/2017 21:40,FAILING TO YIELD RIGHT-OF-WAY,NOT APPLICABLE,4344,N,MONTICELLO AVE,1723,,,,,,,2,NO INDICATION OF INJURY,0,0,0,0,0,3,0,20,4,11,41.96056549,-87.71939002,POINT (-87.719390016872 41.960565492587),1
JB109781,,11/8/2017 21:00,30,TRAFFIC SIGNAL,FUNCTIONING PROPERLY,CLEAR,"DARKNESS, LIGHTED ROAD",REAR END,DIVIDED - W/MEDIAN (NOT RAISED),2,STRAIGHT AND LEVEL,DRY,NO DEFECTS,NOT ON SCENE (DESK REPORT),NO INJURY / DRIVE AWAY,,,,"$501 - $1,500",1/9/2018 12:25,UNABLE TO DETERMINE,UNABLE TO DETERMINE,2758,W,83RD ST,835,,,,,,,2,NO INDICATION OF INJURY,0,0,0,0,0,2,0,21,4,11,41.74276859,-87.69237668,POINT (-87.692376681734 41.742768593824),1
JA504512,,11/8/2017 21:00,30,TRAFFIC SIGNAL,FUNCTIONING PROPERLY,CLEAR,"DARKNESS, LIGHTED ROAD",REAR END,NOT DIVIDED,,STRAIGHT AND LEVEL,DRY,NO DEFECTS,NOT ON SCENE (DESK REPORT),NO INJURY / DRIVE AWAY,Y,,,"$501 - $1,500",11/8/2017 21:35,UNABLE TO DETERMINE,UNABLE TO DETERMINE,2358,W,FOSTER AVE,2012,,,,,,,2,NO INDICATION OF INJURY,0,0,0,0,0,2,0,21,4,11,41.97600184,-87.68909264,POINT (-87.689092634969 41.97600183997),1
JA504518,,11/8/2017 21:00,30,NO CONTROLS,NO CONTROLS,CLEAR,DARKNESS,PARKED MOTOR VEHICLE,NOT DIVIDED,2,STRAIGHT AND LEVEL,DRY,NO DEFECTS,NOT ON SCENE (DESK REPORT),NO INJURY / DRIVE AWAY,,,Y,$500 OR LESS,11/8/2017 21:35,UNABLE TO DETERMINE,IMPROPER OVERTAKING/PASSING,1400,E,57TH ST,235,,,,,,,2,NO INDICATION OF INJURY,0,0,0,0,0,1,0,21,4,11,41.79160884,-87.59153154,POINT (-87.591531542578 41.791608841611),1
JA506570,,11/8/2017 21:00,30,NO CONTROLS,NO CONTROLS,CLEAR,DARKNESS,PARKED MOTOR VEHICLE,NOT DIVIDED,2,STRAIGHT AND LEVEL,DRY,NO DEFECTS,NOT ON SCENE (DESK REPORT),NO INJURY / DRIVE AWAY,,,Y,"$501 - $1,500",11/10/2017 14:20,UNABLE TO DETERMINE,NOT APPLICABLE,1327,W,FILLMORE ST,1231,,,,,,,2,NO INDICATION OF INJURY,0,0,0,0,0,1,0,21,4,11,41.86846299,-87.66027811,POINT (-87.660278108878 41.868462993151),1
JA507533,Y,11/8/2017 21:00,30,NO CONTROLS,NO CONTROLS,UNKNOWN,UNKNOWN,PARKED MOTOR VEHICLE,NOT DIVIDED,1,STRAIGHT AND LEVEL,UNKNOWN,NO DEFECTS,NOT ON SCENE (DESK REPORT),NO INJURY / DRIVE AWAY,,,Y,"OVER $1,500",11/11/2017 9:10,UNABLE TO DETERMINE,NOT APPLICABLE,2041,W,BRADLEY PL,1921,,,,,,,2,NO INDICATION OF INJURY,0,0,0,0,0,1,0,21,4,11,41.94946962,-87.68025387,POINT (-87.680253871038 41.94946961566),1
JA511120,,11/8/2017 21:05,30,TRAFFIC SIGNAL,FUNCTIONING PROPERLY,CLEAR,DARKNESS,SIDESWIPE SAME DIRECTION,DIVIDED - W/MEDIAN (NOT RAISED),2,STRAIGHT AND LEVEL,DRY,NO DEFECTS,NOT ON SCENE (DESK REPORT),NO INJURY / DRIVE AWAY,,,,"$501 - $1,500",11/14/2017 8:45,UNABLE TO DETERMINE,UNABLE TO DETERMINE,2441,N,DAMEN AVE,1432,,,,,,,2,NO INDICATION OF INJURY,0,0,0,0,0,2,0,21,4,11,41.92623443,-87.67784185,POINT (-87.677841851783 41.926234429222),1
JA504509,N,11/8/2017 21:15,30,NO CONTROLS,NO CONTROLS,CLOUDY/OVERCAST,"DARKNESS, LIGHTED ROAD",SIDESWIPE SAME DIRECTION,DIVIDED - W/MEDIAN (NOT RAISED),4,STRAIGHT AND LEVEL,DRY,NO DEFECTS,ON SCENE,NO INJURY / DRIVE AWAY,,,Y,"OVER $1,500",11/8/2017 21:20,IMPROPER LANE USAGE,DRIVING SKILLS/KNOWLEDGE/EXPERIENCE,6824,N,SHERIDAN RD,2431,,,,,,,2,NO INDICATION OF INJURY,0,0,0,0,0,3,0,21,4,11,42.00631282,-87.66129966,POINT (-87.661299654855 42.00631281744),1
JA504515,,11/8/2017 21:28,30,STOP SIGN/FLASHER,FUNCTIONING PROPERLY,CLEAR,DARKNESS,ANGLE,DIVIDED - W/MEDIAN (NOT RAISED),4,STRAIGHT AND LEVEL,DRY,NO DEFECTS,ON SCENE,INJURY AND / OR TOW DUE TO CRASH,,,,"OVER $1,500",11/8/2017 21:29,DISREGARDING STOP SIGN,NOT APPLICABLE,3400,W,EVERGREEN AVE,1422,,,,,,,2,NONINCAPACITATING INJURY,1,0,0,1,0,2,0,21,4,11,41.90562585,-87.71188603,POINT (-87.711886025852 41.90562584819),1
JA505194,,11/8/2017 21:30,30,NO CONTROLS,NOT FUNCTIONING,CLEAR,"DARKNESS, LIGHTED ROAD",PARKED MOTOR VEHICLE,DIVIDED - W/MEDIAN (NOT RAISED),4,STRAIGHT AND LEVEL,DRY,SHOULDER DEFECT,NOT ON SCENE (DESK REPORT),NO INJURY / DRIVE AWAY,,,Y,"OVER $1,500",11/9/2017 14:20,UNABLE TO DETERMINE,UNABLE TO DETERMINE,3625,S,PAULINA ST,912,,,,,,,2,NO INDICATION OF INJURY,0,0,0,0,0,1,0,21,4,11,41.82792353,-87.66774599,POINT (-87.667745992034 41.827923527517),1
JA504543,,11/8/2017 21:30,30,TRAFFIC SIGNAL,UNKNOWN,CLEAR,"DARKNESS, LIGHTED ROAD",TURNING,ONE-WAY,,STRAIGHT AND LEVEL,DRY,UNKNOWN,NOT ON SCENE (DESK REPORT),NO INJURY / DRIVE AWAY,Y,,,"OVER $1,500",11/8/2017 22:00,UNABLE TO DETERMINE,UNABLE TO DETERMINE,600,N,ORLEANS ST,1831,,,,,,,2,NO INDICATION OF INJURY,0,0,0,0,0,2,0,21,4,11,41.89241067,-87.63720268,POINT (-87.637202679986 41.892410665824),1