RD_NO,CRASH_DATE_EST_I,CRASH_DATE,POSTED_SPEED_LIMIT,TRAFFIC_CONTROL_DEVICE,DEVICE_CONDITION,WEATHER_CONDITION,LIGHTING_CONDITION,FIRST_CRASH_TYPE,TRAFFICWAY_TYPE,LANE_CNT,ALIGNMENT,ROADWAY_SURFACE_COND,ROAD_DEFECT,REPORT_TYPE,CRASH_TYPE,INTERSECTION_RELATED_I,NOT_RIGHT_OF_WAY_I,HIT_AND_RUN_I,DAMAGE,DATE_POLICE_NOTIFIED,PRIM_CONTRIBUTORY_CAUSE,SEC_CONTRIBUTORY_CAUSE,STREET_NO,STREET_DIRECTION,STREET_NAME,BEAT_OF_OCCURRENCE,PHOTOS_TAKEN_I,STATEMENTS_TAKEN_I,DOORING_I,WORK_ZONE_I,WORK_ZONE_TYPE,WORKERS_PRESENT_I,NUM_UNITS,MOST_SEVERE_INJURY,INJURIES_TOTAL,INJURIES_FATAL,INJURIES_INCAPACITATING,INJURIES_NON_INCAPACITATING,INJURIES_REPORTED_NOT_EVIDENT,INJURIES_NO_INDICATION,INJURIES_UNKNOWN,CRASH_HOUR,CRASH_DAY_OF_WEEK,CRASH_MONTH,LATITUDE,LONGITUDE,LOCATION,Join
JA504582,,11/8/2017 21:30,30,TRAFFIC SIGNAL,FUNCTIONING PROPERLY,CLEAR,"DARKNESS, LIGHTED ROAD",REAR END,NOT DIVIDED,6,STRAIGHT ON GRADE,DRY,NO DEFECTS,ON SCENE,NO INJURY / DRIVE AWAY,Y,,,"OVER $1,500",11/8/2017 21:33,IMPROPER LANE USAGE,FAILING TO REDUCE SPEED TO AVOID CRASH,7500,S,PULASKI RD,833,,,,,,,2,NO INDICATION OF INJURY,0,0,0,0,0,2,0,21,4,11,41.7568764,-87.72232174,POINT (-87.722321738255 41.756876394825),1
JA504566,,11/8/2017 21:42,35,NO CONTROLS,NO CONTROLS,CLEAR,"DARKNESS, LIGHTED ROAD",PARKED MOTOR VEHICLE,OTHER,4,STRAIGHT AND LEVEL,DRY,NO DEFECTS,ON SCENE,INJURY AND / OR TOW DUE TO CRASH,,,,"OVER $1,500",11/8/2017 21:43,UNABLE TO DETERMINE,UNABLE TO DETERMINE,4608,W,87TH ST,834,,,,,,,2,NO INDICATION OF INJURY,0,0,0,0,0,1,0,21,4,11,41.73468935,-87.73642242,POINT (-87.736422422759 41.734689344779),1
JA504542,,11/8/2017 21:45,30,NO CONTROLS,NO CONTROLS,CLEAR,"DARKNESS, LIGHTED ROAD",PARKED MOTOR VEHICLE,ONE-WAY,1,STRAIGHT AND LEVEL,DRY,NO DEFECTS,ON SCENE,INJURY AND / OR TOW DUE TO CRASH,,,,"OVER $1,500",11/8/2017 21:52,IMPROPER LANE USAGE,NOT APPLICABLE,3438,N,NAGLE AVE,1632,,,,,,,3,"REPORTED, NOT EVIDENT",1,0,0,0,1,1,0,21,4,11,41.94314327,-87.78761552,POINT (-87.787615523666 41.943143270901),1
JA504991,,11/8/2017 21:50,30,UNKNOWN,NO CONTROLS,CLEAR,DARKNESS,SIDESWIPE SAME DIRECTION,ONE-WAY,4,STRAIGHT AND LEVEL,DRY,NO DEFECTS,NOT ON SCENE (DESK REPORT),NO INJURY / DRIVE AWAY,,,Y,$500 OR LESS,11/9/2017 11:25,EXCEEDING AUTHORIZED SPEED LIMIT,EXCEEDING AUTHORIZED SPEED LIMIT,9230,S,STONY ISLAND AVE,413,,,,,,,2,NO INDICATION OF INJURY,0,0,0,0,0,2,0,21,4,11,41.7268973,-87.58558104,POINT (-87.585581036751 41.726897304301),1
JA504602,Y,11/8/2017 22:00,20,NO CONTROLS,NO CONTROLS,CLEAR,"DARKNESS, LIGHTED ROAD",PARKED MOTOR VEHICLE,ONE-WAY,1,STRAIGHT AND LEVEL,DRY,NO DEFECTS,ON SCENE,INJURY AND / OR TOW DUE TO CRASH,,,Y,"OVER $1,500",11/8/2017 23:21,IMPROPER LANE USAGE,NOT APPLICABLE,4641,W,PALMER ST,2522,,,,,,,2,NO INDICATION OF INJURY,0,0,0,0,0,1,0,22,4,11,41.92051257,-87.7432468,POINT (-87.743246802475 41.920512565968),1
JA504571,,11/8/2017 22:00,0,NO CONTROLS,NO CONTROLS,CLEAR,DARKNESS,PARKED MOTOR VEHICLE,OTHER,0,STRAIGHT AND LEVEL,DRY,NO DEFECTS,ON SCENE,NO INJURY / DRIVE AWAY,,,,"$501 - $1,500",11/8/2017 22:15,UNABLE TO DETERMINE,NOT APPLICABLE,4201,S,ASHLAND AVE,924,,,,,,,2,NO INDICATION OF INJURY,0,0,0,0,0,1,0,22,4,11,41.81768373,-87.6650402,POINT (-87.665040200043 41.817683733038),1
JA504599,,11/8/2017 22:03,35,TRAFFIC SIGNAL,FUNCTIONING PROPERLY,CLEAR,"DARKNESS, LIGHTED ROAD",REAR END,NOT DIVIDED,2,STRAIGHT AND LEVEL,DRY,NO DEFECTS,ON SCENE,NO INJURY / DRIVE AWAY,,,Y,$500 OR LESS,11/8/2017 23:05,FAILING TO REDUCE SPEED TO AVOID CRASH,UNABLE TO DETERMINE,2001,E,76TH ST,414,,,,,,,2,NO INDICATION OF INJURY,0,0,0,0,0,4,0,22,4,11,41.75695027,-87.57603959,POINT (-87.576039589377 41.756950267277),1
JA504594,,11/8/2017 22:45,30,NO CONTROLS,NO CONTROLS,CLEAR,"DARKNESS, LIGHTED ROAD",SIDESWIPE SAME DIRECTION,NOT DIVIDED,,STRAIGHT AND LEVEL,DRY,NO DEFECTS,NOT ON SCENE (DESK REPORT),NO INJURY / DRIVE AWAY,,,Y,"$501 - $1,500",11/8/2017 23:00,IMPROPER OVERTAKING/PASSING,NOT APPLICABLE,3106,N,HARLEM AVE,2511,,,,,,,2,NO INDICATION OF INJURY,0,0,0,0,0,2,0,22,4,11,41.93661313,-87.80684752,POINT (-87.806847521101 41.936613132849),1
JA504596,,11/8/2017 23:00,30,NO CONTROLS,NO CONTROLS,CLEAR,"DARKNESS, LIGHTED ROAD",REAR END,ONE-WAY,1,STRAIGHT AND LEVEL,DRY,NO DEFECTS,ON SCENE,NO INJURY / DRIVE AWAY,,,Y,"OVER $1,500",11/8/2017 23:09,FAILING TO YIELD RIGHT-OF-WAY,UNABLE TO DETERMINE,205,N,LOREL AVE,1523,,,,,,,2,NO INDICATION OF INJURY,0,0,0,0,0,2,0,23,4,11,41.88458968,-87.75874495,POINT (-87.75874495001 41.884589678841),1
JA504611,,11/8/2017 23:15,30,STOP SIGN/FLASHER,FUNCTIONING PROPERLY,CLEAR,"DARKNESS, LIGHTED ROAD",ANGLE,NOT DIVIDED,2,STRAIGHT AND LEVEL,DRY,UNKNOWN,NOT ON SCENE (DESK REPORT),INJURY AND / OR TOW DUE TO CRASH,,,,"OVER $1,500",11/8/2017 23:44,FAILING TO YIELD RIGHT-OF-WAY,UNABLE TO DETERMINE,2459,W,ARMITAGE AVE,1434,,,,,,,2,INCAPACITATING INJURY,1,0,1,0,0,6,0,23,4,11,41.91744466,-87.68979178,POINT (-87.689791778449 41.91744465934),1
JA504613,,11/8/2017 23:15,30,NO CONTROLS,NO CONTROLS,CLEAR,"DARKNESS, LIGHTED ROAD",PARKED MOTOR VEHICLE,NOT DIVIDED,2,STRAIGHT AND LEVEL,DRY,UNKNOWN,ON SCENE,INJURY AND / OR TOW DUE TO CRASH,,,Y,"OVER $1,500",11/8/2017 23:26,IMPROPER LANE USAGE,DRIVING SKILLS/KNOWLEDGE/EXPERIENCE,3031,S,PRINCETON AVE,914,,,,,,,2,NO INDICATION OF INJURY,0,0,0,0,0,1,0,23,4,11,41.83870647,-87.63396944,POINT (-87.633969438924 41.838706465535),1
JA505117,,11/8/2017 23:30,30,NO CONTROLS,NO CONTROLS,CLEAR,"DARKNESS, LIGHTED ROAD",PARKED MOTOR VEHICLE,NOT DIVIDED,,STRAIGHT AND LEVEL,DRY,NO DEFECTS,NOT ON SCENE (DESK REPORT),NO INJURY / DRIVE AWAY,,,Y,"OVER $1,500",11/9/2017 13:20,UNABLE TO DETERMINE,UNABLE TO DETERMINE,4702,N,SHERIDAN RD,1914,,,,,,,2,NO INDICATION OF INJURY,0,0,0,0,0,1,0,23,4,11,41.96737093,-87.65494522,POINT (-87.654945216174 41.967370925868),1
JA504621,,11/8/2017 23:45,15,NO CONTROLS,NO CONTROLS,CLEAR,"DARKNESS, LIGHTED ROAD",ANGLE,PARKING LOT,2,STRAIGHT AND LEVEL,DRY,NO DEFECTS,NOT ON SCENE (DESK REPORT),NO INJURY / DRIVE AWAY,,,,$500 OR LESS,11/9/2017 0:05,IMPROPER BACKING,UNABLE TO DETERMINE,7201,S,CICERO AVE,833,,,,,,,2,NO INDICATION OF INJURY,0,0,0,0,0,2,0,23,4,11,41.76184806,-87.74167065,POINT (-87.741670647349 41.761848063557),1
JA504619,,11/8/2017 23:45,30,NO CONTROLS,NO CONTROLS,CLEAR,"DARKNESS, LIGHTED ROAD",TURNING,NOT DIVIDED,2,STRAIGHT AND LEVEL,DRY,NO DEFECTS,ON SCENE,NO INJURY / DRIVE AWAY,,,,"OVER $1,500",11/8/2017 23:45,UNDER THE INFLUENCE OF ALCOHOL/DRUGS (USE WHEN ARREST IS EFFECTED),UNDER THE INFLUENCE OF ALCOHOL/DRUGS (USE WHEN ARREST IS EFFECTED),4371,N,ELSTON AVE,1722,,,,,,,2,NO INDICATION OF INJURY,0,0,0,0,0,2,0,23,4,11,41.96021247,-87.72844227,POINT (-87.728442264644 41.960212464508),1
JA506220,Y,11/9/2017 0:01,30,NO CONTROLS,NO CONTROLS,CLEAR,DARKNESS,PARKED MOTOR VEHICLE,ONE-WAY,1,STRAIGHT AND LEVEL,DRY,NO DEFECTS,NOT ON SCENE (DESK REPORT),NO INJURY / DRIVE AWAY,,,Y,"OVER $1,500",11/10/2017 10:28,UNABLE TO DETERMINE,UNABLE TO DETERMINE,2828,S,KEELER AVE,1031,,,,,,,2,NO INDICATION OF INJURY,0,0,0,0,0,1,0,0,5,11,41.83961368,-87.7294345,POINT (-87.729434494779 41.839613674899),1
JA504629,,11/9/2017 0:09,30,TRAFFIC SIGNAL,FUNCTIONING PROPERLY,CLEAR,"DARKNESS, LIGHTED ROAD",ANGLE,DIVIDED - W/MEDIAN (NOT RAISED),4,STRAIGHT AND LEVEL,DRY,NO DEFECTS,ON SCENE,INJURY AND / OR TOW DUE TO CRASH,Y,,Y,"OVER $1,500",11/9/2017 0:09,DISREGARDING TRAFFIC SIGNALS,"OPERATING VEHICLE IN ERRATIC, RECKLESS, CARELESS, NEGLIGENT OR AGGRESSIVE MANNER",7602,S,ASHLAND AVE,611,,,,,,,2,NO INDICATION OF INJURY,0,0,0,0,0,2,0,0,5,11,41.75566299,-87.66371546,POINT (-87.663715458815 41.755662993565),1
JA504650,,11/9/2017 0:29,30,TRAFFIC SIGNAL,FUNCTIONING PROPERLY,CLEAR,"DARKNESS, LIGHTED ROAD",REAR END,NOT DIVIDED,2,STRAIGHT AND LEVEL,DRY,NO DEFECTS,ON SCENE,NO INJURY / DRIVE AWAY,,,,"OVER $1,500",11/9/2017 1:20,UNABLE TO DETERMINE,UNABLE TO DETERMINE,333,S,HALSTED ST,1232,,,,,,,2,NO INDICATION OF INJURY,0,0,0,0,0,2,0,0,5,11,41.87695338,-87.64706347,POINT (-87.647063464534 41.87695337722),1
JA504638,,11/9/2017 0:51,30,TRAFFIC SIGNAL,NOT FUNCTIONING,CLEAR,"DARKNESS, LIGHTED ROAD",FIXED OBJECT,ONE-WAY,,STRAIGHT AND LEVEL,"SAND, MUD, DIRT",OTHER,ON SCENE,INJURY AND / OR TOW DUE TO CRASH,Y,Y,,"OVER $1,500",11/9/2017 0:51,"OPERATING VEHICLE IN ERRATIC, RECKLESS, CARELESS, NEGLIGENT OR AGGRESSIVE MANNER",EXCEEDING SAFE SPEED FOR CONDITIONS,3157,W,OHIO ST,1221,,,,Y,CONSTRUCTION,,1,NO INDICATION OF INJURY,0,0,0,0,0,1,0,0,5,11,41.89178698,-87.70638212,POINT (-87.706382124084 41.891786983696),1
JA504938,,11/9/2017 1:30,30,NO CONTROLS,NO CONTROLS,CLEAR,"DARKNESS, LIGHTED ROAD",PARKED MOTOR VEHICLE,DIVIDED - W/MEDIAN (NOT RAISED),,STRAIGHT AND LEVEL,DRY,NO DEFECTS,NOT ON SCENE (DESK REPORT),NO INJURY / DRIVE AWAY,,,,"OVER $1,500",11/9/2017 11:00,UNABLE TO DETERMINE,FAILING TO REDUCE SPEED TO AVOID CRASH,4002,N,HOYNE AVE,1911,,,,,,,2,NO INDICATION OF INJURY,0,0,0,0,0,1,0,1,5,11,41.95423062,-87.6813337,POINT (-87.681333695991 41.954230617074),1
JA507161,,11/9/2017 1:56,30,NO CONTROLS,NO CONTROLS,CLEAR,"DARKNESS, LIGHTED ROAD",PARKED MOTOR VEHICLE,PARKING LOT,,STRAIGHT AND LEVEL,DRY,NO DEFECTS,NOT ON SCENE (DESK REPORT),NO INJURY / DRIVE AWAY,,,,"$501 - $1,500",11/10/2017 21:30,UNABLE TO DETERMINE,UNABLE TO DETERMINE,6248,N,CALIFORNIA AVE,2413,,,,,,,2,NO INDICATION OF INJURY,0,0,0,0,0,1,0,1,5,11,41.99539959,-87.69971134,POINT (-87.699711339318 41.99539958897),1
JA504676,,11/9/2017 3:10,30,NO CONTROLS,NO CONTROLS,CLEAR,"DARKNESS, LIGHTED ROAD",FIXED OBJECT,NOT DIVIDED,2,STRAIGHT AND LEVEL,DRY,NO DEFECTS,ON SCENE,INJURY AND / OR TOW DUE TO CRASH,,,Y,"OVER $1,500",11/9/2017 3:15,UNABLE TO DETERMINE,UNABLE TO DETERMINE,2301,S,PULASKI RD,1013,,,,,,,1,NO INDICATION OF INJURY,0,0,0,0,0,1,0,3,5,11,41.84966749,-87.72456223,POINT (-87.724562234134 41.849667486321),1
JA504682,,11/9/2017 3:35,30,UNKNOWN,UNKNOWN,CLEAR,"DARKNESS, LIGHTED ROAD",REAR END,CENTER TURN LANE,,STRAIGHT AND LEVEL,DRY,UNKNOWN,ON SCENE,NO INJURY / DRIVE AWAY,,,,"OVER $1,500",11/9/2017 3:42,PHYSICAL CONDITION OF DRIVER,NOT APPLICABLE,1400,W,79TH ST,612,,,,,,,2,NO INDICATION OF INJURY,0,0,0,0,0,2,0,3,5,11,41.75053498,-87.65865206,POINT (-87.65865206229 41.750534981258),1
JA504697,,11/9/2017 4:15,30,TRAFFIC SIGNAL,FUNCTIONING PROPERLY,CLEAR,"DARKNESS, LIGHTED ROAD",REAR END,DIVIDED - W/MEDIAN (NOT RAISED),,STRAIGHT AND LEVEL,DRY,NO DEFECTS,NOT ON SCENE (DESK REPORT),NO INJURY / DRIVE AWAY,,,,$500 OR LESS,11/9/2017 5:00,FOLLOWING TOO CLOSELY,FOLLOWING TOO CLOSELY,1552,W,NORTH AVE,1433,,,,,,,2,NO INDICATION OF INJURY,0,0,0,0,0,2,0,4,5,11,41.91074461,-87.66738691,POINT (-87.667386913062 41.910744610501),1
JA504693,,11/9/2017 4:44,35,NO CONTROLS,NO CONTROLS,CLEAR,"DARKNESS, LIGHTED ROAD",PARKED MOTOR VEHICLE,NOT DIVIDED,2,STRAIGHT AND LEVEL,DRY,NO DEFECTS,ON SCENE,NO INJURY / DRIVE AWAY,,,Y,$500 OR LESS,11/9/2017 4:47,UNABLE TO DETERMINE,UNABLE TO DETERMINE,2342,E,75TH ST,334,,,,,,,2,NO INDICATION OF INJURY,0,0,0,0,0,2,0,4,5,11,41.75908912,-87.56711078,POINT (-87.567110778744 41.759089115659),1
JA505038,,11/9/2017 5:00,30,NO CONTROLS,NO CONTROLS,CLEAR,DAWN,PARKED MOTOR VEHICLE,ONE-WAY,1,STRAIGHT AND LEVEL,DRY,NO DEFECTS,NOT ON SCENE (DESK REPORT),NO INJURY / DRIVE AWAY,,,Y,"$501 - $1,500",11/9/2017 12:23,UNABLE TO DETERMINE,UNABLE TO DETERMINE,9100,S,URBAN AVE,634,,,,,,,2,NO INDICATION OF INJURY,0,0,0,0,0,1,0,5,5,11,41.72874027,-87.62252255,POINT (-87.622522553189 41.728740269894),1
JA506732,,11/9/2017 5:00,30,STOP SIGN/FLASHER,NOT FUNCTIONING,CLEAR,DUSK,ANGLE,OTHER,4,STRAIGHT AND LEVEL,DRY,NO DEFECTS,NOT ON SCENE (DESK REPORT),NO INJURY / DRIVE AWAY,,,Y,"OVER $1,500",11/10/2017 16:15,UNABLE TO DETERMINE,UNABLE TO DETERMINE,6026,W,FULLERTON AVE,2512,,,,,,,2,NO INDICATION OF INJURY,0,0,0,0,0,2,0,5,5,11,41.92391804,-87.77687385,POINT (-87.776873852312 41.923918044441),1
JA504696,,11/9/2017 5:15,30,STOP SIGN/FLASHER,FUNCTIONING PROPERLY,CLEAR,DAYLIGHT,ANGLE,DIVIDED - W/MEDIAN (NOT RAISED),,STRAIGHT AND LEVEL,DRY,NO DEFECTS,ON SCENE,INJURY AND / OR TOW DUE TO CRASH,Y,,Y,"OVER $1,500",11/9/2017 5:17,UNABLE TO DETERMINE,UNABLE TO DETERMINE,6032,W,FULLERTON AVE,2512,,,,,,,2,NONINCAPACITATING INJURY,1,0,0,1,0,1,0,5,5,11,41.92391516,-87.77707358,POINT (-87.777073583031 41.92391516181),1
JA504704,,11/9/2017 5:50,30,NO CONTROLS,NO CONTROLS,CLEAR,"DARKNESS, LIGHTED ROAD",REAR END,DIVIDED - W/MEDIAN (NOT RAISED),4,STRAIGHT AND LEVEL,DRY,NO DEFECTS,NOT ON SCENE (DESK REPORT),NO INJURY / DRIVE AWAY,,,,"OVER $1,500",11/9/2017 6:00,FOLLOWING TOO CLOSELY,UNABLE TO DETERMINE,4900,W,63RD ST,813,,,,,,,2,NO INDICATION OF INJURY,0,0,0,0,0,2,0,5,5,11,41.77849247,-87.74478114,POINT (-87.744781140224 41.778492466095),1
JA504752,,11/9/2017 6:00,0,NO CONTROLS,NO CONTROLS,CLEAR,UNKNOWN,PARKED MOTOR VEHICLE,PARKING LOT,,STRAIGHT AND LEVEL,DRY,NO DEFECTS,ON SCENE,NO INJURY / DRIVE AWAY,,Y,,$500 OR LESS,11/9/2017 7:29,IMPROPER BACKING,NOT APPLICABLE,3701,S,SPAULDING AVE,911,,,,,,,2,NO INDICATION OF INJURY,0,0,0,0,0,1,0,6,5,11,41.82600493,-87.70678077,POINT (-87.706780765984 41.826004929913),1
JA504708,,11/9/2017 6:00,30,NO CONTROLS,NO CONTROLS,CLEAR,"DARKNESS, LIGHTED ROAD",PARKED MOTOR VEHICLE,DIVIDED - W/MEDIAN (NOT RAISED),2,STRAIGHT AND LEVEL,DRY,NO DEFECTS,ON SCENE,NO INJURY / DRIVE AWAY,,,Y,"OVER $1,500",11/9/2017 6:00,"OPERATING VEHICLE IN ERRATIC, RECKLESS, CARELESS, NEGLIGENT OR AGGRESSIVE MANNER",FAILING TO REDUCE SPEED TO AVOID CRASH,910,S,RACINE AVE,1231,,,,,,,3,NO INDICATION OF INJURY,0,0,0,0,0,1,0,6,5,11,41.86995202,-87.65691831,POINT (-87.656918308989 41.869952023067),1
JA505389,,11/9/2017 6:15,30,NO CONTROLS,NO CONTROLS,CLEAR,DAYLIGHT,REAR END,NOT DIVIDED,,STRAIGHT AND LEVEL,DRY,NO DEFECTS,NOT ON SCENE (DESK REPORT),NO INJURY / DRIVE AWAY,,,,"OVER $1,500",11/9/2017 16:45,UNABLE TO DETERMINE,NOT APPLICABLE,3600,N,HARLEM AVE,1631,,,,,,,2,NO INDICATION OF INJURY,0,0,0,0,0,2,0,6,5,11,41.94533841,-87.80715477,POINT (-87.80715476912 41.945338412466),1
JA504742,,11/9/2017 7:00,30,NO CONTROLS,NO CONTROLS,CLEAR,DAYLIGHT,SIDESWIPE SAME DIRECTION,NOT DIVIDED,3,STRAIGHT AND LEVEL,DRY,NO DEFECTS,NOT ON SCENE (DESK REPORT),NO INJURY / DRIVE AWAY,,,,"OVER $1,500",11/9/2017 7:00,IMPROPER OVERTAKING/PASSING,NOT APPLICABLE,3500,S,CALIFORNIA AVE,911,,,,,,,2,NO INDICATION OF INJURY,0,0,0,0,0,3,0,7,5,11,41.83002728,-87.69493784,POINT (-87.69493783907 41.830027283593),1
JA505609,,11/9/2017 7:05,30,NO CONTROLS,NO CONTROLS,CLEAR,DAYLIGHT,PARKED MOTOR VEHICLE,DIVIDED - W/MEDIAN (NOT RAISED),4,STRAIGHT AND LEVEL,DRY,NO DEFECTS,NOT ON SCENE (DESK REPORT),NO INJURY / DRIVE AWAY,,,Y,"OVER $1,500",11/9/2017 19:05,UNABLE TO DETERMINE,UNABLE TO DETERMINE,4116,W,FULLERTON AVE,2524,,,,,,,2,NO INDICATION OF INJURY,0,0,0,0,0,2,0,7,5,11,41.92455904,-87.72991391,POINT (-87.729913913647 41.924559043812),1
JA504901,,11/9/2017 7:10,30,TRAFFIC SIGNAL,FUNCTIONING PROPERLY,CLEAR,DAYLIGHT,SIDESWIPE SAME DIRECTION,NOT DIVIDED,,STRAIGHT AND LEVEL,DRY,NO DEFECTS,NOT ON SCENE (DESK REPORT),INJURY AND / OR TOW DUE TO CRASH,,,,"OVER $1,500",11/9/2017 10:30,FAILING TO YIELD RIGHT-OF-WAY,NOT APPLICABLE,5125,W,NORTH AVE,2533,,,,,,,2,"REPORTED, NOT EVIDENT",3,0,0,0,3,1,0,7,5,11,41.90940744,-87.75456414,POINT (-87.754564139615 41.909407439405),1
JA504924,,11/9/2017 7:10,30,NO CONTROLS,NO CONTROLS,CLEAR,DAYLIGHT,PARKED MOTOR VEHICLE,NOT DIVIDED,2,STRAIGHT AND LEVEL,DRY,NO DEFECTS,NOT ON SCENE (DESK REPORT),NO INJURY / DRIVE AWAY,,,Y,"OVER $1,500",11/9/2017 11:00,DRIVING SKILLS/KNOWLEDGE/EXPERIENCE,NOT APPLICABLE,11181,S,HERMOSA AVE,2212,,,,,,,2,NO INDICATION OF INJURY,0,0,0,0,0,1,0,7,5,11,41.69009557,-87.66753384,POINT (-87.667533836185 41.690095574004),1
JA504878,,11/9/2017 7:15,15,NO CONTROLS,NO CONTROLS,CLEAR,DAYLIGHT,FIXED OBJECT,OTHER,,STRAIGHT AND LEVEL,DRY,NO DEFECTS,ON SCENE,NO INJURY / DRIVE AWAY,,Y,,$500 OR LESS,11/9/2017 7:20,FAILING TO REDUCE SPEED TO AVOID CRASH,NOT APPLICABLE,4959,S,ARCHER AVE,821,,,,,,,1,NO INDICATION OF INJURY,0,0,0,0,0,1,0,7,5,11,41.80304615,-87.72200673,POINT (-87.722006733579 41.803046146366),1
JA504843,,11/9/2017 7:20,30,NO CONTROLS,NO CONTROLS,CLEAR,DAYLIGHT,SIDESWIPE SAME DIRECTION,ONE-WAY,2,STRAIGHT AND LEVEL,DRY,NO DEFECTS,NOT ON SCENE (DESK REPORT),NO INJURY / DRIVE AWAY,,,,"OVER $1,500",11/9/2017 9:54,FAILING TO YIELD RIGHT-OF-WAY,UNABLE TO DETERMINE,210,N,WELLS ST,122,,,,,,,2,NO INDICATION OF INJURY,0,0,0,0,0,2,0,7,5,11,41.8860284,-87.63408498,POINT (-87.63408498312 41.886028398061),1
JA505360,,11/9/2017 7:30,20,NO CONTROLS,NO CONTROLS,UNKNOWN,UNKNOWN,PARKED MOTOR VEHICLE,ONE-WAY,,STRAIGHT AND LEVEL,DRY,NO DEFECTS,NOT ON SCENE (DESK REPORT),NO INJURY / DRIVE AWAY,,,Y,"OVER $1,500",11/9/2017 16:20,UNABLE TO DETERMINE,NOT APPLICABLE,6215,S,SACRAMENTO AVE,823,,,,,,,2,NO INDICATION OF INJURY,0,0,0,0,0,1,0,7,5,11,41.78038005,-87.69815623,POINT (-87.698156230553 41.780380045173),1
JA504754,,11/9/2017 7:30,30,NO CONTROLS,NO CONTROLS,CLEAR,DAYLIGHT,PARKED MOTOR VEHICLE,NOT DIVIDED,,STRAIGHT AND LEVEL,DRY,NO DEFECTS,ON SCENE,NO INJURY / DRIVE AWAY,,,Y,"OVER $1,500",11/9/2017 8:00,IMPROPER BACKING,NOT APPLICABLE,3499,N,SAYRE AVE,1632,,,,,,,2,NO INDICATION OF INJURY,0,0,0,0,0,1,0,7,5,11,41.94345308,-87.80127838,POINT (-87.801278379936 41.943453078884),1
JA509019,,11/9/2017 7:30,25,TRAFFIC SIGNAL,FUNCTIONING PROPERLY,CLEAR,DAYLIGHT,SIDESWIPE SAME DIRECTION,UNKNOWN,4,STRAIGHT AND LEVEL,SNOW OR SLUSH,NO DEFECTS,NOT ON SCENE (DESK REPORT),NO INJURY / DRIVE AWAY,,,,"$501 - $1,500",11/12/2017 14:15,IMPROPER OVERTAKING/PASSING,UNABLE TO DETERMINE,2343,W,IRVING PARK RD,1921,,,,,,,2,NO INDICATION OF INJURY,0,0,0,0,0,2,0,7,5,11,41.9539139,-87.6877289,POINT (-87.687728903568 41.953913903217),1
JA504739,,11/9/2017 7:34,25,NO CONTROLS,NO CONTROLS,CLEAR,DAYLIGHT,SIDESWIPE SAME DIRECTION,NOT DIVIDED,,STRAIGHT AND LEVEL,DRY,NO DEFECTS,ON SCENE,NO INJURY / DRIVE AWAY,,,,"OVER $1,500",11/9/2017 7:36,FAILING TO YIELD RIGHT-OF-WAY,UNABLE TO DETERMINE,10631,S,ALBANY AVE,2211,,,,,,,2,NO INDICATION OF INJURY,0,0,0,0,0,3,0,7,5,11,41.6997944,-87.69861905,POINT (-87.698619048617 41.699794399216),1
JA507748,,11/9/2017 7:40,30,TRAFFIC SIGNAL,FUNCTIONING PROPERLY,CLEAR,DAYLIGHT,SIDESWIPE SAME DIRECTION,ONE-WAY,3,STRAIGHT AND LEVEL,DRY,NO DEFECTS,ON SCENE,INJURY AND / OR TOW DUE TO CRASH,Y,,,"OVER $1,500",11/9/2017 7:42,IMPROPER LANE USAGE,DRIVING SKILLS/KNOWLEDGE/EXPERIENCE,3500,S,MICHIGAN AVE,213,,,,,,,2,NONINCAPACITATING INJURY,1,0,0,1,0,1,0,7,5,11,41.83097013,-87.62340212,POINT (-87.623402122211 41.830970129402),1
JA504899,,11/9/2017 7:40,30,NO CONTROLS,NO CONTROLS,CLEAR,DAYLIGHT,SIDESWIPE SAME DIRECTION,DIVIDED - W/MEDIAN (NOT RAISED),4,STRAIGHT AND LEVEL,DRY,UNKNOWN,NOT ON SCENE (DESK REPORT),NO INJURY / DRIVE AWAY,,,Y,"OVER $1,500",11/9/2017 10:35,FAILING TO YIELD RIGHT-OF-WAY,UNABLE TO DETERMINE,2515,W,47TH ST,922,,,,,,,2,NO INDICATION OF INJURY,0,0,0,0,0,3,0,7,5,11,41.80827946,-87.68753281,POINT (-87.687532808724 41.808279458583),1
JA504765,,11/9/2017 7:45,15,NO CONTROLS,NO CONTROLS,CLEAR,DAYLIGHT,PARKED MOTOR VEHICLE,PARKING LOT,,STRAIGHT AND LEVEL,DRY,NO DEFECTS,ON SCENE,NO INJURY / DRIVE AWAY,,,,"$501 - $1,500",11/9/2017 7:50,UNABLE TO DETERMINE,NOT APPLICABLE,659,W,RANDOLPH ST,121,,,,,,,2,NO INDICATION OF INJURY,0,0,0,0,0,1,0,7,5,11,41.88430945,-87.64502966,POINT (-87.645029662249 41.884309448849),1
JA507817,,11/9/2017 7:48,30,TRAFFIC SIGNAL,FUNCTIONING PROPERLY,CLEAR,DAYLIGHT,REAR END,DIVIDED - W/MEDIAN (NOT RAISED),,STRAIGHT AND LEVEL,DRY,NO DEFECTS,ON SCENE,NO INJURY / DRIVE AWAY,,,,"OVER $1,500",11/9/2017 9:20,FOLLOWING TOO CLOSELY,FAILING TO YIELD RIGHT-OF-WAY,3601,N,HARLEM AVE,1632,,,,,,,2,NO INDICATION OF INJURY,0,0,0,0,0,2,0,7,5,11,41.94534356,-87.80686079,POINT (-87.806860788087 41.945343559175),1