RD_NO,CRASH_DATE_EST_I,CRASH_DATE,POSTED_SPEED_LIMIT,TRAFFIC_CONTROL_DEVICE,DEVICE_CONDITION,WEATHER_CONDITION,LIGHTING_CONDITION,FIRST_CRASH_TYPE,TRAFFICWAY_TYPE,LANE_CNT,ALIGNMENT,ROADWAY_SURFACE_COND,ROAD_DEFECT,REPORT_TYPE,CRASH_TYPE,INTERSECTION_RELATED_I,NOT_RIGHT_OF_WAY_I,HIT_AND_RUN_I,DAMAGE,DATE_POLICE_NOTIFIED,PRIM_CONTRIBUTORY_CAUSE,SEC_CONTRIBUTORY_CAUSE,STREET_NO,STREET_DIRECTION,STREET_NAME,BEAT_OF_OCCURRENCE,PHOTOS_TAKEN_I,STATEMENTS_TAKEN_I,DOORING_I,WORK_ZONE_I,WORK_ZONE_TYPE,WORKERS_PRESENT_I,NUM_UNITS,MOST_SEVERE_INJURY,INJURIES_TOTAL,INJURIES_FATAL,INJURIES_INCAPACITATING,INJURIES_NON_INCAPACITATING,INJURIES_REPORTED_NOT_EVIDENT,INJURIES_NO_INDICATION,INJURIES_UNKNOWN,CRASH_HOUR,CRASH_DAY_OF_WEEK,CRASH_MONTH,LATITUDE,LONGITUDE,LOCATION,Join
JA504768,,11/9/2017 7:50,30,STOP SIGN/FLASHER,NO CONTROLS,CLEAR,DAYLIGHT,PARKED MOTOR VEHICLE,DIVIDED - W/MEDIAN (NOT RAISED),2,STRAIGHT AND LEVEL,DRY,NO DEFECTS,ON SCENE,INJURY AND / OR TOW DUE TO CRASH,,,,"OVER $1,500",11/9/2017 7:55,IMPROPER TURNING/NO SIGNAL,IMPROPER TURNING/NO SIGNAL,2934,N,KIMBALL AVE,1412,,,,,,,3,NO INDICATION OF INJURY,0,0,0,0,0,1,0,7,5,11,41.93528873,-87.71251784,POINT (-87.71251783829 41.935288734368),1
JA504842,Y,11/9/2017 8:00,30,NO CONTROLS,NO CONTROLS,CLEAR,DAYLIGHT,PARKED MOTOR VEHICLE,ONE-WAY,1,STRAIGHT AND LEVEL,DRY,NO DEFECTS,ON SCENE,INJURY AND / OR TOW DUE TO CRASH,,,Y,"$501 - $1,500",11/9/2017 9:24,UNABLE TO DETERMINE,UNABLE TO DETERMINE,8334,S,MARQUETTE AVE,423,,,,,,,2,NO INDICATION OF INJURY,0,0,0,0,0,1,0,8,5,11,41.74350762,-87.55896149,POINT (-87.558961489348 41.743507620175),1
JA504771,Y,11/9/2017 8:00,25,TRAFFIC SIGNAL,FUNCTIONING PROPERLY,CLOUDY/OVERCAST,DAYLIGHT,TURNING,ONE-WAY,3,STRAIGHT AND LEVEL,DRY,NO DEFECTS,NOT ON SCENE (DESK REPORT),NO INJURY / DRIVE AWAY,,,,"OVER $1,500",11/9/2017 8:20,UNABLE TO DETERMINE,UNABLE TO DETERMINE,500,W,MADISON ST,121,,,,,,,2,NO INDICATION OF INJURY,0,0,0,0,0,2,0,8,5,11,41.88199434,-87.63975869,POINT (-87.639758684881 41.881994338205),1
JA504838,,11/9/2017 8:00,20,NO CONTROLS,NO CONTROLS,CLEAR,DAYLIGHT,SIDESWIPE SAME DIRECTION,NOT DIVIDED,2,STRAIGHT AND LEVEL,DRY,NO DEFECTS,NOT ON SCENE (DESK REPORT),NO INJURY / DRIVE AWAY,,,,"$501 - $1,500",11/9/2017 9:40,UNABLE TO DETERMINE,NOT APPLICABLE,6255,N,GREENVIEW AVE,2433,,,,,,,2,NO INDICATION OF INJURY,0,0,0,0,0,2,0,8,5,11,41.9960801,-87.66762743,POINT (-87.667627428026 41.996080100857),1
JA512635,,11/9/2017 8:00,20,NO CONTROLS,NO CONTROLS,CLEAR,DAYLIGHT,PARKED MOTOR VEHICLE,NOT DIVIDED,,STRAIGHT AND LEVEL,DRY,NO DEFECTS,NOT ON SCENE (DESK REPORT),NO INJURY / DRIVE AWAY,,,,"$501 - $1,500",11/15/2017 10:00,IMPROPER BACKING,NOT APPLICABLE,446,W,103RD PL,2232,,,,,,,2,NO INDICATION OF INJURY,0,0,0,0,0,1,0,8,5,11,41.70620889,-87.63502454,POINT (-87.635024537534 41.706208884652),1
JA504788,,11/9/2017 8:00,25,STOP SIGN/FLASHER,FUNCTIONING PROPERLY,CLEAR,DAYLIGHT,ANGLE,NOT DIVIDED,2,STRAIGHT AND LEVEL,DRY,NO DEFECTS,ON SCENE,INJURY AND / OR TOW DUE TO CRASH,Y,,,"OVER $1,500",11/9/2017 8:03,DISREGARDING STOP SIGN,FAILING TO REDUCE SPEED TO AVOID CRASH,932,W,98TH ST,2223,,,,,,,2,"REPORTED, NOT EVIDENT",2,0,0,0,2,1,0,8,5,11,41.7159806,-87.64677681,POINT (-87.646776806491 41.71598060015),1
JA504820,,11/9/2017 8:00,30,NO CONTROLS,NO CONTROLS,CLEAR,DAYLIGHT,PARKED MOTOR VEHICLE,NOT DIVIDED,2,STRAIGHT AND LEVEL,DRY,NO DEFECTS,NOT ON SCENE (DESK REPORT),NO INJURY / DRIVE AWAY,,,,"$501 - $1,500",11/9/2017 9:24,UNABLE TO DETERMINE,PHYSICAL CONDITION OF DRIVER,2771,W,SHERWIN AVE,2411,,,,,,,2,NO INDICATION OF INJURY,0,0,0,0,0,1,0,8,5,11,42.01468549,-87.69954681,POINT (-87.699546807227 42.014685488536),1
JA504785,,11/9/2017 8:05,30,TRAFFIC SIGNAL,FUNCTIONING PROPERLY,CLEAR,DAYLIGHT,TURNING,DIVIDED - W/MEDIAN (NOT RAISED),,STRAIGHT AND LEVEL,DRY,NO DEFECTS,ON SCENE,NO INJURY / DRIVE AWAY,,,,"$501 - $1,500",11/9/2017 8:13,IMPROPER LANE USAGE,FAILING TO YIELD RIGHT-OF-WAY,3130,S,DAMEN AVE,912,,,,Y,CONSTRUCTION,Y,2,NO INDICATION OF INJURY,0,0,0,0,0,2,0,8,5,11,41.83681033,-87.67558612,POINT (-87.675586121254 41.836810334376),1
JA504761,,11/9/2017 8:06,35,NO CONTROLS,NO CONTROLS,CLEAR,DAYLIGHT,REAR END,DIVIDED - W/MEDIAN BARRIER,,STRAIGHT AND LEVEL,DRY,NO DEFECTS,ON SCENE,INJURY AND / OR TOW DUE TO CRASH,,,,"OVER $1,500",11/9/2017 8:10,FOLLOWING TOO CLOSELY,DRIVING SKILLS/KNOWLEDGE/EXPERIENCE,3801,W,DEVON AVE,1711,,,,,,,2,"REPORTED, NOT EVIDENT",1,0,0,0,1,1,0,8,5,11,41.99714766,-87.72408274,POINT (-87.724082735495 41.997147659052),1
JA507125,Y,11/9/2017 8:06,30,NO CONTROLS,NO CONTROLS,CLEAR,DAYLIGHT,REAR END,ONE-WAY,2,STRAIGHT AND LEVEL,DRY,NO DEFECTS,NOT ON SCENE (DESK REPORT),NO INJURY / DRIVE AWAY,,,Y,"OVER $1,500",11/10/2017 20:43,IMPROPER OVERTAKING/PASSING,NOT APPLICABLE,301,E,ONTARIO ST,1834,,,,,,,2,NO INDICATION OF INJURY,0,0,0,0,0,2,0,8,5,11,41.89329962,-87.62014388,POINT (-87.620143877888 41.893299623097),1
JA504929,,11/9/2017 8:10,20,NO CONTROLS,NO CONTROLS,CLEAR,DAYLIGHT,PARKED MOTOR VEHICLE,ONE-WAY,1,STRAIGHT AND LEVEL,DRY,NO DEFECTS,ON SCENE,INJURY AND / OR TOW DUE TO CRASH,,,,"OVER $1,500",11/9/2017 10:50,NOT APPLICABLE,NOT APPLICABLE,4700,N,KENTON AVE,1722,,,,,,,2,NO INDICATION OF INJURY,0,0,0,0,0,1,0,8,5,11,41.96634606,-87.74293113,POINT (-87.742931127502 41.966346057939),1
JA505515,Y,11/9/2017 8:25,30,NO CONTROLS,FUNCTIONING IMPROPERLY,CLEAR,DAYLIGHT,TURNING,DIVIDED - W/MEDIAN (NOT RAISED),,STRAIGHT AND LEVEL,DRY,NO DEFECTS,ON SCENE,NO INJURY / DRIVE AWAY,,,,"OVER $1,500",11/9/2017 18:00,FAILING TO YIELD RIGHT-OF-WAY,NOT APPLICABLE,1835,N,KOSTNER AVE,2534,,,,,,,2,NO INDICATION OF INJURY,0,0,0,0,0,4,0,8,5,11,41.91448735,-87.73610503,POINT (-87.736105031774 41.914487348768),1
JA504809,,11/9/2017 8:25,30,NO CONTROLS,NO CONTROLS,CLEAR,DAYLIGHT,SIDESWIPE SAME DIRECTION,NOT DIVIDED,4,STRAIGHT AND LEVEL,DRY,NO DEFECTS,ON SCENE,NO INJURY / DRIVE AWAY,,,,"$501 - $1,500",11/9/2017 8:28,UNABLE TO DETERMINE,NOT APPLICABLE,4532,W,MONTROSE AVE,1722,,,,,,,2,NO INDICATION OF INJURY,0,0,0,0,0,4,0,8,5,11,41.96089436,-87.74231137,POINT (-87.74231136924 41.9608943621),1
JA510653,,11/9/2017 8:30,30,NO CONTROLS,NO CONTROLS,CLEAR,DAYLIGHT,REAR END,NOT DIVIDED,4,STRAIGHT AND LEVEL,DRY,NO DEFECTS,NOT ON SCENE (DESK REPORT),NO INJURY / DRIVE AWAY,,,,"$501 - $1,500",11/13/2017 18:20,FOLLOWING TOO CLOSELY,FOLLOWING TOO CLOSELY,4251,S,PULASKI RD,821,,,,,,,4,NO INDICATION OF INJURY,0,0,0,0,0,4,0,8,5,11,41.81538034,-87.72372185,POINT (-87.723721845905 41.815380342172),1
JA505078,,11/9/2017 8:35,30,TRAFFIC SIGNAL,FUNCTIONING PROPERLY,CLEAR,DAYLIGHT,SIDESWIPE SAME DIRECTION,NOT DIVIDED,2,STRAIGHT AND LEVEL,DRY,NO DEFECTS,NOT ON SCENE (DESK REPORT),NO INJURY / DRIVE AWAY,,,Y,"$501 - $1,500",11/9/2017 12:29,IMPROPER OVERTAKING/PASSING,IMPROPER LANE USAGE,1,N,CANAL ST,121,,,,,,,2,NO INDICATION OF INJURY,0,0,0,0,0,3,0,8,5,11,41.8819507,-87.63953927,POINT (-87.639539267475 41.881950696276),1
JA504986,,11/9/2017 8:40,30,NO CONTROLS,NO CONTROLS,CLEAR,DAYLIGHT,PEDALCYCLIST,NOT DIVIDED,,STRAIGHT AND LEVEL,DRY,NO DEFECTS,NOT ON SCENE (DESK REPORT),NO INJURY / DRIVE AWAY,,,,"$501 - $1,500",11/9/2017 11:30,UNABLE TO DETERMINE,NOT APPLICABLE,1122,N,CALIFORNIA AVE,1211,,,,,,,2,NO INDICATION OF INJURY,0,0,0,0,0,2,0,8,5,11,41.90177645,-87.69699748,POINT (-87.6969974803 41.90177644988),1
JA504815,,11/9/2017 8:40,35,OTHER WARNING SIGN,OTHER,CLEAR,DAYLIGHT,SIDESWIPE SAME DIRECTION,DIVIDED - W/MEDIAN (NOT RAISED),4,STRAIGHT AND LEVEL,DRY,OTHER,ON SCENE,INJURY AND / OR TOW DUE TO CRASH,,,,"OVER $1,500",11/9/2017 8:46,IMPROPER LANE USAGE,IMPROPER OVERTAKING/PASSING,6530,N,HARLEM AVE,1611,,,,Y,CONSTRUCTION,,2,NO INDICATION OF INJURY,0,0,0,0,0,2,0,8,5,11,41.99962557,-87.80692057,POINT (-87.806920571505 41.999625569701),1
JA504831,Y,11/9/2017 8:42,25,STOP SIGN/FLASHER,NO CONTROLS,CLEAR,DAYLIGHT,REAR END,NOT DIVIDED,2,STRAIGHT AND LEVEL,DRY,NO DEFECTS,NOT ON SCENE (DESK REPORT),NO INJURY / DRIVE AWAY,,,,"OVER $1,500",11/9/2017 9:30,UNABLE TO DETERMINE,UNABLE TO DETERMINE,4456,N,KIMBALL AVE,1723,,,,,,,2,NO INDICATION OF INJURY,0,0,0,0,0,2,0,8,5,11,41.96280399,-87.7133407,POINT (-87.713340694833 41.962803993669),1
JA504816,,11/9/2017 8:45,30,TRAFFIC SIGNAL,FUNCTIONING PROPERLY,CLEAR,DAYLIGHT,SIDESWIPE SAME DIRECTION,DIVIDED - W/MEDIAN BARRIER,3,STRAIGHT AND LEVEL,DRY,NO DEFECTS,ON SCENE,NO INJURY / DRIVE AWAY,Y,,,"OVER $1,500",11/9/2017 8:55,UNABLE TO DETERMINE,NOT APPLICABLE,1215,S,LAKE SHORE DR E,132,,,,,,,2,NO INDICATION OF INJURY,0,0,0,0,0,2,0,8,5,11,41.86701694,-87.61888206,POINT (-87.618882064034 41.867016937263),1
JA504826,,11/9/2017 8:50,30,NO CONTROLS,NO CONTROLS,CLEAR,DAYLIGHT,SIDESWIPE SAME DIRECTION,NOT DIVIDED,2,STRAIGHT AND LEVEL,DRY,NO DEFECTS,ON SCENE,NO INJURY / DRIVE AWAY,,,,"OVER $1,500",11/9/2017 9:01,UNABLE TO DETERMINE,UNABLE TO DETERMINE,600,E,60TH ST,233,,,,,,,2,NO INDICATION OF INJURY,0,0,0,0,0,2,0,8,5,11,41.78589837,-87.61086103,POINT (-87.610861027449 41.785898366806),1
JA505438,,11/9/2017 8:50,30,TRAFFIC SIGNAL,FUNCTIONING PROPERLY,CLEAR,DAWN,REAR END,NOT DIVIDED,,STRAIGHT AND LEVEL,DRY,UNKNOWN,NOT ON SCENE (DESK REPORT),NO INJURY / DRIVE AWAY,,,Y,$500 OR LESS,11/9/2017 17:15,FOLLOWING TOO CLOSELY,UNABLE TO DETERMINE,1601,W,FOSTER AVE,2032,,,,,,,2,NO INDICATION OF INJURY,0,0,0,0,0,2,0,8,5,11,41.97606059,-87.66973389,POINT (-87.669733889871 41.976060590013),1
JA504835,,11/9/2017 8:55,35,TRAFFIC SIGNAL,FUNCTIONING PROPERLY,CLEAR,DAYLIGHT,TURNING,DIVIDED - W/MEDIAN BARRIER,,STRAIGHT AND LEVEL,DRY,NO DEFECTS,ON SCENE,INJURY AND / OR TOW DUE TO CRASH,Y,,,"OVER $1,500",11/9/2017 9:01,FAILING TO YIELD RIGHT-OF-WAY,NOT APPLICABLE,4800,W,47TH ST,814,,Y,,,,,2,NO INDICATION OF INJURY,0,0,0,0,0,4,0,8,5,11,41.80772702,-87.74322937,POINT (-87.743229365663 41.807727016772),1
JA504833,,11/9/2017 9:00,30,STOP SIGN/FLASHER,FUNCTIONING PROPERLY,CLEAR,DAYLIGHT,SIDESWIPE SAME DIRECTION,NOT DIVIDED,2,STRAIGHT AND LEVEL,DRY,UNKNOWN,NOT ON SCENE (DESK REPORT),NO INJURY / DRIVE AWAY,,,Y,"OVER $1,500",11/9/2017 9:15,IMPROPER OVERTAKING/PASSING,NOT APPLICABLE,8230,S,RACINE AVE,613,,,,,,,2,NO INDICATION OF INJURY,0,0,0,0,0,2,0,9,5,11,41.74409587,-87.65371158,POINT (-87.653711578817 41.74409587296),1
JA516644,,11/9/2017 9:00,15,NO CONTROLS,NO CONTROLS,CLEAR,DAYLIGHT,SIDESWIPE OPPOSITE DIRECTION,DIVIDED - W/MEDIAN (NOT RAISED),3,STRAIGHT AND LEVEL,DRY,NO DEFECTS,NOT ON SCENE (DESK REPORT),NO INJURY / DRIVE AWAY,,,,$500 OR LESS,11/18/2017 12:24,UNABLE TO DETERMINE,NOT APPLICABLE,4410,N,RACINE AVE,1913,,,,,,,2,NO INDICATION OF INJURY,0,0,0,0,0,2,0,9,5,11,41.96206136,-87.65973608,POINT (-87.659736075127 41.962061358782),1
JA504925,,11/9/2017 9:00,20,NO CONTROLS,NO CONTROLS,CLEAR,DAYLIGHT,SIDESWIPE SAME DIRECTION,NOT DIVIDED,2,STRAIGHT AND LEVEL,DRY,NO DEFECTS,NOT ON SCENE (DESK REPORT),NO INJURY / DRIVE AWAY,,,,"OVER $1,500",11/9/2017 10:54,NOT APPLICABLE,UNABLE TO DETERMINE,821,W,WAVELAND AVE,1923,,,,,,,2,NO INDICATION OF INJURY,0,0,0,0,0,4,0,9,5,11,41.94899509,-87.65041069,POINT (-87.65041068708 41.948995087482),1
JA504869,,11/9/2017 9:00,30,TRAFFIC SIGNAL,FUNCTIONING PROPERLY,CLEAR,DAYLIGHT,TURNING,NOT DIVIDED,,STRAIGHT AND LEVEL,DRY,NO DEFECTS,ON SCENE,NO INJURY / DRIVE AWAY,Y,,,"OVER $1,500",11/9/2017 10:11,IMPROPER TURNING/NO SIGNAL,UNABLE TO DETERMINE,709,S,CICERO AVE,1131,,,,,,,2,NO INDICATION OF INJURY,0,0,0,0,0,3,0,9,5,11,41.87181419,-87.74478367,POINT (-87.744783668806 41.871814194365),1
JA506140,,11/9/2017 9:05,20,NO CONTROLS,NO CONTROLS,CLEAR,UNKNOWN,PARKED MOTOR VEHICLE,NOT DIVIDED,,STRAIGHT AND LEVEL,DRY,NO DEFECTS,ON SCENE,INJURY AND / OR TOW DUE TO CRASH,,,Y,"OVER $1,500",11/10/2017 9:20,UNABLE TO DETERMINE,NOT APPLICABLE,1448,W,WINNEMAC AVE,2033,,,,,,,2,NO INDICATION OF INJURY,0,0,0,0,0,1,0,9,5,11,41.97349468,-87.66660557,POINT (-87.666605569211 41.973494682741),1
JA504994,,11/9/2017 9:10,30,NO CONTROLS,NO CONTROLS,CLEAR,DAYLIGHT,REAR END,NOT DIVIDED,4,STRAIGHT AND LEVEL,DRY,NO DEFECTS,NOT ON SCENE (DESK REPORT),NO INJURY / DRIVE AWAY,,,,"OVER $1,500",11/9/2017 11:40,FOLLOWING TOO CLOSELY,UNABLE TO DETERMINE,3130,W,IRVING PARK RD,1724,,,,,,,2,NO INDICATION OF INJURY,0,0,0,0,0,2,0,9,5,11,41.9540376,-87.70685684,POINT (-87.706856842884 41.954037600857),1
JA504839,N,11/9/2017 9:14,30,TRAFFIC SIGNAL,FUNCTIONING PROPERLY,CLEAR,DAYLIGHT,PEDALCYCLIST,NOT DIVIDED,,STRAIGHT AND LEVEL,DRY,UNKNOWN,NOT ON SCENE (DESK REPORT),INJURY AND / OR TOW DUE TO CRASH,,,,$500 OR LESS,11/9/2017 9:34,FOLLOWING TOO CLOSELY,UNABLE TO DETERMINE,1,E,RANDOLPH ST,111,,,,,,,2,NONINCAPACITATING INJURY,1,0,0,1,0,1,0,9,5,11,41.88438144,-87.6278266,POINT (-87.627826599815 41.884381434816),1
JA504896,,11/9/2017 9:15,30,NO CONTROLS,NO CONTROLS,CLEAR,DAYLIGHT,REAR END,NOT DIVIDED,2,STRAIGHT AND LEVEL,DRY,UNKNOWN,NOT ON SCENE (DESK REPORT),NO INJURY / DRIVE AWAY,,,,"$501 - $1,500",11/9/2017 10:35,UNABLE TO DETERMINE,UNABLE TO DETERMINE,6655,S,CICERO AVE,833,,,,,,,2,NO INDICATION OF INJURY,0,0,0,0,0,2,0,9,5,11,41.77133663,-87.74191343,POINT (-87.741913433245 41.77133662931),1
JA504850,,11/9/2017 9:20,15,NO CONTROLS,NO CONTROLS,CLOUDY/OVERCAST,DAYLIGHT,FIXED OBJECT,ALLEY,1,STRAIGHT AND LEVEL,DRY,NO DEFECTS,ON SCENE,NO INJURY / DRIVE AWAY,,Y,,"$501 - $1,500",11/9/2017 9:25,DRIVING SKILLS/KNOWLEDGE/EXPERIENCE,NOT APPLICABLE,7322,N,WINCHESTER AVE,2424,,,,,,,1,NO INDICATION OF INJURY,0,0,0,0,0,1,0,9,5,11,42.01488799,-87.67922627,POINT (-87.679226267458 42.014887992655),1
JA504886,,11/9/2017 9:20,30,NO CONTROLS,NO CONTROLS,CLEAR,DAYLIGHT,SIDESWIPE SAME DIRECTION,DIVIDED - W/MEDIAN (NOT RAISED),,"CURVE, LEVEL",DRY,NO DEFECTS,NOT ON SCENE (DESK REPORT),NO INJURY / DRIVE AWAY,,,,"$501 - $1,500",11/9/2017 10:00,IMPROPER OVERTAKING/PASSING,NOT APPLICABLE,2201,S,DR MARTIN LUTHER KING JR DR,132,,,,,,,2,NO INDICATION OF INJURY,0,0,0,0,0,2,0,9,5,11,41.85297834,-87.61889232,POINT (-87.618892324018 41.852978340163),1
JA504864,,11/9/2017 9:20,35,NO CONTROLS,NO CONTROLS,CLEAR,DAYLIGHT,PARKED MOTOR VEHICLE,DIVIDED - W/MEDIAN BARRIER,,STRAIGHT AND LEVEL,OTHER,OTHER,ON SCENE,INJURY AND / OR TOW DUE TO CRASH,,,,"OVER $1,500",11/9/2017 9:20,EXCEEDING AUTHORIZED SPEED LIMIT,NOT APPLICABLE,4651,S,CICERO AVE,815,,Y,,,,,2,NO INDICATION OF INJURY,0,0,0,0,0,2,0,9,5,11,41.80794205,-87.74301109,POINT (-87.743011094145 41.807942049881),1
JA505004,,11/9/2017 9:20,30,TRAFFIC SIGNAL,FUNCTIONING PROPERLY,CLEAR,DAYLIGHT,TURNING,NOT DIVIDED,4,STRAIGHT AND LEVEL,DRY,NO DEFECTS,NOT ON SCENE (DESK REPORT),NO INJURY / DRIVE AWAY,,,Y,"OVER $1,500",11/9/2017 11:45,UNABLE TO DETERMINE,NOT APPLICABLE,5150,N,SHERIDAN RD,2024,,,,,,,2,NO INDICATION OF INJURY,0,0,0,0,0,2,0,9,5,11,41.97634574,-87.65514353,POINT (-87.655143534432 41.976345737248),1
JA504865,,11/9/2017 9:31,25,NO CONTROLS,NO CONTROLS,CLOUDY/OVERCAST,DAYLIGHT,SIDESWIPE SAME DIRECTION,NOT DIVIDED,4,STRAIGHT AND LEVEL,DRY,NO DEFECTS,ON SCENE,INJURY AND / OR TOW DUE TO CRASH,,,,"OVER $1,500",11/9/2017 9:43,FAILING TO YIELD RIGHT-OF-WAY,NOT APPLICABLE,6020,N,RIDGE AVE,2433,,,,,,,2,NONINCAPACITATING INJURY,1,0,0,1,0,1,0,9,5,11,41.99100479,-87.67284304,POINT (-87.6728430379 41.991004789213),1
JA507777,,11/9/2017 9:35,30,TRAFFIC SIGNAL,FUNCTIONING PROPERLY,CLEAR,DAYLIGHT,SIDESWIPE SAME DIRECTION,DIVIDED - W/MEDIAN (NOT RAISED),,STRAIGHT AND LEVEL,DRY,NO DEFECTS,NOT ON SCENE (DESK REPORT),NO INJURY / DRIVE AWAY,,,,"$501 - $1,500",11/11/2017 12:41,IMPROPER LANE USAGE,IMPROPER LANE USAGE,9900,S,HALSTED ST,2232,,,,,,,2,NO INDICATION OF INJURY,0,0,0,0,0,2,0,9,5,11,41.71411887,-87.64314541,POINT (-87.643145408182 41.71411886809),1
JA504961,,11/9/2017 9:45,15,NO CONTROLS,NO CONTROLS,CLEAR,DAYLIGHT,FIXED OBJECT,ALLEY,1,STRAIGHT AND LEVEL,DRY,NO DEFECTS,ON SCENE,NO INJURY / DRIVE AWAY,,Y,Y,"OVER $1,500",11/9/2017 10:00,UNABLE TO DETERMINE,NOT APPLICABLE,847,N,TRUMBULL AVE,1121,,,,,,,2,NO INDICATION OF INJURY,0,0,0,0,0,1,0,9,5,11,41.89688902,-87.71255363,POINT (-87.712553633498 41.896889022401),1
JA504894,,11/9/2017 9:45,35,NO CONTROLS,NO CONTROLS,CLEAR,DAYLIGHT,SIDESWIPE OPPOSITE DIRECTION,DRIVEWAY,0,STRAIGHT ON GRADE,DRY,NO DEFECTS,NOT ON SCENE (DESK REPORT),NO INJURY / DRIVE AWAY,,,,$500 OR LESS,11/9/2017 10:00,UNABLE TO DETERMINE,NOT APPLICABLE,2754,N,NARRAGANSETT AVE,2512,,,,,,,2,NO INDICATION OF INJURY,0,0,0,0,0,2,0,9,5,11,41.9307938,-87.78583013,POINT (-87.785830132238 41.930793798935),1
JA504939,,11/9/2017 9:50,30,TRAFFIC SIGNAL,FUNCTIONING PROPERLY,CLEAR,DAYLIGHT,PEDESTRIAN,DIVIDED - W/MEDIAN (NOT RAISED),4,STRAIGHT AND LEVEL,DRY,NO DEFECTS,ON SCENE,INJURY AND / OR TOW DUE TO CRASH,,,Y,$500 OR LESS,11/9/2017 10:45,UNABLE TO DETERMINE,UNABLE TO DETERMINE,6100,S,WESTERN AVE,825,,,,,,,2,NONINCAPACITATING INJURY,1,0,0,1,0,1,0,9,5,11,41.7828162,-87.683886,POINT (-87.683885994582 41.782816203429),1
JA504902,,11/9/2017 9:55,30,NO CONTROLS,NO CONTROLS,CLEAR,DAYLIGHT,FIXED OBJECT,ONE-WAY,3,STRAIGHT AND LEVEL,DRY,NO DEFECTS,ON SCENE,INJURY AND / OR TOW DUE TO CRASH,,,,"OVER $1,500",11/9/2017 10:01,IMPROPER OVERTAKING/PASSING,FOLLOWING TOO CLOSELY,1600,E,85TH ST,412,,,,,,,1,"REPORTED, NOT EVIDENT",1,0,0,0,1,0,0,9,5,11,41.74067246,-87.58517647,POINT (-87.5851764699 41.740672456472),1
JA505007,,11/9/2017 10:00,30,NO CONTROLS,NO CONTROLS,CLEAR,DAYLIGHT,OTHER OBJECT,NOT DIVIDED,,STRAIGHT AND LEVEL,DRY,"RUT, HOLES",NOT ON SCENE (DESK REPORT),NO INJURY / DRIVE AWAY,,,,"$501 - $1,500",11/9/2017 11:56,UNABLE TO DETERMINE,UNABLE TO DETERMINE,3555,S,COTTAGE GROVE AVE,212,,,,,,,1,NO INDICATION OF INJURY,0,0,0,0,0,1,0,10,5,11,41.82973619,-87.60970729,POINT (-87.609707290688 41.829736191811),1
JA505035,Y,11/9/2017 10:00,30,NO CONTROLS,NO CONTROLS,CLEAR,DAYLIGHT,FIXED OBJECT,NOT DIVIDED,,STRAIGHT AND LEVEL,SNOW OR SLUSH,NO DEFECTS,ON SCENE,NO INJURY / DRIVE AWAY,,Y,,$500 OR LESS,11/9/2017 12:05,IMPROPER BACKING,DISREGARDING ROAD MARKINGS,1447,W,ERIE ST,1215,,,,,,,1,NO INDICATION OF INJURY,0,0,0,0,0,1,0,10,5,11,41.89328043,-87.66411606,POINT (-87.664116058363 41.893280431399),1
JA504885,,11/9/2017 10:05,35,NO CONTROLS,NO CONTROLS,CLEAR,DAYLIGHT,REAR END,NOT DIVIDED,4,STRAIGHT AND LEVEL,DRY,NO DEFECTS,ON SCENE,NO INJURY / DRIVE AWAY,,,,"OVER $1,500",11/9/2017 10:07,FOLLOWING TOO CLOSELY,UNABLE TO DETERMINE,5773,N,LINCOLN AVE,2011,,Y,,,,,2,NO INDICATION OF INJURY,0,0,0,0,0,2,0,10,5,11,41.98649169,-87.70059315,POINT (-87.700593146638 41.986491689999),1
JA504912,,11/9/2017 10:05,30,TRAFFIC SIGNAL,FUNCTIONING PROPERLY,CLEAR,DAYLIGHT,REAR END,NOT DIVIDED,2,STRAIGHT AND LEVEL,DRY,NO DEFECTS,NOT ON SCENE (DESK REPORT),NO INJURY / DRIVE AWAY,,,,"$501 - $1,500",11/9/2017 10:56,FAILING TO REDUCE SPEED TO AVOID CRASH,FAILING TO REDUCE SPEED TO AVOID CRASH,403,E,GARFIELD BLVD,233,,,,,,,2,NO INDICATION OF INJURY,0,0,0,0,0,2,0,10,5,11,41.79438869,-87.61585917,POINT (-87.615859168485 41.79438869131),1
JA504897,,11/9/2017 10:13,35,NO CONTROLS,OTHER,CLEAR,DAYLIGHT,PEDESTRIAN,NOT DIVIDED,,STRAIGHT AND LEVEL,DRY,NO DEFECTS,ON SCENE,INJURY AND / OR TOW DUE TO CRASH,Y,,,"OVER $1,500",11/9/2017 10:15,FAILING TO REDUCE SPEED TO AVOID CRASH,UNABLE TO DETERMINE,1630,W,119TH ST,2234,,,,,,,2,NONINCAPACITATING INJURY,2,0,0,2,0,0,0,10,5,11,41.67763065,-87.66245071,POINT (-87.662450711185 41.677630649115),1
JA505307,,11/9/2017 10:15,30,NO CONTROLS,NO CONTROLS,CLEAR,DAYLIGHT,SIDESWIPE SAME DIRECTION,NOT DIVIDED,4,STRAIGHT AND LEVEL,DRY,NO DEFECTS,NOT ON SCENE (DESK REPORT),NO INJURY / DRIVE AWAY,,,,"$501 - $1,500",11/9/2017 15:35,IMPROPER OVERTAKING/PASSING,UNABLE TO DETERMINE,4100,S,WESTERN BLVD,921,,,,,,,2,NO INDICATION OF INJURY,0,0,0,0,0,2,0,10,5,11,41.8192467,-87.68430532,POINT (-87.68430532228 41.819246696086),1