RD_NO,CRASH_DATE_EST_I,CRASH_DATE,POSTED_SPEED_LIMIT,TRAFFIC_CONTROL_DEVICE,DEVICE_CONDITION,WEATHER_CONDITION,LIGHTING_CONDITION,FIRST_CRASH_TYPE,TRAFFICWAY_TYPE,LANE_CNT,ALIGNMENT,ROADWAY_SURFACE_COND,ROAD_DEFECT,REPORT_TYPE,CRASH_TYPE,INTERSECTION_RELATED_I,NOT_RIGHT_OF_WAY_I,HIT_AND_RUN_I,DAMAGE,DATE_POLICE_NOTIFIED,PRIM_CONTRIBUTORY_CAUSE,SEC_CONTRIBUTORY_CAUSE,STREET_NO,STREET_DIRECTION,STREET_NAME,BEAT_OF_OCCURRENCE,PHOTOS_TAKEN_I,STATEMENTS_TAKEN_I,DOORING_I,WORK_ZONE_I,WORK_ZONE_TYPE,WORKERS_PRESENT_I,NUM_UNITS,MOST_SEVERE_INJURY,INJURIES_TOTAL,INJURIES_FATAL,INJURIES_INCAPACITATING,INJURIES_NON_INCAPACITATING,INJURIES_REPORTED_NOT_EVIDENT,INJURIES_NO_INDICATION,INJURIES_UNKNOWN,CRASH_HOUR,CRASH_DAY_OF_WEEK,CRASH_MONTH,LATITUDE,LONGITUDE,LOCATION,Join
JA505242,,11/9/2017 13:15,30,NO CONTROLS,NO CONTROLS,CLEAR,DAYLIGHT,SIDESWIPE SAME DIRECTION,DIVIDED - W/MEDIAN BARRIER,,STRAIGHT AND LEVEL,DRY,UNKNOWN,NOT ON SCENE (DESK REPORT),NO INJURY / DRIVE AWAY,,,,"OVER $1,500",11/9/2017 14:50,UNABLE TO DETERMINE,UNABLE TO DETERMINE,1200,S,MICHIGAN AVE,131,,,,,,,2,NO INDICATION OF INJURY,0,0,0,0,0,2,0,13,5,11,41.86737777,-87.62428302,POINT (-87.624283015693 41.867377772988),1
JA505094,,11/9/2017 13:15,30,POLICE/FLAGMAN,OTHER,CLEAR,DAYLIGHT,SIDESWIPE SAME DIRECTION,ONE-WAY,,STRAIGHT AND LEVEL,DRY,NO DEFECTS,ON SCENE,NO INJURY / DRIVE AWAY,,,,"OVER $1,500",11/9/2017 13:22,FAILING TO REDUCE SPEED TO AVOID CRASH,FAILING TO YIELD RIGHT-OF-WAY,60,S,DEARBORN ST,112,,,,Y,CONSTRUCTION,Y,2,NO INDICATION OF INJURY,0,0,0,0,0,3,0,13,5,11,41.88103011,-87.62951937,POINT (-87.629519368699 41.88103011369),1
JA505146,,11/9/2017 13:16,30,TRAFFIC SIGNAL,FUNCTIONING PROPERLY,CLEAR,DAYLIGHT,ANGLE,DIVIDED - W/MEDIAN (NOT RAISED),0,STRAIGHT AND LEVEL,DRY,NO DEFECTS,ON SCENE,INJURY AND / OR TOW DUE TO CRASH,Y,,,"OVER $1,500",11/9/2017 13:16,FAILING TO YIELD RIGHT-OF-WAY,NOT APPLICABLE,3000,W,NORTH AVE,1421,,,,,,,2,NO INDICATION OF INJURY,0,0,0,0,0,3,0,13,5,11,41.91028226,-87.70227396,POINT (-87.70227395792 41.910282254788),1
JA505225,,11/9/2017 13:30,30,TRAFFIC SIGNAL,FUNCTIONING PROPERLY,CLEAR,DAYLIGHT,REAR END,NOT DIVIDED,2,STRAIGHT AND LEVEL,DRY,NO DEFECTS,NOT ON SCENE (DESK REPORT),NO INJURY / DRIVE AWAY,,,Y,"OVER $1,500",11/9/2017 14:30,FOLLOWING TOO CLOSELY,NOT APPLICABLE,7906,S,HALSTED ST,621,,,,,,,2,NO INDICATION OF INJURY,0,0,0,0,0,2,0,13,5,11,41.75037896,-87.6441842,POINT (-87.644184201484 41.750378963631),1
JA505249,,11/9/2017 13:36,30,NO CONTROLS,NO CONTROLS,CLEAR,DAYLIGHT,PARKED MOTOR VEHICLE,DIVIDED - W/MEDIAN (NOT RAISED),2,STRAIGHT AND LEVEL,DRY,NO DEFECTS,ON SCENE,NO INJURY / DRIVE AWAY,,,,"$501 - $1,500",11/9/2017 14:38,NOT APPLICABLE,NOT APPLICABLE,3821,W,OGDEN AVE,1014,,,,,,,2,NO INDICATION OF INJURY,0,0,0,0,0,1,0,13,5,11,41.85232833,-87.72071278,POINT (-87.72071278221 41.852328331348),1
JA505168,,11/9/2017 13:51,30,NO CONTROLS,NO CONTROLS,CLEAR,DAYLIGHT,REAR END,DIVIDED - W/MEDIAN (NOT RAISED),2,STRAIGHT AND LEVEL,UNKNOWN,UNKNOWN,ON SCENE,NO INJURY / DRIVE AWAY,Y,,,"$501 - $1,500",11/9/2017 13:53,FOLLOWING TOO CLOSELY,NOT APPLICABLE,2527,W,PETERSON AVE,2011,,,,,,,2,NO INDICATION OF INJURY,0,0,0,0,0,2,0,13,5,11,41.99036683,-87.69325466,POINT (-87.693254662669 41.990366832291),1
JA505231,,11/9/2017 14:00,0,NO CONTROLS,NO CONTROLS,CLEAR,DAYLIGHT,PARKED MOTOR VEHICLE,PARKING LOT,,STRAIGHT AND LEVEL,DRY,NO DEFECTS,NOT ON SCENE (DESK REPORT),NO INJURY / DRIVE AWAY,,,,"OVER $1,500",11/9/2017 14:40,UNABLE TO DETERMINE,NOT APPLICABLE,3500,N,KIMBALL AVE,1732,,,,,,,2,NO INDICATION OF INJURY,0,0,0,0,0,1,0,14,5,11,41.94488107,-87.71280509,POINT (-87.712805088759 41.944881073845),1
JA505613,,11/9/2017 14:00,30,NO CONTROLS,NO CONTROLS,CLEAR,DAYLIGHT,ANGLE,PARKING LOT,,STRAIGHT AND LEVEL,DRY,SHOULDER DEFECT,ON SCENE,INJURY AND / OR TOW DUE TO CRASH,,,,"OVER $1,500",11/9/2017 16:00,IMPROPER BACKING,NOT APPLICABLE,3005,S,ROCKWELL ST,1034,,Y,,,,,2,NONINCAPACITATING INJURY,1,0,0,1,0,1,0,14,5,11,41.83849427,-87.68943406,POINT (-87.689434056267 41.838494271158),1
JA505285,,11/9/2017 14:00,10,NO CONTROLS,NO CONTROLS,CLEAR,DAYLIGHT,PEDESTRIAN,NOT DIVIDED,0,STRAIGHT AND LEVEL,DRY,NO DEFECTS,ON SCENE,INJURY AND / OR TOW DUE TO CRASH,,,,"$501 - $1,500",11/9/2017 14:37,"OPERATING VEHICLE IN ERRATIC, RECKLESS, CARELESS, NEGLIGENT OR AGGRESSIVE MANNER",IMPROPER BACKING,7345,S,STATE ST,323,,,,,,,2,"REPORTED, NOT EVIDENT",1,0,0,0,1,1,0,14,5,11,41.76054197,-87.62465906,POINT (-87.6246590645 41.760541965645),1
JA505178,,11/9/2017 14:00,30,NO CONTROLS,NO CONTROLS,CLEAR,DAYLIGHT,PARKED MOTOR VEHICLE,ONE-WAY,1,STRAIGHT AND LEVEL,DRY,NO DEFECTS,NOT ON SCENE (DESK REPORT),NO INJURY / DRIVE AWAY,,,Y,"$501 - $1,500",11/9/2017 14:15,UNABLE TO DETERMINE,UNABLE TO DETERMINE,6302,S,MAY ST,724,,,,,,,2,NO INDICATION OF INJURY,0,0,0,0,0,1,0,14,5,11,41.77947838,-87.65343098,POINT (-87.653430975097 41.779478375494),1
JA505306,,11/9/2017 14:00,30,TRAFFIC SIGNAL,FUNCTIONING PROPERLY,CLEAR,DAYLIGHT,SIDESWIPE SAME DIRECTION,DIVIDED - W/MEDIAN (NOT RAISED),4,STRAIGHT AND LEVEL,DRY,NO DEFECTS,ON SCENE,INJURY AND / OR TOW DUE TO CRASH,Y,,,"OVER $1,500",11/9/2017 14:40,UNABLE TO DETERMINE,UNABLE TO DETERMINE,4158,W,LAKE ST,1114,,,,,,,2,NONINCAPACITATING INJURY,1,0,0,1,0,1,0,14,5,11,41.88584446,-87.73059168,POINT (-87.730591675459 41.885844459675),1
JA505189,,11/9/2017 14:00,30,NO CONTROLS,NO CONTROLS,CLEAR,DAYLIGHT,FIXED OBJECT,DIVIDED - W/MEDIAN (NOT RAISED),1,STRAIGHT AND LEVEL,DRY,NO DEFECTS,NOT ON SCENE (DESK REPORT),NO INJURY / DRIVE AWAY,,,,"$501 - $1,500",11/9/2017 14:20,DRIVING SKILLS/KNOWLEDGE/EXPERIENCE,UNABLE TO DETERMINE,2001,S,PRAIRIE AVE,132,,,,,,,1,NO INDICATION OF INJURY,0,0,0,0,0,1,0,14,5,11,41.85547619,-87.62057042,POINT (-87.620570417682 41.855476184744),1
JA506714,,11/9/2017 14:00,10,NO CONTROLS,NO CONTROLS,CLEAR,DAYLIGHT,SIDESWIPE OPPOSITE DIRECTION,ALLEY,2,STRAIGHT AND LEVEL,DRY,NO DEFECTS,NOT ON SCENE (DESK REPORT),NO INJURY / DRIVE AWAY,,,Y,"$501 - $1,500",11/10/2017 16:00,IMPROPER BACKING,UNABLE TO DETERMINE,2032,W,DEVON AVE,2412,,,,,,,2,NO INDICATION OF INJURY,0,0,0,0,0,2,0,14,5,11,41.99798375,-87.68142045,POINT (-87.68142044789 41.997983750252),1
JA505224,,11/9/2017 14:00,30,OTHER,FUNCTIONING PROPERLY,CLEAR,DAYLIGHT,TURNING,DIVIDED - W/MEDIAN (NOT RAISED),,STRAIGHT AND LEVEL,DRY,NO DEFECTS,ON SCENE,NO INJURY / DRIVE AWAY,,,,"OVER $1,500",11/9/2017 14:25,IMPROPER TURNING/NO SIGNAL,FAILING TO YIELD RIGHT-OF-WAY,6400,W,DEVON AVE,1611,,,,,,,2,NO INDICATION OF INJURY,0,0,0,0,0,3,0,14,5,11,41.99746398,-87.78761024,POINT (-87.787610243414 41.997463981029),1
JA505391,,11/9/2017 14:00,30,NO CONTROLS,NO CONTROLS,CLEAR,DAYLIGHT,PARKED MOTOR VEHICLE,ONE-WAY,1,STRAIGHT AND LEVEL,DRY,NO DEFECTS,NOT ON SCENE (DESK REPORT),NO INJURY / DRIVE AWAY,,,Y,"$501 - $1,500",11/9/2017 16:40,UNABLE TO DETERMINE,NOT APPLICABLE,1856,E,81ST ST,414,,,,,,,2,NO INDICATION OF INJURY,0,0,0,0,0,1,0,14,5,11,41.7480396,-87.57937042,POINT (-87.579370419465 41.74803959462),1
JA538546,,11/9/2017 14:00,30,STOP SIGN/FLASHER,FUNCTIONING PROPERLY,CLEAR,DAWN,ANGLE,DIVIDED - W/MEDIAN BARRIER,6,STRAIGHT AND LEVEL,DRY,NO DEFECTS,NOT ON SCENE (DESK REPORT),INJURY AND / OR TOW DUE TO CRASH,Y,,,"$501 - $1,500",12/6/2017 8:20,FAILING TO YIELD RIGHT-OF-WAY,NOT APPLICABLE,230,E,GARFIELD BLVD,231,,,,,,,2,"REPORTED, NOT EVIDENT",1,0,0,0,1,3,0,14,5,11,41.7948571,-87.61940092,POINT (-87.619400915603 41.794857100487),1
JA507194,,11/9/2017 14:19,30,UNKNOWN,UNKNOWN,UNKNOWN,DAYLIGHT,SIDESWIPE SAME DIRECTION,NOT DIVIDED,2,STRAIGHT AND LEVEL,UNKNOWN,UNKNOWN,NOT ON SCENE (DESK REPORT),INJURY AND / OR TOW DUE TO CRASH,Y,,,"OVER $1,500",11/10/2017 21:50,UNABLE TO DETERMINE,UNABLE TO DETERMINE,4158,W,LAKE ST,1114,,,,,,,2,"REPORTED, NOT EVIDENT",1,0,0,0,1,1,0,14,5,11,41.88584446,-87.73059168,POINT (-87.730591675459 41.885844459675),1
JA505295,,11/9/2017 14:21,35,NO CONTROLS,NO CONTROLS,CLEAR,DAYLIGHT,SIDESWIPE SAME DIRECTION,DIVIDED - W/MEDIAN (NOT RAISED),4,STRAIGHT AND LEVEL,DRY,UNKNOWN,ON SCENE,NO INJURY / DRIVE AWAY,,,,"$501 - $1,500",11/9/2017 15:11,UNABLE TO DETERMINE,NOT APPLICABLE,3209,W,79TH ST,834,,,,,,,2,NO INDICATION OF INJURY,0,0,0,0,0,2,0,14,5,11,41.74962936,-87.70279299,POINT (-87.702792987686 41.749629363738),1
JA505265,,11/9/2017 14:30,20,NO CONTROLS,NO CONTROLS,CLEAR,DAYLIGHT,PARKED MOTOR VEHICLE,PARKING LOT,,STRAIGHT AND LEVEL,DRY,NO DEFECTS,NOT ON SCENE (DESK REPORT),NO INJURY / DRIVE AWAY,,,Y,"$501 - $1,500",11/9/2017 15:15,UNABLE TO DETERMINE,NOT APPLICABLE,4651,W,79TH ST,834,,,,,,,2,NO INDICATION OF INJURY,0,0,0,0,0,1,0,14,5,11,41.74908883,-87.73842285,POINT (-87.738422847495 41.749088829431),1
JA509055,,11/9/2017 14:30,30,NO CONTROLS,NO CONTROLS,CLEAR,DAYLIGHT,SIDESWIPE SAME DIRECTION,NOT DIVIDED,2,STRAIGHT AND LEVEL,DRY,NO DEFECTS,NOT ON SCENE (DESK REPORT),NO INJURY / DRIVE AWAY,,,,"OVER $1,500",11/12/2017 14:46,IMPROPER LANE USAGE,NOT APPLICABLE,4833,N,MILWAUKEE AVE,1623,,,,,,,2,NO INDICATION OF INJURY,0,0,0,0,0,2,0,14,5,11,41.96875389,-87.76132511,POINT (-87.761325109438 41.968753886279),1
JA506414,,11/9/2017 14:30,30,NO CONTROLS,NO CONTROLS,CLEAR,DAYLIGHT,TURNING,DIVIDED - W/MEDIAN (NOT RAISED),,STRAIGHT AND LEVEL,DRY,NO DEFECTS,NOT ON SCENE (DESK REPORT),NO INJURY / DRIVE AWAY,,,N,"OVER $1,500",11/10/2017 12:30,DRIVING SKILLS/KNOWLEDGE/EXPERIENCE,NOT APPLICABLE,4701,W,MARQUETTE RD,833,,,,,,,2,NO INDICATION OF INJURY,0,0,0,0,0,2,0,14,5,11,41.77105533,-87.7396707,POINT (-87.739670696107 41.771055325389),1
JA505387,,11/9/2017 14:30,30,TRAFFIC SIGNAL,FUNCTIONING PROPERLY,CLEAR,DAYLIGHT,REAR END,NOT DIVIDED,,STRAIGHT AND LEVEL,DRY,NO DEFECTS,NOT ON SCENE (DESK REPORT),NO INJURY / DRIVE AWAY,Y,,,"OVER $1,500",11/9/2017 16:40,UNABLE TO DETERMINE,UNABLE TO DETERMINE,653,N,MICHIGAN AVE,1834,,,,,,,2,NO INDICATION OF INJURY,0,0,0,0,0,2,0,14,5,11,41.89409702,-87.62408976,POINT (-87.624089758746 41.894097019689),1
JA505317,,11/9/2017 14:30,25,NO CONTROLS,NO CONTROLS,CLEAR,DAYLIGHT,REAR END,DIVIDED - W/MEDIAN (NOT RAISED),2,STRAIGHT AND LEVEL,DRY,NO DEFECTS,NOT ON SCENE (DESK REPORT),INJURY AND / OR TOW DUE TO CRASH,,,,"$501 - $1,500",11/9/2017 15:35,UNABLE TO DETERMINE,UNABLE TO DETERMINE,2198,W,79TH ST,611,,,,,,,2,NONINCAPACITATING INJURY,1,0,0,1,0,1,0,14,5,11,41.75027951,-87.67797986,POINT (-87.677979863857 41.750279506035),1
JA505234,,11/9/2017 14:30,30,NO CONTROLS,NO CONTROLS,CLEAR,DAYLIGHT,PARKED MOTOR VEHICLE,NOT DIVIDED,2,STRAIGHT AND LEVEL,DRY,NO DEFECTS,NOT ON SCENE (DESK REPORT),NO INJURY / DRIVE AWAY,,,Y,$500 OR LESS,11/9/2017 14:50,UNABLE TO DETERMINE,UNABLE TO DETERMINE,3420,W,CHICAGO AVE,1121,,,,,,,2,NO INDICATION OF INJURY,0,0,0,0,0,1,0,14,5,11,41.89560716,-87.71241342,POINT (-87.712413422311 41.895607158304),1
JA512026,,11/9/2017 14:30,30,NO CONTROLS,NO CONTROLS,CLEAR,DAYLIGHT,SIDESWIPE SAME DIRECTION,NOT DIVIDED,,STRAIGHT AND LEVEL,UNKNOWN,NO DEFECTS,NOT ON SCENE (DESK REPORT),NO INJURY / DRIVE AWAY,,,Y,"OVER $1,500",11/14/2017 19:50,UNABLE TO DETERMINE,UNABLE TO DETERMINE,3843,N,BROADWAY,1925,,,,,,,2,NO INDICATION OF INJURY,0,0,0,0,0,2,0,14,5,11,41.95249839,-87.64949832,POINT (-87.649498320409 41.952498385378),1
JA505229,Y,11/9/2017 14:30,30,TRAFFIC SIGNAL,FUNCTIONING PROPERLY,CLEAR,DAYLIGHT,SIDESWIPE SAME DIRECTION,NOT DIVIDED,2,STRAIGHT AND LEVEL,DRY,NO DEFECTS,NOT ON SCENE (DESK REPORT),NO INJURY / DRIVE AWAY,,,,"OVER $1,500",11/9/2017 14:46,IMPROPER OVERTAKING/PASSING,NOT APPLICABLE,80,E,RANDOLPH ST,111,,,,,,,2,NO INDICATION OF INJURY,0,0,0,0,0,2,0,14,5,11,41.88460953,-87.62502469,POINT (-87.625024688306 41.884609531033),1
JA505269,,11/9/2017 14:30,30,STOP SIGN/FLASHER,FUNCTIONING IMPROPERLY,CLEAR,DAYLIGHT,REAR END,NOT DIVIDED,4,STRAIGHT AND LEVEL,DRY,NO DEFECTS,ON SCENE,INJURY AND / OR TOW DUE TO CRASH,,,,"OVER $1,500",11/9/2017 14:40,FOLLOWING TOO CLOSELY,NOT APPLICABLE,6201,W,IRVING PARK RD,1633,,,,,,,3,NO INDICATION OF INJURY,0,0,0,0,0,3,0,14,5,11,41.95287051,-87.78170451,POINT (-87.781704508717 41.952870506026),1
JA505292,,11/9/2017 14:45,30,TRAFFIC SIGNAL,FUNCTIONING PROPERLY,CLEAR,DAYLIGHT,PEDESTRIAN,DIVIDED - W/MEDIAN (NOT RAISED),2,STRAIGHT AND LEVEL,DRY,NO DEFECTS,ON SCENE,INJURY AND / OR TOW DUE TO CRASH,Y,,,"OVER $1,500",11/9/2017 15:25,NOT APPLICABLE,NOT APPLICABLE,6300,S,DR MARTIN LUTHER KING JR DR,312,,,,,,,2,NONINCAPACITATING INJURY,1,0,0,1,0,1,0,14,5,11,41.78021132,-87.61576829,POINT (-87.615768291828 41.780211321839),1
JA505282,,11/9/2017 14:45,30,TRAFFIC SIGNAL,FUNCTIONING PROPERLY,CLEAR,DAYLIGHT,REAR END,DIVIDED - W/MEDIAN (NOT RAISED),2,STRAIGHT AND LEVEL,DRY,NO DEFECTS,NOT ON SCENE (DESK REPORT),NO INJURY / DRIVE AWAY,,,,"$501 - $1,500",11/9/2017 15:00,UNABLE TO DETERMINE,UNABLE TO DETERMINE,3968,W,BELMONT AVE,1732,,,,,,,2,NO INDICATION OF INJURY,0,0,0,0,0,2,0,14,5,11,41.93920846,-87.72680936,POINT (-87.726809361452 41.939208462011),1
JA505239,,11/9/2017 14:45,30,NO CONTROLS,NO CONTROLS,CLEAR,DAYLIGHT,SIDESWIPE SAME DIRECTION,NOT DIVIDED,,STRAIGHT AND LEVEL,DRY,NO DEFECTS,ON SCENE,NO INJURY / DRIVE AWAY,,,,"$501 - $1,500",11/9/2017 15:00,IMPROPER LANE USAGE,NOT APPLICABLE,950,W,WELLINGTON AVE,1933,,,,,,,2,NO INDICATION OF INJURY,0,0,0,0,0,2,0,14,5,11,41.93638856,-87.6535658,POINT (-87.653565797208 41.936388563024),1
JA505259,,11/9/2017 14:50,35,NO CONTROLS,UNKNOWN,CLEAR,DAYLIGHT,REAR END,NOT DIVIDED,,STRAIGHT AND LEVEL,DRY,UNKNOWN,ON SCENE,INJURY AND / OR TOW DUE TO CRASH,,,,"OVER $1,500",11/9/2017 14:50,UNDER THE INFLUENCE OF ALCOHOL/DRUGS (USE WHEN ARREST IS EFFECTED),HAD BEEN DRINKING (USE WHEN ARREST IS NOT MADE),6315,S,DR MARTIN LUTHER KING JR DR,312,,,,,,,3,NONINCAPACITATING INJURY,3,0,0,3,0,0,0,14,5,11,41.77966167,-87.61546456,POINT (-87.615464555849 41.779661671434),1
JA505284,,11/9/2017 14:50,30,TRAFFIC SIGNAL,FUNCTIONING PROPERLY,CLEAR,DAYLIGHT,SIDESWIPE SAME DIRECTION,DIVIDED - W/MEDIAN (NOT RAISED),2,STRAIGHT AND LEVEL,DRY,NO DEFECTS,,NO INJURY / DRIVE AWAY,,,,"OVER $1,500",11/9/2017 15:20,IMPROPER OVERTAKING/PASSING,FAILING TO REDUCE SPEED TO AVOID CRASH,4400,W,CERMAK RD,1012,,,,,,,2,NO INDICATION OF INJURY,0,0,0,0,0,2,0,14,5,11,41.8515092,-87.73455933,POINT (-87.734559326014 41.851509196295),1
JA505304,,11/9/2017 14:53,30,NO CONTROLS,NO CONTROLS,CLEAR,DAYLIGHT,REAR END,ONE-WAY,3,STRAIGHT AND LEVEL,DRY,NO DEFECTS,NOT ON SCENE (DESK REPORT),NO INJURY / DRIVE AWAY,,,,"$501 - $1,500",11/9/2017 15:10,FOLLOWING TOO CLOSELY,NOT APPLICABLE,320,W,OHIO ST,1831,,,,,,,2,NO INDICATION OF INJURY,0,0,0,0,0,3,0,14,5,11,41.89246583,-87.63654818,POINT (-87.636548181326 41.892465831107),1
JA505328,,11/9/2017 14:55,30,TRAFFIC SIGNAL,FUNCTIONING PROPERLY,CLEAR,DAYLIGHT,REAR END,NOT DIVIDED,6,STRAIGHT AND LEVEL,DRY,NO DEFECTS,NOT ON SCENE (DESK REPORT),NO INJURY / DRIVE AWAY,Y,,,"OVER $1,500",11/9/2017 16:05,FOLLOWING TOO CLOSELY,NOT APPLICABLE,900,N,MICHIGAN AVE,1833,,,,,,,3,NO INDICATION OF INJURY,0,0,0,0,0,3,0,14,5,11,41.8992486,-87.62427498,POINT (-87.624274978205 41.899248597036),1
JA505274,,11/9/2017 14:55,30,TRAFFIC SIGNAL,FUNCTIONING PROPERLY,CLEAR,DAYLIGHT,TURNING,NOT DIVIDED,5,STRAIGHT AND LEVEL,DRY,NO DEFECTS,ON SCENE,NO INJURY / DRIVE AWAY,,,,"OVER $1,500",11/9/2017 15:00,IMPROPER LANE USAGE,UNABLE TO DETERMINE,5702,N,BROADWAY,2013,,,,,,,2,NO INDICATION OF INJURY,0,0,0,0,0,2,0,14,5,11,41.98569817,-87.66027888,POINT (-87.660278882293 41.985698165046),1
JA505331,,11/9/2017 15:00,25,NO CONTROLS,NO CONTROLS,CLEAR,DAYLIGHT,REAR END,DIVIDED - W/MEDIAN (NOT RAISED),2,STRAIGHT AND LEVEL,DRY,NO DEFECTS,ON SCENE,NO INJURY / DRIVE AWAY,,,,$500 OR LESS,11/9/2017 15:01,FOLLOWING TOO CLOSELY,NOT APPLICABLE,8100,S,DR MARTIN LUTHER KING JR DR,631,,,,,,,2,NO INDICATION OF INJURY,0,0,0,0,0,2,0,15,5,11,41.74736947,-87.61501478,POINT (-87.61501478186 41.747369471252),1
JA505250,,11/9/2017 15:00,30,TRAFFIC SIGNAL,FUNCTIONING PROPERLY,CLEAR,DAYLIGHT,TURNING,DIVIDED - W/MEDIAN BARRIER,,STRAIGHT AND LEVEL,DRY,NO DEFECTS,ON SCENE,NO INJURY / DRIVE AWAY,Y,,,"OVER $1,500",11/9/2017 15:01,UNABLE TO DETERMINE,UNABLE TO DETERMINE,3600,W,OGDEN AVE,1014,,,,,,,2,NO INDICATION OF INJURY,0,0,0,0,0,2,0,15,5,11,41.8546457,-87.71520625,POINT (-87.715206251845 41.854645701934),1
JA505257,,11/9/2017 15:00,30,NO CONTROLS,NO CONTROLS,CLEAR,DAYLIGHT,SIDESWIPE SAME DIRECTION,DIVIDED - W/MEDIAN BARRIER,4,STRAIGHT AND LEVEL,DRY,NO DEFECTS,ON SCENE,INJURY AND / OR TOW DUE TO CRASH,,,,"OVER $1,500",11/9/2017 15:05,IMPROPER LANE USAGE,NOT APPLICABLE,1654,N,ASHLAND AVE,1433,,,,,,,2,NO INDICATION OF INJURY,0,0,0,0,0,2,0,15,5,11,41.91224384,-87.66788328,POINT (-87.667883280581 41.912243844315),1
JA505463,,11/9/2017 15:00,30,TRAFFIC SIGNAL,FUNCTIONING PROPERLY,CLEAR,DAYLIGHT,PEDALCYCLIST,CENTER TURN LANE,4,STRAIGHT AND LEVEL,DRY,NO DEFECTS,ON SCENE,INJURY AND / OR TOW DUE TO CRASH,Y,,,"OVER $1,500",11/9/2017 16:10,UNABLE TO DETERMINE,NOT APPLICABLE,1432,N,HALSTED ST,1822,,,,,,,2,NONINCAPACITATING INJURY,1,0,0,1,0,1,0,15,5,11,41.90741791,-87.64833554,POINT (-87.648335539772 41.907417906078),1
JA505300,,11/9/2017 15:05,30,NO CONTROLS,NO CONTROLS,CLEAR,DAYLIGHT,PARKED MOTOR VEHICLE,NOT DIVIDED,,STRAIGHT AND LEVEL,DRY,NO DEFECTS,NOT ON SCENE (DESK REPORT),NO INJURY / DRIVE AWAY,N,,,"$501 - $1,500",11/9/2017 15:35,UNABLE TO DETERMINE,UNABLE TO DETERMINE,1199,N,DEARBORN ST,1824,,,,,,,2,NO INDICATION OF INJURY,0,0,0,0,0,2,0,15,5,11,41.90388713,-87.62983807,POINT (-87.629838068012 41.903887132067),1
JA505430,,11/9/2017 15:05,30,TRAFFIC SIGNAL,FUNCTIONING PROPERLY,CLEAR,DAYLIGHT,ANGLE,NOT DIVIDED,,STRAIGHT AND LEVEL,DRY,NO DEFECTS,ON SCENE,INJURY AND / OR TOW DUE TO CRASH,Y,,,"OVER $1,500",11/9/2017 16:15,FAILING TO YIELD RIGHT-OF-WAY,NOT APPLICABLE,6000,W,IRVING PARK RD,1624,,,,,,,2,NO INDICATION OF INJURY,0,0,0,0,0,2,0,15,5,11,41.95316377,-87.77684259,POINT (-87.776842592847 41.953163771852),1
JA505403,,11/9/2017 15:05,30,NO CONTROLS,NO CONTROLS,CLEAR,DAYLIGHT,REAR END,NOT DIVIDED,2,STRAIGHT AND LEVEL,DRY,NO DEFECTS,ON SCENE,NO INJURY / DRIVE AWAY,,,,"$501 - $1,500",11/9/2017 16:15,UNABLE TO DETERMINE,UNABLE TO DETERMINE,4412,N,MILWAUKEE AVE,1623,,,,,,,2,NO INDICATION OF INJURY,0,0,0,0,0,2,0,15,5,11,41.96094394,-87.75492108,POINT (-87.754921082459 41.960943937996),1
JA505379,,11/9/2017 15:07,30,NO CONTROLS,NO CONTROLS,CLEAR,DAYLIGHT,SIDESWIPE SAME DIRECTION,DIVIDED - W/MEDIAN (NOT RAISED),4,STRAIGHT AND LEVEL,DRY,NO DEFECTS,NOT ON SCENE (DESK REPORT),NO INJURY / DRIVE AWAY,,,Y,"OVER $1,500",11/9/2017 16:40,UNABLE TO DETERMINE,UNABLE TO DETERMINE,158,N,CICERO AVE,1532,,,,,,,2,NO INDICATION OF INJURY,0,0,0,0,0,2,0,15,5,11,41.883565,-87.74553849,POINT (-87.745538493305 41.883564997115),1
JA505399,,11/9/2017 15:15,30,NO CONTROLS,NO CONTROLS,CLEAR,DAYLIGHT,SIDESWIPE SAME DIRECTION,DIVIDED - W/MEDIAN (NOT RAISED),2,STRAIGHT AND LEVEL,DRY,NO DEFECTS,NOT ON SCENE (DESK REPORT),NO INJURY / DRIVE AWAY,,,,"$501 - $1,500",11/9/2017 16:15,UNABLE TO DETERMINE,UNABLE TO DETERMINE,777,W,CHICAGO AVE,1214,,,,,,,2,NO INDICATION OF INJURY,0,0,0,0,0,3,0,15,5,11,41.89628637,-87.64766873,POINT (-87.647668725313 41.896286369547),1
JA508915,,11/9/2017 15:15,15,NO CONTROLS,NO CONTROLS,CLEAR,DAYLIGHT,ANGLE,PARKING LOT,1,STRAIGHT AND LEVEL,DRY,NO DEFECTS,NOT ON SCENE (DESK REPORT),NO INJURY / DRIVE AWAY,,Y,,"$501 - $1,500",11/12/2017 12:25,FAILING TO YIELD RIGHT-OF-WAY,UNABLE TO DETERMINE,4821,W,NORTH AVE,2533,,,,,,,2,NO INDICATION OF INJURY,0,0,0,0,0,2,0,15,5,11,41.90950515,-87.74695994,POINT (-87.746959936272 41.909505147743),1