RD_NO,CRASH_DATE_EST_I,CRASH_DATE,POSTED_SPEED_LIMIT,TRAFFIC_CONTROL_DEVICE,DEVICE_CONDITION,WEATHER_CONDITION,LIGHTING_CONDITION,FIRST_CRASH_TYPE,TRAFFICWAY_TYPE,LANE_CNT,ALIGNMENT,ROADWAY_SURFACE_COND,ROAD_DEFECT,REPORT_TYPE,CRASH_TYPE,INTERSECTION_RELATED_I,NOT_RIGHT_OF_WAY_I,HIT_AND_RUN_I,DAMAGE,DATE_POLICE_NOTIFIED,PRIM_CONTRIBUTORY_CAUSE,SEC_CONTRIBUTORY_CAUSE,STREET_NO,STREET_DIRECTION,STREET_NAME,BEAT_OF_OCCURRENCE,PHOTOS_TAKEN_I,STATEMENTS_TAKEN_I,DOORING_I,WORK_ZONE_I,WORK_ZONE_TYPE,WORKERS_PRESENT_I,NUM_UNITS,MOST_SEVERE_INJURY,INJURIES_TOTAL,INJURIES_FATAL,INJURIES_INCAPACITATING,INJURIES_NON_INCAPACITATING,INJURIES_REPORTED_NOT_EVIDENT,INJURIES_NO_INDICATION,INJURIES_UNKNOWN,CRASH_HOUR,CRASH_DAY_OF_WEEK,CRASH_MONTH,LATITUDE,LONGITUDE,LOCATION,Join
JA505293,,11/9/2017 15:15,30,NO CONTROLS,NO CONTROLS,CLEAR,DAYLIGHT,SIDESWIPE SAME DIRECTION,NOT DIVIDED,,STRAIGHT AND LEVEL,DRY,NO DEFECTS,ON SCENE,NO INJURY / DRIVE AWAY,,,,"OVER $1,500",11/9/2017 15:22,FAILING TO YIELD RIGHT-OF-WAY,NOT APPLICABLE,1524,E,53RD ST,234,,,,,,,2,NO INDICATION OF INJURY,0,0,0,0,0,2,0,15,5,11,41.7996614,-87.58810083,POINT (-87.588100825105 41.799661398535),1
JA505339,,11/9/2017 15:15,30,NO CONTROLS,NO CONTROLS,CLEAR,DAYLIGHT,REAR END,NOT DIVIDED,2,STRAIGHT AND LEVEL,DRY,UNKNOWN,NOT ON SCENE (DESK REPORT),NO INJURY / DRIVE AWAY,,,,"$501 - $1,500",11/9/2017 16:00,UNABLE TO DETERMINE,UNABLE TO DETERMINE,47,E,31ST ST,211,,,,,,,2,NO INDICATION OF INJURY,0,0,0,0,0,2,0,15,5,11,41.83821501,-87.62489462,POINT (-87.62489462121 41.838215006123),1
JA507772,,11/9/2017 15:20,30,NO CONTROLS,NO CONTROLS,CLEAR,DAYLIGHT,PARKED MOTOR VEHICLE,NOT DIVIDED,2,STRAIGHT AND LEVEL,DRY,NO DEFECTS,NOT ON SCENE (DESK REPORT),NO INJURY / DRIVE AWAY,,,,"OVER $1,500",11/11/2017 12:30,IMPROPER LANE USAGE,UNABLE TO DETERMINE,3900,N,HARLEM AVE,1631,,,,,,,2,NO INDICATION OF INJURY,0,0,0,0,0,1,0,15,5,11,41.95075539,-87.80734717,POINT (-87.807347168183 41.950755392273),1
JA505372,,11/9/2017 15:25,30,TRAFFIC SIGNAL,FUNCTIONING PROPERLY,CLEAR,DAYLIGHT,SIDESWIPE SAME DIRECTION,DIVIDED - W/MEDIAN (NOT RAISED),4,STRAIGHT AND LEVEL,DRY,NO DEFECTS,NOT ON SCENE (DESK REPORT),NO INJURY / DRIVE AWAY,,,,"OVER $1,500",11/9/2017 16:00,IMPROPER LANE USAGE,IMPROPER LANE USAGE,5217,N,NAGLE AVE,1622,,,,,,,2,NO INDICATION OF INJURY,0,0,0,0,0,2,0,15,5,11,41.97625213,-87.78771416,POINT (-87.787714158077 41.97625213242),1
JA505425,,11/9/2017 15:25,30,TRAFFIC SIGNAL,FUNCTIONING PROPERLY,CLEAR,DAYLIGHT,TURNING,OTHER,,STRAIGHT AND LEVEL,DRY,NO DEFECTS,NOT ON SCENE (DESK REPORT),NO INJURY / DRIVE AWAY,,,,"OVER $1,500",11/9/2017 17:00,IMPROPER LANE USAGE,IMPROPER LANE USAGE,1501,E,95TH ST,511,,,,,,,2,NO INDICATION OF INJURY,0,0,0,0,0,2,0,15,5,11,41.72219312,-87.58795059,POINT (-87.587950588072 41.722193114614),1
JA534700,,11/9/2017 15:30,35,NO CONTROLS,NO CONTROLS,CLEAR,DAYLIGHT,FIXED OBJECT,DIVIDED - W/MEDIAN (NOT RAISED),4,STRAIGHT AND LEVEL,DRY,"RUT, HOLES",NOT ON SCENE (DESK REPORT),INJURY AND / OR TOW DUE TO CRASH,,,,"$501 - $1,500",12/3/2017 9:20,ROAD ENGINEERING/SURFACE/MARKING DEFECTS,ROAD ENGINEERING/SURFACE/MARKING DEFECTS,1809,S,WESTERN AVE,1234,,,,,,,2,NO INDICATION OF INJURY,0,0,0,0,0,2,0,15,5,11,41.85726274,-87.68564457,POINT (-87.685644566763 41.857262743237),1
JA505343,,11/9/2017 15:30,15,NO CONTROLS,NO CONTROLS,CLEAR,DAYLIGHT,SIDESWIPE SAME DIRECTION,NOT DIVIDED,1,STRAIGHT AND LEVEL,DRY,NO DEFECTS,NOT ON SCENE (DESK REPORT),NO INJURY / DRIVE AWAY,,,,"OVER $1,500",11/9/2017 16:00,FAILING TO YIELD RIGHT-OF-WAY,UNABLE TO DETERMINE,409,E,62ND ST,313,,,,,,,2,NO INDICATION OF INJURY,0,0,0,0,0,2,0,15,5,11,41.78196964,-87.61527182,POINT (-87.615271822342 41.781969636591),1
JA505384,,11/9/2017 15:30,0,NO CONTROLS,NO CONTROLS,CLEAR,DAYLIGHT,PEDESTRIAN,DIVIDED - W/MEDIAN (NOT RAISED),,STRAIGHT AND LEVEL,DRY,NO DEFECTS,NOT ON SCENE (DESK REPORT),INJURY AND / OR TOW DUE TO CRASH,,,,"OVER $1,500",11/9/2017 16:00,UNABLE TO DETERMINE,NOT APPLICABLE,214,E,51ST ST,224,,,,,,,2,NONINCAPACITATING INJURY,1,0,0,1,0,1,0,15,5,11,41.80214809,-87.6203488,POINT (-87.620348799201 41.80214808935),1
JA505323,,11/9/2017 15:30,30,TRAFFIC SIGNAL,FUNCTIONING PROPERLY,CLEAR,DAYLIGHT,REAR END,NOT DIVIDED,,STRAIGHT AND LEVEL,DRY,NO DEFECTS,NOT ON SCENE (DESK REPORT),NO INJURY / DRIVE AWAY,,,,"$501 - $1,500",11/9/2017 15:45,FAILING TO REDUCE SPEED TO AVOID CRASH,UNABLE TO DETERMINE,3640,N,ELSTON AVE,1733,,,,,,,2,NO INDICATION OF INJURY,0,0,0,0,0,2,0,15,5,11,41.94734999,-87.71012229,POINT (-87.710122287831 41.947349986872),1
JA505525,,11/9/2017 15:30,30,STOP SIGN/FLASHER,FUNCTIONING PROPERLY,CLEAR,DAYLIGHT,REAR END,NOT DIVIDED,,STRAIGHT AND LEVEL,DRY,NO DEFECTS,NOT ON SCENE (DESK REPORT),NO INJURY / DRIVE AWAY,,,,"OVER $1,500",11/9/2017 16:30,FOLLOWING TOO CLOSELY,NOT APPLICABLE,13401,S,BRAINARD AVE,433,,,,,,,2,NO INDICATION OF INJURY,0,0,0,0,0,2,0,15,5,11,41.65187245,-87.55009347,POINT (-87.550093467583 41.651872452611),1
JA505633,,11/9/2017 15:45,30,NO CONTROLS,NO CONTROLS,CLEAR,DAYLIGHT,PARKED MOTOR VEHICLE,NOT DIVIDED,2,STRAIGHT AND LEVEL,DRY,NO DEFECTS,NOT ON SCENE (DESK REPORT),NO INJURY / DRIVE AWAY,,,,"OVER $1,500",11/9/2017 19:28,UNABLE TO DETERMINE,NOT APPLICABLE,4499,N,MELVINA AVE,1622,,,,,,,2,NO INDICATION OF INJURY,0,0,0,0,0,1,0,15,5,11,41.96201304,-87.78181721,POINT (-87.781817211677 41.962013038907),1
JA505388,Y,11/9/2017 15:45,35,NO CONTROLS,NO CONTROLS,CLEAR,DAYLIGHT,SIDESWIPE SAME DIRECTION,DIVIDED - W/MEDIAN (NOT RAISED),,STRAIGHT AND LEVEL,DRY,UNKNOWN,ON SCENE,INJURY AND / OR TOW DUE TO CRASH,,,,"OVER $1,500",11/9/2017 16:45,DISREGARDING ROAD MARKINGS,NOT APPLICABLE,4300,N,ASHLAND AVE,1912,,Y,,,,,2,NONINCAPACITATING INJURY,1,0,0,1,0,2,0,15,5,11,41.95985739,-87.66935444,POINT (-87.669354442445 41.959857386639),1
JA505566,,11/9/2017 15:45,30,NO CONTROLS,NO CONTROLS,CLEAR,DAYLIGHT,PARKED MOTOR VEHICLE,ONE-WAY,2,STRAIGHT AND LEVEL,DRY,NO DEFECTS,,NO INJURY / DRIVE AWAY,,,,"OVER $1,500",11/9/2017 18:30,DISTRACTION - FROM OUTSIDE VEHICLE,NOT APPLICABLE,5521,N,SPAULDING AVE,1712,,,,,,,2,NO INDICATION OF INJURY,0,0,0,0,0,1,0,15,5,11,41.98188112,-87.7111174,POINT (-87.711117400933 41.981881120847),1
JA505434,,11/9/2017 15:45,30,TRAFFIC SIGNAL,FUNCTIONING PROPERLY,CLEAR,"DARKNESS, LIGHTED ROAD",TURNING,NOT DIVIDED,2,STRAIGHT AND LEVEL,DRY,NO DEFECTS,,NO INJURY / DRIVE AWAY,Y,,,"OVER $1,500",11/9/2017 17:10,DISREGARDING TRAFFIC SIGNALS,UNABLE TO DETERMINE,199,S,PAULINA ST,1224,,,,,,,2,NO INDICATION OF INJURY,0,0,0,0,0,4,0,15,5,11,41.87892202,-87.66908275,POINT (-87.669082747324 41.878922021152),1
JA505390,,11/9/2017 15:45,35,NO CONTROLS,NO CONTROLS,CLEAR,DAYLIGHT,REAR END,DIVIDED - W/MEDIAN BARRIER,,STRAIGHT AND LEVEL,DRY,NO DEFECTS,NOT ON SCENE (DESK REPORT),NO INJURY / DRIVE AWAY,,,,"OVER $1,500",11/9/2017 16:35,FOLLOWING TOO CLOSELY,UNABLE TO DETERMINE,5230,S,LAKE SHORE DR SB,234,,,,,,,2,NO INDICATION OF INJURY,0,0,0,0,0,2,0,15,5,11,41.80063785,-87.58171917,POINT (-87.581719165113 41.800637847191),1
JA505686,,11/9/2017 15:45,30,NO CONTROLS,NO CONTROLS,CLEAR,DAYLIGHT,PARKED MOTOR VEHICLE,NOT DIVIDED,2,STRAIGHT AND LEVEL,DRY,NO DEFECTS,NOT ON SCENE (DESK REPORT),NO INJURY / DRIVE AWAY,,,,"OVER $1,500",11/9/2017 20:16,IMPROPER LANE USAGE,NOT APPLICABLE,2798,W,FOSTER AVE,2011,,,,,,,2,NO INDICATION OF INJURY,0,0,0,0,0,1,0,15,5,11,41.97592824,-87.69880205,POINT (-87.698802052573 41.9759282399),1
JA505375,,11/9/2017 15:45,20,NO CONTROLS,NO CONTROLS,CLEAR,DUSK,ANGLE,ALLEY,,STRAIGHT AND LEVEL,DRY,NO DEFECTS,ON SCENE,NO INJURY / DRIVE AWAY,Y,,,"OVER $1,500",11/9/2017 16:23,FAILING TO YIELD RIGHT-OF-WAY,NOT APPLICABLE,2014,N,KEELER AVE,2522,,,,,,,2,NO INDICATION OF INJURY,0,0,0,0,0,2,0,15,5,11,41.91758916,-87.73161693,POINT (-87.731616932413 41.91758915984),1
JA505504,,11/9/2017 15:50,30,TRAFFIC SIGNAL,FUNCTIONING PROPERLY,CLEAR,DAYLIGHT,SIDESWIPE SAME DIRECTION,DIVIDED - W/MEDIAN (NOT RAISED),2,STRAIGHT AND LEVEL,DRY,NO DEFECTS,NOT ON SCENE (DESK REPORT),NO INJURY / DRIVE AWAY,,,,"OVER $1,500",11/9/2017 17:55,IMPROPER LANE USAGE,FAILING TO YIELD RIGHT-OF-WAY,1200,S,HALSTED ST,1232,,,,,,,2,NO INDICATION OF INJURY,0,0,0,0,0,2,0,15,5,11,41.86712525,-87.64706481,POINT (-87.647064808299 41.867125250673),1
JA505402,,11/9/2017 15:50,25,TRAFFIC SIGNAL,FUNCTIONING PROPERLY,CLEAR,DAYLIGHT,PEDESTRIAN,NOT DIVIDED,2,STRAIGHT ON GRADE,DRY,NO DEFECTS,ON SCENE,INJURY AND / OR TOW DUE TO CRASH,Y,,Y,$500 OR LESS,11/9/2017 15:55,FAILING TO YIELD RIGHT-OF-WAY,UNABLE TO DETERMINE,7600,W,TALCOTT AVE,1612,,,,,,,2,NONINCAPACITATING INJURY,1,0,0,1,0,2,0,15,5,11,41.99076196,-87.81676219,POINT (-87.816762188326 41.990761963149),1
JA505344,,11/9/2017 15:50,30,NO CONTROLS,NO CONTROLS,CLEAR,DAYLIGHT,ANGLE,PARKING LOT,,STRAIGHT AND LEVEL,DRY,NO DEFECTS,NOT ON SCENE (DESK REPORT),NO INJURY / DRIVE AWAY,,Y,,"OVER $1,500",11/9/2017 16:00,IMPROPER BACKING,IMPROPER BACKING,7516,N,CLARK ST,2424,,,,,,,2,NO INDICATION OF INJURY,0,0,0,0,0,4,0,15,5,11,42.01836639,-87.67604271,POINT (-87.676042708986 42.018366389269),1
JA505376,,11/9/2017 15:51,30,NO CONTROLS,NO CONTROLS,CLEAR,DAYLIGHT,TURNING,DIVIDED - W/MEDIAN (NOT RAISED),4,STRAIGHT AND LEVEL,DRY,NO DEFECTS,NOT ON SCENE (DESK REPORT),NO INJURY / DRIVE AWAY,,,,"$501 - $1,500",11/9/2017 16:25,UNABLE TO DETERMINE,NOT APPLICABLE,5555,W,NORTH AVE,2532,,,,,,,2,NO INDICATION OF INJURY,0,0,0,0,0,2,0,15,5,11,41.90927457,-87.76518779,POINT (-87.765187784962 41.909274566712),1
JA505346,,11/9/2017 15:53,30,NO CONTROLS,NO CONTROLS,CLEAR,DAYLIGHT,TURNING,NOT DIVIDED,4,STRAIGHT AND LEVEL,DRY,NO DEFECTS,ON SCENE,INJURY AND / OR TOW DUE TO CRASH,Y,,,"OVER $1,500",11/9/2017 15:57,FAILING TO YIELD RIGHT-OF-WAY,NOT APPLICABLE,5600,S,PULASKI RD,813,,,,,,,2,NO INDICATION OF INJURY,0,0,0,0,0,3,0,15,5,11,41.79134942,-87.72325532,POINT (-87.723255322969 41.791349423725),1
JA505355,,11/9/2017 15:59,30,NO CONTROLS,NO CONTROLS,CLEAR,DAYLIGHT,TURNING,ONE-WAY,2,STRAIGHT AND LEVEL,DRY,NO DEFECTS,NOT ON SCENE (DESK REPORT),NO INJURY / DRIVE AWAY,,,,"OVER $1,500",11/9/2017 16:01,FAILING TO YIELD RIGHT-OF-WAY,NOT APPLICABLE,6430,S,WELLS ST,722,,,,,,,2,NO INDICATION OF INJURY,0,0,0,0,0,2,0,15,5,11,41.77728259,-87.63069806,POINT (-87.630698060793 41.77728258697),1
JA505440,,11/9/2017 16:00,30,TRAFFIC SIGNAL,FUNCTIONING PROPERLY,CLEAR,DAYLIGHT,REAR END,DIVIDED - W/MEDIAN (NOT RAISED),4,STRAIGHT AND LEVEL,DRY,NO DEFECTS,ON SCENE,INJURY AND / OR TOW DUE TO CRASH,Y,Y,,"OVER $1,500",11/9/2017 16:09,FOLLOWING TOO CLOSELY,NOT APPLICABLE,1700,W,OGDEN AVE,1225,,,,,,,2,NO INDICATION OF INJURY,0,0,0,0,0,2,0,16,5,11,41.87889896,-87.6693721,POINT (-87.669372103135 41.878898956797),1
JA505414,,11/9/2017 16:00,30,TRAFFIC SIGNAL,FUNCTIONING PROPERLY,CLEAR,DAYLIGHT,SIDESWIPE SAME DIRECTION,ONE-WAY,,STRAIGHT AND LEVEL,DRY,NO DEFECTS,NOT ON SCENE (DESK REPORT),NO INJURY / DRIVE AWAY,,,Y,"$501 - $1,500",11/9/2017 17:00,UNABLE TO DETERMINE,NOT APPLICABLE,156,W,VAN BUREN ST,122,,,,,,,2,NO INDICATION OF INJURY,0,0,0,0,0,2,0,16,5,11,41.87697924,-87.6327153,POINT (-87.63271529572 41.876979236087),1
JA505629,,11/9/2017 16:00,30,TRAFFIC SIGNAL,FUNCTIONING PROPERLY,CLEAR,DAYLIGHT,SIDESWIPE SAME DIRECTION,DIVIDED - W/MEDIAN (NOT RAISED),1,STRAIGHT AND LEVEL,DRY,NO DEFECTS,ON SCENE,NO INJURY / DRIVE AWAY,Y,,,"OVER $1,500",11/9/2017 19:30,IMPROPER LANE USAGE,IMPROPER LANE USAGE,1601,S,BLUE ISLAND AVE,1233,,,,,,,2,NO INDICATION OF INJURY,0,0,0,0,0,2,0,16,5,11,41.85956597,-87.65952451,POINT (-87.659524513506 41.859565972988),1
JA506067,Y,11/9/2017 16:00,30,NO CONTROLS,NO CONTROLS,CLEAR,DAYLIGHT,PARKED MOTOR VEHICLE,NOT DIVIDED,2,STRAIGHT AND LEVEL,DRY,NO DEFECTS,NOT ON SCENE (DESK REPORT),NO INJURY / DRIVE AWAY,,,Y,"OVER $1,500",11/10/2017 8:05,NOT APPLICABLE,NOT APPLICABLE,3711,W,DOUGLAS BLVD,1011,,,,,,,2,NO INDICATION OF INJURY,0,0,0,0,0,1,0,16,5,11,41.86225473,-87.71825927,POINT (-87.718259268187 41.862254728383),1
JA505404,,11/9/2017 16:00,30,STOP SIGN/FLASHER,FUNCTIONING PROPERLY,CLEAR,DAYLIGHT,TURNING,DIVIDED - W/MEDIAN (NOT RAISED),6,STRAIGHT AND LEVEL,DRY,NO DEFECTS,NOT ON SCENE (DESK REPORT),NO INJURY / DRIVE AWAY,,,,"OVER $1,500",11/9/2017 16:30,IMPROPER TURNING/NO SIGNAL,DRIVING SKILLS/KNOWLEDGE/EXPERIENCE,15,W,95TH ST,511,,,,,,,2,NO INDICATION OF INJURY,0,0,0,0,0,3,0,16,5,11,41.72151497,-87.62461017,POINT (-87.624610165642 41.721514969204),1
JA505354,,11/9/2017 16:00,30,NO CONTROLS,NO CONTROLS,CLEAR,DAYLIGHT,PARKED MOTOR VEHICLE,NOT DIVIDED,2,STRAIGHT AND LEVEL,DRY,NO DEFECTS,NOT ON SCENE (DESK REPORT),NO INJURY / DRIVE AWAY,,,Y,"OVER $1,500",11/9/2017 16:18,UNABLE TO DETERMINE,NOT APPLICABLE,2846,N,MC VICKER AVE,2511,,,,,,,2,NO INDICATION OF INJURY,0,0,0,0,0,1,0,16,5,11,41.93251535,-87.77737354,POINT (-87.777373539683 41.932515350263),1
JA505435,,11/9/2017 16:00,30,STOP SIGN/FLASHER,FUNCTIONING PROPERLY,CLEAR,DAYLIGHT,ANGLE,NOT DIVIDED,0,STRAIGHT AND LEVEL,DRY,NO DEFECTS,ON SCENE,INJURY AND / OR TOW DUE TO CRASH,Y,,,"OVER $1,500",11/9/2017 16:35,DISREGARDING STOP SIGN,DISTRACTION - FROM INSIDE VEHICLE,2101,W,CERMAK RD,1034,,,,,,,2,NO INDICATION OF INJURY,0,0,0,0,0,2,0,16,5,11,41.85202569,-87.67841224,POINT (-87.678412243343 41.852025691815),1
JA505428,,11/9/2017 16:00,30,NO CONTROLS,NO CONTROLS,CLEAR,DAYLIGHT,PARKED MOTOR VEHICLE,NOT DIVIDED,2,STRAIGHT AND LEVEL,DRY,NO DEFECTS,NOT ON SCENE (DESK REPORT),NO INJURY / DRIVE AWAY,,,,"OVER $1,500",11/9/2017 17:07,FAILING TO YIELD RIGHT-OF-WAY,NOT APPLICABLE,6029,W,BERTEAU AVE,1624,,,,,,,2,NO INDICATION OF INJURY,0,0,0,0,0,1,0,16,5,11,41.95657754,-87.77805558,POINT (-87.778055578661 41.956577541085),1
JA505386,,11/9/2017 16:05,35,LANE USE MARKING,FUNCTIONING PROPERLY,CLEAR,DAYLIGHT,SIDESWIPE SAME DIRECTION,NOT DIVIDED,5,STRAIGHT AND LEVEL,DRY,NO DEFECTS,ON SCENE,NO INJURY / DRIVE AWAY,,,,$500 OR LESS,11/9/2017 16:09,UNABLE TO DETERMINE,UNABLE TO DETERMINE,6010,N,WESTERN AVE,2413,,,,,,,2,NO INDICATION OF INJURY,0,0,0,0,0,2,0,16,5,11,41.99085199,-87.68983096,POINT (-87.689830956067 41.990851993601),1
JA505380,,11/9/2017 16:10,30,STOP SIGN/FLASHER,FUNCTIONING PROPERLY,CLEAR,DUSK,ANGLE,NOT DIVIDED,2,STRAIGHT AND LEVEL,DRY,NO DEFECTS,NOT ON SCENE (DESK REPORT),NO INJURY / DRIVE AWAY,Y,,,"OVER $1,500",11/9/2017 16:34,FAILING TO YIELD RIGHT-OF-WAY,NOT APPLICABLE,5733,N,NORTHWEST HWY,1611,,,,,,,2,NO INDICATION OF INJURY,0,0,0,0,0,2,0,16,5,11,41.98600114,-87.78752792,POINT (-87.787527920187 41.986001137112),1
JA505526,,11/9/2017 16:15,30,STOP SIGN/FLASHER,OTHER,CLEAR,DAYLIGHT,ANGLE,DIVIDED - W/MEDIAN (NOT RAISED),4,STRAIGHT AND LEVEL,DRY,NO DEFECTS,NOT ON SCENE (DESK REPORT),INJURY AND / OR TOW DUE TO CRASH,Y,,,"OVER $1,500",11/9/2017 16:22,FAILING TO YIELD RIGHT-OF-WAY,UNABLE TO DETERMINE,10100,S,WENTWORTH AVE,511,,Y,,,,,2,INCAPACITATING INJURY,4,0,1,3,0,0,0,16,5,11,41.71065777,-87.62855066,POINT (-87.628550656079 41.710657765652),1
JA505642,,11/9/2017 16:25,30,TRAFFIC SIGNAL,FUNCTIONING PROPERLY,CLEAR,"DARKNESS, LIGHTED ROAD",ANGLE,NOT DIVIDED,,STRAIGHT AND LEVEL,DRY,NO DEFECTS,NOT ON SCENE (DESK REPORT),INJURY AND / OR TOW DUE TO CRASH,,,,"OVER $1,500",11/9/2017 19:30,UNABLE TO DETERMINE,NOT APPLICABLE,2405,W,IRVING PARK RD,1921,,,,,,,2,"REPORTED, NOT EVIDENT",1,0,0,0,1,6,0,16,5,11,41.95389899,-87.68873322,POINT (-87.688733216083 41.953898988913),1
JA508957,,11/9/2017 16:30,30,NO CONTROLS,NO CONTROLS,CLEAR,"DARKNESS, LIGHTED ROAD",PARKED MOTOR VEHICLE,NOT DIVIDED,2,STRAIGHT AND LEVEL,DRY,NO DEFECTS,NOT ON SCENE (DESK REPORT),INJURY AND / OR TOW DUE TO CRASH,,,,"$501 - $1,500",11/12/2017 13:00,IMPROPER LANE USAGE,NOT APPLICABLE,355,N,LAFLIN ST,1215,,,,,,,2,NO INDICATION OF INJURY,0,0,0,0,0,1,0,16,5,11,41.88814384,-87.6642205,POINT (-87.664220500154 41.888143839763),1
JA507680,,11/9/2017 16:30,25,TRAFFIC SIGNAL,FUNCTIONING PROPERLY,CLEAR,DAYLIGHT,REAR END,NOT DIVIDED,,STRAIGHT AND LEVEL,DRY,NO DEFECTS,NOT ON SCENE (DESK REPORT),NO INJURY / DRIVE AWAY,,,,"$501 - $1,500",11/11/2017 11:15,UNABLE TO DETERMINE,UNABLE TO DETERMINE,500,N,LA SALLE DR,1831,,,,,,,2,NO INDICATION OF INJURY,0,0,0,0,0,2,0,16,5,11,41.89084146,-87.63270628,POINT (-87.632706277654 41.890841457198),1
JA505482,,11/9/2017 16:56,30,NO CONTROLS,NO CONTROLS,CLEAR,DUSK,REAR END,DIVIDED - W/MEDIAN BARRIER,6,STRAIGHT AND LEVEL,DRY,UNKNOWN,ON SCENE,NO INJURY / DRIVE AWAY,Y,,,"$501 - $1,500",11/9/2017 17:01,FOLLOWING TOO CLOSELY,NOT APPLICABLE,9229,S,STONY ISLAND AVE,413,,,,,,,2,NO INDICATION OF INJURY,0,0,0,0,0,2,0,16,5,11,41.72695902,-87.58484474,POINT (-87.58484474271 41.726959016961),1
JA505474,,11/9/2017 16:58,30,NO CONTROLS,NO CONTROLS,CLEAR,"DARKNESS, LIGHTED ROAD",PARKED MOTOR VEHICLE,NOT DIVIDED,,STRAIGHT AND LEVEL,DRY,NO DEFECTS,NOT ON SCENE (DESK REPORT),NO INJURY / DRIVE AWAY,,,,"$501 - $1,500",11/9/2017 17:42,DRIVING SKILLS/KNOWLEDGE/EXPERIENCE,UNABLE TO DETERMINE,1055,W,BRYN MAWR AVE,2023,,,,,,,2,NO INDICATION OF INJURY,0,0,0,0,0,2,0,16,5,11,41.98355943,-87.65738202,POINT (-87.657382024073 41.983559425774),1
JA505467,,11/9/2017 17:00,30,STOP SIGN/FLASHER,FUNCTIONING PROPERLY,CLEAR,DUSK,TURNING,ONE-WAY,1,STRAIGHT AND LEVEL,DRY,NO DEFECTS,ON SCENE,NO INJURY / DRIVE AWAY,,,,"$501 - $1,500",11/9/2017 17:12,UNABLE TO DETERMINE,UNABLE TO DETERMINE,558,E,48TH ST,223,,,,,,,2,NO INDICATION OF INJURY,0,0,0,0,0,2,0,17,5,11,41.8077503,-87.61155892,POINT (-87.611558918083 41.807750295962),1
JA505462,,11/9/2017 17:00,20,NO CONTROLS,NO CONTROLS,CLEAR,"DARKNESS, LIGHTED ROAD",SIDESWIPE SAME DIRECTION,NOT DIVIDED,,STRAIGHT AND LEVEL,DRY,NO DEFECTS,ON SCENE,NO INJURY / DRIVE AWAY,,,Y,"OVER $1,500",11/9/2017 17:30,IMPROPER OVERTAKING/PASSING,IMPROPER BACKING,641,N,STATE ST,1834,,,,,,,2,NO INDICATION OF INJURY,0,0,0,0,0,2,0,17,5,11,41.89367489,-87.62797333,POINT (-87.627973331305 41.893674890449),1
JA505520,Y,11/9/2017 17:00,30,NO CONTROLS,NO CONTROLS,CLEAR,"DARKNESS, LIGHTED ROAD",SIDESWIPE SAME DIRECTION,DIVIDED - W/MEDIAN (NOT RAISED),4,STRAIGHT AND LEVEL,DRY,WORN SURFACE,ON SCENE,NO INJURY / DRIVE AWAY,,,,"OVER $1,500",11/9/2017 17:54,UNABLE TO DETERMINE,UNABLE TO DETERMINE,760,N,OGDEN AVE,1215,,,,,,,2,NO INDICATION OF INJURY,0,0,0,0,0,2,0,17,5,11,41.89588662,-87.65513053,POINT (-87.655130524638 41.895886620509),1
JA511260,,11/9/2017 17:00,30,TRAFFIC SIGNAL,FUNCTIONING PROPERLY,CLEAR,"DARKNESS, LIGHTED ROAD",REAR END,NOT DIVIDED,,STRAIGHT AND LEVEL,DRY,NO DEFECTS,NOT ON SCENE (DESK REPORT),NO INJURY / DRIVE AWAY,,,Y,"OVER $1,500",11/14/2017 10:30,FOLLOWING TOO CLOSELY,FAILING TO REDUCE SPEED TO AVOID CRASH,7201,W,IRVING PARK RD,1631,,,,,,,2,NO INDICATION OF INJURY,0,0,0,0,0,3,0,17,5,11,41.95265541,-87.80733132,POINT (-87.807331324127 41.952655406155),1
JA505480,,11/9/2017 17:05,35,TRAFFIC SIGNAL,FUNCTIONING PROPERLY,CLEAR,DUSK,ANGLE,NOT DIVIDED,,STRAIGHT AND LEVEL,DRY,NO DEFECTS,ON SCENE,INJURY AND / OR TOW DUE TO CRASH,Y,,,"OVER $1,500",11/9/2017 17:06,FAILING TO REDUCE SPEED TO AVOID CRASH,FAILING TO YIELD RIGHT-OF-WAY,4300,S,WESTERN BLVD,922,,,,,,,2,NONINCAPACITATING INJURY,2,0,0,2,0,0,0,17,5,11,41.81560495,-87.68421592,POINT (-87.684215916118 41.815604951255),1
JA505485,,11/9/2017 17:08,30,NO CONTROLS,NO CONTROLS,CLEAR,"DARKNESS, LIGHTED ROAD",SIDESWIPE SAME DIRECTION,DIVIDED - W/MEDIAN BARRIER,4,STRAIGHT AND LEVEL,DRY,NO DEFECTS,ON SCENE,NO INJURY / DRIVE AWAY,,,Y,"$501 - $1,500",11/9/2017 17:23,IMPROPER OVERTAKING/PASSING,NOT APPLICABLE,2723,N,ASHLAND AVE,1932,,,,,,,2,NO INDICATION OF INJURY,0,0,0,0,0,2,0,17,5,11,41.93134309,-87.66821688,POINT (-87.668216881325 41.931343093999),1
JA506929,,11/9/2017 17:10,30,TRAFFIC SIGNAL,FUNCTIONING PROPERLY,CLEAR,"DARKNESS, LIGHTED ROAD",REAR END,NOT DIVIDED,2,STRAIGHT AND LEVEL,DRY,NO DEFECTS,NOT ON SCENE (DESK REPORT),NO INJURY / DRIVE AWAY,,,,$500 OR LESS,11/10/2017 18:00,NOT APPLICABLE,NOT APPLICABLE,9856,S,VINCENNES AVE,2213,,,,,,,2,NO INDICATION OF INJURY,0,0,0,0,0,2,0,17,5,11,41.71425628,-87.65340654,POINT (-87.653406535827 41.71425627704),1