RD_NO,CRASH_DATE_EST_I,CRASH_DATE,POSTED_SPEED_LIMIT,TRAFFIC_CONTROL_DEVICE,DEVICE_CONDITION,WEATHER_CONDITION,LIGHTING_CONDITION,FIRST_CRASH_TYPE,TRAFFICWAY_TYPE,LANE_CNT,ALIGNMENT,ROADWAY_SURFACE_COND,ROAD_DEFECT,REPORT_TYPE,CRASH_TYPE,INTERSECTION_RELATED_I,NOT_RIGHT_OF_WAY_I,HIT_AND_RUN_I,DAMAGE,DATE_POLICE_NOTIFIED,PRIM_CONTRIBUTORY_CAUSE,SEC_CONTRIBUTORY_CAUSE,STREET_NO,STREET_DIRECTION,STREET_NAME,BEAT_OF_OCCURRENCE,PHOTOS_TAKEN_I,STATEMENTS_TAKEN_I,DOORING_I,WORK_ZONE_I,WORK_ZONE_TYPE,WORKERS_PRESENT_I,NUM_UNITS,MOST_SEVERE_INJURY,INJURIES_TOTAL,INJURIES_FATAL,INJURIES_INCAPACITATING,INJURIES_NON_INCAPACITATING,INJURIES_REPORTED_NOT_EVIDENT,INJURIES_NO_INDICATION,INJURIES_UNKNOWN,CRASH_HOUR,CRASH_DAY_OF_WEEK,CRASH_MONTH,LATITUDE,LONGITUDE,LOCATION,Join
JA505730,,11/9/2017 19:00,35,TRAFFIC SIGNAL,FUNCTIONING PROPERLY,CLEAR,"DARKNESS, LIGHTED ROAD",REAR END,NOT DIVIDED,,STRAIGHT AND LEVEL,DRY,NO DEFECTS,NOT ON SCENE (DESK REPORT),NO INJURY / DRIVE AWAY,,,,"$501 - $1,500",11/9/2017 20:50,FAILING TO REDUCE SPEED TO AVOID CRASH,FOLLOWING TOO CLOSELY,7535,W,FOREST PRESERVE AVE,1631,,,,,,,2,NO INDICATION OF INJURY,0,0,0,0,0,2,0,19,5,11,41.94946769,-87.81600152,POINT (-87.816001519739 41.949467690366),1
JA505709,,11/9/2017 19:09,30,NO CONTROLS,NO CONTROLS,CLEAR,DARKNESS,FIXED OBJECT,NOT DIVIDED,4,STRAIGHT AND LEVEL,DRY,NO DEFECTS,NOT ON SCENE (DESK REPORT),NO INJURY / DRIVE AWAY,,,,"OVER $1,500",11/9/2017 20:34,"OPERATING VEHICLE IN ERRATIC, RECKLESS, CARELESS, NEGLIGENT OR AGGRESSIVE MANNER",NOT APPLICABLE,1536,S,WESTERN AVE,1023,,,,,,,1,NO INDICATION OF INJURY,0,0,0,0,0,1,0,19,5,11,41.86015208,-87.68600235,POINT (-87.686002352453 41.86015208334),1
JA505672,,11/9/2017 19:10,30,NO CONTROLS,NO CONTROLS,CLEAR,"DARKNESS, LIGHTED ROAD",TURNING,NOT DIVIDED,2,STRAIGHT AND LEVEL,DRY,NO DEFECTS,NOT ON SCENE (DESK REPORT),NO INJURY / DRIVE AWAY,,,,"OVER $1,500",11/9/2017 20:00,FOLLOWING TOO CLOSELY,NOT APPLICABLE,6399,W,BELMONT AVE,2511,,,,,,,2,NO INDICATION OF INJURY,0,0,0,0,0,2,0,19,5,11,41.93820943,-87.78590176,POINT (-87.785901762866 41.938209431786),1
JA505671,,11/9/2017 19:15,30,TRAFFIC SIGNAL,FUNCTIONING PROPERLY,CLEAR,"DARKNESS, LIGHTED ROAD",REAR END,DIVIDED - W/MEDIAN (NOT RAISED),4,STRAIGHT AND LEVEL,DRY,NO DEFECTS,NOT ON SCENE (DESK REPORT),NO INJURY / DRIVE AWAY,Y,,,"OVER $1,500",11/9/2017 19:40,UNABLE TO DETERMINE,NOT APPLICABLE,11801,S,AVENUE O,433,,,,,,,2,NO INDICATION OF INJURY,0,0,0,0,0,5,0,19,5,11,41.68085614,-87.5399566,POINT (-87.539956597346 41.680856136277),1
JA505643,,11/9/2017 19:15,30,NO CONTROLS,NO CONTROLS,CLEAR,"DARKNESS, LIGHTED ROAD",SIDESWIPE SAME DIRECTION,NOT DIVIDED,,STRAIGHT AND LEVEL,DRY,NO DEFECTS,ON SCENE,NO INJURY / DRIVE AWAY,,,,"OVER $1,500",11/9/2017 19:16,DISTRACTION - FROM INSIDE VEHICLE,FAILING TO REDUCE SPEED TO AVOID CRASH,549,E,PERSHING RD,214,,,,,,,2,NO INDICATION OF INJURY,0,0,0,0,0,2,0,19,5,11,41.82377385,-87.61316938,POINT (-87.613169375133 41.823773849094),1
JA505700,,11/9/2017 19:20,30,TRAFFIC SIGNAL,FUNCTIONING PROPERLY,CLEAR,"DARKNESS, LIGHTED ROAD",REAR END,NOT DIVIDED,4,STRAIGHT AND LEVEL,DRY,NO DEFECTS,NOT ON SCENE (DESK REPORT),NO INJURY / DRIVE AWAY,,,,$500 OR LESS,11/9/2017 20:15,FOLLOWING TOO CLOSELY,UNABLE TO DETERMINE,7298,S,WENTWORTH AVE,731,,,,,,,2,NO INDICATION OF INJURY,0,0,0,0,0,4,0,19,5,11,41.76188011,-87.62983595,POINT (-87.629835944789 41.761880110445),1
JA505751,,11/9/2017 19:20,10,NO CONTROLS,NO CONTROLS,CLEAR,DARKNESS,PEDESTRIAN,PARKING LOT,,STRAIGHT AND LEVEL,DRY,NO DEFECTS,NOT ON SCENE (DESK REPORT),INJURY AND / OR TOW DUE TO CRASH,,,,$500 OR LESS,11/9/2017 21:00,UNABLE TO DETERMINE,UNABLE TO DETERMINE,2351,W,MADISON ST,1223,,,,,,,2,NONINCAPACITATING INJURY,1,0,0,1,0,1,0,19,5,11,41.88105867,-87.68599778,POINT (-87.685997783339 41.881058667904),1
JA505685,,11/9/2017 19:30,30,TRAFFIC SIGNAL,UNKNOWN,CLEAR,DUSK,TURNING,NOT DIVIDED,2,STRAIGHT AND LEVEL,OTHER,UNKNOWN,ON SCENE,INJURY AND / OR TOW DUE TO CRASH,,,,"OVER $1,500",11/9/2017 19:41,NOT APPLICABLE,NOT APPLICABLE,3500,W,MARQUETTE RD,831,,,,,,,2,NO INDICATION OF INJURY,0,0,0,0,0,2,0,19,5,11,41.7716661,-87.71035681,POINT (-87.710356809774 41.771666096917),1
JA506463,,11/9/2017 19:30,30,TRAFFIC SIGNAL,FUNCTIONING PROPERLY,CLEAR,"DARKNESS, LIGHTED ROAD",REAR END,NOT DIVIDED,2,STRAIGHT AND LEVEL,DRY,NO DEFECTS,NOT ON SCENE (DESK REPORT),NO INJURY / DRIVE AWAY,,,Y,"OVER $1,500",11/10/2017 12:55,IMPROPER BACKING,NOT APPLICABLE,3800,S,CALIFORNIA AVE,911,,,,,,,2,NO INDICATION OF INJURY,0,0,0,0,0,2,0,19,5,11,41.82456623,-87.69480738,POINT (-87.69480737563 41.824566227681),1
JA505676,,11/9/2017 19:35,30,TRAFFIC SIGNAL,FUNCTIONING PROPERLY,CLEAR,"DARKNESS, LIGHTED ROAD",REAR END,DIVIDED - W/MEDIAN (NOT RAISED),4,STRAIGHT AND LEVEL,DRY,NO DEFECTS,NOT ON SCENE (DESK REPORT),NO INJURY / DRIVE AWAY,,,,"OVER $1,500",11/9/2017 19:45,FOLLOWING TOO CLOSELY,FOLLOWING TOO CLOSELY,3632,W,IRVING PARK RD,1723,,,,,,,2,NO INDICATION OF INJURY,0,0,0,0,0,2,0,19,5,11,41.95384081,-87.71914053,POINT (-87.719140533085 41.953840812484),1
JA505678,,11/9/2017 19:50,35,NO CONTROLS,UNKNOWN,CLEAR,"DARKNESS, LIGHTED ROAD",ANGLE,NOT DIVIDED,,STRAIGHT AND LEVEL,DRY,NO DEFECTS,ON SCENE,INJURY AND / OR TOW DUE TO CRASH,,,,"OVER $1,500",11/9/2017 19:50,IMPROPER TURNING/NO SIGNAL,NOT APPLICABLE,5000,W,FULLERTON AVE,2521,,,,,,,2,NO INDICATION OF INJURY,0,0,0,0,0,2,0,19,5,11,41.9242835,-87.75135196,POINT (-87.751351963724 41.92428350376),1
JA505680,,11/9/2017 19:50,35,TRAFFIC SIGNAL,FUNCTIONING PROPERLY,CLEAR,"DARKNESS, LIGHTED ROAD",TURNING,DIVIDED - W/MEDIAN (NOT RAISED),,STRAIGHT AND LEVEL,DRY,NO DEFECTS,ON SCENE,NO INJURY / DRIVE AWAY,,,,"OVER $1,500",11/9/2017 20:00,UNABLE TO DETERMINE,UNABLE TO DETERMINE,3259,W,DEVON AVE,1711,,,,,,,2,NO INDICATION OF INJURY,0,0,0,0,0,2,0,19,5,11,41.99723923,-87.71167833,POINT (-87.711678330492 41.997239225816),1
JA505711,,11/9/2017 19:55,35,TRAFFIC SIGNAL,FUNCTIONING PROPERLY,CLEAR,"DARKNESS, LIGHTED ROAD",TURNING,NOT DIVIDED,4,STRAIGHT AND LEVEL,DRY,NO DEFECTS,ON SCENE,INJURY AND / OR TOW DUE TO CRASH,Y,,,"OVER $1,500",11/9/2017 20:00,FAILING TO YIELD RIGHT-OF-WAY,DISREGARDING OTHER TRAFFIC SIGNS,2,W,76TH ST,623,,,,,,,2,NONINCAPACITATING INJURY,2,0,0,2,0,1,0,19,5,11,41.75654641,-87.6247589,POINT (-87.624758904335 41.756546404563),1
JA507847,,11/9/2017 20:00,30,NO CONTROLS,NO CONTROLS,CLEAR,"DARKNESS, LIGHTED ROAD",PARKED MOTOR VEHICLE,NOT DIVIDED,2,STRAIGHT AND LEVEL,DRY,NO DEFECTS,NOT ON SCENE (DESK REPORT),NO INJURY / DRIVE AWAY,,,Y,"OVER $1,500",11/11/2017 13:36,UNABLE TO DETERMINE,NOT APPLICABLE,6538,N,OAK PARK AVE,1611,,,,,,,2,NO INDICATION OF INJURY,0,0,0,0,0,1,0,20,5,11,42.00027607,-87.79570723,POINT (-87.795707227487 42.000276072695),1
JA505777,,11/9/2017 20:00,30,STOP SIGN/FLASHER,FUNCTIONING PROPERLY,CLEAR,"DARKNESS, LIGHTED ROAD",ANGLE,NOT DIVIDED,2,STRAIGHT AND LEVEL,DRY,NO DEFECTS,NOT ON SCENE (DESK REPORT),NO INJURY / DRIVE AWAY,Y,,,"OVER $1,500",11/9/2017 20:30,FAILING TO YIELD RIGHT-OF-WAY,IMPROPER OVERTAKING/PASSING,7600,S,CALUMET AVE,623,,,,,,,2,NO INDICATION OF INJURY,0,0,0,0,0,2,0,20,5,11,41.75646176,-87.6168094,POINT (-87.616809399874 41.756461758249),1
JA505698,,11/9/2017 20:00,30,NO CONTROLS,NO CONTROLS,CLEAR,"DARKNESS, LIGHTED ROAD",FIXED OBJECT,NOT DIVIDED,0,STRAIGHT AND LEVEL,DRY,"RUT, HOLES",NOT ON SCENE (DESK REPORT),NO INJURY / DRIVE AWAY,Y,,,"OVER $1,500",11/9/2017 20:27,ROAD CONSTRUCTION/MAINTENANCE,UNABLE TO DETERMINE,2300,W,DEVON AVE,2412,,,,Y,CONSTRUCTION,,1,NO INDICATION OF INJURY,0,0,0,0,0,1,0,20,5,11,41.99788104,-87.68751095,POINT (-87.68751095185 41.997881044105),1
JA505734,,11/9/2017 20:05,30,TRAFFIC SIGNAL,FUNCTIONING PROPERLY,CLEAR,"DARKNESS, LIGHTED ROAD",REAR END,DIVIDED - W/MEDIAN (NOT RAISED),2,STRAIGHT AND LEVEL,DRY,NO DEFECTS,NOT ON SCENE (DESK REPORT),NO INJURY / DRIVE AWAY,,,,"$501 - $1,500",11/9/2017 21:00,FOLLOWING TOO CLOSELY,FAILING TO REDUCE SPEED TO AVOID CRASH,1300,S,WESTERN AVE,1023,,,,,,,2,NO INDICATION OF INJURY,0,0,0,0,0,3,0,20,5,11,41.86473994,-87.68613406,POINT (-87.686134063238 41.864739941196),1
JA505725,,11/9/2017 20:20,35,NO CONTROLS,NO CONTROLS,CLEAR,DARKNESS,REAR END,NOT DIVIDED,,STRAIGHT AND LEVEL,DRY,NO DEFECTS,NOT ON SCENE (DESK REPORT),NO INJURY / DRIVE AWAY,,,,$500 OR LESS,11/9/2017 20:46,FOLLOWING TOO CLOSELY,PHYSICAL CONDITION OF DRIVER,5300,W,HARRISON ST,1522,,,,,,,2,NO INDICATION OF INJURY,0,0,0,0,0,4,0,20,5,11,41.87302363,-87.75752318,POINT (-87.757523174925 41.873023631427),1
JA505786,,11/9/2017 20:20,25,NO CONTROLS,NO CONTROLS,CLEAR,"DARKNESS, LIGHTED ROAD",SIDESWIPE SAME DIRECTION,ONE-WAY,3,STRAIGHT AND LEVEL,DRY,NO DEFECTS,NOT ON SCENE (DESK REPORT),NO INJURY / DRIVE AWAY,,,,"OVER $1,500",11/9/2017 21:55,UNABLE TO DETERMINE,UNABLE TO DETERMINE,66,W,ONTARIO ST,1832,,,,,,,2,NO INDICATION OF INJURY,0,0,0,0,0,3,0,20,5,11,41.89334608,-87.63065578,POINT (-87.630655777708 41.893346078525),1
JA505729,,11/9/2017 20:30,30,TRAFFIC SIGNAL,FUNCTIONING PROPERLY,CLEAR,DARKNESS,SIDESWIPE SAME DIRECTION,ONE-WAY,3,STRAIGHT AND LEVEL,DRY,NO DEFECTS,NOT ON SCENE (DESK REPORT),NO INJURY / DRIVE AWAY,,,,"OVER $1,500",11/9/2017 20:52,IMPROPER LANE USAGE,NOT APPLICABLE,7601,S,STATE ST,623,,,,,,,2,NO INDICATION OF INJURY,0,0,0,0,0,2,0,20,5,11,41.75640309,-87.62457652,POINT (-87.624576515698 41.756403092616),1
JA505808,,11/9/2017 20:30,30,NO CONTROLS,NO CONTROLS,CLEAR,"DARKNESS, LIGHTED ROAD",PARKED MOTOR VEHICLE,NOT DIVIDED,2,STRAIGHT AND LEVEL,DRY,NO DEFECTS,ON SCENE,NO INJURY / DRIVE AWAY,,,Y,"OVER $1,500",11/9/2017 22:28,UNABLE TO DETERMINE,UNABLE TO DETERMINE,3501,S,ARTESIAN AVE,911,,,,,,,4,NO INDICATION OF INJURY,0,0,0,0,0,1,0,20,5,11,41.83017084,-87.68614952,POINT (-87.686149524427 41.830170841151),1
JA506290,,11/9/2017 20:30,30,NO CONTROLS,NO CONTROLS,CLEAR,"DARKNESS, LIGHTED ROAD",SIDESWIPE SAME DIRECTION,DIVIDED - W/MEDIAN (NOT RAISED),2,STRAIGHT AND LEVEL,DRY,NO DEFECTS,NOT ON SCENE (DESK REPORT),NO INJURY / DRIVE AWAY,,,Y,"OVER $1,500",11/10/2017 10:45,FAILING TO YIELD RIGHT-OF-WAY,UNABLE TO DETERMINE,3137,W,LAWRENCE AVE,1713,,,,,,,2,NO INDICATION OF INJURY,0,0,0,0,0,4,0,20,5,11,41.96835413,-87.70755151,POINT (-87.707551507308 41.968354131382),1
JA505746,,11/9/2017 20:35,30,NO CONTROLS,NO CONTROLS,CLEAR,"DARKNESS, LIGHTED ROAD",REAR END,DIVIDED - W/MEDIAN (NOT RAISED),,STRAIGHT AND LEVEL,DRY,NO DEFECTS,NOT ON SCENE (DESK REPORT),NO INJURY / DRIVE AWAY,,,,"$501 - $1,500",11/9/2017 21:10,FOLLOWING TOO CLOSELY,FAILING TO REDUCE SPEED TO AVOID CRASH,5659,S,CICERO AVE,813,,,,,,,2,NO INDICATION OF INJURY,0,0,0,0,0,2,0,20,5,11,41.78952105,-87.7413601,POINT (-87.741360099656 41.789521045452),1
JA505740,,11/9/2017 20:45,45,NO CONTROLS,NO CONTROLS,CLEAR,"DARKNESS, LIGHTED ROAD",SIDESWIPE SAME DIRECTION,DIVIDED - W/MEDIAN BARRIER,8,STRAIGHT AND LEVEL,DRY,NO DEFECTS,NOT ON SCENE (DESK REPORT),NO INJURY / DRIVE AWAY,,,,"OVER $1,500",11/9/2017 20:50,UNABLE TO DETERMINE,UNABLE TO DETERMINE,1595,N,LAKE SHORE DR,1824,,,,,,,2,NO INDICATION OF INJURY,0,0,0,0,0,2,0,20,5,11,41.91118805,-87.62615081,POINT (-87.626150812083 41.911188052315),1
JA505762,,11/9/2017 20:55,30,TRAFFIC SIGNAL,NO CONTROLS,CLEAR,DARKNESS,SIDESWIPE SAME DIRECTION,NOT DIVIDED,4,STRAIGHT AND LEVEL,DRY,NO DEFECTS,NOT ON SCENE (DESK REPORT),NO INJURY / DRIVE AWAY,,,Y,$500 OR LESS,11/9/2017 21:35,UNABLE TO DETERMINE,NOT APPLICABLE,400,N,WESTERN AVE,1221,,,,,,,2,NO INDICATION OF INJURY,0,0,0,0,0,2,0,20,5,11,41.88868172,-87.68676905,POINT (-87.686769045044 41.888681717199),1
JA505748,,11/9/2017 21:15,30,NO CONTROLS,NO CONTROLS,CLEAR,"DARKNESS, LIGHTED ROAD",PARKED MOTOR VEHICLE,PARKING LOT,2,STRAIGHT AND LEVEL,DRY,NO DEFECTS,NOT ON SCENE (DESK REPORT),NO INJURY / DRIVE AWAY,,,,$500 OR LESS,11/9/2017 21:26,UNABLE TO DETERMINE,NOT APPLICABLE,4546,N,MAGNOLIA AVE,1913,,,,,,,2,NO INDICATION OF INJURY,0,0,0,0,0,3,0,21,5,11,41.9649141,-87.66115774,POINT (-87.661157738749 41.964914098395),1
JA506537,,11/9/2017 21:20,35,NO CONTROLS,NO CONTROLS,CLEAR,DARKNESS,PARKED MOTOR VEHICLE,NOT DIVIDED,2,STRAIGHT AND LEVEL,DRY,NO DEFECTS,NOT ON SCENE (DESK REPORT),NO INJURY / DRIVE AWAY,,,Y,"$501 - $1,500",11/10/2017 13:45,UNABLE TO DETERMINE,NOT APPLICABLE,2432,W,35TH ST,911,,,,,,,2,NO INDICATION OF INJURY,0,0,0,0,0,1,0,21,5,11,41.83036274,-87.68658409,POINT (-87.686584087252 41.830362743606),1
JA509066,,11/9/2017 21:30,30,NO CONTROLS,NO CONTROLS,CLEAR,DARKNESS,REAR END,NOT DIVIDED,,STRAIGHT AND LEVEL,DRY,NO DEFECTS,NOT ON SCENE (DESK REPORT),NO INJURY / DRIVE AWAY,,,,"OVER $1,500",11/12/2017 14:56,UNABLE TO DETERMINE,UNABLE TO DETERMINE,5200,S,WESTERN AVE,923,,,,,,,2,NO INDICATION OF INJURY,0,0,0,0,0,2,0,21,5,11,41.7992406,-87.68432188,POINT (-87.68432188021 41.799240596148),1
JA507171,,11/9/2017 21:45,35,NO CONTROLS,NO CONTROLS,CLEAR,"DARKNESS, LIGHTED ROAD",REAR END,NOT DIVIDED,2,STRAIGHT AND LEVEL,DRY,NO DEFECTS,NOT ON SCENE (DESK REPORT),NO INJURY / DRIVE AWAY,,,,$500 OR LESS,11/10/2017 21:40,FOLLOWING TOO CLOSELY,UNABLE TO DETERMINE,5340,W,52ND ST,814,,,,,,,2,NO INDICATION OF INJURY,0,0,0,0,0,2,0,21,5,11,41.79841179,-87.75675541,POINT (-87.756755413137 41.798411785205),1
JA505795,,11/9/2017 21:45,35,TRAFFIC SIGNAL,FUNCTIONING PROPERLY,CLEAR,"DARKNESS, LIGHTED ROAD",REAR END,DIVIDED - W/MEDIAN (NOT RAISED),4,STRAIGHT AND LEVEL,DRY,NO DEFECTS,NOT ON SCENE (DESK REPORT),NO INJURY / DRIVE AWAY,,,,$500 OR LESS,11/9/2017 21:58,FOLLOWING TOO CLOSELY,UNABLE TO DETERMINE,57,E,115TH ST,532,,Y,,,,,2,NO INDICATION OF INJURY,0,0,0,0,0,3,0,21,5,11,41.68523566,-87.62090752,POINT (-87.620907515973 41.685235663222),1
JA505832,,11/9/2017 22:00,30,NO CONTROLS,NO CONTROLS,CLEAR,DARKNESS,REAR END,DIVIDED - W/MEDIAN (NOT RAISED),,STRAIGHT AND LEVEL,DRY,NO DEFECTS,NOT ON SCENE (DESK REPORT),NO INJURY / DRIVE AWAY,,,,"$501 - $1,500",11/9/2017 23:05,FOLLOWING TOO CLOSELY,UNABLE TO DETERMINE,207,E,35TH ST,212,,,,,,,2,NO INDICATION OF INJURY,0,0,0,0,0,2,0,22,5,11,41.83095279,-87.62144916,POINT (-87.621449163007 41.830952789304),1
JA505813,,11/9/2017 22:03,30,NO CONTROLS,NO CONTROLS,CLEAR,"DARKNESS, LIGHTED ROAD",FIXED OBJECT,PARKING LOT,0,STRAIGHT AND LEVEL,DRY,NO DEFECTS,ON SCENE,NO INJURY / DRIVE AWAY,,Y,,$500 OR LESS,11/9/2017 22:30,IMPROPER BACKING,FAILING TO REDUCE SPEED TO AVOID CRASH,7100,S,ASHLAND AVE,735,,,,,,,2,NO INDICATION OF INJURY,0,0,0,0,0,3,0,22,5,11,41.76485938,-87.66394018,POINT (-87.663940176305 41.764859382425),1
JA505811,,11/9/2017 22:15,35,NO CONTROLS,NO CONTROLS,CLEAR,"DARKNESS, LIGHTED ROAD",TURNING,DIVIDED - W/MEDIAN (NOT RAISED),,STRAIGHT AND LEVEL,DRY,NO DEFECTS,ON SCENE,NO INJURY / DRIVE AWAY,Y,,,"OVER $1,500",11/9/2017 22:16,FAILING TO YIELD RIGHT-OF-WAY,HAD BEEN DRINKING (USE WHEN ARREST IS NOT MADE),832,W,CHICAGO AVE,1213,,,,,,,2,NO INDICATION OF INJURY,0,0,0,0,0,6,0,22,5,11,41.89647851,-87.64915141,POINT (-87.649151407598 41.896478512342),1
JA543412,,11/9/2017 22:30,30,NO CONTROLS,NO CONTROLS,CLEAR,"DARKNESS, LIGHTED ROAD",PEDESTRIAN,NOT DIVIDED,,STRAIGHT AND LEVEL,DRY,NO DEFECTS,NOT ON SCENE (DESK REPORT),INJURY AND / OR TOW DUE TO CRASH,,,,"$501 - $1,500",12/9/2017 21:45,IMPROPER OVERTAKING/PASSING,FAILING TO YIELD RIGHT-OF-WAY,1816,W,IRVING PARK RD,1912,,,,,,,2,NONINCAPACITATING INJURY,1,0,0,1,0,1,0,22,5,11,41.9543163,-87.67490681,POINT (-87.674906814146 41.954316297737),1
JA505820,,11/9/2017 22:39,30,NO CONTROLS,NO CONTROLS,CLEAR,"DARKNESS, LIGHTED ROAD",REAR END,DIVIDED - W/MEDIAN (NOT RAISED),2,STRAIGHT AND LEVEL,DRY,UNKNOWN,ON SCENE,NO INJURY / DRIVE AWAY,,,,"$501 - $1,500",11/9/2017 22:39,FOLLOWING TOO CLOSELY,NOT APPLICABLE,3136,W,ADDISON ST,1733,,,,,,,2,NO INDICATION OF INJURY,0,0,0,0,0,4,0,22,5,11,41.94674786,-87.70689508,POINT (-87.706895080346 41.946747861067),1
JA505823,,11/9/2017 22:44,30,STOP SIGN/FLASHER,FUNCTIONING PROPERLY,CLEAR,"DARKNESS, LIGHTED ROAD",REAR END,ONE-WAY,1,STRAIGHT AND LEVEL,DRY,UNKNOWN,ON SCENE,NO INJURY / DRIVE AWAY,,,,"OVER $1,500",11/9/2017 22:55,FOLLOWING TOO CLOSELY,FAILING TO REDUCE SPEED TO AVOID CRASH,3700,W,THOMAS ST,1112,,,,,,,2,NO INDICATION OF INJURY,0,0,0,0,0,3,0,22,5,11,41.90101889,-87.71899933,POINT (-87.718999325843 41.901018891059),1
JA505846,,11/9/2017 22:50,30,TRAFFIC SIGNAL,FUNCTIONING PROPERLY,CLEAR,"DARKNESS, LIGHTED ROAD",TURNING,DIVIDED - W/MEDIAN (NOT RAISED),,STRAIGHT AND LEVEL,DRY,UNKNOWN,NOT ON SCENE (DESK REPORT),NO INJURY / DRIVE AWAY,Y,,,"OVER $1,500",11/9/2017 23:30,UNABLE TO DETERMINE,UNABLE TO DETERMINE,6300,S,STATE ST,312,,,,,,,2,NO INDICATION OF INJURY,0,0,0,0,0,2,0,22,5,11,41.78000828,-87.62552251,POINT (-87.625522511916 41.780008277408),1
JA510179,,11/9/2017 23:00,30,NO CONTROLS,NO CONTROLS,CLEAR,DARKNESS,OTHER NONCOLLISION,DIVIDED - W/MEDIAN BARRIER,,STRAIGHT AND LEVEL,DRY,"RUT, HOLES",,NO INJURY / DRIVE AWAY,,,,"OVER $1,500",11/13/2017 13:15,ROAD CONSTRUCTION/MAINTENANCE,UNABLE TO DETERMINE,1200,S,CLARK ST,131,,,,,,,1,NO INDICATION OF INJURY,0,0,0,0,0,1,0,23,5,11,41.86728617,-87.63058097,POINT (-87.630580967737 41.867286165271),1
JA505847,,11/9/2017 23:00,30,TRAFFIC SIGNAL,FUNCTIONING PROPERLY,CLEAR,DARKNESS,REAR END,NOT DIVIDED,,STRAIGHT AND LEVEL,DRY,NO DEFECTS,ON SCENE,NO INJURY / DRIVE AWAY,,,Y,"$501 - $1,500",11/9/2017 23:15,PHYSICAL CONDITION OF DRIVER,NOT APPLICABLE,3200,W,ARMITAGE AVE,1413,,,,,,,2,NO INDICATION OF INJURY,0,0,0,0,0,2,0,23,5,11,41.91751102,-87.70705364,POINT (-87.70705363888 41.917511022919),1
JA505837,,11/9/2017 23:00,35,TRAFFIC SIGNAL,FUNCTIONING PROPERLY,CLEAR,"DARKNESS, LIGHTED ROAD",TURNING,NOT DIVIDED,4,STRAIGHT AND LEVEL,DRY,NO DEFECTS,ON SCENE,NO INJURY / DRIVE AWAY,Y,,,"OVER $1,500",11/9/2017 23:00,FAILING TO REDUCE SPEED TO AVOID CRASH,FAILING TO YIELD RIGHT-OF-WAY,12701,S,HALSTED ST,523,N,Y,,,,,2,NO INDICATION OF INJURY,0,0,0,0,0,2,0,23,5,11,41.66318761,-87.64127259,POINT (-87.641272587823 41.663187607815),1
JA505849,,11/9/2017 23:04,35,TRAFFIC SIGNAL,FUNCTIONING PROPERLY,CLEAR,"DARKNESS, LIGHTED ROAD",TURNING,DIVIDED - W/MEDIAN (NOT RAISED),,STRAIGHT AND LEVEL,DRY,NO DEFECTS,ON SCENE,NO INJURY / DRIVE AWAY,Y,,Y,"OVER $1,500",11/9/2017 23:36,DISREGARDING TRAFFIC SIGNALS,HAD BEEN DRINKING (USE WHEN ARREST IS NOT MADE),1600,W,HARRISON ST,1231,,Y,,,,,2,NO INDICATION OF INJURY,0,0,0,0,0,2,0,23,5,11,41.87430963,-87.66664088,POINT (-87.666640882211 41.874309624504),1
JA505857,,11/9/2017 23:25,30,STOP SIGN/FLASHER,FUNCTIONING PROPERLY,CLEAR,"DARKNESS, LIGHTED ROAD",TURNING,NOT DIVIDED,,STRAIGHT ON GRADE,DRY,NO DEFECTS,ON SCENE,INJURY AND / OR TOW DUE TO CRASH,Y,,,"OVER $1,500",11/9/2017 23:40,FAILING TO YIELD RIGHT-OF-WAY,UNABLE TO DETERMINE,650,W,MADISON ST,121,,,,,,,2,NO INDICATION OF INJURY,0,0,0,0,0,2,0,23,5,11,41.88192358,-87.64460205,POINT (-87.644602052403 41.881923579232),1
JA505862,,11/9/2017 23:28,30,OTHER WARNING SIGN,UNKNOWN,CLEAR,"DARKNESS, LIGHTED ROAD",FIXED OBJECT,NOT DIVIDED,2,STRAIGHT AND LEVEL,DRY,NO DEFECTS,ON SCENE,NO INJURY / DRIVE AWAY,,,,"OVER $1,500",11/10/2017 0:02,UNABLE TO DETERMINE,NOT APPLICABLE,2501,W,35TH ST,911,,,,,,,1,NO INDICATION OF INJURY,0,0,0,0,0,1,0,23,5,11,41.83012791,-87.68738517,POINT (-87.687385172437 41.830127908155),1
JA505853,,11/9/2017 23:29,30,NO CONTROLS,UNKNOWN,CLEAR,"DARKNESS, LIGHTED ROAD",FIXED OBJECT,ONE-WAY,1,STRAIGHT AND LEVEL,ICE,NO DEFECTS,ON SCENE,NO INJURY / DRIVE AWAY,,,,"$501 - $1,500",11/9/2017 23:29,WEATHER,NOT APPLICABLE,11200,S,TORRENCE AVE,434,,,,Y,CONSTRUCTION,,1,NO INDICATION OF INJURY,0,0,0,0,0,1,0,23,5,11,41.69184506,-87.55961091,POINT (-87.55961090672 41.691845059245),1
JA505874,,11/9/2017 23:51,30,TRAFFIC SIGNAL,FUNCTIONING PROPERLY,CLEAR,"DARKNESS, LIGHTED ROAD",REAR END,NOT DIVIDED,4,STRAIGHT AND LEVEL,DRY,NO DEFECTS,ON SCENE,NO INJURY / DRIVE AWAY,Y,,Y,"OVER $1,500",11/9/2017 23:54,FOLLOWING TOO CLOSELY,NOT APPLICABLE,3212,W,ADDISON ST,1733,,,,,,,2,NO INDICATION OF INJURY,0,0,0,0,0,5,0,23,5,11,41.94673627,-87.70842598,POINT (-87.708425979206 41.946736269406),1