RD_NO,CRASH_DATE_EST_I,CRASH_DATE,POSTED_SPEED_LIMIT,TRAFFIC_CONTROL_DEVICE,DEVICE_CONDITION,WEATHER_CONDITION,LIGHTING_CONDITION,FIRST_CRASH_TYPE,TRAFFICWAY_TYPE,LANE_CNT,ALIGNMENT,ROADWAY_SURFACE_COND,ROAD_DEFECT,REPORT_TYPE,CRASH_TYPE,INTERSECTION_RELATED_I,NOT_RIGHT_OF_WAY_I,HIT_AND_RUN_I,DAMAGE,DATE_POLICE_NOTIFIED,PRIM_CONTRIBUTORY_CAUSE,SEC_CONTRIBUTORY_CAUSE,STREET_NO,STREET_DIRECTION,STREET_NAME,BEAT_OF_OCCURRENCE,PHOTOS_TAKEN_I,STATEMENTS_TAKEN_I,DOORING_I,WORK_ZONE_I,WORK_ZONE_TYPE,WORKERS_PRESENT_I,NUM_UNITS,MOST_SEVERE_INJURY,INJURIES_TOTAL,INJURIES_FATAL,INJURIES_INCAPACITATING,INJURIES_NON_INCAPACITATING,INJURIES_REPORTED_NOT_EVIDENT,INJURIES_NO_INDICATION,INJURIES_UNKNOWN,CRASH_HOUR,CRASH_DAY_OF_WEEK,CRASH_MONTH,LATITUDE,LONGITUDE,LOCATION,Join
JA506792,,11/10/2017 0:10,30,TRAFFIC SIGNAL,FUNCTIONING PROPERLY,CLEAR,DARKNESS,REAR END,DIVIDED - W/MEDIAN (NOT RAISED),,STRAIGHT AND LEVEL,DRY,NO DEFECTS,NOT ON SCENE (DESK REPORT),NO INJURY / DRIVE AWAY,,,Y,"OVER $1,500",11/10/2017 16:20,UNABLE TO DETERMINE,UNABLE TO DETERMINE,9500,S,LAFAYETTE AVE,511,,,,,,,2,NO INDICATION OF INJURY,0,0,0,0,0,2,0,0,6,11,41.72156629,-87.62516952,POINT (-87.625169517699 41.721566292573),1
JA506768,,11/10/2017 0:15,35,NO CONTROLS,NO CONTROLS,UNKNOWN,DARKNESS,PARKED MOTOR VEHICLE,PARKING LOT,,STRAIGHT AND LEVEL,UNKNOWN,UNKNOWN,NOT ON SCENE (DESK REPORT),NO INJURY / DRIVE AWAY,,,Y,$500 OR LESS,11/10/2017 16:37,UNABLE TO DETERMINE,NOT APPLICABLE,3424,S,STATE ST,211,,,,,,,2,NO INDICATION OF INJURY,0,0,0,0,0,1,0,0,6,11,41.83206621,-87.62681829,POINT (-87.626818285005 41.832066204897),1
JA507250,,11/10/2017 0:30,30,NO CONTROLS,NO CONTROLS,CLEAR,"DARKNESS, LIGHTED ROAD",PARKED MOTOR VEHICLE,DIVIDED - W/MEDIAN (NOT RAISED),,STRAIGHT AND LEVEL,DRY,NO DEFECTS,NOT ON SCENE (DESK REPORT),NO INJURY / DRIVE AWAY,,,,$500 OR LESS,11/10/2017 23:00,IMPROPER BACKING,NOT APPLICABLE,716,S,CARPENTER ST,1232,,,,,,,2,NO INDICATION OF INJURY,0,0,0,0,0,1,0,0,6,11,41.87260713,-87.65342546,POINT (-87.653425461094 41.872607126794),1
JA505895,,11/10/2017 0:54,35,TRAFFIC SIGNAL,FUNCTIONING PROPERLY,CLEAR,"DARKNESS, LIGHTED ROAD",SIDESWIPE SAME DIRECTION,NOT DIVIDED,,STRAIGHT AND LEVEL,DRY,NO DEFECTS,ON SCENE,INJURY AND / OR TOW DUE TO CRASH,Y,,,"OVER $1,500",11/10/2017 0:59,PHYSICAL CONDITION OF DRIVER,FOLLOWING TOO CLOSELY,5701,N,SHERIDAN RD,2022,,,,,,,2,NO INDICATION OF INJURY,0,0,0,0,0,2,0,0,6,11,41.98563842,-87.65509432,POINT (-87.655094323271 41.985638421049),1
JA505912,,11/10/2017 1:05,30,NO CONTROLS,NO CONTROLS,CLEAR,"DARKNESS, LIGHTED ROAD",ANGLE,DIVIDED - W/MEDIAN BARRIER,2,STRAIGHT AND LEVEL,DRY,NO DEFECTS,NOT ON SCENE (DESK REPORT),NO INJURY / DRIVE AWAY,Y,,,"$501 - $1,500",11/10/2017 1:55,UNABLE TO DETERMINE,NOT APPLICABLE,802,W,RANDOLPH ST,1224,,,,,,,2,NO INDICATION OF INJURY,0,0,0,0,0,2,0,1,6,11,41.88451431,-87.64758485,POINT (-87.647584852536 41.884514309758),1
JA505896,,11/10/2017 1:10,25,TRAFFIC SIGNAL,FUNCTIONING PROPERLY,CLEAR,"DARKNESS, LIGHTED ROAD",PARKED MOTOR VEHICLE,NOT DIVIDED,,STRAIGHT AND LEVEL,DRY,NO DEFECTS,ON SCENE,INJURY AND / OR TOW DUE TO CRASH,Y,,,$500 OR LESS,11/10/2017 1:10,PHYSICAL CONDITION OF DRIVER,BICYCLE ADVANCING LEGALLY ON RED LIGHT,501,S,STATE ST,123,,,,,,,2,"REPORTED, NOT EVIDENT",1,0,0,0,1,0,0,1,6,11,41.87558342,-87.62747177,POINT (-87.627471769599 41.875583414979),1
JA505905,,11/10/2017 1:21,30,NO CONTROLS,NO CONTROLS,CLEAR,"DARKNESS, LIGHTED ROAD",PARKED MOTOR VEHICLE,NOT DIVIDED,,STRAIGHT AND LEVEL,DRY,NO DEFECTS,ON SCENE,NO INJURY / DRIVE AWAY,,,Y,"OVER $1,500",11/10/2017 1:21,UNABLE TO DETERMINE,UNABLE TO DETERMINE,2015,W,CONCORD PL,1434,,,,,,,3,NO INDICATION OF INJURY,0,0,0,0,0,1,0,1,6,11,41.91145329,-87.67795933,POINT (-87.677959324833 41.911453286792),1
JA505952,,11/10/2017 1:33,30,NO CONTROLS,NO CONTROLS,CLEAR,"DARKNESS, LIGHTED ROAD",SIDESWIPE SAME DIRECTION,DIVIDED - W/MEDIAN (NOT RAISED),,STRAIGHT AND LEVEL,DRY,NO DEFECTS,NOT ON SCENE (DESK REPORT),NO INJURY / DRIVE AWAY,,,,"OVER $1,500",11/10/2017 3:33,IMPROPER OVERTAKING/PASSING,UNABLE TO DETERMINE,1210,W,WEBSTER AVE,1811,,,,,,,2,NO INDICATION OF INJURY,0,0,0,0,0,2,0,1,6,11,41.92176596,-87.65881989,POINT (-87.658819893323 41.92176596275),1
JA506376,,11/10/2017 2:00,30,NO CONTROLS,NO CONTROLS,CLEAR,"DARKNESS, LIGHTED ROAD",FIXED OBJECT,DIVIDED - W/MEDIAN BARRIER,,STRAIGHT AND LEVEL,DRY,NO DEFECTS,NOT ON SCENE (DESK REPORT),INJURY AND / OR TOW DUE TO CRASH,,,,"OVER $1,500",11/10/2017 11:45,UNABLE TO DETERMINE,NOT APPLICABLE,200,W,LOWER WACKER DR,122,,,,,,,1,NO INDICATION OF INJURY,0,0,0,0,0,1,0,2,6,11,41.88706878,-87.63400796,POINT (-87.634007958314 41.88706877922),1
JA505929,,11/10/2017 2:15,30,TRAFFIC SIGNAL,FUNCTIONING PROPERLY,CLEAR,"DARKNESS, LIGHTED ROAD",ANGLE,ONE-WAY,0,STRAIGHT AND LEVEL,DRY,NO DEFECTS,ON SCENE,INJURY AND / OR TOW DUE TO CRASH,Y,,,"OVER $1,500",11/10/2017 2:15,UNDER THE INFLUENCE OF ALCOHOL/DRUGS (USE WHEN ARREST IS EFFECTED),DISREGARDING TRAFFIC SIGNALS,600,N,DEARBORN ST,1832,,,,,,,2,NO INDICATION OF INJURY,0,0,0,0,0,2,0,2,6,11,41.89248545,-87.62982444,POINT (-87.62982443971 41.892485453597),1
JA505928,,11/10/2017 2:20,30,NO CONTROLS,NO CONTROLS,CLEAR,"DARKNESS, LIGHTED ROAD",TURNING,NOT DIVIDED,2,STRAIGHT AND LEVEL,DRY,NO DEFECTS,ON SCENE,INJURY AND / OR TOW DUE TO CRASH,,,Y,"OVER $1,500",11/10/2017 2:21,IMPROPER TURNING/NO SIGNAL,NOT APPLICABLE,2036,W,NORTH AVE,1434,,,,,,,2,"REPORTED, NOT EVIDENT",2,0,0,0,2,1,0,2,6,11,41.91056991,-87.67883065,POINT (-87.678830654441 41.91056991284),1
JA505947,,11/10/2017 3:00,10,NO CONTROLS,NO CONTROLS,CLEAR,"DARKNESS, LIGHTED ROAD",FIXED OBJECT,PARKING LOT,,STRAIGHT AND LEVEL,DRY,NO DEFECTS,ON SCENE,INJURY AND / OR TOW DUE TO CRASH,,,,"OVER $1,500",11/10/2017 3:04,EQUIPMENT - VEHICLE CONDITION,NOT APPLICABLE,8628,S,COTTAGE GROVE AVE,632,,,,,,,1,NO INDICATION OF INJURY,0,0,0,0,0,1,0,3,6,11,41.7375814,-87.60499623,POINT (-87.604996230941 41.737581395989),1
JA505943,,11/10/2017 3:15,30,NO CONTROLS,NO CONTROLS,CLEAR,"DARKNESS, LIGHTED ROAD",SIDESWIPE SAME DIRECTION,ONE-WAY,1,STRAIGHT AND LEVEL,DRY,NO DEFECTS,ON SCENE,NO INJURY / DRIVE AWAY,,,Y,"$501 - $1,500",11/10/2017 3:16,UNABLE TO DETERMINE,NOT APPLICABLE,5353,W,CRYSTAL ST,2532,,,,,,,2,NO INDICATION OF INJURY,0,0,0,0,0,3,0,3,6,11,41.90299583,-87.76033762,POINT (-87.760337616781 41.902995834043),1
JA506740,,11/10/2017 3:50,15,NO CONTROLS,NO CONTROLS,CLEAR,"DARKNESS, LIGHTED ROAD",FIXED OBJECT,ALLEY,,STRAIGHT AND LEVEL,DRY,OTHER,NOT ON SCENE (DESK REPORT),NO INJURY / DRIVE AWAY,,,,"OVER $1,500",11/10/2017 16:00,ROAD ENGINEERING/SURFACE/MARKING DEFECTS,NOT APPLICABLE,2210,N,CENTRAL AVE,2515,,,,,,,1,NO INDICATION OF INJURY,0,0,0,0,0,1,0,3,6,11,41.92076936,-87.76601585,POINT (-87.766015853431 41.92076935813),1
JA505954,,11/10/2017 4:00,30,TRAFFIC SIGNAL,FUNCTIONING PROPERLY,CLEAR,"DARKNESS, LIGHTED ROAD",SIDESWIPE SAME DIRECTION,DIVIDED - W/MEDIAN (NOT RAISED),,STRAIGHT AND LEVEL,DRY,NO DEFECTS,ON SCENE,INJURY AND / OR TOW DUE TO CRASH,Y,,,"$501 - $1,500",11/10/2017 4:04,DRIVING SKILLS/KNOWLEDGE/EXPERIENCE,UNABLE TO DETERMINE,3200,W,NORTH AVE,1421,,,,,,,3,NO INDICATION OF INJURY,0,0,0,0,0,4,0,4,6,11,41.9102243,-87.70703651,POINT (-87.707036505555 41.910224298601),1
JA506214,Y,11/10/2017 4:00,25,NO CONTROLS,NO CONTROLS,SNOW,DAWN,PARKED MOTOR VEHICLE,ONE-WAY,1,STRAIGHT AND LEVEL,SNOW OR SLUSH,NO DEFECTS,ON SCENE,NO INJURY / DRIVE AWAY,,,Y,"$501 - $1,500",11/10/2017 10:10,UNABLE TO DETERMINE,UNABLE TO DETERMINE,4150,W,POTOMAC AVE,2534,,,,,,,2,NO INDICATION OF INJURY,0,0,0,0,0,1,0,4,6,11,41.90451453,-87.73084875,POINT (-87.730848745335 41.904514531002),1
JA505963,,11/10/2017 4:30,30,NO CONTROLS,NO CONTROLS,CLEAR,"DARKNESS, LIGHTED ROAD",PARKED MOTOR VEHICLE,ONE-WAY,1,STRAIGHT AND LEVEL,DRY,NO DEFECTS,ON SCENE,NO INJURY / DRIVE AWAY,,,Y,"OVER $1,500",11/10/2017 4:44,UNABLE TO DETERMINE,UNABLE TO DETERMINE,7927,S,CHAMPLAIN AVE,624,,,,,,,2,NO INDICATION OF INJURY,0,0,0,0,0,1,0,4,6,11,41.75039483,-87.60869848,POINT (-87.608698482874 41.750394829347),1
JA506105,,11/10/2017 5:00,30,NO CONTROLS,NO CONTROLS,SNOW,DAWN,PARKED MOTOR VEHICLE,ONE-WAY,,STRAIGHT AND LEVEL,WET,NO DEFECTS,NOT ON SCENE (DESK REPORT),NO INJURY / DRIVE AWAY,,,Y,"$501 - $1,500",11/10/2017 9:00,UNABLE TO DETERMINE,UNABLE TO DETERMINE,1210,W,COLUMBIA AVE,2432,,,,,,,2,NO INDICATION OF INJURY,0,0,0,0,0,1,0,5,6,11,42.00463383,-87.66136584,POINT (-87.661365839122 42.004633826181),1
JA505988,,11/10/2017 5:05,30,TRAFFIC SIGNAL,FUNCTIONING PROPERLY,CLEAR,DAYLIGHT,PEDESTRIAN,OTHER,2,STRAIGHT AND LEVEL,DRY,NO DEFECTS,NOT ON SCENE (DESK REPORT),INJURY AND / OR TOW DUE TO CRASH,N,,,"OVER $1,500",11/10/2017 7:00,FAILING TO YIELD RIGHT-OF-WAY,UNABLE TO DETERMINE,36,W,POLK ST,123,,,,,,,2,NONINCAPACITATING INJURY,1,0,0,1,0,1,0,5,6,11,41.87239487,-87.62888354,POINT (-87.628883542763 41.872394873967),1
JA505964,,11/10/2017 5:16,35,TRAFFIC SIGNAL,FUNCTIONING PROPERLY,SNOW,"DARKNESS, LIGHTED ROAD",TURNING,CENTER TURN LANE,4,STRAIGHT AND LEVEL,SNOW OR SLUSH,NO DEFECTS,ON SCENE,INJURY AND / OR TOW DUE TO CRASH,Y,,,"OVER $1,500",11/10/2017 5:17,DISREGARDING TRAFFIC SIGNALS,NOT APPLICABLE,6166,N,SHERIDAN RD,2433,,,,,,,2,NONINCAPACITATING INJURY,2,0,0,2,0,0,0,5,6,11,41.99421884,-87.65566151,POINT (-87.655661512784 41.994218839282),1
JA505993,,11/10/2017 5:25,30,STOP SIGN/FLASHER,FUNCTIONING PROPERLY,CLEAR,"DARKNESS, LIGHTED ROAD",REAR END,NOT DIVIDED,2,STRAIGHT AND LEVEL,DRY,NO DEFECTS,NOT ON SCENE (DESK REPORT),NO INJURY / DRIVE AWAY,,,Y,"OVER $1,500",11/10/2017 7:05,FAILING TO YIELD RIGHT-OF-WAY,NOT APPLICABLE,2330,W,33RD ST,912,,,,,,,2,NO INDICATION OF INJURY,0,0,0,0,0,2,0,5,6,11,41.83405467,-87.68385002,POINT (-87.68385001565 41.834054665103),1
JA505972,,11/10/2017 5:40,30,STOP SIGN/FLASHER,FUNCTIONING PROPERLY,CLEAR,"DARKNESS, LIGHTED ROAD",ANGLE,NOT DIVIDED,2,STRAIGHT AND LEVEL,DRY,NO DEFECTS,ON SCENE,NO INJURY / DRIVE AWAY,Y,,Y,$500 OR LESS,11/10/2017 5:45,FAILING TO YIELD RIGHT-OF-WAY,EXCEEDING AUTHORIZED SPEED LIMIT,4500,N,MAJOR AVE,1622,,,,,,,2,NO INDICATION OF INJURY,0,0,0,0,0,2,0,5,6,11,41.96236442,-87.76989768,POINT (-87.769897682025 41.962364423519),1
JA505979,,11/10/2017 6:00,30,NO CONTROLS,NO CONTROLS,UNKNOWN,UNKNOWN,PARKED MOTOR VEHICLE,ONE-WAY,1,STRAIGHT AND LEVEL,UNKNOWN,NO DEFECTS,ON SCENE,INJURY AND / OR TOW DUE TO CRASH,,,Y,"OVER $1,500",11/10/2017 6:20,UNABLE TO DETERMINE,UNABLE TO DETERMINE,3705,W,85TH PL,834,,,,,,,2,NO INDICATION OF INJURY,0,0,0,0,0,1,0,6,6,11,41.7376093,-87.71449879,POINT (-87.714498793821 41.737609298298),1
JA514466,,11/10/2017 6:00,30,STOP SIGN/FLASHER,FUNCTIONING PROPERLY,SNOW,DAYLIGHT,TURNING,DIVIDED - W/MEDIAN (NOT RAISED),2,STRAIGHT AND LEVEL,WET,NO DEFECTS,NOT ON SCENE (DESK REPORT),NO INJURY / DRIVE AWAY,,,,$500 OR LESS,11/16/2017 18:15,UNABLE TO DETERMINE,NOT APPLICABLE,4532,W,JACKSON BLVD,1113,,,,,,,2,NO INDICATION OF INJURY,0,0,0,0,0,2,0,6,6,11,41.87702912,-87.73912343,POINT (-87.73912343409 41.877029117746),1
JA506202,,11/10/2017 6:16,30,NO CONTROLS,NO CONTROLS,CLEAR,DAYLIGHT,PARKED MOTOR VEHICLE,PARKING LOT,,STRAIGHT AND LEVEL,DRY,NO DEFECTS,NOT ON SCENE (DESK REPORT),NO INJURY / DRIVE AWAY,,Y,,"$501 - $1,500",11/10/2017 10:20,IMPROPER BACKING,UNABLE TO DETERMINE,1501,S,CALIFORNIA BLVD,1023,,,,,,,2,NO INDICATION OF INJURY,0,0,0,0,0,1,0,6,6,11,41.86112443,-87.69560234,POINT (-87.695602337173 41.861124432598),1
JA505983,,11/10/2017 6:20,30,NO CONTROLS,NO CONTROLS,CLEAR,"DARKNESS, LIGHTED ROAD",TURNING,DIVIDED - W/MEDIAN (NOT RAISED),5,STRAIGHT AND LEVEL,DRY,NO DEFECTS,ON SCENE,INJURY AND / OR TOW DUE TO CRASH,Y,,,"OVER $1,500",11/10/2017 6:28,FAILING TO YIELD RIGHT-OF-WAY,UNABLE TO DETERMINE,7126,W,ARCHER AVE,811,,,,,,,2,"REPORTED, NOT EVIDENT",1,0,0,0,1,2,0,6,6,11,41.79206721,-87.80019889,POINT (-87.800198887183 41.792067214057),1
JA505981,,11/10/2017 6:20,30,NO CONTROLS,NO CONTROLS,CLEAR,DAWN,REAR END,DIVIDED - W/MEDIAN (NOT RAISED),2,STRAIGHT AND LEVEL,DRY,NO DEFECTS,ON SCENE,INJURY AND / OR TOW DUE TO CRASH,Y,,,"OVER $1,500",11/10/2017 6:23,FAILING TO REDUCE SPEED TO AVOID CRASH,UNABLE TO DETERMINE,7842,W,BELMONT AVE,1631,,,,,,,3,NO INDICATION OF INJURY,0,0,0,0,0,6,0,6,6,11,41.93791682,-87.82311503,POINT (-87.82311503055 41.937916817261),1
JA505977,,11/10/2017 6:30,30,NO CONTROLS,NO CONTROLS,CLEAR,DAYLIGHT,SIDESWIPE SAME DIRECTION,DIVIDED - W/MEDIAN (NOT RAISED),4,STRAIGHT AND LEVEL,DRY,NO DEFECTS,ON SCENE,NO INJURY / DRIVE AWAY,,,,"OVER $1,500",11/10/2017 6:35,NOT APPLICABLE,NOT APPLICABLE,6114,S,WESTERN AVE,825,,,,,,,2,NO INDICATION OF INJURY,0,0,0,0,0,2,0,6,6,11,41.78241277,-87.68387449,POINT (-87.683874491201 41.782412765421),1
JA505989,,11/10/2017 6:30,35,TRAFFIC SIGNAL,FUNCTIONING PROPERLY,CLEAR,"DARKNESS, LIGHTED ROAD",TURNING,OTHER,3,STRAIGHT AND LEVEL,DRY,NO DEFECTS,,NO INJURY / DRIVE AWAY,Y,,,"OVER $1,500",11/10/2017 7:00,FAILING TO REDUCE SPEED TO AVOID CRASH,IMPROPER LANE USAGE,835,N,RACINE AVE,1213,,,,,,,2,NO INDICATION OF INJURY,0,0,0,0,0,3,0,6,6,11,41.89739632,-87.65740139,POINT (-87.657401384613 41.897396317343),1
JA505985,,11/10/2017 6:35,30,STOP SIGN/FLASHER,FUNCTIONING PROPERLY,CLOUDY/OVERCAST,DAYLIGHT,ANGLE,CENTER TURN LANE,4,STRAIGHT AND LEVEL,DRY,NO DEFECTS,ON SCENE,INJURY AND / OR TOW DUE TO CRASH,Y,,,"OVER $1,500",11/10/2017 6:39,FAILING TO YIELD RIGHT-OF-WAY,NOT APPLICABLE,5700,W,IRVING PARK RD,1624,,,,,,,2,NO INDICATION OF INJURY,0,0,0,0,0,2,0,6,6,11,41.95325817,-87.76951203,POINT (-87.769512027417 41.95325816953),1
JA505992,,11/10/2017 6:41,20,NO CONTROLS,NO CONTROLS,CLEAR,DAYLIGHT,PARKED MOTOR VEHICLE,OTHER,1,STRAIGHT AND LEVEL,DRY,NO DEFECTS,ON SCENE,NO INJURY / DRIVE AWAY,,,,"OVER $1,500",11/10/2017 6:48,UNABLE TO DETERMINE,UNABLE TO DETERMINE,4059,N,LAVERGNE AVE,1624,,,,,,,2,NO INDICATION OF INJURY,0,0,0,0,0,1,0,6,6,11,41.95509601,-87.75215231,POINT (-87.752152305373 41.955096006099),1
JA510711,,11/10/2017 6:42,0,STOP SIGN/FLASHER,FUNCTIONING PROPERLY,CLEAR,DAYLIGHT,ANGLE,DIVIDED - W/MEDIAN (NOT RAISED),,STRAIGHT AND LEVEL,DRY,NO DEFECTS,NOT ON SCENE (DESK REPORT),NO INJURY / DRIVE AWAY,,,,"OVER $1,500",11/13/2017 17:50,FAILING TO YIELD RIGHT-OF-WAY,NOT APPLICABLE,5356,S,HYDE PARK BLVD,234,,,,,,,2,NO INDICATION OF INJURY,0,0,0,0,0,2,0,6,6,11,41.79821668,-87.58416835,POINT (-87.584168349773 41.798216680103),1
JA505994,,11/10/2017 6:45,30,TRAFFIC SIGNAL,FUNCTIONING PROPERLY,CLEAR,DAYLIGHT,ANGLE,NOT DIVIDED,2,STRAIGHT AND LEVEL,DRY,NO DEFECTS,ON SCENE,INJURY AND / OR TOW DUE TO CRASH,Y,,,"OVER $1,500",11/10/2017 6:48,DISREGARDING TRAFFIC SIGNALS,UNABLE TO DETERMINE,1801,N,AUSTIN AVE,2531,,,,,,,2,NO INDICATION OF INJURY,0,0,0,0,0,2,0,6,6,11,41.91297342,-87.77519921,POINT (-87.775199212468 41.912973419791),1
JA506004,,11/10/2017 6:58,30,NO CONTROLS,NO CONTROLS,CLEAR,DAYLIGHT,ANGLE,NOT DIVIDED,4,STRAIGHT AND LEVEL,DRY,NO DEFECTS,ON SCENE,NO INJURY / DRIVE AWAY,,,Y,"OVER $1,500",11/10/2017 7:15,UNABLE TO DETERMINE,UNABLE TO DETERMINE,7902,S,ASHLAND AVE,611,,,,,,,2,NO INDICATION OF INJURY,0,0,0,0,0,2,0,6,6,11,41.75020547,-87.66357779,POINT (-87.663577786148 41.750205470353),1
JA506208,,11/10/2017 7:00,20,STOP SIGN/FLASHER,FUNCTIONING PROPERLY,SNOW,DAYLIGHT,ANGLE,OTHER,1,STRAIGHT AND LEVEL,WET,NO DEFECTS,NOT ON SCENE (DESK REPORT),NO INJURY / DRIVE AWAY,,,Y,"OVER $1,500",11/10/2017 10:05,UNABLE TO DETERMINE,NOT APPLICABLE,1700,E,54TH ST,234,,,,,,,2,NO INDICATION OF INJURY,0,0,0,0,0,3,0,7,6,11,41.79825536,-87.58395743,POINT (-87.583957430153 41.798255361781),1
JA506037,,11/10/2017 7:15,30,NO CONTROLS,NO CONTROLS,CLEAR,DAYLIGHT,TURNING,NOT DIVIDED,4,STRAIGHT AND LEVEL,DRY,NO DEFECTS,,NO INJURY / DRIVE AWAY,Y,,,"$501 - $1,500",11/10/2017 8:15,IMPROPER TURNING/NO SIGNAL,NOT APPLICABLE,6200,N,HARLEM AVE,1612,,,,,,,2,NO INDICATION OF INJURY,0,0,0,0,0,3,0,7,6,11,41.99358308,-87.80698377,POINT (-87.806983767169 41.993583080763),1
JA506710,,11/10/2017 7:30,25,NO CONTROLS,NO CONTROLS,CLEAR,DAYLIGHT,SIDESWIPE OPPOSITE DIRECTION,PARKING LOT,1,STRAIGHT AND LEVEL,DRY,NO DEFECTS,NOT ON SCENE (DESK REPORT),NO INJURY / DRIVE AWAY,,,Y,"$501 - $1,500",11/10/2017 15:52,UNABLE TO DETERMINE,UNABLE TO DETERMINE,6315,W,55TH ST,811,,,,,,,2,NO INDICATION OF INJURY,0,0,0,0,0,2,0,7,6,11,41.79222952,-87.78012022,POINT (-87.780120221008 41.792229523279),1
JA506018,,11/10/2017 7:30,30,TRAFFIC SIGNAL,FUNCTIONING PROPERLY,SNOW,DAYLIGHT,SIDESWIPE SAME DIRECTION,DIVIDED - W/MEDIAN BARRIER,4,STRAIGHT AND LEVEL,WET,NO DEFECTS,ON SCENE,NO INJURY / DRIVE AWAY,Y,,,"OVER $1,500",11/10/2017 7:31,IMPROPER LANE USAGE,FAILING TO YIELD RIGHT-OF-WAY,2400,W,PERSHING RD,911,,,,,,,2,NO INDICATION OF INJURY,0,0,0,0,0,2,0,7,6,11,41.82309676,-87.68501895,POINT (-87.685018950616 41.823096760166),1
JA506050,,11/10/2017 7:30,30,NO CONTROLS,NO CONTROLS,SNOW,DAYLIGHT,OTHER OBJECT,NOT DIVIDED,,STRAIGHT ON GRADE,SNOW OR SLUSH,NO DEFECTS,ON SCENE,NO INJURY / DRIVE AWAY,,Y,,"OVER $1,500",11/10/2017 8:00,EQUIPMENT - VEHICLE CONDITION,NOT APPLICABLE,1040,W,RANDOLPH ST,1224,,,,,,,2,NO INDICATION OF INJURY,0,0,0,0,0,1,0,7,6,11,41.88440773,-87.65368149,POINT (-87.65368149002 41.884407731619),1
JA506058,,11/10/2017 7:32,30,NO CONTROLS,NO CONTROLS,SNOW,DAYLIGHT,FIXED OBJECT,NOT DIVIDED,2,STRAIGHT AND LEVEL,SNOW OR SLUSH,NO DEFECTS,ON SCENE,INJURY AND / OR TOW DUE TO CRASH,,,Y,"$501 - $1,500",11/10/2017 8:45,WEATHER,WEATHER,5901,S,CORNELL DR,331,,,,,,,1,NO INDICATION OF INJURY,0,0,0,0,0,1,0,7,6,11,41.78805928,-87.58507984,POINT (-87.585079838119 41.78805928018),1
JA506285,,11/10/2017 7:36,30,NO CONTROLS,NO CONTROLS,CLOUDY/OVERCAST,DAYLIGHT,PARKED MOTOR VEHICLE,ONE-WAY,,STRAIGHT AND LEVEL,DRY,NO DEFECTS,NOT ON SCENE (DESK REPORT),NO INJURY / DRIVE AWAY,,,,"$501 - $1,500",11/10/2017 11:00,NOT APPLICABLE,NOT APPLICABLE,8739,S,BEVERLY AVE,2221,,,,,,,2,NO INDICATION OF INJURY,0,0,0,0,0,4,0,7,6,11,41.7346862,-87.67173825,POINT (-87.6717382535 41.73468619971),1
JA506847,,11/10/2017 7:40,30,TRAFFIC SIGNAL,FUNCTIONING PROPERLY,SNOW,DAYLIGHT,REAR END,UNKNOWN,,STRAIGHT AND LEVEL,WET,NO DEFECTS,NOT ON SCENE (DESK REPORT),NO INJURY / DRIVE AWAY,,,Y,"OVER $1,500",11/10/2017 17:00,FOLLOWING TOO CLOSELY,WEATHER,11158,S,AVENUE O,433,,,,,,,2,NO INDICATION OF INJURY,0,0,0,0,0,4,0,7,6,11,41.69195219,-87.54025367,POINT (-87.540253664652 41.691952190526),1
JA510228,,11/10/2017 7:40,30,STOP SIGN/FLASHER,FUNCTIONING PROPERLY,CLEAR,DAYLIGHT,ANGLE,DIVIDED - W/MEDIAN (NOT RAISED),4,STRAIGHT AND LEVEL,DRY,NO DEFECTS,NOT ON SCENE (DESK REPORT),NO INJURY / DRIVE AWAY,,,Y,"OVER $1,500",11/13/2017 12:42,UNABLE TO DETERMINE,UNABLE TO DETERMINE,1600,W,HUBBARD ST,1215,,,,,,,2,NO INDICATION OF INJURY,0,0,0,0,0,2,0,7,6,11,41.889996,-87.66716037,POINT (-87.667160366454 41.889996001809),1
JA506045,,11/10/2017 7:45,30,RAILROAD CROSSING GATE,FUNCTIONING PROPERLY,CLEAR,DAYLIGHT,REAR END,DIVIDED - W/MEDIAN (NOT RAISED),,STRAIGHT AND LEVEL,DRY,NO DEFECTS,NOT ON SCENE (DESK REPORT),NO INJURY / DRIVE AWAY,,,,"OVER $1,500",11/10/2017 8:32,FOLLOWING TOO CLOSELY,FAILING TO YIELD RIGHT-OF-WAY,5700,N,NAGLE AVE,1612,,,,,,,2,NO INDICATION OF INJURY,0,0,0,0,0,3,0,7,6,11,41.98499182,-87.7878489,POINT (-87.787848894502 41.984991823544),1
JA506138,,11/10/2017 7:45,30,TRAFFIC SIGNAL,FUNCTIONING PROPERLY,SNOW,DAYLIGHT,REAR END,DIVIDED - W/MEDIAN (NOT RAISED),2,STRAIGHT AND LEVEL,SNOW OR SLUSH,NO DEFECTS,ON SCENE,NO INJURY / DRIVE AWAY,,,,"OVER $1,500",11/10/2017 9:45,WEATHER,NOT APPLICABLE,6650,S,JEFFERY DR,331,,,,,,,2,NO INDICATION OF INJURY,0,0,0,0,0,2,0,7,6,11,41.77424902,-87.57632416,POINT (-87.576324154885 41.77424901878),1