RD_NO,CRASH_DATE_EST_I,CRASH_DATE,POSTED_SPEED_LIMIT,TRAFFIC_CONTROL_DEVICE,DEVICE_CONDITION,WEATHER_CONDITION,LIGHTING_CONDITION,FIRST_CRASH_TYPE,TRAFFICWAY_TYPE,LANE_CNT,ALIGNMENT,ROADWAY_SURFACE_COND,ROAD_DEFECT,REPORT_TYPE,CRASH_TYPE,INTERSECTION_RELATED_I,NOT_RIGHT_OF_WAY_I,HIT_AND_RUN_I,DAMAGE,DATE_POLICE_NOTIFIED,PRIM_CONTRIBUTORY_CAUSE,SEC_CONTRIBUTORY_CAUSE,STREET_NO,STREET_DIRECTION,STREET_NAME,BEAT_OF_OCCURRENCE,PHOTOS_TAKEN_I,STATEMENTS_TAKEN_I,DOORING_I,WORK_ZONE_I,WORK_ZONE_TYPE,WORKERS_PRESENT_I,NUM_UNITS,MOST_SEVERE_INJURY,INJURIES_TOTAL,INJURIES_FATAL,INJURIES_INCAPACITATING,INJURIES_NON_INCAPACITATING,INJURIES_REPORTED_NOT_EVIDENT,INJURIES_NO_INDICATION,INJURIES_UNKNOWN,CRASH_HOUR,CRASH_DAY_OF_WEEK,CRASH_MONTH,LATITUDE,LONGITUDE,LOCATION,Join
JA506101,,11/10/2017 7:50,30,TRAFFIC SIGNAL,FUNCTIONING PROPERLY,SNOW,DAYLIGHT,TURNING,NOT DIVIDED,,STRAIGHT AND LEVEL,WET,NO DEFECTS,ON SCENE,NO INJURY / DRIVE AWAY,Y,,,"$501 - $1,500",11/10/2017 9:00,FAILING TO YIELD RIGHT-OF-WAY,NOT APPLICABLE,301,E,LOWER WACKER DR,114,,,,,,,2,NO INDICATION OF INJURY,0,0,0,0,0,2,0,7,6,11,41.88767222,-87.62057394,POINT (-87.620573939863 41.887672220686),1
JA506040,,11/10/2017 7:50,30,NO CONTROLS,NO CONTROLS,CLEAR,DAYLIGHT,REAR END,DIVIDED - W/MEDIAN (NOT RAISED),,STRAIGHT AND LEVEL,WET,SHOULDER DEFECT,ON SCENE,INJURY AND / OR TOW DUE TO CRASH,,,,"OVER $1,500",11/10/2017 7:54,FOLLOWING TOO CLOSELY,NOT APPLICABLE,6219,W,63RD ST,812,,Y,,,,,3,"REPORTED, NOT EVIDENT",1,0,0,0,1,2,0,7,6,11,41.777644,-87.77714444,POINT (-87.777144438194 41.77764400389),1
JA506035,,11/10/2017 7:53,30,NO CONTROLS,NO CONTROLS,CLEAR,DAYLIGHT,ANGLE,NOT DIVIDED,2,STRAIGHT AND LEVEL,DRY,NO DEFECTS,ON SCENE,NO INJURY / DRIVE AWAY,,,,"OVER $1,500",11/10/2017 8:03,FAILING TO YIELD RIGHT-OF-WAY,FAILING TO YIELD RIGHT-OF-WAY,4754,N,CENTRAL PARK AVE,1723,,,,,,,2,NO INDICATION OF INJURY,0,0,0,0,0,3,0,7,6,11,41.96814234,-87.7183966,POINT (-87.718396596421 41.968142343508),1
JA506048,,11/10/2017 7:53,10,NO CONTROLS,NO CONTROLS,SNOW,DAYLIGHT,PARKED MOTOR VEHICLE,PARKING LOT,1,STRAIGHT AND LEVEL,SNOW OR SLUSH,NO DEFECTS,ON SCENE,NO INJURY / DRIVE AWAY,,Y,,$500 OR LESS,11/10/2017 7:54,DRIVING SKILLS/KNOWLEDGE/EXPERIENCE,NOT APPLICABLE,2425,E,79TH ST,422,,,,,,,2,NO INDICATION OF INJURY,0,0,0,0,0,4,0,7,6,11,41.7516336,-87.56516065,POINT (-87.565160650934 41.751633598976),1
JA506038,,11/10/2017 7:55,30,TRAFFIC SIGNAL,FUNCTIONING PROPERLY,SNOW,DAYLIGHT,TURNING,NOT DIVIDED,,STRAIGHT AND LEVEL,SNOW OR SLUSH,NO DEFECTS,ON SCENE,INJURY AND / OR TOW DUE TO CRASH,Y,,,"OVER $1,500",11/10/2017 8:03,FAILING TO YIELD RIGHT-OF-WAY,NOT APPLICABLE,3900,S,ASHLAND AVE,924,,,,,,,2,NO INDICATION OF INJURY,0,0,0,0,0,2,0,7,6,11,41.82302766,-87.66574403,POINT (-87.665744031095 41.82302765704),1
JA506069,,11/10/2017 8:00,25,NO CONTROLS,NO CONTROLS,CLEAR,DAYLIGHT,SIDESWIPE SAME DIRECTION,NOT DIVIDED,2,STRAIGHT AND LEVEL,DRY,NO DEFECTS,NOT ON SCENE (DESK REPORT),NO INJURY / DRIVE AWAY,,,Y,"$501 - $1,500",11/10/2017 8:45,UNABLE TO DETERMINE,NOT APPLICABLE,2621,S,ELEANOR ST,913,,,,,,,2,NO INDICATION OF INJURY,0,0,0,0,0,2,0,8,6,11,41.84510554,-87.65907175,POINT (-87.659071750479 41.845105541456),1
JA506090,,11/10/2017 8:00,30,TRAFFIC SIGNAL,FUNCTIONING PROPERLY,SNOW,DAYLIGHT,REAR END,DIVIDED - W/MEDIAN BARRIER,2,STRAIGHT AND LEVEL,SNOW OR SLUSH,NO DEFECTS,ON SCENE,NO INJURY / DRIVE AWAY,,,,"OVER $1,500",11/10/2017 9:10,WEATHER,NOT APPLICABLE,6258,S,LAKE SHORE DR,331,,,,,,,2,NO INDICATION OF INJURY,0,0,0,0,0,2,0,8,6,11,,,,1
JA506103,,11/10/2017 8:00,30,NO CONTROLS,NO CONTROLS,SNOW,DAYLIGHT,FIXED OBJECT,NOT DIVIDED,,STRAIGHT AND LEVEL,SNOW OR SLUSH,NO DEFECTS,ON SCENE,NO INJURY / DRIVE AWAY,,,,"OVER $1,500",11/10/2017 9:02,WEATHER,NOT APPLICABLE,1451,W,FULLER ST,913,,,,,,,1,NO INDICATION OF INJURY,0,0,0,0,0,1,0,8,6,11,41.84241962,-87.66315256,POINT (-87.663152559598 41.842419621134),1
JA506228,,11/10/2017 8:00,30,NO CONTROLS,NO CONTROLS,UNKNOWN,UNKNOWN,PARKED MOTOR VEHICLE,ONE-WAY,3,STRAIGHT AND LEVEL,SNOW OR SLUSH,UNKNOWN,NOT ON SCENE (DESK REPORT),NO INJURY / DRIVE AWAY,,,Y,"OVER $1,500",11/10/2017 10:18,UNABLE TO DETERMINE,NOT APPLICABLE,17,N,JEFFERSON ST,121,,,,,,,2,NO INDICATION OF INJURY,0,0,0,0,0,1,0,8,6,11,41.8823872,-87.64253105,POINT (-87.64253104623 41.88238719728),1
JA540194,,11/10/2017 8:10,30,TRAFFIC SIGNAL,FUNCTIONING PROPERLY,UNKNOWN,UNKNOWN,TURNING,DIVIDED - W/MEDIAN (NOT RAISED),4,STRAIGHT AND LEVEL,UNKNOWN,UNKNOWN,NOT ON SCENE (DESK REPORT),INJURY AND / OR TOW DUE TO CRASH,,,,"OVER $1,500",11/13/2017 13:22,IMPROPER TURNING/NO SIGNAL,IMPROPER OVERTAKING/PASSING,6400,S,PULASKI RD,813,,,,,,,2,NO INDICATION OF INJURY,0,0,0,0,0,2,0,8,6,11,41.77677818,-87.72285872,POINT (-87.722858718441 41.77677817895),1
JA506242,,11/10/2017 8:10,5,LANE USE MARKING,NO CONTROLS,SNOW,DAYLIGHT,FIXED OBJECT,RAMP,,CURVE ON GRADE,SNOW OR SLUSH,NO DEFECTS,ON SCENE,INJURY AND / OR TOW DUE TO CRASH,,Y,,"OVER $1,500",11/10/2017 8:16,WEATHER,UNABLE TO DETERMINE,1701,E,57TH DR,331,,,,,,,1,INCAPACITATING INJURY,1,0,1,0,0,0,0,8,6,11,41.79253621,-87.58379121,POINT (-87.583791206225 41.792536208727),1
JA508265,,11/10/2017 8:15,30,NO CONTROLS,NO CONTROLS,CLEAR,DAYLIGHT,SIDESWIPE SAME DIRECTION,NOT DIVIDED,3,STRAIGHT AND LEVEL,SNOW OR SLUSH,NO DEFECTS,NOT ON SCENE (DESK REPORT),NO INJURY / DRIVE AWAY,,,,"OVER $1,500",11/11/2017 19:35,IMPROPER OVERTAKING/PASSING,IMPROPER OVERTAKING/PASSING,6700,S,STONY ISLAND AVE,332,,,,,,,3,NO INDICATION OF INJURY,0,0,0,0,0,3,0,8,6,11,41.7732929,-87.58644237,POINT (-87.586442368314 41.773292895851),1
JA506029,,11/10/2017 8:15,35,TRAFFIC SIGNAL,FUNCTIONING PROPERLY,CLOUDY/OVERCAST,DAYLIGHT,ANGLE,NOT DIVIDED,4,STRAIGHT AND LEVEL,DRY,NO DEFECTS,ON SCENE,NO INJURY / DRIVE AWAY,,,,"OVER $1,500",11/10/2017 8:20,FAILING TO YIELD RIGHT-OF-WAY,FAILING TO REDUCE SPEED TO AVOID CRASH,3600,N,ELSTON AVE,1733,,,,,,,2,NO INDICATION OF INJURY,0,0,0,0,0,2,0,8,6,11,41.94654917,-87.70895263,POINT (-87.708952626035 41.946549164806),1
JA506061,,11/10/2017 8:15,30,TRAFFIC SIGNAL,FUNCTIONING PROPERLY,SNOW,DAYLIGHT,REAR END,NOT DIVIDED,4,STRAIGHT AND LEVEL,WET,NO DEFECTS,ON SCENE,INJURY AND / OR TOW DUE TO CRASH,N,,,"$501 - $1,500",11/10/2017 8:30,UNABLE TO DETERMINE,WEATHER,5700,S,COTTAGE GROVE AVE,233,,,,,,,2,NO INDICATION OF INJURY,0,0,0,0,0,2,0,8,6,11,41.79123326,-87.60629821,POINT (-87.606298213182 41.791233258933),1
JA506292,,11/10/2017 8:18,15,NO CONTROLS,NO CONTROLS,SNOW,DAYLIGHT,FIXED OBJECT,ALLEY,,STRAIGHT AND LEVEL,SNOW OR SLUSH,NO DEFECTS,NOT ON SCENE (DESK REPORT),NO INJURY / DRIVE AWAY,,,,"OVER $1,500",11/10/2017 10:58,UNABLE TO DETERMINE,UNABLE TO DETERMINE,1840,S,LAFLIN ST,1233,,,,,,,1,NO INDICATION OF INJURY,0,0,0,0,0,2,0,8,6,11,41.85663169,-87.66387529,POINT (-87.663875288302 41.8566316871),1
JA506046,,11/10/2017 8:19,35,TRAFFIC SIGNAL,FUNCTIONING PROPERLY,SNOW,DAYLIGHT,REAR END,CENTER TURN LANE,2,STRAIGHT AND LEVEL,SNOW OR SLUSH,UNKNOWN,ON SCENE,NO INJURY / DRIVE AWAY,,,,"$501 - $1,500",11/10/2017 8:19,"EVASIVE ACTION DUE TO ANIMAL, OBJECT, NONMOTORIST",WEATHER,2398,E,75TH ST,334,,,,,,,2,NO INDICATION OF INJURY,0,0,0,0,0,2,0,8,6,11,41.7590969,-87.56643628,POINT (-87.566436275029 41.759096898246),1
JA506062,,11/10/2017 8:20,30,TRAFFIC SIGNAL,FUNCTIONING PROPERLY,CLOUDY/OVERCAST,DAYLIGHT,TURNING,NOT DIVIDED,2,STRAIGHT AND LEVEL,WET,NO DEFECTS,ON SCENE,NO INJURY / DRIVE AWAY,Y,,,"OVER $1,500",11/10/2017 8:24,FAILING TO REDUCE SPEED TO AVOID CRASH,FOLLOWING TOO CLOSELY,5158,W,AUGUSTA BLVD,1531,,,,,,,2,NO INDICATION OF INJURY,0,0,0,0,0,4,0,8,6,11,41.89869229,-87.75562749,POINT (-87.755627487101 41.898692285904),1
JA506049,,11/10/2017 8:20,30,TRAFFIC SIGNAL,FUNCTIONING PROPERLY,SNOW,DAYLIGHT,FIXED OBJECT,NOT DIVIDED,,STRAIGHT AND LEVEL,SNOW OR SLUSH,NO DEFECTS,ON SCENE,INJURY AND / OR TOW DUE TO CRASH,Y,,,"OVER $1,500",11/10/2017 9:00,WEATHER,EXCEEDING SAFE SPEED FOR CONDITIONS,2801,W,LAKE ST,1222,,,,,,,1,NO INDICATION OF INJURY,0,0,0,0,0,1,0,8,6,11,41.88413237,-87.69642426,POINT (-87.696424254507 41.884132371429),1
JA506967,,11/10/2017 8:25,30,STOP SIGN/FLASHER,FUNCTIONING PROPERLY,SNOW,DAYLIGHT,REAR END,NOT DIVIDED,,STRAIGHT AND LEVEL,WET,NO DEFECTS,NOT ON SCENE (DESK REPORT),NO INJURY / DRIVE AWAY,Y,,,"OVER $1,500",11/10/2017 17:52,FAILING TO REDUCE SPEED TO AVOID CRASH,WEATHER,10001,S,STATE ST,511,,,,,,,2,NO INDICATION OF INJURY,0,0,0,0,0,2,0,8,6,11,41.71258284,-87.62348389,POINT (-87.623483887218 41.712582839515),1
JA506142,,11/10/2017 8:30,30,TRAFFIC SIGNAL,FUNCTIONING PROPERLY,SNOW,DAYLIGHT,REAR END,NOT DIVIDED,4,STRAIGHT AND LEVEL,WET,NO DEFECTS,NOT ON SCENE (DESK REPORT),NO INJURY / DRIVE AWAY,,,Y,$500 OR LESS,11/10/2017 9:30,UNABLE TO DETERMINE,NOT APPLICABLE,400,W,63RD ST,711,,,,,,,2,NO INDICATION OF INJURY,0,0,0,0,0,2,0,8,6,11,41.78001804,-87.63511276,POINT (-87.635112763932 41.780018036652),1
JA506121,,11/10/2017 8:30,30,TRAFFIC SIGNAL,FUNCTIONING PROPERLY,SNOW,DAYLIGHT,REAR END,NOT DIVIDED,4,STRAIGHT AND LEVEL,SNOW OR SLUSH,NO DEFECTS,ON SCENE,INJURY AND / OR TOW DUE TO CRASH,,,,"OVER $1,500",11/10/2017 10:00,FOLLOWING TOO CLOSELY,FAILING TO REDUCE SPEED TO AVOID CRASH,3034,N,CICERO AVE,2521,,,,,,,2,NO INDICATION OF INJURY,0,0,0,0,0,2,0,8,6,11,41.93625174,-87.74693206,POINT (-87.746932062894 41.936251741734),1
JA506186,,11/10/2017 8:30,30,NO CONTROLS,NO CONTROLS,SNOW,DAYLIGHT,REAR END,NOT DIVIDED,,STRAIGHT AND LEVEL,WET,NO DEFECTS,NOT ON SCENE (DESK REPORT),NO INJURY / DRIVE AWAY,,,Y,"$501 - $1,500",11/10/2017 10:07,UNABLE TO DETERMINE,NOT APPLICABLE,1551,N,WESTERN AVE,1424,,,,,,,2,NO INDICATION OF INJURY,0,0,0,0,0,2,0,8,6,11,41.91000454,-87.68706471,POINT (-87.687064708421 41.910004537854),1
JA506670,,11/10/2017 8:30,25,NO CONTROLS,NO CONTROLS,CLEAR,DAYLIGHT,REAR END,DIVIDED - W/MEDIAN (NOT RAISED),4,STRAIGHT AND LEVEL,DRY,NO DEFECTS,NOT ON SCENE (DESK REPORT),NO INJURY / DRIVE AWAY,,,,"$501 - $1,500",11/10/2017 15:20,UNABLE TO DETERMINE,UNABLE TO DETERMINE,6235,S,LAKE SHORE DR,331,,,,,,,3,NO INDICATION OF INJURY,0,0,0,0,0,3,0,8,6,11,41.78132936,-87.57475957,POINT (-87.574759574041 41.781329356814),1
JA518114,,11/10/2017 8:30,30,NO CONTROLS,NO CONTROLS,CLEAR,DAYLIGHT,SIDESWIPE SAME DIRECTION,ONE-WAY,,STRAIGHT AND LEVEL,DRY,NO DEFECTS,NOT ON SCENE (DESK REPORT),NO INJURY / DRIVE AWAY,,,Y,"$501 - $1,500",11/19/2017 16:40,IMPROPER OVERTAKING/PASSING,NOT APPLICABLE,4115,N,HERMITAGE AVE,1912,,,,,,,2,NO INDICATION OF INJURY,0,0,0,0,0,2,0,8,6,11,41.95657501,-87.67212138,POINT (-87.67212138167 41.956575011984),1
JA506072,Y,11/10/2017 8:30,30,NO CONTROLS,NO CONTROLS,SNOW,DAYLIGHT,PARKED MOTOR VEHICLE,ONE-WAY,1,STRAIGHT AND LEVEL,DRY,NO DEFECTS,ON SCENE,NO INJURY / DRIVE AWAY,,,,$500 OR LESS,11/10/2017 8:40,UNABLE TO DETERMINE,UNABLE TO DETERMINE,3349,W,23RD ST,1024,,,,,,,2,NO INDICATION OF INJURY,0,0,0,0,0,2,0,8,6,11,41.84978667,-87.70958562,POINT (-87.709585616679 41.849786671231),1
JA506106,,11/10/2017 8:30,30,TRAFFIC SIGNAL,FUNCTIONING PROPERLY,SNOW,DAYLIGHT,SIDESWIPE SAME DIRECTION,DIVIDED - W/MEDIAN (NOT RAISED),4,STRAIGHT AND LEVEL,WET,NO DEFECTS,ON SCENE,NO INJURY / DRIVE AWAY,,,Y,$500 OR LESS,11/10/2017 9:08,IMPROPER LANE USAGE,EXCEEDING SAFE SPEED FOR CONDITIONS,1265,W,DIVISION ST,1213,,,,,,,2,NO INDICATION OF INJURY,0,0,0,0,0,2,0,8,6,11,41.90335304,-87.6601266,POINT (-87.660126600613 41.903353037169),1
JA506548,N,11/10/2017 8:30,30,NO CONTROLS,NO CONTROLS,CLEAR,DAYLIGHT,PARKED MOTOR VEHICLE,ONE-WAY,,STRAIGHT AND LEVEL,DRY,NO DEFECTS,NOT ON SCENE (DESK REPORT),NO INJURY / DRIVE AWAY,,,Y,"OVER $1,500",11/10/2017 13:50,UNABLE TO DETERMINE,UNABLE TO DETERMINE,7199,N,WASHTENAW AVE,2411,,,,,,,2,NO INDICATION OF INJURY,0,0,0,0,0,1,0,8,6,11,42.01207743,-87.6972042,POINT (-87.697204201667 42.012077428714),1
JA506054,,11/10/2017 8:30,30,TRAFFIC SIGNAL,FUNCTIONING PROPERLY,SNOW,DAYLIGHT,ANGLE,OTHER,0,STRAIGHT AND LEVEL,SNOW OR SLUSH,NO DEFECTS,ON SCENE,INJURY AND / OR TOW DUE TO CRASH,Y,,,"OVER $1,500",11/10/2017 8:31,DISREGARDING TRAFFIC SIGNALS,UNABLE TO DETERMINE,2800,W,CONGRESS PKWY,1135,,,,,,,2,NO INDICATION OF INJURY,0,0,0,0,0,2,0,8,6,11,41.87500857,-87.69624567,POINT (-87.696245665367 41.875008567703),1
JA506294,,11/10/2017 8:30,30,STOP SIGN/FLASHER,FUNCTIONING PROPERLY,SNOW,DAYLIGHT,ANGLE,DIVIDED - W/MEDIAN (NOT RAISED),,STRAIGHT AND LEVEL,WET,NO DEFECTS,NOT ON SCENE (DESK REPORT),NO INJURY / DRIVE AWAY,,,Y,"OVER $1,500",11/10/2017 11:00,DRIVING SKILLS/KNOWLEDGE/EXPERIENCE,NOT APPLICABLE,4800,S,KILDARE AVE,815,,,,,,,2,NO INDICATION OF INJURY,0,0,0,0,0,2,0,8,6,11,41.80585791,-87.73102018,POINT (-87.731020183844 41.805857907334),1
JA506076,,11/10/2017 8:30,0,TRAFFIC SIGNAL,FUNCTIONING PROPERLY,SNOW,DAYLIGHT,REAR END,DIVIDED - W/MEDIAN BARRIER,6,STRAIGHT AND LEVEL,SNOW OR SLUSH,NO DEFECTS,ON SCENE,NO INJURY / DRIVE AWAY,,,,"OVER $1,500",11/10/2017 8:45,EXCEEDING SAFE SPEED FOR CONDITIONS,DRIVING SKILLS/KNOWLEDGE/EXPERIENCE,300,E,WACKER DR,114,,,,,,,2,NO INDICATION OF INJURY,0,0,0,0,0,3,0,8,6,11,41.88807333,-87.62059446,POINT (-87.620594461337 41.888073331609),1
JA506117,,11/10/2017 8:30,45,NO CONTROLS,NO CONTROLS,SNOW,DAYLIGHT,SIDESWIPE SAME DIRECTION,DIVIDED - W/MEDIAN BARRIER,3,STRAIGHT AND LEVEL,SNOW OR SLUSH,NO DEFECTS,NOT ON SCENE (DESK REPORT),NO INJURY / DRIVE AWAY,,,,"OVER $1,500",11/10/2017 9:30,WEATHER,UNABLE TO DETERMINE,5300,S,LAKE SHORE DR SB,234,,,,,,,2,NO INDICATION OF INJURY,0,0,0,0,0,2,0,8,6,11,41.7995694,-87.58154906,POINT (-87.581549060329 41.7995693995),1
JA506960,Y,11/10/2017 8:30,35,TRAFFIC SIGNAL,FUNCTIONING PROPERLY,SNOW,DAYLIGHT,REAR END,NOT DIVIDED,4,STRAIGHT AND LEVEL,SNOW OR SLUSH,NO DEFECTS,NOT ON SCENE (DESK REPORT),NO INJURY / DRIVE AWAY,Y,,,$500 OR LESS,11/10/2017 18:30,FAILING TO REDUCE SPEED TO AVOID CRASH,NOT APPLICABLE,1600,E,67TH ST,331,,,,,,,2,NO INDICATION OF INJURY,0,0,0,0,0,2,0,8,6,11,41.77345467,-87.58608698,POINT (-87.586086981214 41.773454664759),1
JA506092,,11/10/2017 8:30,0,TRAFFIC SIGNAL,FUNCTIONING PROPERLY,SNOW,DAYLIGHT,REAR END,DIVIDED - W/MEDIAN BARRIER,6,STRAIGHT AND LEVEL,SNOW OR SLUSH,NO DEFECTS,ON SCENE,NO INJURY / DRIVE AWAY,,,,"OVER $1,500",11/10/2017 8:40,EXCEEDING SAFE SPEED FOR CONDITIONS,DRIVING SKILLS/KNOWLEDGE/EXPERIENCE,300,E,WACKER DR,114,,,,,,,2,NO INDICATION OF INJURY,0,0,0,0,0,2,0,8,6,11,41.88807333,-87.62059446,POINT (-87.620594461337 41.888073331609),1
JA506085,,11/10/2017 8:33,35,NO CONTROLS,NO CONTROLS,SNOW,DAYLIGHT,SIDESWIPE SAME DIRECTION,DIVIDED - W/MEDIAN BARRIER,8,STRAIGHT AND LEVEL,SNOW OR SLUSH,NO DEFECTS,,INJURY AND / OR TOW DUE TO CRASH,,,,"OVER $1,500",11/10/2017 8:35,WEATHER,DRIVING SKILLS/KNOWLEDGE/EXPERIENCE,5300,S,LAKE SHORE DR SB,234,,,,,,,2,NO INDICATION OF INJURY,0,0,0,0,0,2,0,8,6,11,41.7995694,-87.58154906,POINT (-87.581549060329 41.7995693995),1
JA506172,,11/10/2017 8:35,30,TRAFFIC SIGNAL,FUNCTIONING PROPERLY,SNOW,DAYLIGHT,PARKED MOTOR VEHICLE,DIVIDED - W/MEDIAN BARRIER,6,STRAIGHT AND LEVEL,SNOW OR SLUSH,NO DEFECTS,NOT ON SCENE (DESK REPORT),NO INJURY / DRIVE AWAY,,,,"OVER $1,500",11/10/2017 10:00,WEATHER,UNABLE TO DETERMINE,7107,S,STONY ISLAND AVE,324,,,,,,,3,NO INDICATION OF INJURY,0,0,0,0,0,3,0,8,6,11,41.76577687,-87.58576847,POINT (-87.585768469795 41.765776872879),1
JA506207,,11/10/2017 8:35,30,STOP SIGN/FLASHER,FUNCTIONING PROPERLY,SNOW,DAYLIGHT,REAR END,NOT DIVIDED,2,STRAIGHT AND LEVEL,SNOW OR SLUSH,NO DEFECTS,NOT ON SCENE (DESK REPORT),NO INJURY / DRIVE AWAY,,,,"OVER $1,500",11/10/2017 10:15,WEATHER,UNABLE TO DETERMINE,6500,S,WOODLAWN AVE,321,,,,,,,2,NO INDICATION OF INJURY,0,0,0,0,0,6,0,8,6,11,41.77678803,-87.59626197,POINT (-87.596261968937 41.776788032942),1
JA506059,,11/10/2017 8:36,30,STOP SIGN/FLASHER,FUNCTIONING PROPERLY,SNOW,DAYLIGHT,PARKED MOTOR VEHICLE,NOT DIVIDED,2,STRAIGHT AND LEVEL,SNOW OR SLUSH,NO DEFECTS,NOT ON SCENE (DESK REPORT),NO INJURY / DRIVE AWAY,,,,"OVER $1,500",11/10/2017 8:40,WEATHER,NOT APPLICABLE,1647,E,67TH ST,332,,,,,,,2,NO INDICATION OF INJURY,0,0,0,0,0,1,0,8,6,11,41.77324482,-87.584426,POINT (-87.584426002094 41.773244816545),1
JA507944,,11/10/2017 8:40,45,NO CONTROLS,NO CONTROLS,SNOW,DAYLIGHT,REAR END,DIVIDED - W/MEDIAN BARRIER,8,STRAIGHT AND LEVEL,SNOW OR SLUSH,NO DEFECTS,NOT ON SCENE (DESK REPORT),NO INJURY / DRIVE AWAY,,,,"$501 - $1,500",11/11/2017 15:00,FOLLOWING TOO CLOSELY,WEATHER,5101,S,LAKE SHORE DR NB,234,,,,,,,2,NO INDICATION OF INJURY,0,0,0,0,0,2,0,8,6,11,41.80249201,-87.58126401,POINT (-87.581264007518 41.802492011707),1
JA506099,N,11/10/2017 8:40,15,NO CONTROLS,NO CONTROLS,SNOW,DAYLIGHT,SIDESWIPE OPPOSITE DIRECTION,NOT DIVIDED,2,CURVE ON GRADE,SNOW OR SLUSH,NO DEFECTS,ON SCENE,INJURY AND / OR TOW DUE TO CRASH,,,,"OVER $1,500",11/10/2017 8:48,EXCEEDING SAFE SPEED FOR CONDITIONS,WEATHER,1524,E,94TH ST,413,,Y,,,,,2,"REPORTED, NOT EVIDENT",1,0,0,0,1,2,0,8,6,11,41.7242562,-87.58681603,POINT (-87.58681602774 41.724256196031),1
JA506088,,11/10/2017 8:40,30,TRAFFIC SIGNAL,FUNCTIONING PROPERLY,SNOW,DAYLIGHT,REAR END,DIVIDED - W/MEDIAN BARRIER,2,STRAIGHT AND LEVEL,SNOW OR SLUSH,NO DEFECTS,ON SCENE,INJURY AND / OR TOW DUE TO CRASH,Y,,,"OVER $1,500",11/10/2017 9:08,WEATHER,NOT APPLICABLE,6310,S,COAST GUARD DR,331,,,,,,,2,NO INDICATION OF INJURY,0,0,0,0,0,2,0,8,6,11,41.77953765,-87.57517777,POINT (-87.575177767708 41.779537652319),1
JA506380,,11/10/2017 8:40,30,TRAFFIC SIGNAL,FUNCTIONING PROPERLY,SNOW,DAYLIGHT,SIDESWIPE SAME DIRECTION,DIVIDED - W/MEDIAN BARRIER,4,STRAIGHT ON GRADE,WET,NO DEFECTS,NOT ON SCENE (DESK REPORT),NO INJURY / DRIVE AWAY,Y,,,"OVER $1,500",11/10/2017 11:55,UNABLE TO DETERMINE,UNABLE TO DETERMINE,3200,S,DAMEN AVE,912,,,,,,,2,NO INDICATION OF INJURY,0,0,0,0,0,2,0,8,6,11,41.83576994,-87.67556501,POINT (-87.675565006716 41.83576993883),1
JA506129,,11/10/2017 8:40,25,NO CONTROLS,NO CONTROLS,SNOW,DAYLIGHT,REAR END,NOT DIVIDED,2,STRAIGHT AND LEVEL,SNOW OR SLUSH,NO DEFECTS,ON SCENE,INJURY AND / OR TOW DUE TO CRASH,,,Y,"OVER $1,500",11/10/2017 9:10,FAILING TO REDUCE SPEED TO AVOID CRASH,UNABLE TO DETERMINE,2845,W,HOWARD ST,2411,,,,,,,2,NONINCAPACITATING INJURY,1,0,0,1,0,1,0,8,6,11,42.01917923,-87.70131051,POINT (-87.70131051176 42.019179230542),1
JA506887,,11/10/2017 8:45,30,TRAFFIC SIGNAL,FUNCTIONING PROPERLY,SNOW,DAYLIGHT,REAR END,NOT DIVIDED,4,STRAIGHT AND LEVEL,ICE,NO DEFECTS,NOT ON SCENE (DESK REPORT),NO INJURY / DRIVE AWAY,,,,"$501 - $1,500",11/10/2017 17:44,WEATHER,NOT APPLICABLE,6700,S,JEFFERY BLVD,332,,,,,,,2,NO INDICATION OF INJURY,0,0,0,0,0,2,0,8,6,11,41.77336841,-87.57663855,POINT (-87.576638552177 41.773368408547),1
JA506080,,11/10/2017 8:45,30,STOP SIGN/FLASHER,FUNCTIONING PROPERLY,SNOW,DAYLIGHT,REAR END,NOT DIVIDED,0,STRAIGHT AND LEVEL,SNOW OR SLUSH,NO DEFECTS,ON SCENE,NO INJURY / DRIVE AWAY,Y,,Y,"OVER $1,500",11/10/2017 8:52,UNABLE TO DETERMINE,FAILING TO REDUCE SPEED TO AVOID CRASH,3801,W,LAKE ST,1122,,,,,,,2,NO INDICATION OF INJURY,0,0,0,0,0,2,0,8,6,11,41.88509943,-87.7210108,POINT (-87.721010800725 41.885099432172),1
JA506165,,11/10/2017 8:46,30,NO CONTROLS,NO CONTROLS,SNOW,DAYLIGHT,TURNING,NOT DIVIDED,4,STRAIGHT AND LEVEL,SNOW OR SLUSH,NO DEFECTS,ON SCENE,INJURY AND / OR TOW DUE TO CRASH,,,,"OVER $1,500",11/10/2017 8:48,FAILING TO YIELD RIGHT-OF-WAY,FAILING TO YIELD RIGHT-OF-WAY,3659,W,DIVISION ST,1112,,,,,,,2,NO INDICATION OF INJURY,0,0,0,0,0,2,0,8,6,11,41.90262489,-87.71893484,POINT (-87.718934837204 41.902624889105),1
JA506126,,11/10/2017 8:50,30,TRAFFIC SIGNAL,FUNCTIONING PROPERLY,SNOW,DAYLIGHT,REAR END,DIVIDED - W/MEDIAN BARRIER,3,STRAIGHT AND LEVEL,SNOW OR SLUSH,NO DEFECTS,ON SCENE,NO INJURY / DRIVE AWAY,,,,"OVER $1,500",11/10/2017 9:05,WEATHER,WEATHER,6659,S,STONY ISLAND AVE,331,,,,,,,3,NO INDICATION OF INJURY,0,0,0,0,0,3,0,8,6,11,41.7734385,-87.58595425,POINT (-87.585954245052 41.773438495122),1