RD_NO,CRASH_DATE_EST_I,CRASH_DATE,POSTED_SPEED_LIMIT,TRAFFIC_CONTROL_DEVICE,DEVICE_CONDITION,WEATHER_CONDITION,LIGHTING_CONDITION,FIRST_CRASH_TYPE,TRAFFICWAY_TYPE,LANE_CNT,ALIGNMENT,ROADWAY_SURFACE_COND,ROAD_DEFECT,REPORT_TYPE,CRASH_TYPE,INTERSECTION_RELATED_I,NOT_RIGHT_OF_WAY_I,HIT_AND_RUN_I,DAMAGE,DATE_POLICE_NOTIFIED,PRIM_CONTRIBUTORY_CAUSE,SEC_CONTRIBUTORY_CAUSE,STREET_NO,STREET_DIRECTION,STREET_NAME,BEAT_OF_OCCURRENCE,PHOTOS_TAKEN_I,STATEMENTS_TAKEN_I,DOORING_I,WORK_ZONE_I,WORK_ZONE_TYPE,WORKERS_PRESENT_I,NUM_UNITS,MOST_SEVERE_INJURY,INJURIES_TOTAL,INJURIES_FATAL,INJURIES_INCAPACITATING,INJURIES_NON_INCAPACITATING,INJURIES_REPORTED_NOT_EVIDENT,INJURIES_NO_INDICATION,INJURIES_UNKNOWN,CRASH_HOUR,CRASH_DAY_OF_WEEK,CRASH_MONTH,LATITUDE,LONGITUDE,LOCATION,Join
JA507574,,11/10/2017 8:50,25,TRAFFIC SIGNAL,FUNCTIONING PROPERLY,SNOW,DAYLIGHT,REAR END,DIVIDED - W/MEDIAN (NOT RAISED),,STRAIGHT AND LEVEL,DRY,NO DEFECTS,NOT ON SCENE (DESK REPORT),NO INJURY / DRIVE AWAY,,,,"$501 - $1,500",11/10/2017 13:15,UNABLE TO DETERMINE,UNABLE TO DETERMINE,359,N,LOWER WABASH AVE,1834,,,,,,,2,NO INDICATION OF INJURY,0,0,0,0,0,2,0,8,6,11,41.88916698,-87.6266625,POINT (-87.626662497334 41.889166976943),1
JA506299,,11/10/2017 8:50,25,TRAFFIC SIGNAL,FUNCTIONING PROPERLY,CLEAR,DAYLIGHT,REAR END,DIVIDED - W/MEDIAN (NOT RAISED),,STRAIGHT AND LEVEL,DRY,NO DEFECTS,NOT ON SCENE (DESK REPORT),NO INJURY / DRIVE AWAY,,,,"OVER $1,500",11/10/2017 11:00,UNABLE TO DETERMINE,UNABLE TO DETERMINE,5959,S,COTTAGE GROVE AVE,235,,,,,,,2,NO INDICATION OF INJURY,0,0,0,0,0,2,0,8,6,11,41.78590065,-87.60589067,POINT (-87.605890667312 41.785900644638),1
JA506097,,11/10/2017 8:57,40,TRAFFIC SIGNAL,FUNCTIONING PROPERLY,SNOW,DAYLIGHT,FIXED OBJECT,NOT DIVIDED,,STRAIGHT AND LEVEL,ICE,NO DEFECTS,NOT ON SCENE (DESK REPORT),NO INJURY / DRIVE AWAY,,,,"OVER $1,500",11/10/2017 9:18,WEATHER,NOT APPLICABLE,2355,E,67TH ST,331,,,,,,,2,NO INDICATION OF INJURY,0,0,0,0,0,1,0,8,6,11,41.77343579,-87.56778382,POINT (-87.567783821031 41.773435791733),1
JA506835,,11/10/2017 9:00,5,NO CONTROLS,NO CONTROLS,SNOW,DAYLIGHT,PARKED MOTOR VEHICLE,PARKING LOT,0,STRAIGHT AND LEVEL,SNOW OR SLUSH,NO DEFECTS,NOT ON SCENE (DESK REPORT),NO INJURY / DRIVE AWAY,,Y,Y,"OVER $1,500",11/10/2017 17:00,UNABLE TO DETERMINE,UNABLE TO DETERMINE,2323,W,NELSON ST,1931,,,,,,,2,NO INDICATION OF INJURY,0,0,0,0,0,1,0,9,6,11,41.93662794,-87.68651198,POINT (-87.686511979064 41.936627939609),1
JA506163,,11/10/2017 9:00,35,STOP SIGN/FLASHER,FUNCTIONING PROPERLY,SNOW,DAYLIGHT,REAR END,NOT DIVIDED,2,"CURVE, LEVEL",SNOW OR SLUSH,NO DEFECTS,NOT ON SCENE (DESK REPORT),NO INJURY / DRIVE AWAY,,,,"$501 - $1,500",11/10/2017 9:15,FOLLOWING TOO CLOSELY,WEATHER,800,E,55TH ST,233,,,,,,,2,NO INDICATION OF INJURY,0,0,0,0,0,2,0,9,6,11,41.79507521,-87.60609661,POINT (-87.606096609283 41.795075206809),1
JA506157,,11/10/2017 9:03,30,TRAFFIC SIGNAL,FUNCTIONING PROPERLY,SNOW,DAYLIGHT,REAR END,NOT DIVIDED,2,STRAIGHT ON GRADE,SNOW OR SLUSH,NO DEFECTS,NOT ON SCENE (DESK REPORT),NO INJURY / DRIVE AWAY,,,,"$501 - $1,500",11/10/2017 9:45,WEATHER,WEATHER,6250,S,DORCHESTER AVE,314,,,,,,,2,NO INDICATION OF INJURY,0,0,0,0,0,2,0,9,6,11,41.78086947,-87.59165644,POINT (-87.591656435997 41.780869464869),1
JA506176,,11/10/2017 9:05,30,TRAFFIC SIGNAL,FUNCTIONING PROPERLY,SNOW,DAYLIGHT,SIDESWIPE SAME DIRECTION,DIVIDED - W/MEDIAN (NOT RAISED),2,STRAIGHT AND LEVEL,SNOW OR SLUSH,NO DEFECTS,NOT ON SCENE (DESK REPORT),NO INJURY / DRIVE AWAY,,,,"$501 - $1,500",11/10/2017 10:06,WEATHER,UNABLE TO DETERMINE,16,S,WESTERN AVE,1125,,,,,,,2,NO INDICATION OF INJURY,0,0,0,0,0,2,0,9,6,11,41.88067741,-87.68656689,POINT (-87.686566891285 41.880677409479),1
JA506133,,11/10/2017 9:10,25,STOP SIGN/FLASHER,FUNCTIONING PROPERLY,SNOW,DAYLIGHT,ANGLE,ONE-WAY,1,STRAIGHT AND LEVEL,SNOW OR SLUSH,NO DEFECTS,ON SCENE,NO INJURY / DRIVE AWAY,,,,"OVER $1,500",11/10/2017 9:45,WEATHER,WEATHER,6200,S,UNIVERSITY AVE,314,,,,,,,2,NO INDICATION OF INJURY,0,0,0,0,0,2,0,9,6,11,41.782231,-87.59801573,POINT (-87.598015726983 41.782230998489),1
JA507484,,11/10/2017 9:10,30,TRAFFIC SIGNAL,FUNCTIONING PROPERLY,CLEAR,DAYLIGHT,REAR END,DIVIDED - W/MEDIAN (NOT RAISED),2,STRAIGHT AND LEVEL,WET,NO DEFECTS,NOT ON SCENE (DESK REPORT),NO INJURY / DRIVE AWAY,Y,,Y,"OVER $1,500",11/11/2017 7:50,FOLLOWING TOO CLOSELY,NOT APPLICABLE,140,W,43RD ST,925,,,,,,,2,NO INDICATION OF INJURY,0,0,0,0,0,2,0,9,6,11,41.81654246,-87.63026813,POINT (-87.630268133818 41.816542463675),1
JA506230,,11/10/2017 9:10,0,NO CONTROLS,NO CONTROLS,SNOW,DAYLIGHT,OTHER OBJECT,OTHER,,STRAIGHT AND LEVEL,SNOW OR SLUSH,NO DEFECTS,ON SCENE,INJURY AND / OR TOW DUE TO CRASH,,,,$500 OR LESS,11/10/2017 9:15,PHYSICAL CONDITION OF DRIVER,NOT APPLICABLE,1934,S,STATE ST,131,,,,,,,1,NONINCAPACITATING INJURY,1,0,0,1,0,0,0,9,6,11,41.85555505,-87.6272955,POINT (-87.627295499348 41.855555053988),1
JA506137,,11/10/2017 9:12,35,NO CONTROLS,NO CONTROLS,SNOW,DAYLIGHT,SIDESWIPE SAME DIRECTION,DIVIDED - W/MEDIAN BARRIER,8,STRAIGHT AND LEVEL,SNOW OR SLUSH,NO DEFECTS,ON SCENE,INJURY AND / OR TOW DUE TO CRASH,,,,"OVER $1,500",11/10/2017 9:12,WEATHER,DRIVING SKILLS/KNOWLEDGE/EXPERIENCE,5500,S,LAKE SHORE DR SB,235,,,,,,,2,NO INDICATION OF INJURY,0,0,0,0,0,3,0,9,6,11,41.79518856,-87.579373,POINT (-87.579373001156 41.795188562546),1
JA506112,,11/10/2017 9:12,30,TRAFFIC SIGNAL,FUNCTIONING PROPERLY,SNOW,DAYLIGHT,TURNING,DIVIDED - W/MEDIAN BARRIER,,STRAIGHT AND LEVEL,WET,NO DEFECTS,ON SCENE,INJURY AND / OR TOW DUE TO CRASH,Y,,,"OVER $1,500",11/10/2017 9:20,IMPROPER TURNING/NO SIGNAL,UNABLE TO DETERMINE,5498,N,HARLEM AVE,1613,,,,,,,2,"REPORTED, NOT EVIDENT",1,0,0,0,1,1,0,9,6,11,41.98102038,-87.80711173,POINT (-87.807111727871 41.981020382487),1
JA506423,,11/10/2017 9:15,30,NO CONTROLS,NO CONTROLS,SNOW,DAYLIGHT,REAR END,DIVIDED - W/MEDIAN (NOT RAISED),2,STRAIGHT AND LEVEL,SNOW OR SLUSH,NO DEFECTS,NOT ON SCENE (DESK REPORT),NO INJURY / DRIVE AWAY,,,,"OVER $1,500",11/10/2017 12:30,UNABLE TO DETERMINE,UNABLE TO DETERMINE,6400,S,ASHLAND AVE,725,,,,,,,2,NO INDICATION OF INJURY,0,0,0,0,0,2,0,9,6,11,41.77756069,-87.66431375,POINT (-87.664313747254 41.777560686625),1
JA506223,,11/10/2017 9:15,0,NO CONTROLS,NO CONTROLS,SNOW,DAYLIGHT,PARKED MOTOR VEHICLE,ONE-WAY,1,STRAIGHT AND LEVEL,WET,NO DEFECTS,ON SCENE,NO INJURY / DRIVE AWAY,Y,Y,,"OVER $1,500",11/10/2017 10:07,UNABLE TO DETERMINE,NOT APPLICABLE,1810,N,BISSELL ST,1813,,,,,,,2,NO INDICATION OF INJURY,0,0,0,0,0,1,0,9,6,11,41.9141358,-87.65216164,POINT (-87.652161641294 41.914135799745),1
JA507191,,11/10/2017 9:15,30,TRAFFIC SIGNAL,FUNCTIONING PROPERLY,CLEAR,"DARKNESS, LIGHTED ROAD",REAR END,DIVIDED - W/MEDIAN (NOT RAISED),2,STRAIGHT AND LEVEL,UNKNOWN,UNKNOWN,NOT ON SCENE (DESK REPORT),NO INJURY / DRIVE AWAY,Y,,,"OVER $1,500",11/10/2017 9:30,FAILING TO REDUCE SPEED TO AVOID CRASH,NOT APPLICABLE,6701,S,DAMEN AVE,726,,,,,,,2,NO INDICATION OF INJURY,0,0,0,0,0,2,0,9,6,11,41.77203127,-87.67356627,POINT (-87.673566273499 41.772031271055),1
JA506179,,11/10/2017 9:15,30,NO CONTROLS,NO CONTROLS,SNOW,DAYLIGHT,PARKED MOTOR VEHICLE,NOT DIVIDED,,STRAIGHT AND LEVEL,WET,NO DEFECTS,NOT ON SCENE (DESK REPORT),NO INJURY / DRIVE AWAY,,,,"OVER $1,500",11/10/2017 10:18,UNABLE TO DETERMINE,UNABLE TO DETERMINE,4477,S,ARCHER AVE,821,,,,,,,2,NO INDICATION OF INJURY,0,0,0,0,0,1,0,9,6,11,41.8118048,-87.70773434,POINT (-87.70773434141 41.811804802295),1
JA506130,,11/10/2017 9:15,10,NO CONTROLS,NO CONTROLS,SNOW,DAYLIGHT,OTHER OBJECT,OTHER,2,STRAIGHT ON GRADE,SNOW OR SLUSH,NO DEFECTS,ON SCENE,INJURY AND / OR TOW DUE TO CRASH,,Y,,"OVER $1,500",11/10/2017 9:19,DRIVING SKILLS/KNOWLEDGE/EXPERIENCE,WEATHER,1633,E,95TH ST,431,,,,,,,1,NONINCAPACITATING INJURY,1,0,0,1,0,0,0,9,6,11,41.72225375,-87.58376624,POINT (-87.583766240128 41.722253749468),1
JA506472,,11/10/2017 9:19,30,TRAFFIC SIGNAL,FUNCTIONING PROPERLY,SNOW,DAYLIGHT,HEAD ON,DIVIDED - W/MEDIAN (NOT RAISED),2,STRAIGHT AND LEVEL,SNOW OR SLUSH,NO DEFECTS,NOT ON SCENE (DESK REPORT),NO INJURY / DRIVE AWAY,,,Y,"OVER $1,500",11/10/2017 13:15,IMPROPER BACKING,UNABLE TO DETERMINE,762,W,ADAMS ST,1232,,,,,,,2,NO INDICATION OF INJURY,0,0,0,0,0,2,0,9,6,11,41.87933787,-87.64652164,POINT (-87.646521638035 41.879337871794),1
JA506232,,11/10/2017 9:20,30,TRAFFIC SIGNAL,FUNCTIONING PROPERLY,SNOW,DAYLIGHT,REAR END,NOT DIVIDED,,STRAIGHT AND LEVEL,WET,NO DEFECTS,NOT ON SCENE (DESK REPORT),NO INJURY / DRIVE AWAY,,,Y,$500 OR LESS,11/10/2017 10:30,FOLLOWING TOO CLOSELY,NOT APPLICABLE,1100,W,HARRISON ST,1232,,,,,,,2,NO INDICATION OF INJURY,0,0,0,0,0,2,0,9,6,11,41.87442952,-87.65454927,POINT (-87.654549273052 41.874429519405),1
JA506164,,11/10/2017 9:20,30,NO CONTROLS,NO CONTROLS,CLEAR,DAYLIGHT,SIDESWIPE SAME DIRECTION,NOT DIVIDED,,STRAIGHT AND LEVEL,DRY,NO DEFECTS,ON SCENE,INJURY AND / OR TOW DUE TO CRASH,,,,"$501 - $1,500",11/10/2017 9:20,NOT APPLICABLE,NOT APPLICABLE,3848,W,MADISON ST,1122,,,,,,,2,NO INDICATION OF INJURY,0,0,0,0,0,3,0,9,6,11,41.88087471,-87.7226213,POINT (-87.722621298146 41.880874705129),1
JA506343,,11/10/2017 9:20,35,TRAFFIC SIGNAL,FUNCTIONING PROPERLY,SNOW,DAYLIGHT,REAR END,DIVIDED - W/MEDIAN (NOT RAISED),6,STRAIGHT AND LEVEL,SNOW OR SLUSH,NO DEFECTS,NOT ON SCENE (DESK REPORT),NO INJURY / DRIVE AWAY,Y,,Y,"OVER $1,500",11/10/2017 11:15,FOLLOWING TOO CLOSELY,FAILING TO REDUCE SPEED TO AVOID CRASH,1400,W,CHICAGO AVE,1213,,,,,,,2,NO INDICATION OF INJURY,0,0,0,0,0,3,0,9,6,11,41.89625849,-87.66246666,POINT (-87.662466661159 41.896258493767),1
JA506229,,11/10/2017 9:30,30,TRAFFIC SIGNAL,FUNCTIONING PROPERLY,SNOW,DAYLIGHT,REAR END,NOT DIVIDED,2,STRAIGHT AND LEVEL,SNOW OR SLUSH,NO DEFECTS,NOT ON SCENE (DESK REPORT),NO INJURY / DRIVE AWAY,,,,"OVER $1,500",11/10/2017 10:29,FOLLOWING TOO CLOSELY,NOT APPLICABLE,5302,N,BROADWAY,2013,,,,,,,2,NO INDICATION OF INJURY,0,0,0,0,0,3,0,9,6,11,41.97828987,-87.66006846,POINT (-87.660068462068 41.978289872181),1
JA506160,,11/10/2017 9:30,30,TRAFFIC SIGNAL,FUNCTIONING PROPERLY,SNOW,DAYLIGHT,REAR END,NOT DIVIDED,4,STRAIGHT AND LEVEL,SNOW OR SLUSH,NO DEFECTS,ON SCENE,NO INJURY / DRIVE AWAY,,,,"OVER $1,500",11/10/2017 9:40,WEATHER,WEATHER,1801,W,CHICAGO AVE,1221,,,,,,,2,NO INDICATION OF INJURY,0,0,0,0,0,2,0,9,6,11,41.89587989,-87.67229145,POINT (-87.672291449422 41.895879885229),1
JA506210,,11/10/2017 9:30,35,TRAFFIC SIGNAL,FUNCTIONING PROPERLY,SNOW,DAYLIGHT,REAR END,DIVIDED - W/MEDIAN (NOT RAISED),4,STRAIGHT AND LEVEL,SNOW OR SLUSH,NO DEFECTS,NOT ON SCENE (DESK REPORT),NO INJURY / DRIVE AWAY,Y,,,"OVER $1,500",11/10/2017 10:15,FOLLOWING TOO CLOSELY,EXCEEDING SAFE SPEED FOR CONDITIONS,1200,N,ELSTON AVE,1433,,,,,,,2,NO INDICATION OF INJURY,0,0,0,0,0,2,0,9,6,11,41.9034698,-87.6585224,POINT (-87.658522400154 41.903469797829),1
JA506173,,11/10/2017 9:30,30,STOP SIGN/FLASHER,FUNCTIONING PROPERLY,SNOW,DAYLIGHT,REAR END,NOT DIVIDED,2,STRAIGHT AND LEVEL,WET,NO DEFECTS,NOT ON SCENE (DESK REPORT),NO INJURY / DRIVE AWAY,,,,"OVER $1,500",11/10/2017 9:55,FOLLOWING TOO CLOSELY,WEATHER,1501,E,57TH ST,235,,,,,,,2,NO INDICATION OF INJURY,0,0,0,0,0,2,0,9,6,11,41.79141637,-87.58895333,POINT (-87.588953333297 41.791416366172),1
JA506238,,11/10/2017 9:30,20,NO CONTROLS,NO CONTROLS,SNOW,DAYLIGHT,SIDESWIPE SAME DIRECTION,ALLEY,,STRAIGHT AND LEVEL,SNOW OR SLUSH,NO DEFECTS,NOT ON SCENE (DESK REPORT),NO INJURY / DRIVE AWAY,,,,$500 OR LESS,11/10/2017 10:00,IMPROPER BACKING,FAILING TO REDUCE SPEED TO AVOID CRASH,100,W,75TH ST,731,,,,,,,2,NO INDICATION OF INJURY,0,0,0,0,0,2,0,9,6,11,41.75830047,-87.62724246,POINT (-87.627242462248 41.758300468619),1
JA506187,,11/10/2017 9:30,30,TRAFFIC SIGNAL,FUNCTIONING PROPERLY,SNOW,DAYLIGHT,TURNING,DIVIDED - W/MEDIAN (NOT RAISED),,STRAIGHT AND LEVEL,SNOW OR SLUSH,NO DEFECTS,ON SCENE,NO INJURY / DRIVE AWAY,Y,,,"OVER $1,500",11/10/2017 9:34,WEATHER,UNABLE TO DETERMINE,1030,W,HOLLYWOOD AVE,2022,,,,,,,3,NO INDICATION OF INJURY,0,0,0,0,0,4,0,9,6,11,41.98561799,-87.65660402,POINT (-87.656604019285 41.985617985017),1
JA506139,,11/10/2017 9:30,30,TRAFFIC SIGNAL,FUNCTIONING PROPERLY,SNOW,DAYLIGHT,SIDESWIPE SAME DIRECTION,NOT DIVIDED,4,STRAIGHT AND LEVEL,WET,NO DEFECTS,ON SCENE,NO INJURY / DRIVE AWAY,Y,,,"OVER $1,500",11/10/2017 9:35,EQUIPMENT - VEHICLE CONDITION,UNABLE TO DETERMINE,6259,N,CENTRAL AVE,1621,,,,,,,2,NO INDICATION OF INJURY,0,0,0,0,0,4,0,9,6,11,41.99600683,-87.76411144,POINT (-87.764111438754 41.996006831073),1
JA506291,,11/10/2017 9:30,30,NO CONTROLS,NO CONTROLS,SNOW,DAYLIGHT,PARKED MOTOR VEHICLE,NOT DIVIDED,,STRAIGHT AND LEVEL,WET,NO DEFECTS,ON SCENE,NO INJURY / DRIVE AWAY,,,,"OVER $1,500",11/10/2017 10:40,WEATHER,NOT APPLICABLE,1402,E,54TH ST,234,,,,,,,2,NO INDICATION OF INJURY,0,0,0,0,0,1,0,9,6,11,41.79815793,-87.59159732,POINT (-87.591597324289 41.798157928084),1
JA506222,,11/10/2017 9:30,30,TRAFFIC SIGNAL,FUNCTIONING PROPERLY,SNOW,DAYLIGHT,ANGLE,NOT DIVIDED,4,STRAIGHT AND LEVEL,SNOW OR SLUSH,NO DEFECTS,ON SCENE,NO INJURY / DRIVE AWAY,,,,"$501 - $1,500",11/10/2017 9:55,WEATHER,WEATHER,460,N,PULASKI RD,1111,Y,Y,,,,,2,NO INDICATION OF INJURY,0,0,0,0,0,3,0,9,6,11,41.88977126,-87.72607148,POINT (-87.726071484355 41.889771262714),1
JA506217,,11/10/2017 9:30,30,TRAFFIC SIGNAL,FUNCTIONING PROPERLY,SNOW,DAYLIGHT,ANGLE,NOT DIVIDED,,STRAIGHT AND LEVEL,SNOW OR SLUSH,NO DEFECTS,NOT ON SCENE (DESK REPORT),NO INJURY / DRIVE AWAY,,,,"OVER $1,500",11/10/2017 10:10,EXCEEDING SAFE SPEED FOR CONDITIONS,UNABLE TO DETERMINE,5702,N,SHERIDAN RD,2022,,,,,,,3,NO INDICATION OF INJURY,0,0,0,0,0,3,0,9,6,11,41.98569723,-87.65538763,POINT (-87.655387627582 41.985697230711),1
JA506144,,11/10/2017 9:30,30,STOP SIGN/FLASHER,FUNCTIONING PROPERLY,SNOW,DAYLIGHT,REAR END,NOT DIVIDED,2,STRAIGHT AND LEVEL,SNOW OR SLUSH,NO DEFECTS,NOT ON SCENE (DESK REPORT),NO INJURY / DRIVE AWAY,,,,"$501 - $1,500",11/10/2017 9:45,WEATHER,FOLLOWING TOO CLOSELY,1799,W,GRANVILLE AVE,2433,,,,,,,2,NO INDICATION OF INJURY,0,0,0,0,0,2,0,9,6,11,41.99424574,-87.67481691,POINT (-87.674816906669 41.994245737467),1
JA506151,,11/10/2017 9:33,30,STOP SIGN/FLASHER,FUNCTIONING PROPERLY,SNOW,DAYLIGHT,PEDESTRIAN,DIVIDED - W/MEDIAN (NOT RAISED),2,STRAIGHT AND LEVEL,SNOW OR SLUSH,NO DEFECTS,ON SCENE,INJURY AND / OR TOW DUE TO CRASH,N,,Y,$500 OR LESS,11/10/2017 9:40,FAILING TO YIELD RIGHT-OF-WAY,WEATHER,900,N,ORLEANS ST,1823,,,,,,,2,"REPORTED, NOT EVIDENT",1,0,0,0,1,1,0,9,6,11,41.89897902,-87.63741021,POINT (-87.637410212028 41.898979021041),1
JA506197,,11/10/2017 9:40,35,TRAFFIC SIGNAL,FUNCTIONING PROPERLY,SNOW,DAYLIGHT,OTHER OBJECT,NOT DIVIDED,,STRAIGHT AND LEVEL,SNOW OR SLUSH,NO DEFECTS,ON SCENE,NO INJURY / DRIVE AWAY,Y,,,"$501 - $1,500",11/10/2017 9:47,WEATHER,EXCEEDING SAFE SPEED FOR CONDITIONS,1503,N,LAKE SHORE DR,1824,,,,Y,MAINTENANCE,,1,NO INDICATION OF INJURY,0,0,0,0,0,1,0,9,6,11,41.9096703,-87.62602694,POINT (-87.626026944409 41.909670301136),1
JA506156,,11/10/2017 9:40,30,TRAFFIC SIGNAL,FUNCTIONING PROPERLY,SNOW,DAYLIGHT,ANGLE,DIVIDED - W/MEDIAN (NOT RAISED),,STRAIGHT AND LEVEL,SNOW OR SLUSH,NO DEFECTS,ON SCENE,NO INJURY / DRIVE AWAY,Y,,,"OVER $1,500",11/10/2017 9:44,FAILING TO YIELD RIGHT-OF-WAY,WEATHER,732,W,PERSHING RD,915,,,,,,,2,NO INDICATION OF INJURY,0,0,0,0,0,5,0,9,6,11,41.82358252,-87.64486597,POINT (-87.644865965619 41.823582521938),1
JA506266,,11/10/2017 9:45,30,NO CONTROLS,NO CONTROLS,RAIN,DAYLIGHT,REAR END,NOT DIVIDED,4,STRAIGHT AND LEVEL,SNOW OR SLUSH,NO DEFECTS,NOT ON SCENE (DESK REPORT),NO INJURY / DRIVE AWAY,,,,"OVER $1,500",11/10/2017 10:45,FOLLOWING TOO CLOSELY,WEATHER,3635,W,DEVON AVE,1711,,,,,,,3,NO INDICATION OF INJURY,0,0,0,0,0,3,0,9,6,11,41.99716147,-87.72035787,POINT (-87.720357873197 41.997161473312),1
JA506219,,11/10/2017 9:45,30,NO CONTROLS,NO CONTROLS,SNOW,DAYLIGHT,SIDESWIPE SAME DIRECTION,DIVIDED - W/MEDIAN (NOT RAISED),4,STRAIGHT ON GRADE,SNOW OR SLUSH,NO DEFECTS,ON SCENE,INJURY AND / OR TOW DUE TO CRASH,,,,"OVER $1,500",11/10/2017 9:50,WEATHER,NOT APPLICABLE,5545,N,WESTERN AVE,2012,,,,,,,4,NO INDICATION OF INJURY,0,0,0,0,0,2,0,9,6,11,41.98269408,-87.68928008,POINT (-87.689280076553 41.982694080656),1
JA506264,,11/10/2017 9:45,30,NO CONTROLS,NO CONTROLS,SNOW,DAYLIGHT,SIDESWIPE SAME DIRECTION,DIVIDED - W/MEDIAN (NOT RAISED),,STRAIGHT AND LEVEL,SNOW OR SLUSH,NO DEFECTS,,NO INJURY / DRIVE AWAY,,,Y,"OVER $1,500",11/10/2017 10:40,UNABLE TO DETERMINE,UNABLE TO DETERMINE,532,E,35TH ST,211,,,,,,,2,NO INDICATION OF INJURY,0,0,0,0,0,2,0,9,6,11,41.83132343,-87.61164655,POINT (-87.61164654586 41.831323424964),1
JA511229,,11/10/2017 9:45,30,TRAFFIC SIGNAL,FUNCTIONING PROPERLY,SNOW,DAYLIGHT,REAR END,DIVIDED - W/MEDIAN (NOT RAISED),2,STRAIGHT AND LEVEL,SNOW OR SLUSH,NO DEFECTS,,NO INJURY / DRIVE AWAY,,,,"$501 - $1,500",11/14/2017 10:10,FOLLOWING TOO CLOSELY,NOT APPLICABLE,2099,W,CHICAGO AVE,1221,,,,,,,3,NO INDICATION OF INJURY,0,0,0,0,0,4,0,9,6,11,41.89575997,-87.67937484,POINT (-87.679374842586 41.895759971552),1
JA506221,,11/10/2017 9:48,30,NO CONTROLS,NO CONTROLS,SNOW,DAYLIGHT,SIDESWIPE SAME DIRECTION,NOT DIVIDED,,STRAIGHT AND LEVEL,SNOW OR SLUSH,NO DEFECTS,ON SCENE,NO INJURY / DRIVE AWAY,,,,"$501 - $1,500",11/10/2017 9:59,IMPROPER LANE USAGE,NOT APPLICABLE,2799,N,DAMEN AVE,1931,,,,,,,2,NO INDICATION OF INJURY,0,0,0,0,0,2,0,9,6,11,41.93216005,-87.67798709,POINT (-87.677987087117 41.932160047854),1
JA506190,,11/10/2017 9:50,30,NO CONTROLS,NO CONTROLS,SNOW,DAYLIGHT,SIDESWIPE OPPOSITE DIRECTION,DIVIDED - W/MEDIAN (NOT RAISED),4,STRAIGHT AND LEVEL,SNOW OR SLUSH,NO DEFECTS,ON SCENE,INJURY AND / OR TOW DUE TO CRASH,Y,,,"OVER $1,500",11/10/2017 9:53,WEATHER,EXCEEDING SAFE SPEED FOR CONDITIONS,2302,W,LOGAN BLVD,1432,,,,,,,3,"REPORTED, NOT EVIDENT",2,0,0,0,2,1,0,9,6,11,41.93046309,-87.68561277,POINT (-87.68561277304 41.930463089405),1
JA506519,,11/10/2017 9:50,30,TRAFFIC SIGNAL,FUNCTIONING PROPERLY,SNOW,DAYLIGHT,REAR END,ONE-WAY,,STRAIGHT AND LEVEL,SNOW OR SLUSH,UNKNOWN,NOT ON SCENE (DESK REPORT),NO INJURY / DRIVE AWAY,,,,$500 OR LESS,11/10/2017 13:33,FOLLOWING TOO CLOSELY,FOLLOWING TOO CLOSELY,2110,W,VAN BUREN ST,1225,,,,,,,2,NO INDICATION OF INJURY,0,0,0,0,0,4,0,9,6,11,41.87629111,-87.67945736,POINT (-87.679457361633 41.876291114259),1
JA506209,,11/10/2017 9:50,30,TRAFFIC SIGNAL,FUNCTIONING PROPERLY,SNOW,DAYLIGHT,REAR END,ONE-WAY,2,STRAIGHT AND LEVEL,SNOW OR SLUSH,NO DEFECTS,NOT ON SCENE (DESK REPORT),INJURY AND / OR TOW DUE TO CRASH,,,Y,"OVER $1,500",11/10/2017 10:10,WEATHER,FOLLOWING TOO CLOSELY,3401,W,HARRISON ST,1133,,,,,,,2,"REPORTED, NOT EVIDENT",1,0,0,0,1,1,0,9,6,11,41.87351722,-87.71090159,POINT (-87.710901587953 41.873517221433),1
JA506178,,11/10/2017 9:50,25,NO CONTROLS,NO CONTROLS,SNOW,DAYLIGHT,PARKED MOTOR VEHICLE,NOT DIVIDED,2,STRAIGHT AND LEVEL,SNOW OR SLUSH,NO DEFECTS,ON SCENE,NO INJURY / DRIVE AWAY,,,,"OVER $1,500",11/10/2017 10:12,UNABLE TO DETERMINE,UNABLE TO DETERMINE,1456,E,54TH ST,234,,,,,,,2,NO INDICATION OF INJURY,0,0,0,0,0,1,0,9,6,11,41.79818427,-87.58947424,POINT (-87.589474237402 41.798184268767),1
JA506194,,11/10/2017 9:50,30,TRAFFIC SIGNAL,FUNCTIONING PROPERLY,SNOW,DAYLIGHT,REAR END,NOT DIVIDED,2,STRAIGHT AND LEVEL,SNOW OR SLUSH,UNKNOWN,NOT ON SCENE (DESK REPORT),NO INJURY / DRIVE AWAY,,,,"$501 - $1,500",11/10/2017 10:19,UNABLE TO DETERMINE,NOT APPLICABLE,1600,W,ADAMS ST,1224,,,,,,,2,NO INDICATION OF INJURY,0,0,0,0,0,2,0,9,6,11,41.87900287,-87.66687985,POINT (-87.666879852995 41.879002865298),1