RD_NO,CRASH_DATE_EST_I,CRASH_DATE,POSTED_SPEED_LIMIT,TRAFFIC_CONTROL_DEVICE,DEVICE_CONDITION,WEATHER_CONDITION,LIGHTING_CONDITION,FIRST_CRASH_TYPE,TRAFFICWAY_TYPE,LANE_CNT,ALIGNMENT,ROADWAY_SURFACE_COND,ROAD_DEFECT,REPORT_TYPE,CRASH_TYPE,INTERSECTION_RELATED_I,NOT_RIGHT_OF_WAY_I,HIT_AND_RUN_I,DAMAGE,DATE_POLICE_NOTIFIED,PRIM_CONTRIBUTORY_CAUSE,SEC_CONTRIBUTORY_CAUSE,STREET_NO,STREET_DIRECTION,STREET_NAME,BEAT_OF_OCCURRENCE,PHOTOS_TAKEN_I,STATEMENTS_TAKEN_I,DOORING_I,WORK_ZONE_I,WORK_ZONE_TYPE,WORKERS_PRESENT_I,NUM_UNITS,MOST_SEVERE_INJURY,INJURIES_TOTAL,INJURIES_FATAL,INJURIES_INCAPACITATING,INJURIES_NON_INCAPACITATING,INJURIES_REPORTED_NOT_EVIDENT,INJURIES_NO_INDICATION,INJURIES_UNKNOWN,CRASH_HOUR,CRASH_DAY_OF_WEEK,CRASH_MONTH,LATITUDE,LONGITUDE,LOCATION,Join
JA506315,,11/10/2017 9:50,25,STOP SIGN/FLASHER,FUNCTIONING PROPERLY,SNOW,DAYLIGHT,REAR END,NOT DIVIDED,4,STRAIGHT AND LEVEL,SNOW OR SLUSH,NO DEFECTS,NOT ON SCENE (DESK REPORT),NO INJURY / DRIVE AWAY,,,Y,"OVER $1,500",11/10/2017 11:07,UNABLE TO DETERMINE,UNABLE TO DETERMINE,4359,W,ROOSEVELT RD,1011,,,,,,,2,NO INDICATION OF INJURY,0,0,0,0,0,2,0,9,6,11,41.86592405,-87.73490028,POINT (-87.734900280994 41.865924045778),1
JA506273,,11/10/2017 9:50,30,STOP SIGN/FLASHER,FUNCTIONING PROPERLY,SNOW,DAYLIGHT,ANGLE,NOT DIVIDED,2,STRAIGHT AND LEVEL,SNOW OR SLUSH,NO DEFECTS,NOT ON SCENE (DESK REPORT),NO INJURY / DRIVE AWAY,Y,,,"OVER $1,500",11/10/2017 10:45,UNABLE TO DETERMINE,UNABLE TO DETERMINE,7200,S,DR MARTIN LUTHER KING JR DR,323,,,,,,,2,NO INDICATION OF INJURY,0,0,0,0,0,2,0,9,6,11,41.76379176,-87.61539362,POINT (-87.615393616365 41.763791761446),1
JA506272,,11/10/2017 9:53,10,NO CONTROLS,NO CONTROLS,SNOW,DAYLIGHT,FIXED OBJECT,PARKING LOT,1,STRAIGHT AND LEVEL,SNOW OR SLUSH,NO DEFECTS,,INJURY AND / OR TOW DUE TO CRASH,,Y,,"OVER $1,500",11/10/2017 9:54,"OPERATING VEHICLE IN ERRATIC, RECKLESS, CARELESS, NEGLIGENT OR AGGRESSIVE MANNER",FAILING TO REDUCE SPEED TO AVOID CRASH,4614,S,PULASKI RD,815,,,,,,,1,NO INDICATION OF INJURY,0,0,0,0,0,1,0,9,6,11,41.80921293,-87.72378016,POINT (-87.723780159657 41.80921292483),1
JA506175,,11/10/2017 9:53,30,TRAFFIC SIGNAL,FUNCTIONING PROPERLY,SNOW,DAYLIGHT,PEDESTRIAN,NOT DIVIDED,4,STRAIGHT AND LEVEL,SNOW OR SLUSH,NO DEFECTS,ON SCENE,INJURY AND / OR TOW DUE TO CRASH,Y,,,$500 OR LESS,11/10/2017 10:11,FAILING TO YIELD RIGHT-OF-WAY,WEATHER,800,N,LARRABEE ST,1822,,Y,,,,,2,NONINCAPACITATING INJURY,1,0,0,1,0,1,0,9,6,11,41.89652792,-87.64307574,POINT (-87.643075741773 41.896527921751),1
JA506240,,11/10/2017 9:55,30,NO CONTROLS,NO CONTROLS,OTHER,DAYLIGHT,SIDESWIPE SAME DIRECTION,NOT DIVIDED,2,STRAIGHT AND LEVEL,WET,NO DEFECTS,ON SCENE,NO INJURY / DRIVE AWAY,,,,$500 OR LESS,11/10/2017 10:02,WEATHER,NOT APPLICABLE,327,N,DAMEN AVE,1223,,,,,,,2,NO INDICATION OF INJURY,0,0,0,0,0,2,0,9,6,11,41.88763273,-87.67666898,POINT (-87.676668984351 41.887632727018),1
JA506237,,11/10/2017 9:55,30,TRAFFIC SIGNAL,FUNCTIONING PROPERLY,SNOW,DAYLIGHT,TURNING,NOT DIVIDED,2,STRAIGHT AND LEVEL,WET,NO DEFECTS,NOT ON SCENE (DESK REPORT),NO INJURY / DRIVE AWAY,Y,,,"$501 - $1,500",11/10/2017 10:30,FAILING TO YIELD RIGHT-OF-WAY,NOT APPLICABLE,5331,W,LAWRENCE AVE,1623,,,,,,,2,NO INDICATION OF INJURY,0,0,0,0,0,2,0,9,6,11,41.96776982,-87.76070343,POINT (-87.760703429685 41.967769815741),1
JA506256,,11/10/2017 9:55,30,TRAFFIC SIGNAL,FUNCTIONING PROPERLY,SNOW,DAYLIGHT,TURNING,NOT DIVIDED,0,STRAIGHT AND LEVEL,WET,NO DEFECTS,NOT ON SCENE (DESK REPORT),NO INJURY / DRIVE AWAY,Y,,,"OVER $1,500",11/10/2017 10:30,FAILING TO YIELD RIGHT-OF-WAY,UNABLE TO DETERMINE,5538,W,FOSTER AVE,1623,,,,,,,2,NO INDICATION OF INJURY,0,0,0,0,0,2,0,9,6,11,41.9757955,-87.7677946,POINT (-87.767794600366 41.975795501135),1
JA506308,,11/10/2017 9:55,35,NO CONTROLS,NO CONTROLS,SNOW,DAYLIGHT,REAR END,NOT DIVIDED,,STRAIGHT AND LEVEL,SNOW OR SLUSH,NO DEFECTS,NOT ON SCENE (DESK REPORT),NO INJURY / DRIVE AWAY,,,,"$501 - $1,500",11/10/2017 10:50,UNABLE TO DETERMINE,UNABLE TO DETERMINE,4001,W,DEVON AVE,1711,,,,,,,2,NO INDICATION OF INJURY,0,0,0,0,0,2,0,9,6,11,41.99712908,-87.72896987,POINT (-87.728969867863 41.997129083534),1
JA506188,,11/10/2017 9:58,30,TRAFFIC SIGNAL,FUNCTIONING PROPERLY,SNOW,DAYLIGHT,TURNING,NOT DIVIDED,2,STRAIGHT AND LEVEL,SNOW OR SLUSH,UNKNOWN,NOT ON SCENE (DESK REPORT),NO INJURY / DRIVE AWAY,Y,,,"$501 - $1,500",11/10/2017 10:14,WEATHER,WEATHER,1600,N,CALIFORNIA AVE,1421,,,,,,,2,NO INDICATION OF INJURY,0,0,0,0,0,4,0,9,6,11,41.91031515,-87.69717472,POINT (-87.697174719012 41.910315146253),1
JA506288,,11/10/2017 9:59,30,TRAFFIC SIGNAL,FUNCTIONING PROPERLY,SNOW,DAYLIGHT,REAR END,DIVIDED - W/MEDIAN (NOT RAISED),4,STRAIGHT ON GRADE,SNOW OR SLUSH,NO DEFECTS,NOT ON SCENE (DESK REPORT),INJURY AND / OR TOW DUE TO CRASH,Y,,,$500 OR LESS,11/10/2017 10:00,WEATHER,UNABLE TO DETERMINE,4801,W,PETERSON AVE,1621,,,,,,,2,"REPORTED, NOT EVIDENT",1,0,0,0,1,1,0,9,6,11,41.98978849,-87.74837384,POINT (-87.748373844489 41.989788488824),1
JA506269,,11/10/2017 9:59,30,NO CONTROLS,NO CONTROLS,SNOW,DAYLIGHT,TURNING,DIVIDED - W/MEDIAN (NOT RAISED),,STRAIGHT AND LEVEL,SNOW OR SLUSH,NO DEFECTS,NOT ON SCENE (DESK REPORT),NO INJURY / DRIVE AWAY,Y,,,"OVER $1,500",11/10/2017 10:08,IMPROPER TURNING/NO SIGNAL,IMPROPER LANE USAGE,6099,N,RAVENSWOOD AVE,2433,,,,,,,2,NO INDICATION OF INJURY,0,0,0,0,0,4,0,9,6,11,41.99204401,-87.67514767,POINT (-87.675147673044 41.992044006166),1
JA506284,,11/10/2017 10:00,25,NO CONTROLS,NO CONTROLS,CLEAR,DAYLIGHT,PARKED MOTOR VEHICLE,NOT DIVIDED,1,STRAIGHT AND LEVEL,WET,NO DEFECTS,NOT ON SCENE (DESK REPORT),NO INJURY / DRIVE AWAY,,,,$500 OR LESS,11/10/2017 11:00,UNABLE TO DETERMINE,NOT APPLICABLE,1313,W,109TH PL,2234,,,,,,,2,NO INDICATION OF INJURY,0,0,0,0,0,1,0,10,6,11,41.69482352,-87.65519806,POINT (-87.655198056577 41.694823518933),1
JA506247,,11/10/2017 10:00,30,STOP SIGN/FLASHER,FUNCTIONING PROPERLY,SNOW,DAYLIGHT,TURNING,NOT DIVIDED,1,STRAIGHT AND LEVEL,SNOW OR SLUSH,NO DEFECTS,NOT ON SCENE (DESK REPORT),NO INJURY / DRIVE AWAY,Y,,,"OVER $1,500",11/10/2017 10:30,WEATHER,WEATHER,1400,N,CLAREMONT AVE,1424,,,,,,,2,NO INDICATION OF INJURY,0,0,0,0,0,2,0,10,6,11,41.90677514,-87.68605598,POINT (-87.686055976666 41.906775136191),1
JA506235,,11/10/2017 10:00,30,NO CONTROLS,NO CONTROLS,SNOW,DAYLIGHT,TURNING,NOT DIVIDED,2,STRAIGHT AND LEVEL,SNOW OR SLUSH,NO DEFECTS,NOT ON SCENE (DESK REPORT),NO INJURY / DRIVE AWAY,,,,"OVER $1,500",11/10/2017 10:19,FAILING TO YIELD RIGHT-OF-WAY,IMPROPER TURNING/NO SIGNAL,2746,W,DIVISION ST,1423,,,,,,,2,NO INDICATION OF INJURY,0,0,0,0,0,3,0,10,6,11,41.90303982,-87.69629886,POINT (-87.696298855481 41.903039822433),1
JA506322,,11/10/2017 10:00,30,TRAFFIC SIGNAL,FUNCTIONING PROPERLY,SNOW,DAYLIGHT,SIDESWIPE SAME DIRECTION,NOT DIVIDED,4,STRAIGHT AND LEVEL,SNOW OR SLUSH,NO DEFECTS,NOT ON SCENE (DESK REPORT),INJURY AND / OR TOW DUE TO CRASH,,,Y,"OVER $1,500",11/10/2017 11:12,UNABLE TO DETERMINE,UNABLE TO DETERMINE,3127,W,FIFTH AVE,1124,,,,,,,2,NONINCAPACITATING INJURY,1,0,0,1,0,1,0,10,6,11,41.87858229,-87.7048493,POINT (-87.70484929802 41.878582290674),1
JA508816,,11/10/2017 10:00,0,TRAFFIC SIGNAL,FUNCTIONING PROPERLY,CLOUDY/OVERCAST,DAYLIGHT,REAR END,NOT DIVIDED,4,STRAIGHT AND LEVEL,DRY,NO DEFECTS,NOT ON SCENE (DESK REPORT),NO INJURY / DRIVE AWAY,,,,"OVER $1,500",11/12/2017 10:20,EXCEEDING SAFE SPEED FOR CONDITIONS,DRIVING SKILLS/KNOWLEDGE/EXPERIENCE,3000,S,ARCHER AVE,913,,,,,,,2,NO INDICATION OF INJURY,0,0,0,0,0,2,0,10,6,11,41.84014456,-87.66133946,POINT (-87.661339460978 41.840144558215),1
JA506201,,11/10/2017 10:00,30,TRAFFIC SIGNAL,FUNCTIONING PROPERLY,SNOW,DAYLIGHT,REAR END,DIVIDED - W/MEDIAN (NOT RAISED),2,STRAIGHT AND LEVEL,SNOW OR SLUSH,NO DEFECTS,NOT ON SCENE (DESK REPORT),NO INJURY / DRIVE AWAY,,,,"$501 - $1,500",11/10/2017 10:35,WEATHER,WEATHER,2392,W,FULLERTON AVE,1432,,,,,,,2,NO INDICATION OF INJURY,0,0,0,0,0,2,0,10,6,11,41.92501066,-87.68761779,POINT (-87.687617786941 41.925010655979),1
JA506336,,11/10/2017 10:00,25,STOP SIGN/FLASHER,FUNCTIONING PROPERLY,SNOW,DAYLIGHT,SIDESWIPE OPPOSITE DIRECTION,NOT DIVIDED,2,STRAIGHT AND LEVEL,WET,NO DEFECTS,NOT ON SCENE (DESK REPORT),NO INJURY / DRIVE AWAY,Y,,,"OVER $1,500",11/10/2017 11:10,UNABLE TO DETERMINE,NOT APPLICABLE,500,W,29TH ST,914,,,,,,,2,NO INDICATION OF INJURY,0,0,0,0,0,2,0,10,6,11,41.84188118,-87.63988448,POINT (-87.639884479597 41.841881176794),1
JA506658,,11/10/2017 10:00,30,TRAFFIC SIGNAL,FUNCTIONING PROPERLY,CLOUDY/OVERCAST,DAYLIGHT,REAR END,DIVIDED - W/MEDIAN (NOT RAISED),4,STRAIGHT AND LEVEL,WET,NO DEFECTS,NOT ON SCENE (DESK REPORT),NO INJURY / DRIVE AWAY,Y,,,$500 OR LESS,11/10/2017 15:15,UNABLE TO DETERMINE,NOT APPLICABLE,2209,S,WESTERN AVE,1034,,,,,,,2,NO INDICATION OF INJURY,0,0,0,0,0,2,0,10,6,11,41.8517147,-87.68548411,POINT (-87.685484107727 41.851714697644),1
JA506196,,11/10/2017 10:00,25,STOP SIGN/FLASHER,FUNCTIONING PROPERLY,SNOW,DAYLIGHT,REAR END,DIVIDED - W/MEDIAN (NOT RAISED),,STRAIGHT AND LEVEL,SNOW OR SLUSH,NO DEFECTS,ON SCENE,INJURY AND / OR TOW DUE TO CRASH,,,Y,"$501 - $1,500",11/10/2017 10:10,FOLLOWING TOO CLOSELY,WEATHER,2236,W,GRANVILLE AVE,2413,,,,,,,2,NONINCAPACITATING INJURY,1,0,0,1,0,1,0,10,6,11,41.99426143,-87.68631619,POINT (-87.68631618831 41.994261432946),1
JA506174,,11/10/2017 10:00,30,NO CONTROLS,NO CONTROLS,SNOW,DAYLIGHT,SIDESWIPE SAME DIRECTION,DIVIDED - W/MEDIAN BARRIER,4,STRAIGHT AND LEVEL,SNOW OR SLUSH,NO DEFECTS,NOT ON SCENE (DESK REPORT),NO INJURY / DRIVE AWAY,,,,"OVER $1,500",11/10/2017 10:20,UNABLE TO DETERMINE,UNABLE TO DETERMINE,2400,N,LAKE SHORE DR SB,1935,,,,,,,2,NO INDICATION OF INJURY,0,0,0,0,0,2,0,10,6,11,41.92616072,-87.63151467,POINT (-87.631514664826 41.926160719812),1
JA506886,,11/10/2017 10:00,30,NO CONTROLS,NO CONTROLS,SNOW,DAYLIGHT,PARKED MOTOR VEHICLE,NOT DIVIDED,2,STRAIGHT AND LEVEL,WET,NO DEFECTS,ON SCENE,NO INJURY / DRIVE AWAY,,,Y,"OVER $1,500",11/10/2017 17:02,UNABLE TO DETERMINE,NOT APPLICABLE,6645,N,OLIPHANT AVE,1612,,,,,,,2,NO INDICATION OF INJURY,0,0,0,0,0,1,0,10,6,11,42.00140549,-87.81736068,POINT (-87.817360679818 42.00140548868),1
JA506218,,11/10/2017 10:00,30,TRAFFIC SIGNAL,FUNCTIONING PROPERLY,SNOW,DAYLIGHT,REAR END,NOT DIVIDED,2,STRAIGHT AND LEVEL,SNOW OR SLUSH,NO DEFECTS,NOT ON SCENE (DESK REPORT),NO INJURY / DRIVE AWAY,,,,"OVER $1,500",11/10/2017 10:25,FOLLOWING TOO CLOSELY,NOT APPLICABLE,5653,N,LINCOLN AVE,2011,,,,,,,2,NO INDICATION OF INJURY,0,0,0,0,0,2,0,10,6,11,41.98430061,-87.69687101,POINT (-87.696871008101 41.984300613841),1
JA506205,,11/10/2017 10:00,30,NO CONTROLS,NO CONTROLS,SNOW,DAYLIGHT,SIDESWIPE SAME DIRECTION,ONE-WAY,,STRAIGHT AND LEVEL,SNOW OR SLUSH,NO DEFECTS,NOT ON SCENE (DESK REPORT),NO INJURY / DRIVE AWAY,,,,$500 OR LESS,11/10/2017 10:10,WEATHER,NOT APPLICABLE,1701,W,CONGRESS PKWY,1231,,,,,,,2,NO INDICATION OF INJURY,0,0,0,0,0,2,0,10,6,11,41.87503099,-87.66913837,POINT (-87.669138368557 41.87503099014),1
JA506333,,11/10/2017 10:00,30,NO CONTROLS,NO CONTROLS,SNOW,DAYLIGHT,REAR END,DIVIDED - W/MEDIAN (NOT RAISED),4,STRAIGHT ON GRADE,SNOW OR SLUSH,NO DEFECTS,NOT ON SCENE (DESK REPORT),NO INJURY / DRIVE AWAY,,,,"OVER $1,500",11/10/2017 11:20,UNABLE TO DETERMINE,NOT APPLICABLE,451,N,COLUMBUS DR,1834,,,,,,,2,NO INDICATION OF INJURY,0,0,0,0,0,3,0,10,6,11,41.8900963,-87.62016967,POINT (-87.620169669145 41.890096297182),1
JA506263,,11/10/2017 10:00,30,TRAFFIC SIGNAL,FUNCTIONING PROPERLY,SNOW,DAYLIGHT,SIDESWIPE SAME DIRECTION,DIVIDED - W/MEDIAN (NOT RAISED),,STRAIGHT AND LEVEL,WET,OTHER,ON SCENE,INJURY AND / OR TOW DUE TO CRASH,Y,,,"OVER $1,500",11/10/2017 10:40,IMPROPER LANE USAGE,FAILING TO YIELD RIGHT-OF-WAY,4801,N,NAGLE AVE,1622,,,,,,,2,NO INDICATION OF INJURY,0,0,0,0,0,4,0,10,6,11,41.96843392,-87.78786656,POINT (-87.787866562515 41.968433923187),1
JA506450,,11/10/2017 10:00,30,TRAFFIC SIGNAL,FUNCTIONING PROPERLY,SNOW,DAYLIGHT,TURNING,DIVIDED - W/MEDIAN (NOT RAISED),4,STRAIGHT AND LEVEL,WET,NO DEFECTS,NOT ON SCENE (DESK REPORT),NO INJURY / DRIVE AWAY,,,,"OVER $1,500",11/10/2017 12:30,WEATHER,NOT APPLICABLE,1410,W,CERMAK RD,1235,,,,,,,2,NO INDICATION OF INJURY,0,0,0,0,0,2,0,10,6,11,41.85252004,-87.66167016,POINT (-87.661670155783 41.852520042074),1
JA506191,,11/10/2017 10:00,30,TRAFFIC SIGNAL,FUNCTIONING PROPERLY,SNOW,DAYLIGHT,SIDESWIPE SAME DIRECTION,DIVIDED - W/MEDIAN BARRIER,4,STRAIGHT AND LEVEL,SNOW OR SLUSH,NO DEFECTS,NOT ON SCENE (DESK REPORT),NO INJURY / DRIVE AWAY,,,,"$501 - $1,500",11/10/2017 10:20,DISREGARDING STOP SIGN,UNABLE TO DETERMINE,5685,N,LINCOLN AVE,2011,,,,,,,3,NO INDICATION OF INJURY,0,0,0,0,0,3,0,10,6,11,41.98480379,-87.69773233,POINT (-87.69773233366 41.984803790604),1
JA506350,,11/10/2017 10:00,30,TRAFFIC SIGNAL,FUNCTIONING PROPERLY,SNOW,DAYLIGHT,REAR END,NOT DIVIDED,4,STRAIGHT AND LEVEL,SNOW OR SLUSH,NO DEFECTS,NOT ON SCENE (DESK REPORT),NO INJURY / DRIVE AWAY,,,,"OVER $1,500",11/10/2017 11:40,FOLLOWING TOO CLOSELY,NOT APPLICABLE,1817,W,PETERSON AVE,2012,,,,,,,2,NO INDICATION OF INJURY,0,0,0,0,0,2,0,10,6,11,41.99063099,-87.67591482,POINT (-87.675914817206 41.990630990268),1
JA506203,,11/10/2017 10:00,30,TRAFFIC SIGNAL,FUNCTIONING PROPERLY,SNOW,DAYLIGHT,SIDESWIPE SAME DIRECTION,DIVIDED - W/MEDIAN BARRIER,6,STRAIGHT ON GRADE,SNOW OR SLUSH,NO DEFECTS,ON SCENE,INJURY AND / OR TOW DUE TO CRASH,,,,"OVER $1,500",11/10/2017 10:06,WEATHER,NOT APPLICABLE,300,N,STATE ST,1831,,,,,,,2,NO INDICATION OF INJURY,0,0,0,0,0,2,0,10,6,11,41.88755787,-87.62815307,POINT (-87.628153064672 41.887557872813),1
JA507652,,11/10/2017 10:00,30,NO CONTROLS,NO CONTROLS,SNOW,DAYLIGHT,REAR END,NOT DIVIDED,,STRAIGHT AND LEVEL,SNOW OR SLUSH,NO DEFECTS,NOT ON SCENE (DESK REPORT),NO INJURY / DRIVE AWAY,,,,"OVER $1,500",11/11/2017 10:50,UNABLE TO DETERMINE,UNABLE TO DETERMINE,1727,N,ELSTON AVE,1433,,,,,,,2,NO INDICATION OF INJURY,0,0,0,0,0,2,0,10,6,11,41.91378584,-87.66426517,POINT (-87.66426517376 41.913785841118),1
JA506199,,11/10/2017 10:01,30,NO CONTROLS,NO CONTROLS,SNOW,DAYLIGHT,HEAD ON,NOT DIVIDED,2,STRAIGHT AND LEVEL,SNOW OR SLUSH,NO DEFECTS,ON SCENE,INJURY AND / OR TOW DUE TO CRASH,,,,"OVER $1,500",11/10/2017 10:01,UNABLE TO DETERMINE,WEATHER,3758,W,ADDISON ST,1732,,,,,,,2,"REPORTED, NOT EVIDENT",1,0,0,0,1,1,0,10,6,11,41.94655114,-87.7223873,POINT (-87.722387298215 41.94655114298),1
JA506204,,11/10/2017 10:02,30,TRAFFIC SIGNAL,FUNCTIONING PROPERLY,CLEAR,DAYLIGHT,REAR END,NOT DIVIDED,2,STRAIGHT AND LEVEL,SNOW OR SLUSH,NO DEFECTS,ON SCENE,NO INJURY / DRIVE AWAY,,,,$500 OR LESS,11/10/2017 10:08,WEATHER,UNABLE TO DETERMINE,6198,N,JERSEY AVE,1711,,,,,,,2,NO INDICATION OF INJURY,0,0,0,0,0,3,0,10,6,11,41.99290144,-87.71170039,POINT (-87.711700384865 41.992901443463),1
JA506195,,11/10/2017 10:05,30,NO CONTROLS,NO CONTROLS,SNOW,DAYLIGHT,PARKED MOTOR VEHICLE,NOT DIVIDED,,STRAIGHT AND LEVEL,SNOW OR SLUSH,NO DEFECTS,ON SCENE,INJURY AND / OR TOW DUE TO CRASH,,,,"OVER $1,500",11/10/2017 10:07,FAILING TO REDUCE SPEED TO AVOID CRASH,EXCEEDING SAFE SPEED FOR CONDITIONS,850,W,29TH ST,913,,,,,,,2,NO INDICATION OF INJURY,0,0,0,0,0,4,0,10,6,11,41.84172319,-87.64819049,POINT (-87.648190486951 41.841723187152),1
JA506410,,11/10/2017 10:05,35,STOP SIGN/FLASHER,FUNCTIONING PROPERLY,SNOW,DAYLIGHT,REAR END,NOT DIVIDED,2,STRAIGHT AND LEVEL,SNOW OR SLUSH,NO DEFECTS,NOT ON SCENE (DESK REPORT),NO INJURY / DRIVE AWAY,,,,"$501 - $1,500",11/10/2017 11:32,UNABLE TO DETERMINE,NOT APPLICABLE,401,N,STATE ST,1834,,,,,,,3,NO INDICATION OF INJURY,0,0,0,0,0,5,0,10,6,11,41.88926542,-87.62786766,POINT (-87.627867657864 41.889265415961),1
JA506253,,11/10/2017 10:05,30,TRAFFIC SIGNAL,FUNCTIONING PROPERLY,SNOW,DAYLIGHT,REAR END,DIVIDED - W/MEDIAN (NOT RAISED),,STRAIGHT AND LEVEL,SNOW OR SLUSH,NO DEFECTS,NOT ON SCENE (DESK REPORT),NO INJURY / DRIVE AWAY,,,,"OVER $1,500",11/10/2017 10:40,FOLLOWING TOO CLOSELY,WEATHER,4699,N,ELSTON AVE,1722,,,,,,,3,NO INDICATION OF INJURY,0,0,0,0,0,3,0,10,6,11,41.96637,-87.73738944,POINT (-87.737389434746 41.966369999316),1
JA506259,,11/10/2017 10:10,30,TRAFFIC SIGNAL,FUNCTIONING PROPERLY,SNOW,DAYLIGHT,REAR END,NOT DIVIDED,,STRAIGHT AND LEVEL,SNOW OR SLUSH,NO DEFECTS,NOT ON SCENE (DESK REPORT),NO INJURY / DRIVE AWAY,,,,"OVER $1,500",11/10/2017 10:40,WEATHER,FOLLOWING TOO CLOSELY,4696,W,BELMONT AVE,1731,,,,,,,3,NO INDICATION OF INJURY,0,0,0,0,0,4,0,10,6,11,41.93897889,-87.74386669,POINT (-87.743866692611 41.93897888892),1
JA506265,,11/10/2017 10:10,30,NO CONTROLS,NO CONTROLS,SNOW,DAYLIGHT,SIDESWIPE SAME DIRECTION,DIVIDED - W/MEDIAN (NOT RAISED),2,STRAIGHT AND LEVEL,SNOW OR SLUSH,NO DEFECTS,NOT ON SCENE (DESK REPORT),NO INJURY / DRIVE AWAY,Y,,,"$501 - $1,500",11/10/2017 10:42,WEATHER,UNABLE TO DETERMINE,664,S,ASHLAND AVE,1231,,,,,,,2,NO INDICATION OF INJURY,0,0,0,0,0,2,0,10,6,11,41.87296317,-87.66671851,POINT (-87.666718507308 41.872963170346),1
JA506250,,11/10/2017 10:13,30,NO CONTROLS,NO CONTROLS,SNOW,DAYLIGHT,REAR END,NOT DIVIDED,2,STRAIGHT AND LEVEL,SNOW OR SLUSH,NO DEFECTS,ON SCENE,INJURY AND / OR TOW DUE TO CRASH,,,,"OVER $1,500",11/10/2017 10:15,FOLLOWING TOO CLOSELY,NOT APPLICABLE,4164,N,ELSTON AVE,1723,,,,,,,2,NO INDICATION OF INJURY,0,0,0,0,0,2,0,10,6,11,41.95656844,-87.7235701,POINT (-87.723570103944 41.956568440333),1
JA506262,,11/10/2017 10:14,30,STOP SIGN/FLASHER,FUNCTIONING PROPERLY,SNOW,DAYLIGHT,PARKED MOTOR VEHICLE,DIVIDED - W/MEDIAN (NOT RAISED),2,STRAIGHT AND LEVEL,SNOW OR SLUSH,NO DEFECTS,ON SCENE,NO INJURY / DRIVE AWAY,,,,"OVER $1,500",11/10/2017 10:19,WEATHER,NOT APPLICABLE,703,W,WILLOW ST,1813,,,,,,,2,NO INDICATION OF INJURY,0,0,0,0,0,1,0,10,6,11,41.91375377,-87.64609347,POINT (-87.646093469217 41.913753774226),1
JA506200,,11/10/2017 10:15,30,STOP SIGN/FLASHER,FUNCTIONING PROPERLY,SNOW,DAYLIGHT,REAR END,NOT DIVIDED,2,STRAIGHT AND LEVEL,WET,NO DEFECTS,NOT ON SCENE (DESK REPORT),NO INJURY / DRIVE AWAY,Y,,,"$501 - $1,500",11/10/2017 10:21,WEATHER,FOLLOWING TOO CLOSELY,6499,N,ASHLAND AVE,2432,,,,,,,2,NO INDICATION OF INJURY,0,0,0,0,0,2,0,10,6,11,41.99987242,-87.67029336,POINT (-87.670293354922 41.999872423756),1
JA517760,,11/10/2017 10:15,30,STOP SIGN/FLASHER,NO CONTROLS,OTHER,DAYLIGHT,REAR END,DIVIDED - W/MEDIAN (NOT RAISED),2,STRAIGHT AND LEVEL,ICE,NO DEFECTS,NOT ON SCENE (DESK REPORT),NO INJURY / DRIVE AWAY,,,,$500 OR LESS,11/19/2017 11:20,FOLLOWING TOO CLOSELY,WEATHER,1325,E,MARQUETTE RD,321,,,,,,,2,NO INDICATION OF INJURY,0,0,0,0,0,2,0,10,6,11,41.77496495,-87.59344558,POINT (-87.593445577447 41.774964945038),1
JA506353,Y,11/10/2017 10:15,25,STOP SIGN/FLASHER,NO CONTROLS,SNOW,DAYLIGHT,REAR END,ONE-WAY,2,STRAIGHT AND LEVEL,SNOW OR SLUSH,NO DEFECTS,NOT ON SCENE (DESK REPORT),NO INJURY / DRIVE AWAY,,,,"OVER $1,500",11/10/2017 11:30,UNABLE TO DETERMINE,UNABLE TO DETERMINE,820,W,RANDOLPH ST,1224,,,,,,,2,NO INDICATION OF INJURY,0,0,0,0,0,2,0,10,6,11,41.88450187,-87.64837368,POINT (-87.648373676559 41.884501867816),1
JA506241,,11/10/2017 10:15,35,NO CONTROLS,NO CONTROLS,SNOW,DAYLIGHT,REAR END,NOT DIVIDED,4,STRAIGHT AND LEVEL,WET,NO DEFECTS,ON SCENE,INJURY AND / OR TOW DUE TO CRASH,,,,"OVER $1,500",11/10/2017 10:20,FAILING TO REDUCE SPEED TO AVOID CRASH,UNABLE TO DETERMINE,5900,N,WESTERN AVE,2011,,,,,,,2,NO INDICATION OF INJURY,0,0,0,0,0,4,0,10,6,11,41.98872319,-87.68975791,POINT (-87.689757912292 41.988723190415),1
JA507289,,11/10/2017 10:15,35,NO CONTROLS,NO CONTROLS,SNOW,DAYLIGHT,REAR END,NOT DIVIDED,2,STRAIGHT AND LEVEL,SNOW OR SLUSH,NO DEFECTS,NOT ON SCENE (DESK REPORT),INJURY AND / OR TOW DUE TO CRASH,,,,$500 OR LESS,11/11/2017 1:30,UNABLE TO DETERMINE,UNABLE TO DETERMINE,100,W,GOETHE ST,1821,,,,,,,2,NONINCAPACITATING INJURY,1,0,0,1,0,1,0,10,6,11,41.90588995,-87.63154323,POINT (-87.63154323343 41.905889951058),1
JA506379,,11/10/2017 10:15,30,TRAFFIC SIGNAL,FUNCTIONING PROPERLY,SNOW,DAYLIGHT,PARKED MOTOR VEHICLE,DIVIDED - W/MEDIAN (NOT RAISED),2,STRAIGHT AND LEVEL,ICE,NO DEFECTS,NOT ON SCENE (DESK REPORT),NO INJURY / DRIVE AWAY,,,,"OVER $1,500",11/10/2017 11:55,UNABLE TO DETERMINE,NOT APPLICABLE,603,N,FRANKLIN ST,1831,,,,,,,2,NO INDICATION OF INJURY,0,0,0,0,0,1,0,10,6,11,41.89248212,-87.63545146,POINT (-87.635451456425 41.892482115995),1