RD_NO,CRASH_DATE_EST_I,CRASH_DATE,POSTED_SPEED_LIMIT,TRAFFIC_CONTROL_DEVICE,DEVICE_CONDITION,WEATHER_CONDITION,LIGHTING_CONDITION,FIRST_CRASH_TYPE,TRAFFICWAY_TYPE,LANE_CNT,ALIGNMENT,ROADWAY_SURFACE_COND,ROAD_DEFECT,REPORT_TYPE,CRASH_TYPE,INTERSECTION_RELATED_I,NOT_RIGHT_OF_WAY_I,HIT_AND_RUN_I,DAMAGE,DATE_POLICE_NOTIFIED,PRIM_CONTRIBUTORY_CAUSE,SEC_CONTRIBUTORY_CAUSE,STREET_NO,STREET_DIRECTION,STREET_NAME,BEAT_OF_OCCURRENCE,PHOTOS_TAKEN_I,STATEMENTS_TAKEN_I,DOORING_I,WORK_ZONE_I,WORK_ZONE_TYPE,WORKERS_PRESENT_I,NUM_UNITS,MOST_SEVERE_INJURY,INJURIES_TOTAL,INJURIES_FATAL,INJURIES_INCAPACITATING,INJURIES_NON_INCAPACITATING,INJURIES_REPORTED_NOT_EVIDENT,INJURIES_NO_INDICATION,INJURIES_UNKNOWN,CRASH_HOUR,CRASH_DAY_OF_WEEK,CRASH_MONTH,LATITUDE,LONGITUDE,LOCATION,Join
JA506293,,11/10/2017 10:17,30,NO CONTROLS,NO CONTROLS,SNOW,UNKNOWN,SIDESWIPE SAME DIRECTION,NOT DIVIDED,2,STRAIGHT AND LEVEL,SNOW OR SLUSH,UNKNOWN,ON SCENE,NO INJURY / DRIVE AWAY,,,,"OVER $1,500",11/10/2017 10:18,UNABLE TO DETERMINE,IMPROPER OVERTAKING/PASSING,3011,W,TOUHY AVE,2411,,,,,,,2,NO INDICATION OF INJURY,0,0,0,0,0,3,0,10,6,11,42.01184313,-87.70493454,POINT (-87.704934536626 42.011843134017),1
JA506431,,11/10/2017 10:20,30,NO CONTROLS,NO CONTROLS,SNOW,DAYLIGHT,REAR END,NOT DIVIDED,4,STRAIGHT AND LEVEL,SNOW OR SLUSH,NO DEFECTS,,INJURY AND / OR TOW DUE TO CRASH,,,,"OVER $1,500",11/10/2017 12:13,FAILING TO REDUCE SPEED TO AVOID CRASH,EXCEEDING SAFE SPEED FOR CONDITIONS,5931,W,TOUHY AVE,1621,,,,,,,3,NO INDICATION OF INJURY,0,0,0,0,0,4,0,10,6,11,42.01185894,-87.7754346,POINT (-87.775434598262 42.011858941066),1
JA506271,,11/10/2017 10:20,30,TRAFFIC SIGNAL,FUNCTIONING PROPERLY,SNOW,DAYLIGHT,TURNING,NOT DIVIDED,2,STRAIGHT AND LEVEL,SNOW OR SLUSH,NO DEFECTS,NOT ON SCENE (DESK REPORT),NO INJURY / DRIVE AWAY,Y,,,"OVER $1,500",11/10/2017 10:45,FAILING TO YIELD RIGHT-OF-WAY,IMPROPER LANE USAGE,2609,N,MILWAUKEE AVE,1412,,,,,,,2,NO INDICATION OF INJURY,0,0,0,0,0,3,0,10,6,11,41.92915459,-87.70730802,POINT (-87.707308016679 41.929154592581),1
JA506281,,11/10/2017 10:20,30,TRAFFIC SIGNAL,FUNCTIONING PROPERLY,SNOW,DAYLIGHT,REAR END,NOT DIVIDED,4,STRAIGHT AND LEVEL,SNOW OR SLUSH,NO DEFECTS,NOT ON SCENE (DESK REPORT),NO INJURY / DRIVE AWAY,,,,"OVER $1,500",11/10/2017 10:45,FOLLOWING TOO CLOSELY,WEATHER,5600,N,RIDGE AVE,2013,,,,,,,2,NO INDICATION OF INJURY,0,0,0,0,0,2,0,10,6,11,41.98357807,-87.66022781,POINT (-87.660227804932 41.983578070853),1
JA506388,,11/10/2017 10:20,30,STOP SIGN/FLASHER,FUNCTIONING PROPERLY,SNOW,DAYLIGHT,ANGLE,NOT DIVIDED,2,STRAIGHT AND LEVEL,ICE,NO DEFECTS,NOT ON SCENE (DESK REPORT),NO INJURY / DRIVE AWAY,Y,,,"OVER $1,500",11/10/2017 11:00,WEATHER,WEATHER,1800,W,BERTEAU AVE,1912,,,,,,,2,NO INDICATION OF INJURY,0,0,0,0,0,2,0,10,6,11,41.95797949,-87.6743577,POINT (-87.674357696058 41.95797949142),1
JA506225,,11/10/2017 10:20,30,NO CONTROLS,NO CONTROLS,RAIN,DAYLIGHT,REAR END,NOT DIVIDED,,STRAIGHT AND LEVEL,SNOW OR SLUSH,NO DEFECTS,NOT ON SCENE (DESK REPORT),NO INJURY / DRIVE AWAY,,,,$500 OR LESS,11/10/2017 10:30,WEATHER,NOT APPLICABLE,1401,W,15TH ST,1233,,,,,,,2,NO INDICATION OF INJURY,0,0,0,0,0,2,0,10,6,11,41.86142126,-87.66153845,POINT (-87.66153845042 41.861421260313),1
JA506244,,11/10/2017 10:20,40,TRAFFIC SIGNAL,FUNCTIONING PROPERLY,SNOW,DAYLIGHT,REAR END,RAMP,2,STRAIGHT ON GRADE,SNOW OR SLUSH,NO DEFECTS,ON SCENE,INJURY AND / OR TOW DUE TO CRASH,N,,,"OVER $1,500",11/10/2017 10:25,WEATHER,NOT APPLICABLE,4001,N,LAKE SHORE DR NB,1925,,,,,,,2,NO INDICATION OF INJURY,0,0,0,0,0,2,0,10,6,11,41.95471959,-87.64443416,POINT (-87.644434158905 41.954719592904),1
JA506236,,11/10/2017 10:20,30,TRAFFIC SIGNAL,FUNCTIONING PROPERLY,SNOW,DAYLIGHT,REAR END,DIVIDED - W/MEDIAN BARRIER,4,STRAIGHT AND LEVEL,ICE,NO DEFECTS,ON SCENE,NO INJURY / DRIVE AWAY,Y,,,"OVER $1,500",11/10/2017 10:21,WEATHER,NOT APPLICABLE,5001,N,ASHLAND AVE,2032,,,,,,,2,NO INDICATION OF INJURY,0,0,0,0,0,2,0,10,6,11,41.97256118,-87.66939407,POINT (-87.669394064743 41.972561181343),1
JA506637,,11/10/2017 10:20,30,TRAFFIC SIGNAL,FUNCTIONING PROPERLY,SNOW,DAYLIGHT,REAR END,DIVIDED - W/MEDIAN (NOT RAISED),2,STRAIGHT AND LEVEL,SNOW OR SLUSH,NO DEFECTS,NOT ON SCENE (DESK REPORT),NO INJURY / DRIVE AWAY,Y,,,$500 OR LESS,11/10/2017 15:10,FOLLOWING TOO CLOSELY,WEATHER,1208,N,LARAMIE AVE,2532,,,,,,,2,NO INDICATION OF INJURY,0,0,0,0,0,2,0,10,6,11,41.90256448,-87.75592824,POINT (-87.755928236048 41.902564476913),1
JA506936,,11/10/2017 10:25,30,NO CONTROLS,NO CONTROLS,SNOW,DAYLIGHT,PARKED MOTOR VEHICLE,ONE-WAY,2,STRAIGHT AND LEVEL,SNOW OR SLUSH,NO DEFECTS,NOT ON SCENE (DESK REPORT),NO INJURY / DRIVE AWAY,,,,"OVER $1,500",11/10/2017 18:19,UNABLE TO DETERMINE,NOT APPLICABLE,39,W,OHIO ST,1831,,,,,,,2,NO INDICATION OF INJURY,0,0,0,0,0,1,0,10,6,11,41.89233879,-87.6295965,POINT (-87.62959649776 41.892338790403),1
JA506282,,11/10/2017 10:25,25,NO CONTROLS,NOT FUNCTIONING,SNOW,DAYLIGHT,SIDESWIPE SAME DIRECTION,ONE-WAY,1,STRAIGHT AND LEVEL,SNOW OR SLUSH,NO DEFECTS,ON SCENE,INJURY AND / OR TOW DUE TO CRASH,,,,"OVER $1,500",11/10/2017 10:30,EXCEEDING AUTHORIZED SPEED LIMIT,NOT APPLICABLE,11209,S,HERMOSA AVE,2212,,,,,,,2,NO INDICATION OF INJURY,0,0,0,0,0,2,0,10,6,11,41.68975724,-87.66772754,POINT (-87.667727543693 41.689757238743),1
JA506289,Y,11/10/2017 10:28,25,NO CONTROLS,NO CONTROLS,SNOW,DAYLIGHT,REAR END,NOT DIVIDED,2,STRAIGHT AND LEVEL,SNOW OR SLUSH,NO DEFECTS,NOT ON SCENE (DESK REPORT),NO INJURY / DRIVE AWAY,,,,"OVER $1,500",11/10/2017 11:02,UNABLE TO DETERMINE,UNABLE TO DETERMINE,747,N,LA SALLE DR,1832,,,,,,,2,NO INDICATION OF INJURY,0,0,0,0,0,2,0,10,6,11,41.89600252,-87.63255123,POINT (-87.632551225923 41.896002515022),1
JA506366,,11/10/2017 10:29,30,STOP SIGN/FLASHER,FUNCTIONING PROPERLY,SNOW,DAYLIGHT,REAR END,NOT DIVIDED,,STRAIGHT AND LEVEL,SNOW OR SLUSH,NO DEFECTS,NOT ON SCENE (DESK REPORT),NO INJURY / DRIVE AWAY,,,,"$501 - $1,500",11/10/2017 11:40,WEATHER,NOT APPLICABLE,3600,N,PINE GROVE AVE,1925,,,,,,,2,NO INDICATION OF INJURY,0,0,0,0,0,2,0,10,6,11,41.94793278,-87.64571191,POINT (-87.645711906555 41.94793278258),1
JA511286,,11/10/2017 10:30,25,NO CONTROLS,NO CONTROLS,CLOUDY/OVERCAST,DAYLIGHT,REAR END,ONE-WAY,1,STRAIGHT AND LEVEL,SNOW OR SLUSH,UNKNOWN,NOT ON SCENE (DESK REPORT),NO INJURY / DRIVE AWAY,,,,$500 OR LESS,11/14/2017 10:55,FOLLOWING TOO CLOSELY,FOLLOWING TOO CLOSELY,2232,N,LEAVITT ST,1432,,,,,,,2,NO INDICATION OF INJURY,0,0,0,0,0,2,0,10,6,11,41.92229633,-87.68282265,POINT (-87.682822652384 41.922296325168),1
JA506364,,11/10/2017 10:30,30,TRAFFIC SIGNAL,FUNCTIONING PROPERLY,CLEAR,DAYLIGHT,REAR END,ONE-WAY,2,STRAIGHT AND LEVEL,WET,NO DEFECTS,NOT ON SCENE (DESK REPORT),NO INJURY / DRIVE AWAY,,,,"$501 - $1,500",11/10/2017 11:25,FOLLOWING TOO CLOSELY,FOLLOWING TOO CLOSELY,1700,W,VAN BUREN ST,1231,,,,,,,2,NO INDICATION OF INJURY,0,0,0,0,0,2,0,10,6,11,41.87642685,-87.66917652,POINT (-87.669176520302 41.876426852211),1
JA506302,,11/10/2017 10:30,30,NO CONTROLS,NO CONTROLS,SNOW,DAYLIGHT,ANGLE,NOT DIVIDED,4,STRAIGHT AND LEVEL,SNOW OR SLUSH,NO DEFECTS,NOT ON SCENE (DESK REPORT),NO INJURY / DRIVE AWAY,Y,,,"OVER $1,500",11/10/2017 11:05,UNABLE TO DETERMINE,UNABLE TO DETERMINE,5700,N,MAGNOLIA AVE,2013,,,,,,,2,NO INDICATION OF INJURY,0,0,0,0,0,2,0,10,6,11,41.98579335,-87.66156379,POINT (-87.661563793007 41.985793354064),1
JA506386,,11/10/2017 10:30,30,TRAFFIC SIGNAL,FUNCTIONING PROPERLY,RAIN,DAYLIGHT,REAR END,NOT DIVIDED,,STRAIGHT AND LEVEL,SNOW OR SLUSH,NO DEFECTS,NOT ON SCENE (DESK REPORT),NO INJURY / DRIVE AWAY,,,,$500 OR LESS,11/10/2017 11:45,WEATHER,UNABLE TO DETERMINE,6501,N,SHERIDAN RD,2432,,,,,,,3,NO INDICATION OF INJURY,0,0,0,0,0,3,0,10,6,11,42.0002812,-87.66055814,POINT (-87.660558137679 42.000281200033),1
JA508022,,11/10/2017 10:30,30,STOP SIGN/FLASHER,FUNCTIONING PROPERLY,SNOW,DAYLIGHT,REAR END,NOT DIVIDED,1,STRAIGHT AND LEVEL,ICE,UNKNOWN,,NO INJURY / DRIVE AWAY,Y,,,"$501 - $1,500",11/11/2017 15:40,FOLLOWING TOO CLOSELY,WEATHER,1333,W,WRIGHTWOOD AVE,1932,,,,,,,2,NO INDICATION OF INJURY,0,0,0,0,0,5,0,10,6,11,41.92875743,-87.66228747,POINT (-87.662287470976 41.928757429607),1
JA506396,,11/10/2017 10:30,30,NO CONTROLS,NO CONTROLS,SNOW,DAYLIGHT,REAR END,ONE-WAY,2,STRAIGHT AND LEVEL,SNOW OR SLUSH,NO DEFECTS,NOT ON SCENE (DESK REPORT),NO INJURY / DRIVE AWAY,,,,"$501 - $1,500",11/10/2017 11:50,WEATHER,FOLLOWING TOO CLOSELY,2197,W,CONGRESS PKWY,1225,,,,,,,2,NO INDICATION OF INJURY,0,0,0,0,0,2,0,10,6,11,41.87483145,-87.68124503,POINT (-87.681245024862 41.87483145177),1
JA506760,,11/10/2017 10:30,35,NO CONTROLS,NO CONTROLS,CLEAR,DAYLIGHT,PARKED MOTOR VEHICLE,OTHER,,STRAIGHT AND LEVEL,DRY,UNKNOWN,NOT ON SCENE (DESK REPORT),NO INJURY / DRIVE AWAY,,,Y,"OVER $1,500",11/10/2017 16:25,UNABLE TO DETERMINE,UNABLE TO DETERMINE,121,E,37TH ST,212,,,,,,,2,NO INDICATION OF INJURY,0,0,0,0,0,1,0,10,6,11,41.82729551,-87.62216573,POINT (-87.622165733383 41.82729550742),1
JA509001,,11/10/2017 10:30,30,TRAFFIC SIGNAL,FUNCTIONING PROPERLY,CLEAR,DAYLIGHT,SIDESWIPE SAME DIRECTION,NOT DIVIDED,2,STRAIGHT AND LEVEL,DRY,NO DEFECTS,NOT ON SCENE (DESK REPORT),NO INJURY / DRIVE AWAY,,,,"OVER $1,500",11/12/2017 13:56,IMPROPER OVERTAKING/PASSING,DRIVING SKILLS/KNOWLEDGE/EXPERIENCE,5500,S,CICERO AVE,813,,,,,,,2,NO INDICATION OF INJURY,0,0,0,0,0,2,0,10,6,11,41.79291088,-87.74207734,POINT (-87.742077342959 41.792910883497),1
JA506328,,11/10/2017 10:30,30,NO CONTROLS,NO CONTROLS,SNOW,DAYLIGHT,ANGLE,NOT DIVIDED,2,STRAIGHT AND LEVEL,WET,NO DEFECTS,ON SCENE,NO INJURY / DRIVE AWAY,,,Y,"$501 - $1,500",11/10/2017 10:40,FAILING TO YIELD RIGHT-OF-WAY,NOT APPLICABLE,935,W,CHESTNUT ST,1213,,,,,,,2,NO INDICATION OF INJURY,0,0,0,0,0,2,0,10,6,11,41.89833529,-87.65140012,POINT (-87.651400120998 41.898335292668),1
JA506270,,11/10/2017 10:30,30,NO CONTROLS,NO CONTROLS,SNOW,DAYLIGHT,PARKED MOTOR VEHICLE,NOT DIVIDED,2,STRAIGHT AND LEVEL,SNOW OR SLUSH,UNKNOWN,NOT ON SCENE (DESK REPORT),NO INJURY / DRIVE AWAY,,,,"OVER $1,500",11/10/2017 10:52,UNABLE TO DETERMINE,NOT APPLICABLE,3113,W,CERMAK RD,1033,,,,,,,2,NO INDICATION OF INJURY,0,0,0,0,0,3,0,10,6,11,41.85168036,-87.7034207,POINT (-87.703420702318 41.851680360885),1
JA506326,,11/10/2017 10:30,30,NO CONTROLS,NO CONTROLS,SNOW,DAYLIGHT,SIDESWIPE SAME DIRECTION,NOT DIVIDED,6,STRAIGHT AND LEVEL,WET,NO DEFECTS,NOT ON SCENE (DESK REPORT),NO INJURY / DRIVE AWAY,,,,"OVER $1,500",11/10/2017 11:15,WEATHER,UNABLE TO DETERMINE,3925,S,CICERO AVE,1031,,,,,,,2,NO INDICATION OF INJURY,0,0,0,0,0,5,0,10,6,11,41.82134111,-87.74337246,POINT (-87.743372458435 41.821341108461),1
JA506320,,11/10/2017 10:30,30,NO CONTROLS,NO CONTROLS,SNOW,DAYLIGHT,PARKED MOTOR VEHICLE,NOT DIVIDED,4,STRAIGHT AND LEVEL,SNOW OR SLUSH,NO DEFECTS,ON SCENE,INJURY AND / OR TOW DUE TO CRASH,,,,"OVER $1,500",11/10/2017 10:32,WEATHER,WEATHER,6240,N,BROADWAY,2433,,,,,,,4,"REPORTED, NOT EVIDENT",1,0,0,0,1,1,0,10,6,11,41.99573426,-87.66058811,POINT (-87.660588107583 41.995734255489),1
JA506482,,11/10/2017 10:30,30,TRAFFIC SIGNAL,FUNCTIONING PROPERLY,SNOW,DAYLIGHT,REAR END,NOT DIVIDED,,STRAIGHT AND LEVEL,WET,UNKNOWN,NOT ON SCENE (DESK REPORT),NO INJURY / DRIVE AWAY,,,,"$501 - $1,500",11/10/2017 13:10,UNABLE TO DETERMINE,UNABLE TO DETERMINE,4353,W,GRAND AVE,2534,,,,,,,2,NO INDICATION OF INJURY,0,0,0,0,0,5,0,10,6,11,41.90966181,-87.73557052,POINT (-87.735570521523 41.909661811436),1
JA507825,,11/10/2017 10:30,20,NO CONTROLS,NO CONTROLS,SNOW,DAYLIGHT,PARKED MOTOR VEHICLE,NOT DIVIDED,1,STRAIGHT AND LEVEL,ICE,UNKNOWN,NOT ON SCENE (DESK REPORT),NO INJURY / DRIVE AWAY,,,Y,"OVER $1,500",11/11/2017 13:15,UNABLE TO DETERMINE,UNABLE TO DETERMINE,1769,W,SUNNYSIDE AVE,1912,,,,,,,2,NO INDICATION OF INJURY,0,0,0,0,0,1,0,10,6,11,41.96324527,-87.67361419,POINT (-87.673614187782 41.963245266688),1
JA510513,,11/10/2017 10:30,30,NO CONTROLS,NO CONTROLS,SNOW,DAYLIGHT,REAR END,ONE-WAY,1,STRAIGHT AND LEVEL,SNOW OR SLUSH,UNKNOWN,NOT ON SCENE (DESK REPORT),NO INJURY / DRIVE AWAY,,,,"OVER $1,500",11/13/2017 16:50,WEATHER,FOLLOWING TOO CLOSELY,643,W,WELLINGTON AVE,1934,,,,,,,2,NO INDICATION OF INJURY,0,0,0,0,0,3,0,10,6,11,41.93636275,-87.64590024,POINT (-87.645900239628 41.93636274485),1
JA506319,,11/10/2017 10:30,30,NO CONTROLS,NO CONTROLS,SNOW,DAYLIGHT,SIDESWIPE OPPOSITE DIRECTION,NOT DIVIDED,,STRAIGHT ON GRADE,WET,NO DEFECTS,NOT ON SCENE (DESK REPORT),NO INJURY / DRIVE AWAY,,,,"$501 - $1,500",11/10/2017 11:00,WEATHER,UNABLE TO DETERMINE,1650,W,PRATT BLVD,2431,,,,,,,2,NO INDICATION OF INJURY,0,0,0,0,0,2,0,10,6,11,42.00546427,-87.67192435,POINT (-87.671924346918 42.005464265118),1
JA507747,,11/10/2017 10:30,30,STOP SIGN/FLASHER,FUNCTIONING PROPERLY,SNOW,DAYLIGHT,TURNING,DIVIDED - W/MEDIAN (NOT RAISED),,STRAIGHT AND LEVEL,SNOW OR SLUSH,NO DEFECTS,NOT ON SCENE (DESK REPORT),NO INJURY / DRIVE AWAY,,,,"OVER $1,500",11/11/2017 12:25,WEATHER,WEATHER,7101,N,CALDWELL AVE,1621,,,,,,,2,NO INDICATION OF INJURY,0,0,0,0,0,2,0,10,6,11,42.01023138,-87.78703874,POINT (-87.787038736708 42.010231380136),1
JA506283,,11/10/2017 10:30,30,TRAFFIC SIGNAL,FUNCTIONING PROPERLY,SNOW,DAYLIGHT,REAR END,NOT DIVIDED,4,STRAIGHT AND LEVEL,WET,NO DEFECTS,NOT ON SCENE (DESK REPORT),NO INJURY / DRIVE AWAY,,,,"OVER $1,500",11/10/2017 11:55,FOLLOWING TOO CLOSELY,NOT APPLICABLE,5614,N,WESTERN AVE,2011,,,,,,,2,NO INDICATION OF INJURY,0,0,0,0,0,2,0,10,6,11,41.98365429,-87.68960702,POINT (-87.689607017443 41.983654284725),1
JA506803,,11/10/2017 10:30,20,NO CONTROLS,NO CONTROLS,SNOW,DAYLIGHT,TURNING,NOT DIVIDED,4,STRAIGHT AND LEVEL,SNOW OR SLUSH,NO DEFECTS,NOT ON SCENE (DESK REPORT),NO INJURY / DRIVE AWAY,,N,,"$501 - $1,500",11/10/2017 16:40,WEATHER,NOT APPLICABLE,2112,W,PETERSON AVE,2413,,,,,,,2,NO INDICATION OF INJURY,0,0,0,0,0,2,0,10,6,11,41.99072922,-87.68297945,POINT (-87.682979453599 41.990729217961),1
JA506385,,11/10/2017 10:30,30,NO CONTROLS,NO CONTROLS,SNOW,DAYLIGHT,REAR END,NOT DIVIDED,4,STRAIGHT AND LEVEL,WET,NO DEFECTS,NOT ON SCENE (DESK REPORT),NO INJURY / DRIVE AWAY,,,,"OVER $1,500",11/10/2017 11:54,WEATHER,UNABLE TO DETERMINE,1932,N,HUMBOLDT BLVD,1421,,Y,,,,,2,NO INDICATION OF INJURY,0,0,0,0,0,2,0,10,6,11,41.91661649,-87.7022115,POINT (-87.702211499845 41.916616494038),1
JA506487,,11/10/2017 10:30,30,NO CONTROLS,NO CONTROLS,SNOW,DAYLIGHT,PARKED MOTOR VEHICLE,ONE-WAY,,STRAIGHT AND LEVEL,SNOW OR SLUSH,UNKNOWN,NOT ON SCENE (DESK REPORT),INJURY AND / OR TOW DUE TO CRASH,,,Y,"$501 - $1,500",11/10/2017 13:11,UNABLE TO DETERMINE,UNABLE TO DETERMINE,1250,S,SAWYER AVE,1022,,,,,,,2,NO INDICATION OF INJURY,0,0,0,0,0,1,0,10,6,11,41.86482454,-87.70698729,POINT (-87.706987291967 41.864824536093),1
JA506392,,11/10/2017 10:30,30,NO CONTROLS,NO CONTROLS,RAIN,DAYLIGHT,PARKED MOTOR VEHICLE,NOT DIVIDED,2,STRAIGHT AND LEVEL,SNOW OR SLUSH,NO DEFECTS,NOT ON SCENE (DESK REPORT),NO INJURY / DRIVE AWAY,,,,"$501 - $1,500",11/10/2017 12:00,WEATHER,UNABLE TO DETERMINE,5350,N,BROADWAY,2013,,,,,,,2,NO INDICATION OF INJURY,0,0,0,0,0,1,0,10,6,11,41.9796508,-87.66010597,POINT (-87.660105970227 41.979650803957),1
JA506317,,11/10/2017 10:30,30,TRAFFIC SIGNAL,FUNCTIONING PROPERLY,SNOW,DAYLIGHT,REAR END,DIVIDED - W/MEDIAN (NOT RAISED),,STRAIGHT AND LEVEL,SNOW OR SLUSH,NO DEFECTS,ON SCENE,NO INJURY / DRIVE AWAY,Y,,,"OVER $1,500",11/10/2017 10:45,WEATHER,UNABLE TO DETERMINE,6020,N,CICERO AVE,1621,,,,,,,2,NO INDICATION OF INJURY,0,0,0,0,0,3,0,10,6,11,41.99049477,-87.74847741,POINT (-87.748477414229 41.99049477183),1
JA506429,,11/10/2017 10:30,20,STOP SIGN/FLASHER,NO CONTROLS,SNOW,DAYLIGHT,PARKED MOTOR VEHICLE,ONE-WAY,1,STRAIGHT AND LEVEL,SNOW OR SLUSH,NO DEFECTS,NOT ON SCENE (DESK REPORT),NO INJURY / DRIVE AWAY,,,,"OVER $1,500",11/10/2017 12:38,WEATHER,UNABLE TO DETERMINE,856,N,LAWNDALE AVE,1112,,,,,,,2,NO INDICATION OF INJURY,0,0,0,0,0,1,0,10,6,11,41.89710814,-87.71895518,POINT (-87.718955177996 41.897108135882),1
JA506672,,11/10/2017 10:30,30,NO CONTROLS,NO CONTROLS,SNOW,DAYLIGHT,SIDESWIPE SAME DIRECTION,NOT DIVIDED,2,STRAIGHT AND LEVEL,SNOW OR SLUSH,"RUT, HOLES",NOT ON SCENE (DESK REPORT),NO INJURY / DRIVE AWAY,,,,"OVER $1,500",11/10/2017 15:30,UNABLE TO DETERMINE,UNABLE TO DETERMINE,2545,W,HARRISON ST,1135,,,,,,,2,NO INDICATION OF INJURY,0,0,0,0,0,3,0,10,6,11,41.87373745,-87.69044049,POINT (-87.690440488691 41.8737374479),1
JA516413,,11/10/2017 10:30,30,NO CONTROLS,NO CONTROLS,SNOW,DAYLIGHT,REAR END,NOT DIVIDED,,STRAIGHT AND LEVEL,ICE,NO DEFECTS,NOT ON SCENE (DESK REPORT),NO INJURY / DRIVE AWAY,,,,"$501 - $1,500",11/18/2017 8:20,WEATHER,UNABLE TO DETERMINE,600,W,BARRY AVE,1934,,,,,,,2,NO INDICATION OF INJURY,0,0,0,0,0,2,0,10,6,11,41.93801111,-87.64446158,POINT (-87.64446157876 41.938011107041),1
JA506268,,11/10/2017 10:30,15,NO CONTROLS,NO CONTROLS,SNOW,DAYLIGHT,REAR END,RAMP,2,STRAIGHT ON HILLCREST,ICE,NO DEFECTS,ON SCENE,INJURY AND / OR TOW DUE TO CRASH,,,,"OVER $1,500",11/10/2017 10:35,WEATHER,"OPERATING VEHICLE IN ERRATIC, RECKLESS, CARELESS, NEGLIGENT OR AGGRESSIVE MANNER",6220,N,CALIFORNIA AVE,2413,,,,,,,3,NO INDICATION OF INJURY,0,0,0,0,0,3,0,10,6,11,41.99462096,-87.69968686,POINT (-87.699686862371 41.994620958775),1
JA506321,,11/10/2017 10:32,30,STOP SIGN/FLASHER,FUNCTIONING PROPERLY,SNOW,UNKNOWN,TURNING,NOT DIVIDED,2,STRAIGHT AND LEVEL,SNOW OR SLUSH,UNKNOWN,ON SCENE,INJURY AND / OR TOW DUE TO CRASH,Y,,,"OVER $1,500",11/10/2017 10:32,FAILING TO YIELD RIGHT-OF-WAY,NOT APPLICABLE,7429,N,SACRAMENTO AVE,2411,,,,,,,2,NO INDICATION OF INJURY,0,0,0,0,0,2,0,10,6,11,42.01645478,-87.70421246,POINT (-87.704212462848 42.016454783958),1
JA506267,,11/10/2017 10:35,30,STOP SIGN/FLASHER,FUNCTIONING PROPERLY,SNOW,DAYLIGHT,REAR END,NOT DIVIDED,2,STRAIGHT AND LEVEL,SNOW OR SLUSH,NO DEFECTS,ON SCENE,NO INJURY / DRIVE AWAY,,,,"$501 - $1,500",11/10/2017 11:40,FOLLOWING TOO CLOSELY,WEATHER,3053,W,LUIS MUNOZ MARIN DR N,1423,,Y,,,,,2,NO INDICATION OF INJURY,0,0,0,0,0,2,0,10,6,11,41.90947049,-87.70413486,POINT (-87.704134861394 41.909470488295),1
JA506286,,11/10/2017 10:35,30,TRAFFIC SIGNAL,FUNCTIONING PROPERLY,SNOW,DAYLIGHT,TURNING,DIVIDED - W/MEDIAN (NOT RAISED),2,STRAIGHT AND LEVEL,SNOW OR SLUSH,NO DEFECTS,NOT ON SCENE (DESK REPORT),NO INJURY / DRIVE AWAY,Y,,,"OVER $1,500",11/10/2017 11:00,WEATHER,WEATHER,2400,N,ELSTON AVE,1432,,,,,,,2,NO INDICATION OF INJURY,0,0,0,0,0,2,0,10,6,11,41.92496798,-87.67756538,POINT (-87.677565377509 41.924967983568),1
JA506657,,11/10/2017 10:40,30,TRAFFIC SIGNAL,FUNCTIONING PROPERLY,SNOW,DAYLIGHT,REAR END,DIVIDED - W/MEDIAN (NOT RAISED),2,STRAIGHT AND LEVEL,SNOW OR SLUSH,NO DEFECTS,NOT ON SCENE (DESK REPORT),NO INJURY / DRIVE AWAY,Y,,,"OVER $1,500",11/10/2017 15:00,EXCEEDING SAFE SPEED FOR CONDITIONS,WEATHER,3400,W,ARMITAGE AVE,1413,,,,,,,3,NO INDICATION OF INJURY,0,0,0,0,0,3,0,10,6,11,41.91745099,-87.71198837,POINT (-87.711988372904 41.917450988693),1
JA506365,,11/10/2017 10:40,30,TRAFFIC SIGNAL,FUNCTIONING PROPERLY,SNOW,DAYLIGHT,REAR END,NOT DIVIDED,4,STRAIGHT AND LEVEL,ICE,NO DEFECTS,NOT ON SCENE (DESK REPORT),NO INJURY / DRIVE AWAY,,,,"OVER $1,500",11/10/2017 11:48,WEATHER,WEATHER,198,W,CHICAGO AVE,1832,,,,,,,2,NO INDICATION OF INJURY,0,0,0,0,0,2,0,10,6,11,41.89670657,-87.63413086,POINT (-87.634130855908 41.896706564591),1
JA506354,,11/10/2017 10:40,30,NO CONTROLS,NO CONTROLS,SNOW,DAYLIGHT,HEAD ON,NOT DIVIDED,2,STRAIGHT AND LEVEL,SNOW OR SLUSH,UNKNOWN,NOT ON SCENE (DESK REPORT),NO INJURY / DRIVE AWAY,,,,$500 OR LESS,11/10/2017 11:38,WEATHER,NOT APPLICABLE,4460,W,31ST ST,1031,,,,,,,3,NO INDICATION OF INJURY,0,0,0,0,0,5,0,10,6,11,41.83721662,-87.73645538,POINT (-87.736455377369 41.837216621179),1