RD_NO,CRASH_DATE_EST_I,CRASH_DATE,POSTED_SPEED_LIMIT,TRAFFIC_CONTROL_DEVICE,DEVICE_CONDITION,WEATHER_CONDITION,LIGHTING_CONDITION,FIRST_CRASH_TYPE,TRAFFICWAY_TYPE,LANE_CNT,ALIGNMENT,ROADWAY_SURFACE_COND,ROAD_DEFECT,REPORT_TYPE,CRASH_TYPE,INTERSECTION_RELATED_I,NOT_RIGHT_OF_WAY_I,HIT_AND_RUN_I,DAMAGE,DATE_POLICE_NOTIFIED,PRIM_CONTRIBUTORY_CAUSE,SEC_CONTRIBUTORY_CAUSE,STREET_NO,STREET_DIRECTION,STREET_NAME,BEAT_OF_OCCURRENCE,PHOTOS_TAKEN_I,STATEMENTS_TAKEN_I,DOORING_I,WORK_ZONE_I,WORK_ZONE_TYPE,WORKERS_PRESENT_I,NUM_UNITS,MOST_SEVERE_INJURY,INJURIES_TOTAL,INJURIES_FATAL,INJURIES_INCAPACITATING,INJURIES_NON_INCAPACITATING,INJURIES_REPORTED_NOT_EVIDENT,INJURIES_NO_INDICATION,INJURIES_UNKNOWN,CRASH_HOUR,CRASH_DAY_OF_WEEK,CRASH_MONTH,LATITUDE,LONGITUDE,LOCATION,Join
JA506368,,11/10/2017 10:45,30,NO CONTROLS,NO CONTROLS,SNOW,DAYLIGHT,REAR END,ONE-WAY,1,STRAIGHT AND LEVEL,ICE,NO DEFECTS,NOT ON SCENE (DESK REPORT),INJURY AND / OR TOW DUE TO CRASH,,,,"OVER $1,500",11/10/2017 11:30,WEATHER,WEATHER,2458,N,BURLING ST,1935,,,,,,,2,"REPORTED, NOT EVIDENT",1,0,0,0,1,1,0,10,6,11,41.92711265,-87.64774144,POINT (-87.647741440354 41.927112644722),1
JA506277,,11/10/2017 10:45,30,NO CONTROLS,NO CONTROLS,SNOW,DAYLIGHT,SIDESWIPE SAME DIRECTION,DIVIDED - W/MEDIAN (NOT RAISED),,STRAIGHT AND LEVEL,SNOW OR SLUSH,NO DEFECTS,NOT ON SCENE (DESK REPORT),NO INJURY / DRIVE AWAY,,,,$500 OR LESS,11/10/2017 10:46,WEATHER,WEATHER,2000,W,PETERSON AVE,2413,,,,,,,2,NO INDICATION OF INJURY,0,0,0,0,0,2,0,10,6,11,41.99078303,-87.67996285,POINT (-87.679962853301 41.990783032256),1
JA506346,,11/10/2017 10:45,25,STOP SIGN/FLASHER,FUNCTIONING PROPERLY,SNOW,DAYLIGHT,REAR END,NOT DIVIDED,2,STRAIGHT AND LEVEL,SNOW OR SLUSH,NO DEFECTS,NOT ON SCENE (DESK REPORT),NO INJURY / DRIVE AWAY,,,,"$501 - $1,500",11/10/2017 11:15,WEATHER,FOLLOWING TOO CLOSELY,1600,W,ESTES AVE,2423,,,,,,,2,NO INDICATION OF INJURY,0,0,0,0,0,3,0,10,6,11,42.01159819,-87.67026959,POINT (-87.670269588004 42.011598193455),1
JA506629,,11/10/2017 10:45,30,NO CONTROLS,NO CONTROLS,SNOW,DAYLIGHT,PARKED MOTOR VEHICLE,NOT DIVIDED,2,STRAIGHT AND LEVEL,SNOW OR SLUSH,UNKNOWN,NOT ON SCENE (DESK REPORT),NO INJURY / DRIVE AWAY,,,Y,"OVER $1,500",11/10/2017 14:55,UNABLE TO DETERMINE,UNABLE TO DETERMINE,5209,N,DAMEN AVE,2012,,,,,,,2,NO INDICATION OF INJURY,0,0,0,0,0,1,0,10,6,11,41.97633132,-87.67926616,POINT (-87.679266161171 41.976331319944),1
JA507628,,11/10/2017 10:50,30,STOP SIGN/FLASHER,FUNCTIONING PROPERLY,SNOW,DAYLIGHT,REAR END,NOT DIVIDED,,STRAIGHT AND LEVEL,SNOW OR SLUSH,NO DEFECTS,,INJURY AND / OR TOW DUE TO CRASH,,,,"OVER $1,500",11/11/2017 10:30,FOLLOWING TOO CLOSELY,WEATHER,1232,W,WILSON AVE,1913,,,,,,,2,"REPORTED, NOT EVIDENT",1,0,0,0,1,1,0,10,6,11,41.96545708,-87.66095435,POINT (-87.660954345856 41.965457081965),1
JA506306,,11/10/2017 10:51,30,TRAFFIC SIGNAL,FUNCTIONING PROPERLY,SNOW,DUSK,REAR END,NOT DIVIDED,,STRAIGHT AND LEVEL,SNOW OR SLUSH,NO DEFECTS,ON SCENE,INJURY AND / OR TOW DUE TO CRASH,,,,"OVER $1,500",11/10/2017 10:52,DISTRACTION - FROM INSIDE VEHICLE,FOLLOWING TOO CLOSELY,450,E,103RD ST,511,,,,,,,3,"REPORTED, NOT EVIDENT",1,0,0,0,1,4,0,10,6,11,41.70745505,-87.61173132,POINT (-87.611731321164 41.70745504503),1
JA506304,,11/10/2017 10:52,30,STOP SIGN/FLASHER,FUNCTIONING PROPERLY,SNOW,DAYLIGHT,REAR END,NOT DIVIDED,2,STRAIGHT AND LEVEL,ICE,SHOULDER DEFECT,ON SCENE,NO INJURY / DRIVE AWAY,,,,"OVER $1,500",11/10/2017 10:53,DRIVING SKILLS/KNOWLEDGE/EXPERIENCE,NOT APPLICABLE,1201,W,HUBBARD ST,1215,,Y,,,,,2,NO INDICATION OF INJURY,0,0,0,0,0,2,0,10,6,11,41.88987788,-87.6574364,POINT (-87.657436403713 41.889877882856),1
JA506331,,11/10/2017 10:53,20,NO CONTROLS,NO CONTROLS,SNOW,DAYLIGHT,PARKED MOTOR VEHICLE,ONE-WAY,1,STRAIGHT AND LEVEL,SNOW OR SLUSH,UNKNOWN,ON SCENE,NO INJURY / DRIVE AWAY,,,,"$501 - $1,500",11/10/2017 11:15,WEATHER,NOT APPLICABLE,4753,N,HAMILTON AVE,1911,,,,,,,2,NO INDICATION OF INJURY,0,0,0,0,0,1,0,10,6,11,41.96852648,-87.68226735,POINT (-87.682267352373 41.968526480418),1
JA506347,,11/10/2017 10:54,25,STOP SIGN/FLASHER,FUNCTIONING PROPERLY,SNOW,DAYLIGHT,REAR END,ONE-WAY,1,STRAIGHT AND LEVEL,SNOW OR SLUSH,NO DEFECTS,NOT ON SCENE (DESK REPORT),INJURY AND / OR TOW DUE TO CRASH,,,,"OVER $1,500",11/10/2017 11:15,WEATHER,NOT APPLICABLE,1558,W,ALTGELD ST,1932,,,,,,,2,"REPORTED, NOT EVIDENT",1,0,0,0,1,2,0,10,6,11,41.92707436,-87.668152,POINT (-87.668152001528 41.927074363939),1
JA513746,,11/10/2017 11:00,30,STOP SIGN/FLASHER,FUNCTIONING PROPERLY,SNOW,DAYLIGHT,TURNING,NOT DIVIDED,2,STRAIGHT AND LEVEL,SNOW OR SLUSH,UNKNOWN,NOT ON SCENE (DESK REPORT),NO INJURY / DRIVE AWAY,Y,,,"OVER $1,500",11/16/2017 9:12,WEATHER,DISREGARDING STOP SIGN,4150,N,SOUTHPORT AVE,1912,,,,,,,2,NO INDICATION OF INJURY,0,0,0,0,0,2,0,11,6,11,41.95760379,-87.66440755,POINT (-87.664407549966 41.957603791663),1
JA506375,,11/10/2017 11:00,30,NO CONTROLS,NO CONTROLS,SNOW,DAYLIGHT,TURNING,NOT DIVIDED,,STRAIGHT AND LEVEL,SNOW OR SLUSH,NO DEFECTS,ON SCENE,NO INJURY / DRIVE AWAY,Y,,,"$501 - $1,500",11/10/2017 11:33,FAILING TO YIELD RIGHT-OF-WAY,NOT APPLICABLE,3799,N,OAK PARK AVE,1632,,,,,,,2,NO INDICATION OF INJURY,0,0,0,0,0,2,0,11,6,11,41.94902211,-87.79598338,POINT (-87.795983383994 41.949022106462),1
JA506324,,11/10/2017 11:00,35,STOP SIGN/FLASHER,FUNCTIONING PROPERLY,SNOW,DAYLIGHT,ANGLE,NOT DIVIDED,2,STRAIGHT AND LEVEL,SNOW OR SLUSH,NO DEFECTS,NOT ON SCENE (DESK REPORT),NO INJURY / DRIVE AWAY,Y,,,"OVER $1,500",11/10/2017 11:04,WEATHER,DISREGARDING STOP SIGN,5530,N,RAVENSWOOD AVE,2012,,,,,,,3,NO INDICATION OF INJURY,0,0,0,0,0,3,0,11,6,11,41.98243875,-87.67473429,POINT (-87.674734285256 41.982438753696),1
JA506351,,11/10/2017 11:00,30,STOP SIGN/FLASHER,FUNCTIONING PROPERLY,SNOW,DAYLIGHT,REAR END,DIVIDED - W/MEDIAN (NOT RAISED),,STRAIGHT AND LEVEL,SNOW OR SLUSH,NO DEFECTS,NOT ON SCENE (DESK REPORT),NO INJURY / DRIVE AWAY,Y,,,"$501 - $1,500",11/10/2017 11:33,WEATHER,WEATHER,2949,W,TOUHY AVE,2411,,,,,,,3,NO INDICATION OF INJURY,0,0,0,0,0,3,0,11,6,11,42.01186486,-87.70399614,POINT (-87.703996142124 42.011864863158),1
JA506449,,11/10/2017 11:00,20,NO CONTROLS,NO CONTROLS,SNOW,DAYLIGHT,PARKED MOTOR VEHICLE,NOT DIVIDED,2,STRAIGHT AND LEVEL,SNOW OR SLUSH,NO DEFECTS,ON SCENE,NO INJURY / DRIVE AWAY,,,Y,"OVER $1,500",11/10/2017 12:37,WEATHER,UNABLE TO DETERMINE,3004,W,ROSCOE ST,1733,,,,,,,2,NO INDICATION OF INJURY,0,0,0,0,0,1,0,11,6,11,41.94287109,-87.70326228,POINT (-87.703262283008 41.942871088835),1
JA506342,,11/10/2017 11:05,30,TRAFFIC SIGNAL,FUNCTIONING PROPERLY,CLEAR,DAYLIGHT,REAR END,NOT DIVIDED,5,STRAIGHT AND LEVEL,WET,NO DEFECTS,ON SCENE,INJURY AND / OR TOW DUE TO CRASH,Y,,,"OVER $1,500",11/10/2017 11:06,WEATHER,FOLLOWING TOO CLOSELY,9459,S,STONY ISLAND AVE,413,,,,,,,2,INCAPACITATING INJURY,1,0,1,0,0,1,0,11,6,11,41.72238669,-87.5849837,POINT (-87.584983700227 41.722386686132),1
JA506370,,11/10/2017 11:05,30,NO CONTROLS,NO CONTROLS,SNOW,DAYLIGHT,SIDESWIPE OPPOSITE DIRECTION,NOT DIVIDED,2,"CURVE, LEVEL",ICE,NO DEFECTS,ON SCENE,NO INJURY / DRIVE AWAY,,,,"OVER $1,500",11/10/2017 11:31,WEATHER,NOT APPLICABLE,1100,N,NORTH BRANCH ST,1822,,,,,,,2,NO INDICATION OF INJURY,0,0,0,0,0,4,0,11,6,11,41.90156959,-87.65401587,POINT (-87.654015873816 41.901569589465),1
JA506363,,11/10/2017 11:10,30,NO CONTROLS,NO CONTROLS,SNOW,DAYLIGHT,REAR END,ONE-WAY,1,STRAIGHT AND LEVEL,SNOW OR SLUSH,NO DEFECTS,NOT ON SCENE (DESK REPORT),NO INJURY / DRIVE AWAY,,,,"OVER $1,500",11/10/2017 12:00,WEATHER,WEATHER,830,W,ALDINE AVE,1924,,,,,,,2,NO INDICATION OF INJURY,0,0,0,0,0,2,0,11,6,11,41.94189616,-87.65058024,POINT (-87.650580235891 41.941896163823),1
JA507714,,11/10/2017 11:15,30,NO CONTROLS,NO CONTROLS,CLOUDY/OVERCAST,DAYLIGHT,REAR END,NOT DIVIDED,,STRAIGHT AND LEVEL,ICE,NO DEFECTS,NOT ON SCENE (DESK REPORT),NO INJURY / DRIVE AWAY,,,,"OVER $1,500",11/11/2017 11:55,EXCEEDING SAFE SPEED FOR CONDITIONS,FAILING TO REDUCE SPEED TO AVOID CRASH,6122,N,BROADWAY,2433,,,,,,,2,NO INDICATION OF INJURY,0,0,0,0,0,2,0,11,6,11,41.99300182,-87.6605066,POINT (-87.66050660407 41.993001819948),1
JA506893,,11/10/2017 11:15,30,NO CONTROLS,NO CONTROLS,CLEAR,DAYLIGHT,PARKED MOTOR VEHICLE,DIVIDED - W/MEDIAN (NOT RAISED),2,STRAIGHT AND LEVEL,WET,NO DEFECTS,ON SCENE,NO INJURY / DRIVE AWAY,,,Y,"OVER $1,500",11/10/2017 15:00,UNABLE TO DETERMINE,NOT APPLICABLE,3129,W,AUGUSTA BLVD,1211,,,,,,,3,NO INDICATION OF INJURY,0,0,0,0,0,1,0,11,6,11,41.89909712,-87.70547091,POINT (-87.705470910481 41.899097120992),1
JA506369,,11/10/2017 11:15,0,NO CONTROLS,NO CONTROLS,SNOW,DAYLIGHT,FIXED OBJECT,ALLEY,1,STRAIGHT AND LEVEL,ICE,UNKNOWN,ON SCENE,NO INJURY / DRIVE AWAY,,Y,,$500 OR LESS,11/10/2017 11:20,WEATHER,NOT APPLICABLE,4011,N,GREENVIEW AVE,1912,,,,,,,1,NO INDICATION OF INJURY,0,0,0,0,0,1,0,11,6,11,41.95467618,-87.66739991,POINT (-87.667399905223 41.954676180674),1
JA508931,,11/10/2017 11:20,35,UNKNOWN,UNKNOWN,SNOW,DAYLIGHT,REAR END,DIVIDED - W/MEDIAN BARRIER,2,STRAIGHT AND LEVEL,WET,NO DEFECTS,NOT ON SCENE (DESK REPORT),NO INJURY / DRIVE AWAY,,,,"$501 - $1,500",11/12/2017 12:55,FOLLOWING TOO CLOSELY,NOT APPLICABLE,437,E,PERSHING RD,214,,,,,,,2,NO INDICATION OF INJURY,0,0,0,0,0,2,0,11,6,11,41.82374783,-87.61529192,POINT (-87.615291920496 41.823747833037),1
JA506514,,11/10/2017 11:20,30,TRAFFIC SIGNAL,FUNCTIONING PROPERLY,SNOW,DAYLIGHT,REAR END,DIVIDED - W/MEDIAN BARRIER,,STRAIGHT AND LEVEL,SNOW OR SLUSH,NO DEFECTS,NOT ON SCENE (DESK REPORT),NO INJURY / DRIVE AWAY,Y,,,"$501 - $1,500",11/10/2017 13:15,FOLLOWING TOO CLOSELY,NOT APPLICABLE,803,W,RANDOLPH ST,1224,,,,,,,2,NO INDICATION OF INJURY,0,0,0,0,0,2,0,11,6,11,41.88429481,-87.6475797,POINT (-87.647579695645 41.884294811229),1
JA506416,,11/10/2017 11:20,30,NO CONTROLS,NO CONTROLS,SNOW,DAYLIGHT,REAR END,NOT DIVIDED,,STRAIGHT AND LEVEL,SNOW OR SLUSH,NO DEFECTS,NOT ON SCENE (DESK REPORT),NO INJURY / DRIVE AWAY,,,,"OVER $1,500",11/10/2017 12:28,UNABLE TO DETERMINE,UNABLE TO DETERMINE,6316,S,ASHLAND AVE,725,,,,,,,2,NO INDICATION OF INJURY,0,0,0,0,0,3,0,11,6,11,41.77892241,-87.66435268,POINT (-87.664352681092 41.778922405532),1
JA506664,,11/10/2017 11:20,30,NO CONTROLS,NO CONTROLS,SNOW,DAYLIGHT,PARKED MOTOR VEHICLE,NOT DIVIDED,4,STRAIGHT AND LEVEL,SNOW OR SLUSH,NO DEFECTS,NOT ON SCENE (DESK REPORT),NO INJURY / DRIVE AWAY,,,Y,"OVER $1,500",11/10/2017 15:20,WEATHER,NOT APPLICABLE,668,W,WRIGHTWOOD AVE,1935,,,,,,,2,NO INDICATION OF INJURY,0,0,0,0,0,1,0,11,6,11,41.92926367,-87.64544522,POINT (-87.645445223464 41.92926366628),1
JA506341,Y,11/10/2017 11:20,30,OTHER,OTHER,SNOW,DAYLIGHT,SIDESWIPE SAME DIRECTION,OTHER,2,STRAIGHT AND LEVEL,SNOW OR SLUSH,NO DEFECTS,ON SCENE,NO INJURY / DRIVE AWAY,,,,"$501 - $1,500",11/10/2017 11:21,WEATHER,NOT APPLICABLE,1305,W,WEBSTER AVE,1811,,Y,,,,,2,NO INDICATION OF INJURY,0,0,0,0,0,2,0,11,6,11,41.92152959,-87.66095537,POINT (-87.660955373531 41.92152959196),1
JA506345,,11/10/2017 11:23,30,NO CONTROLS,NO CONTROLS,SLEET/HAIL,DAYLIGHT,PARKED MOTOR VEHICLE,ONE-WAY,1,STRAIGHT AND LEVEL,ICE,NO DEFECTS,ON SCENE,INJURY AND / OR TOW DUE TO CRASH,,,,"OVER $1,500",11/10/2017 11:32,WEATHER,WEATHER,2513,W,CONGRESS PKWY,1135,,,,,,,2,NO INDICATION OF INJURY,0,0,0,0,0,1,0,11,6,11,41.87485616,-87.68928128,POINT (-87.689281280021 41.87485616243),1
JA506373,,11/10/2017 11:25,30,NO CONTROLS,NO CONTROLS,SNOW,DAYLIGHT,PARKED MOTOR VEHICLE,NOT DIVIDED,2,STRAIGHT AND LEVEL,WET,NO DEFECTS,ON SCENE,INJURY AND / OR TOW DUE TO CRASH,,,,"OVER $1,500",11/10/2017 11:27,FAILING TO REDUCE SPEED TO AVOID CRASH,EXCEEDING SAFE SPEED FOR CONDITIONS,3502,N,AUSTIN AVE,1633,,,,,,,2,NO INDICATION OF INJURY,0,0,0,0,0,1,0,11,6,11,41.94404452,-87.77657927,POINT (-87.776579272998 41.944044518866),1
JA506528,,11/10/2017 11:30,30,NO CONTROLS,NO CONTROLS,SNOW,DAYLIGHT,PARKED MOTOR VEHICLE,NOT DIVIDED,4,STRAIGHT AND LEVEL,SNOW OR SLUSH,NO DEFECTS,NOT ON SCENE (DESK REPORT),INJURY AND / OR TOW DUE TO CRASH,,,,"OVER $1,500",11/10/2017 13:45,WEATHER,UNABLE TO DETERMINE,1501,W,CHICAGO AVE,1215,,,,,,,2,NO INDICATION OF INJURY,0,0,0,0,0,1,0,11,6,11,41.89600058,-87.66494019,POINT (-87.664940192703 41.896000579285),1
JA506469,,11/10/2017 11:30,30,TRAFFIC SIGNAL,FUNCTIONING PROPERLY,CLEAR,DAYLIGHT,SIDESWIPE SAME DIRECTION,NOT DIVIDED,4,STRAIGHT AND LEVEL,WET,NO DEFECTS,NOT ON SCENE (DESK REPORT),NO INJURY / DRIVE AWAY,N,,,"OVER $1,500",11/10/2017 12:50,DISTRACTION - FROM OUTSIDE VEHICLE,IMPROPER OVERTAKING/PASSING,3000,W,CHICAGO AVE,1211,,,,,,,2,NO INDICATION OF INJURY,0,0,0,0,0,3,0,11,6,11,41.89570453,-87.70221852,POINT (-87.702218523538 41.895704524946),1
JA506390,,11/10/2017 11:30,30,NO CONTROLS,NO CONTROLS,SNOW,DAYLIGHT,SIDESWIPE SAME DIRECTION,NOT DIVIDED,,STRAIGHT AND LEVEL,ICE,NO DEFECTS,NOT ON SCENE (DESK REPORT),NO INJURY / DRIVE AWAY,,,,"OVER $1,500",11/10/2017 12:10,WEATHER,NOT APPLICABLE,2510,N,SOUTHPORT AVE,1932,,,,,,,3,NO INDICATION OF INJURY,0,0,0,0,0,3,0,11,6,11,41.92738872,-87.66354095,POINT (-87.663540951863 41.927388722396),1
JA506630,Y,11/10/2017 11:30,30,NO CONTROLS,NO CONTROLS,CLEAR,DAYLIGHT,PARKED MOTOR VEHICLE,ONE-WAY,1,STRAIGHT AND LEVEL,DRY,NO DEFECTS,ON SCENE,INJURY AND / OR TOW DUE TO CRASH,,,Y,"$501 - $1,500",11/10/2017 11:35,FAILING TO REDUCE SPEED TO AVOID CRASH,NOT APPLICABLE,8002,S,LAFLIN ST,612,,,,,,,2,NO INDICATION OF INJURY,0,0,0,0,0,1,0,11,6,11,41.74842045,-87.66110959,POINT (-87.661109590061 41.748420445583),1
JA506436,,11/10/2017 11:30,20,NO CONTROLS,NO CONTROLS,SNOW,DAYLIGHT,PARKED MOTOR VEHICLE,ONE-WAY,,STRAIGHT AND LEVEL,SNOW OR SLUSH,NO DEFECTS,ON SCENE,NO INJURY / DRIVE AWAY,,,,$500 OR LESS,11/10/2017 12:20,UNABLE TO DETERMINE,NOT APPLICABLE,2031,W,WARNER AVE,1911,,,,,,,2,NO INDICATION OF INJURY,0,0,0,0,0,1,0,11,6,11,41.95676496,-87.68015495,POINT (-87.680154949983 41.9567649553),1
JA506374,,11/10/2017 11:30,30,TRAFFIC SIGNAL,FUNCTIONING PROPERLY,SNOW,DAYLIGHT,ANGLE,NOT DIVIDED,6,STRAIGHT AND LEVEL,WET,NO DEFECTS,ON SCENE,NO INJURY / DRIVE AWAY,Y,,,"$501 - $1,500",11/10/2017 11:37,FAILING TO YIELD RIGHT-OF-WAY,FAILING TO YIELD RIGHT-OF-WAY,5558,N,PULASKI RD,1712,,,,,,,2,NO INDICATION OF INJURY,0,0,0,0,0,4,0,11,6,11,41.98273663,-87.72857756,POINT (-87.728577559745 41.982736627299),1
JA506919,N,11/10/2017 11:30,35,STOP SIGN/FLASHER,FUNCTIONING IMPROPERLY,CLEAR,DAYLIGHT,REAR END,NOT DIVIDED,4,STRAIGHT AND LEVEL,DRY,NO DEFECTS,NOT ON SCENE (DESK REPORT),INJURY AND / OR TOW DUE TO CRASH,Y,,,"$501 - $1,500",11/10/2017 17:53,CELL PHONE USE OTHER THAN TEXTING,NOT APPLICABLE,300,W,GARFIELD BLVD,935,,,,,,,3,"REPORTED, NOT EVIDENT",1,0,0,0,1,3,0,11,6,11,41.79462283,-87.63306376,POINT (-87.633063763202 41.794622829011),1
JA506383,,11/10/2017 11:32,35,NO CONTROLS,NO CONTROLS,SNOW,DAYLIGHT,PARKED MOTOR VEHICLE,NOT DIVIDED,2,STRAIGHT AND LEVEL,WET,NO DEFECTS,ON SCENE,INJURY AND / OR TOW DUE TO CRASH,,,,"OVER $1,500",11/10/2017 11:32,UNABLE TO DETERMINE,FAILING TO REDUCE SPEED TO AVOID CRASH,6130,S,PRAIRIE AVE,311,,,,,,,2,NO INDICATION OF INJURY,0,0,0,0,0,3,0,11,6,11,41.78293317,-87.61906827,POINT (-87.619068265511 41.782933164799),1
JA506384,,11/10/2017 11:35,30,NO CONTROLS,NO CONTROLS,SNOW,DAYLIGHT,REAR END,NOT DIVIDED,2,STRAIGHT AND LEVEL,SNOW OR SLUSH,NO DEFECTS,NOT ON SCENE (DESK REPORT),NO INJURY / DRIVE AWAY,,,,"OVER $1,500",11/10/2017 12:00,WEATHER,WEATHER,1432,W,LAWRENCE AVE,2033,,,,,,,2,NO INDICATION OF INJURY,0,0,0,0,0,2,0,11,6,11,41.96904035,-87.66579607,POINT (-87.665796074279 41.969040352912),1
JA506367,,11/10/2017 11:35,30,TRAFFIC SIGNAL,FUNCTIONING PROPERLY,SNOW,DAYLIGHT,TURNING,NOT DIVIDED,,STRAIGHT AND LEVEL,SNOW OR SLUSH,NO DEFECTS,ON SCENE,NO INJURY / DRIVE AWAY,,,,"OVER $1,500",11/10/2017 11:40,WEATHER,DRIVING SKILLS/KNOWLEDGE/EXPERIENCE,2100,N,AUSTIN AVE,2512,,,,,,,2,NO INDICATION OF INJURY,0,0,0,0,0,2,0,11,6,11,41.91801573,-87.77566564,POINT (-87.775665643777 41.918015728249),1
JA506955,,11/10/2017 11:40,30,TRAFFIC SIGNAL,FUNCTIONING PROPERLY,SNOW,DAYLIGHT,REAR END,DIVIDED - W/MEDIAN (NOT RAISED),,STRAIGHT AND LEVEL,SNOW OR SLUSH,NO DEFECTS,NOT ON SCENE (DESK REPORT),NO INJURY / DRIVE AWAY,Y,,,$500 OR LESS,11/10/2017 16:30,FOLLOWING TOO CLOSELY,WEATHER,832,W,BLACKHAWK ST,1822,,,,,,,2,NO INDICATION OF INJURY,0,0,0,0,0,2,0,11,6,11,41.90866163,-87.64952393,POINT (-87.649523925154 41.908661625074),1
JA506555,,11/10/2017 11:40,30,NO CONTROLS,NO CONTROLS,SNOW,DAYLIGHT,REAR END,NOT DIVIDED,,STRAIGHT AND LEVEL,SNOW OR SLUSH,NO DEFECTS,ON SCENE,INJURY AND / OR TOW DUE TO CRASH,,,Y,"OVER $1,500",11/10/2017 13:50,UNABLE TO DETERMINE,UNABLE TO DETERMINE,6359,W,SCHUBERT AVE,2512,,,,,,,2,"REPORTED, NOT EVIDENT",1,0,0,0,1,1,0,11,6,11,41.92905952,-87.78557965,POINT (-87.785579650999 41.929059524431),1
JA506758,,11/10/2017 11:42,30,STOP SIGN/FLASHER,FUNCTIONING PROPERLY,SNOW,DAYLIGHT,REAR END,DIVIDED - W/MEDIAN (NOT RAISED),2,STRAIGHT AND LEVEL,SNOW OR SLUSH,NO DEFECTS,NOT ON SCENE (DESK REPORT),NO INJURY / DRIVE AWAY,,,,"$501 - $1,500",11/10/2017 16:00,FOLLOWING TOO CLOSELY,NOT APPLICABLE,1158,W,WRIGHTWOOD AVE,1932,,,,,,,2,NO INDICATION OF INJURY,0,0,0,0,0,2,0,11,6,11,41.92903511,-87.65846058,POINT (-87.658460581365 41.929035111936),1
JA506649,,11/10/2017 11:45,30,STOP SIGN/FLASHER,FUNCTIONING PROPERLY,CLEAR,DAYLIGHT,REAR END,DIVIDED - W/MEDIAN (NOT RAISED),2,STRAIGHT AND LEVEL,WET,NO DEFECTS,NOT ON SCENE (DESK REPORT),NO INJURY / DRIVE AWAY,,,,"OVER $1,500",11/10/2017 15:00,FOLLOWING TOO CLOSELY,NOT APPLICABLE,107,S,ABERDEEN ST,1232,,,,,,,2,NO INDICATION OF INJURY,0,0,0,0,0,2,0,11,6,11,41.88012649,-87.65450172,POINT (-87.654501721435 41.880126492479),1
JA507959,,11/10/2017 11:45,20,NO CONTROLS,NO CONTROLS,SNOW,DAYLIGHT,PARKED MOTOR VEHICLE,NOT DIVIDED,2,STRAIGHT AND LEVEL,ICE,UNKNOWN,NOT ON SCENE (DESK REPORT),NO INJURY / DRIVE AWAY,,,Y,"$501 - $1,500",11/11/2017 15:07,UNABLE TO DETERMINE,WEATHER,3237,S,THROOP ST,913,,,,,,,2,NO INDICATION OF INJURY,0,0,0,0,0,1,0,11,6,11,41.8349947,-87.65821069,POINT (-87.658210691137 41.834994700366),1
JA506481,,11/10/2017 11:45,15,NO CONTROLS,NO CONTROLS,CLOUDY/OVERCAST,DAYLIGHT,PARKED MOTOR VEHICLE,ONE-WAY,,STRAIGHT AND LEVEL,SNOW OR SLUSH,NO DEFECTS,NOT ON SCENE (DESK REPORT),NO INJURY / DRIVE AWAY,,,Y,"$501 - $1,500",11/10/2017 13:00,UNABLE TO DETERMINE,NOT APPLICABLE,1151,N,LATROBE AVE,1524,,,,,,,2,NO INDICATION OF INJURY,0,0,0,0,0,2,0,11,6,11,41.90191907,-87.75685579,POINT (-87.756855784797 41.90191907022),1
JA506352,,11/10/2017 11:45,35,STOP SIGN/FLASHER,FUNCTIONING PROPERLY,SNOW,DAYLIGHT,REAR END,NOT DIVIDED,1,STRAIGHT AND LEVEL,WET,NO DEFECTS,ON SCENE,NO INJURY / DRIVE AWAY,Y,,Y,"OVER $1,500",11/10/2017 11:50,FOLLOWING TOO CLOSELY,"OPERATING VEHICLE IN ERRATIC, RECKLESS, CARELESS, NEGLIGENT OR AGGRESSIVE MANNER",3501,N,PULASKI RD,1732,,,,,,,2,NO INDICATION OF INJURY,0,0,0,0,0,2,0,11,6,11,41.94457467,-87.72719801,POINT (-87.727198007686 41.944574672671),1
JA506424,,11/10/2017 11:45,30,STOP SIGN/FLASHER,FUNCTIONING PROPERLY,SNOW,DAYLIGHT,REAR END,ONE-WAY,,STRAIGHT AND LEVEL,SNOW OR SLUSH,NO DEFECTS,ON SCENE,NO INJURY / DRIVE AWAY,,,,"OVER $1,500",11/10/2017 12:20,FOLLOWING TOO CLOSELY,WEATHER,2058,W,RICE ST,1212,,,,,,,2,NO INDICATION OF INJURY,0,0,0,0,0,3,0,11,6,11,41.89690491,-87.67940801,POINT (-87.679408006079 41.896904912816),1
JA506415,,11/10/2017 11:50,35,TRAFFIC SIGNAL,FUNCTIONING PROPERLY,CLEAR,DAYLIGHT,TURNING,DIVIDED - W/MEDIAN BARRIER,,STRAIGHT AND LEVEL,WET,NO DEFECTS,ON SCENE,INJURY AND / OR TOW DUE TO CRASH,Y,,,"OVER $1,500",11/10/2017 12:00,EQUIPMENT - VEHICLE CONDITION,NOT APPLICABLE,7901,S,LAWNDALE AVE,834,,Y,,,,,2,NO INDICATION OF INJURY,0,0,0,0,0,3,0,11,6,11,41.74951228,-87.71444283,POINT (-87.714442828411 41.749512276744),1