RD_NO,CRASH_DATE_EST_I,CRASH_DATE,POSTED_SPEED_LIMIT,TRAFFIC_CONTROL_DEVICE,DEVICE_CONDITION,WEATHER_CONDITION,LIGHTING_CONDITION,FIRST_CRASH_TYPE,TRAFFICWAY_TYPE,LANE_CNT,ALIGNMENT,ROADWAY_SURFACE_COND,ROAD_DEFECT,REPORT_TYPE,CRASH_TYPE,INTERSECTION_RELATED_I,NOT_RIGHT_OF_WAY_I,HIT_AND_RUN_I,DAMAGE,DATE_POLICE_NOTIFIED,PRIM_CONTRIBUTORY_CAUSE,SEC_CONTRIBUTORY_CAUSE,STREET_NO,STREET_DIRECTION,STREET_NAME,BEAT_OF_OCCURRENCE,PHOTOS_TAKEN_I,STATEMENTS_TAKEN_I,DOORING_I,WORK_ZONE_I,WORK_ZONE_TYPE,WORKERS_PRESENT_I,NUM_UNITS,MOST_SEVERE_INJURY,INJURIES_TOTAL,INJURIES_FATAL,INJURIES_INCAPACITATING,INJURIES_NON_INCAPACITATING,INJURIES_REPORTED_NOT_EVIDENT,INJURIES_NO_INDICATION,INJURIES_UNKNOWN,CRASH_HOUR,CRASH_DAY_OF_WEEK,CRASH_MONTH,LATITUDE,LONGITUDE,LOCATION,Join
JA506690,,11/10/2017 11:55,30,NO CONTROLS,NO CONTROLS,SNOW,DAYLIGHT,PARKED MOTOR VEHICLE,NOT DIVIDED,,STRAIGHT AND LEVEL,SNOW OR SLUSH,NO DEFECTS,NOT ON SCENE (DESK REPORT),NO INJURY / DRIVE AWAY,,,,"$501 - $1,500",11/10/2017 15:40,UNABLE TO DETERMINE,NOT APPLICABLE,30,N,RACINE AVE,1224,,,,,,,2,NO INDICATION OF INJURY,0,0,0,0,0,1,0,11,6,11,41.88254518,-87.65686504,POINT (-87.656865037607 41.882545178728),1
JA506556,,11/10/2017 11:55,30,TRAFFIC SIGNAL,FUNCTIONING PROPERLY,CLEAR,DAYLIGHT,TURNING,DIVIDED - W/MEDIAN (NOT RAISED),,STRAIGHT AND LEVEL,WET,NO DEFECTS,NOT ON SCENE (DESK REPORT),NO INJURY / DRIVE AWAY,,,Y,"$501 - $1,500",11/10/2017 12:20,DISREGARDING TRAFFIC SIGNALS,IMPROPER OVERTAKING/PASSING,401,S,ASHLAND AVE,1231,,,,,,,2,NO INDICATION OF INJURY,0,0,0,0,0,2,0,11,6,11,41.87633824,-87.66651747,POINT (-87.666517464637 41.876338238592),1
JA506525,,11/10/2017 11:55,30,STOP SIGN/FLASHER,FUNCTIONING PROPERLY,SNOW,DAYLIGHT,REAR END,NOT DIVIDED,2,STRAIGHT AND LEVEL,SNOW OR SLUSH,NO DEFECTS,NOT ON SCENE (DESK REPORT),NO INJURY / DRIVE AWAY,,,,"OVER $1,500",11/10/2017 13:30,WEATHER,UNABLE TO DETERMINE,1610,W,WRIGHTWOOD AVE,1931,,,,,,,2,NO INDICATION OF INJURY,0,0,0,0,0,2,0,11,6,11,41.92887867,-87.66875686,POINT (-87.668756862259 41.928878665321),1
JA509621,Y,11/10/2017 12:00,35,NO CONTROLS,NO CONTROLS,UNKNOWN,UNKNOWN,PARKED MOTOR VEHICLE,NOT DIVIDED,2,STRAIGHT AND LEVEL,UNKNOWN,NO DEFECTS,ON SCENE,INJURY AND / OR TOW DUE TO CRASH,,,Y,"OVER $1,500",11/13/2017 2:17,UNABLE TO DETERMINE,UNABLE TO DETERMINE,2309,W,ADDISON ST,1921,,,,,,,2,NO INDICATION OF INJURY,0,0,0,0,0,1,0,12,6,11,41.94665242,-87.68622529,POINT (-87.686225288443 41.946652419497),1
JA506874,,11/10/2017 12:00,30,NO CONTROLS,NO CONTROLS,CLEAR,DAYLIGHT,TURNING,NOT DIVIDED,2,STRAIGHT AND LEVEL,ICE,UNKNOWN,NOT ON SCENE (DESK REPORT),NO INJURY / DRIVE AWAY,,,,"OVER $1,500",11/10/2017 17:30,FAILING TO YIELD RIGHT-OF-WAY,UNABLE TO DETERMINE,1960,N,LINCOLN AVE,1814,,,,,,,3,NO INDICATION OF INJURY,0,0,0,0,0,3,0,12,6,11,41.91785733,-87.63836475,POINT (-87.638364753393 41.917857334392),1
JA506402,Y,11/10/2017 12:00,25,TRAFFIC SIGNAL,FUNCTIONING PROPERLY,SNOW,DAYLIGHT,SIDESWIPE SAME DIRECTION,ONE-WAY,3,STRAIGHT AND LEVEL,SNOW OR SLUSH,NO DEFECTS,NOT ON SCENE (DESK REPORT),NO INJURY / DRIVE AWAY,,,,"OVER $1,500",11/10/2017 12:10,UNABLE TO DETERMINE,UNABLE TO DETERMINE,400,N,DEARBORN ST,1831,,,,,,,2,NO INDICATION OF INJURY,0,0,0,0,0,2,0,12,6,11,41.88926953,-87.62973533,POINT (-87.629735331044 41.889269528172),1
JA506432,,11/10/2017 12:10,35,NO CONTROLS,NO CONTROLS,CLEAR,DAYLIGHT,SIDESWIPE SAME DIRECTION,DIVIDED - W/MEDIAN BARRIER,,STRAIGHT AND LEVEL,WET,NO DEFECTS,ON SCENE,NO INJURY / DRIVE AWAY,,,,"$501 - $1,500",11/10/2017 12:20,IMPROPER OVERTAKING/PASSING,NOT APPLICABLE,3100,W,79TH ST,835,,Y,,Y,CONSTRUCTION,,2,NO INDICATION OF INJURY,0,0,0,0,0,2,0,12,6,11,41.74997056,-87.70001589,POINT (-87.700015894037 41.749970559166),1
JA522688,,11/10/2017 12:10,30,STOP SIGN/FLASHER,FUNCTIONING PROPERLY,SNOW,DAYLIGHT,REAR END,NOT DIVIDED,2,STRAIGHT AND LEVEL,SNOW OR SLUSH,NO DEFECTS,NOT ON SCENE (DESK REPORT),NO INJURY / DRIVE AWAY,,,,"$501 - $1,500",11/23/2017 12:08,UNABLE TO DETERMINE,UNABLE TO DETERMINE,2000,W,GRANVILLE AVE,2413,,,,,,,2,NO INDICATION OF INJURY,0,0,0,0,0,2,0,12,6,11,41.99437084,-87.68001961,POINT (-87.680019611342 41.994370839743),1
JA506437,,11/10/2017 12:10,30,NO CONTROLS,NO CONTROLS,SNOW,DAYLIGHT,HEAD ON,DIVIDED - W/MEDIAN (NOT RAISED),,"CURVE, LEVEL",SNOW OR SLUSH,NO DEFECTS,ON SCENE,INJURY AND / OR TOW DUE TO CRASH,,,,"OVER $1,500",11/10/2017 12:30,WEATHER,EXCEEDING SAFE SPEED FOR CONDITIONS,2061,N,KINGSBURY ST,1811,,,,,,,2,NONINCAPACITATING INJURY,4,0,0,4,0,2,0,12,6,11,41.91896365,-87.66237251,POINT (-87.662372509543 41.91896364867),1
JA506422,N,11/10/2017 12:19,30,OTHER,OTHER,SNOW,DAYLIGHT,REAR END,OTHER,2,STRAIGHT AND LEVEL,ICE,NO DEFECTS,ON SCENE,NO INJURY / DRIVE AWAY,,,,$500 OR LESS,11/10/2017 12:19,WEATHER,NOT APPLICABLE,2100,N,RACINE AVE,1811,,Y,,,,,2,NO INDICATION OF INJURY,0,0,0,0,0,2,0,12,6,11,41.9199355,-87.65842848,POINT (-87.658428479068 41.91993549832),1
JA506480,,11/10/2017 12:20,30,TRAFFIC SIGNAL,UNKNOWN,CLEAR,DAYLIGHT,ANGLE,DIVIDED - W/MEDIAN (NOT RAISED),,STRAIGHT AND LEVEL,UNKNOWN,UNKNOWN,NOT ON SCENE (DESK REPORT),NO INJURY / DRIVE AWAY,Y,,,"$501 - $1,500",11/10/2017 12:55,UNABLE TO DETERMINE,UNABLE TO DETERMINE,601,S,CENTRAL AVE,1522,,,,,,,2,NO INDICATION OF INJURY,0,0,0,0,0,2,0,12,6,11,41.87277985,-87.7644383,POINT (-87.76443829998 41.872779849904),1
JA506498,,11/10/2017 12:29,30,STOP SIGN/FLASHER,FUNCTIONING PROPERLY,CLEAR,DAYLIGHT,HEAD ON,CENTER TURN LANE,,STRAIGHT AND LEVEL,WET,NO DEFECTS,ON SCENE,INJURY AND / OR TOW DUE TO CRASH,Y,,Y,"OVER $1,500",11/10/2017 12:30,UNABLE TO DETERMINE,UNABLE TO DETERMINE,8206,S,ANTHONY AVE,414,,,,,,,2,INCAPACITATING INJURY,1,0,1,0,0,5,0,12,6,11,41.74579816,-87.58104159,POINT (-87.58104159157 41.74579816135),1
JA506474,,11/10/2017 12:30,35,TRAFFIC SIGNAL,FUNCTIONING PROPERLY,SNOW,DAYLIGHT,FIXED OBJECT,DIVIDED - W/MEDIAN (NOT RAISED),2,STRAIGHT AND LEVEL,DRY,NO DEFECTS,ON SCENE,NO INJURY / DRIVE AWAY,Y,,Y,"OVER $1,500",11/10/2017 12:30,EXCEEDING SAFE SPEED FOR CONDITIONS,NOT APPLICABLE,6001,N,CANFIELD AVE,1612,,,,,,,1,NO INDICATION OF INJURY,0,0,0,0,0,1,0,12,6,11,41.98883388,-87.82259729,POINT (-87.822597290761 41.988833875839),1
JA506511,,11/10/2017 12:30,30,TRAFFIC SIGNAL,FUNCTIONING PROPERLY,SNOW,DAYLIGHT,SIDESWIPE SAME DIRECTION,DIVIDED - W/MEDIAN (NOT RAISED),2,STRAIGHT AND LEVEL,SNOW OR SLUSH,NO DEFECTS,NOT ON SCENE (DESK REPORT),NO INJURY / DRIVE AWAY,,,Y,"OVER $1,500",11/10/2017 12:30,IMPROPER OVERTAKING/PASSING,UNABLE TO DETERMINE,3550,W,BELMONT AVE,1732,,,,,,,2,NO INDICATION OF INJURY,0,0,0,0,0,2,0,12,6,11,41.93933067,-87.71702574,POINT (-87.717025744256 41.939330670244),1
JA506547,,11/10/2017 12:30,30,NO CONTROLS,NO CONTROLS,CLEAR,DAYLIGHT,FIXED OBJECT,NOT DIVIDED,2,"CURVE, LEVEL",WET,NO DEFECTS,ON SCENE,INJURY AND / OR TOW DUE TO CRASH,,,,"OVER $1,500",11/10/2017 13:13,UNABLE TO DETERMINE,UNABLE TO DETERMINE,8316,S,BIRKHOFF AVE,622,,,,,,,1,NO INDICATION OF INJURY,0,0,0,0,0,1,0,12,6,11,41.74297664,-87.64050588,POINT (-87.64050587714 41.742976642958),1
JA507510,,11/10/2017 12:30,30,NO CONTROLS,NO CONTROLS,CLEAR,DAYLIGHT,PARKED MOTOR VEHICLE,NOT DIVIDED,4,STRAIGHT AND LEVEL,DRY,NO DEFECTS,ON SCENE,NO INJURY / DRIVE AWAY,,,Y,"OVER $1,500",11/11/2017 7:57,UNABLE TO DETERMINE,UNABLE TO DETERMINE,742,N,CENTRAL AVE,1511,,,,,,,2,NO INDICATION OF INJURY,0,0,0,0,0,1,0,12,6,11,41.89423406,-87.76551716,POINT (-87.765517158285 41.89423406368),1
JA506448,,11/10/2017 12:30,30,NO CONTROLS,NO CONTROLS,CLOUDY/OVERCAST,DAYLIGHT,REAR END,DIVIDED - W/MEDIAN BARRIER,,STRAIGHT AND LEVEL,WET,UNKNOWN,ON SCENE,INJURY AND / OR TOW DUE TO CRASH,,,,"OVER $1,500",11/10/2017 12:40,UNABLE TO DETERMINE,UNABLE TO DETERMINE,4335,S,CICERO AVE,815,,,,,,,2,NO INDICATION OF INJURY,0,0,0,0,0,2,0,12,6,11,41.81387358,-87.74317995,POINT (-87.743179949603 41.813873579001),1
JA506522,,11/10/2017 12:40,30,TRAFFIC SIGNAL,FUNCTIONING PROPERLY,CLEAR,DAYLIGHT,ANGLE,DIVIDED - W/MEDIAN (NOT RAISED),,STRAIGHT AND LEVEL,DRY,NO DEFECTS,NOT ON SCENE (DESK REPORT),NO INJURY / DRIVE AWAY,,,,"OVER $1,500",11/10/2017 13:30,FAILING TO YIELD RIGHT-OF-WAY,NOT APPLICABLE,600,S,CENTRAL AVE,1513,,,,,,,2,NO INDICATION OF INJURY,0,0,0,0,0,2,0,12,6,11,41.87277222,-87.76473185,POINT (-87.764731850479 41.872772222189),1
JA506591,,11/10/2017 12:40,20,STOP SIGN/FLASHER,FUNCTIONING PROPERLY,SNOW,DAYLIGHT,REAR END,ONE-WAY,1,STRAIGHT AND LEVEL,SNOW OR SLUSH,NO DEFECTS,NOT ON SCENE (DESK REPORT),NO INJURY / DRIVE AWAY,,,,"$501 - $1,500",11/10/2017 14:15,WEATHER,NOT APPLICABLE,3532,W,AINSLIE ST,1712,,,,,,,2,NO INDICATION OF INJURY,0,0,0,0,0,2,0,12,6,11,41.97029106,-87.7172231,POINT (-87.717223101415 41.970291062636),1
JA506473,,11/10/2017 12:40,30,TRAFFIC SIGNAL,FUNCTIONING PROPERLY,SNOW,DAYLIGHT,REAR END,DIVIDED - W/MEDIAN (NOT RAISED),2,STRAIGHT AND LEVEL,WET,NO DEFECTS,NOT ON SCENE (DESK REPORT),NO INJURY / DRIVE AWAY,Y,,,"OVER $1,500",11/10/2017 12:50,FOLLOWING TOO CLOSELY,NOT APPLICABLE,1159,W,TAYLOR ST,1232,,,,,,,2,NO INDICATION OF INJURY,0,0,0,0,0,3,0,12,6,11,41.86930841,-87.65659217,POINT (-87.656592164505 41.869308408079),1
JA506644,,11/10/2017 12:45,25,NO CONTROLS,NO CONTROLS,SNOW,DAYLIGHT,PARKED MOTOR VEHICLE,NOT DIVIDED,,STRAIGHT AND LEVEL,SNOW OR SLUSH,UNKNOWN,NOT ON SCENE (DESK REPORT),NO INJURY / DRIVE AWAY,,,,"OVER $1,500",11/10/2017 15:15,WEATHER,DRIVING SKILLS/KNOWLEDGE/EXPERIENCE,2747,N,SHEFFIELD AVE,1935,,,,,,,2,NO INDICATION OF INJURY,0,0,0,0,0,1,0,12,6,11,41.93221313,-87.65369382,POINT (-87.65369381597 41.932213133041),1
JA506517,,11/10/2017 12:50,30,NO CONTROLS,NO CONTROLS,CLEAR,DAYLIGHT,FIXED OBJECT,DIVIDED - W/MEDIAN BARRIER,,STRAIGHT AND LEVEL,WET,NO DEFECTS,ON SCENE,NO INJURY / DRIVE AWAY,,,,$500 OR LESS,11/10/2017 13:06,UNABLE TO DETERMINE,ROAD ENGINEERING/SURFACE/MARKING DEFECTS,400,W,ROOT ST,925,,,,,,,1,NO INDICATION OF INJURY,0,0,0,0,0,1,0,12,6,11,41.81916247,-87.63615525,POINT (-87.636155251302 41.819162466403),1
JA506526,,11/10/2017 12:54,25,NO CONTROLS,NO CONTROLS,SNOW,DAYLIGHT,PARKED MOTOR VEHICLE,NOT DIVIDED,2,STRAIGHT AND LEVEL,ICE,NO DEFECTS,ON SCENE,INJURY AND / OR TOW DUE TO CRASH,,,,"$501 - $1,500",11/10/2017 12:54,DRIVING SKILLS/KNOWLEDGE/EXPERIENCE,WEATHER,1953,W,SUNNYSIDE AVE,1912,,,,,,,2,NO INDICATION OF INJURY,0,0,0,0,0,1,0,12,6,11,41.96317708,-87.67811453,POINT (-87.678114527197 41.963177079712),1
JA506521,,11/10/2017 12:56,30,TRAFFIC SIGNAL,FUNCTIONING IMPROPERLY,CLEAR,DAYLIGHT,REAR END,NOT DIVIDED,,STRAIGHT AND LEVEL,WET,NO DEFECTS,ON SCENE,NO INJURY / DRIVE AWAY,,,Y,"OVER $1,500",11/10/2017 13:19,UNABLE TO DETERMINE,UNABLE TO DETERMINE,6000,S,COTTAGE GROVE AVE,313,,,,,,,2,NO INDICATION OF INJURY,0,0,0,0,0,2,0,12,6,11,41.78578373,-87.6061847,POINT (-87.606184701516 41.785783730894),1
JA506499,,11/10/2017 12:56,30,NO CONTROLS,NO CONTROLS,CLEAR,DAYLIGHT,REAR END,DIVIDED - W/MEDIAN (NOT RAISED),4,STRAIGHT AND LEVEL,WET,NO DEFECTS,ON SCENE,NO INJURY / DRIVE AWAY,,,,"OVER $1,500",11/10/2017 12:56,FAILING TO REDUCE SPEED TO AVOID CRASH,UNABLE TO DETERMINE,1854,W,47TH ST,924,,,,,,,3,NO INDICATION OF INJURY,0,0,0,0,0,3,0,12,6,11,41.80864379,-87.67202931,POINT (-87.672029313465 41.808643791697),1
JA506550,,11/10/2017 12:59,30,STOP SIGN/FLASHER,NO CONTROLS,SNOW,DAYLIGHT,PARKED MOTOR VEHICLE,NOT DIVIDED,,STRAIGHT AND LEVEL,ICE,NO DEFECTS,NOT ON SCENE (DESK REPORT),NO INJURY / DRIVE AWAY,,,,"$501 - $1,500",11/10/2017 13:51,UNABLE TO DETERMINE,NOT APPLICABLE,932,N,MOZART ST,1211,,,,,,,2,NO INDICATION OF INJURY,0,0,0,0,0,1,0,12,6,11,41.89909072,-87.69817936,POINT (-87.698179359241 41.899090719739),1
JA506753,,11/10/2017 13:00,35,NO CONTROLS,NO CONTROLS,CLEAR,DAYLIGHT,PARKED MOTOR VEHICLE,ONE-WAY,1,STRAIGHT AND LEVEL,DRY,NO DEFECTS,NOT ON SCENE (DESK REPORT),NO INJURY / DRIVE AWAY,,,Y,"$501 - $1,500",11/10/2017 16:17,IMPROPER BACKING,"OPERATING VEHICLE IN ERRATIC, RECKLESS, CARELESS, NEGLIGENT OR AGGRESSIVE MANNER",11547,S,ARTESIAN AVE,2212,,,,,,,2,NO INDICATION OF INJURY,0,0,0,0,0,2,0,13,6,11,41.68314238,-87.68196627,POINT (-87.681966273399 41.683142381317),1
JA506502,Y,11/10/2017 13:00,30,TRAFFIC SIGNAL,FUNCTIONING PROPERLY,SNOW,DAYLIGHT,SIDESWIPE SAME DIRECTION,NOT DIVIDED,3,STRAIGHT AND LEVEL,SNOW OR SLUSH,NO DEFECTS,NOT ON SCENE (DESK REPORT),NO INJURY / DRIVE AWAY,,,,"OVER $1,500",11/10/2017 13:22,IMPROPER OVERTAKING/PASSING,IMPROPER LANE USAGE,1198,S,MICHIGAN AVE,123,,,,,,,2,NO INDICATION OF INJURY,0,0,0,0,0,2,0,13,6,11,41.86750238,-87.62427526,POINT (-87.624275260194 41.867502381675),1
JA507028,,11/10/2017 13:00,30,STOP SIGN/FLASHER,FUNCTIONING PROPERLY,SNOW,DAYLIGHT,REAR END,ONE-WAY,,STRAIGHT AND LEVEL,SNOW OR SLUSH,NO DEFECTS,NOT ON SCENE (DESK REPORT),INJURY AND / OR TOW DUE TO CRASH,,,,"OVER $1,500",11/10/2017 19:30,WEATHER,CELL PHONE USE OTHER THAN TEXTING,2958,W,FLETCHER ST,1411,,,,,,,2,"REPORTED, NOT EVIDENT",2,0,0,0,2,1,0,13,6,11,41.93856124,-87.70264158,POINT (-87.702641575417 41.938561239949),1
JA506496,,11/10/2017 13:00,30,TRAFFIC SIGNAL,FUNCTIONING IMPROPERLY,CLEAR,DAYLIGHT,REAR END,DIVIDED - W/MEDIAN (NOT RAISED),,STRAIGHT AND LEVEL,WET,NO DEFECTS,NOT ON SCENE (DESK REPORT),NO INJURY / DRIVE AWAY,,,,"$501 - $1,500",11/10/2017 13:20,FOLLOWING TOO CLOSELY,FAILING TO REDUCE SPEED TO AVOID CRASH,43,W,CONGRESS PKWY,123,,,,,,,2,NO INDICATION OF INJURY,0,0,0,0,0,2,0,13,6,11,41.87551638,-87.62925975,POINT (-87.629259745888 41.875516374847),1
JA506506,,11/10/2017 13:00,30,NO CONTROLS,NO CONTROLS,SNOW,DAYLIGHT,REAR END,DIVIDED - W/MEDIAN (NOT RAISED),4,STRAIGHT AND LEVEL,WET,NO DEFECTS,NOT ON SCENE (DESK REPORT),NO INJURY / DRIVE AWAY,,,,"$501 - $1,500",11/10/2017 13:15,FAILING TO REDUCE SPEED TO AVOID CRASH,FOLLOWING TOO CLOSELY,2696,W,BELMONT AVE,1733,,,,,,,2,NO INDICATION OF INJURY,0,0,0,0,0,4,0,13,6,11,41.93951735,-87.69516032,POINT (-87.695160320048 41.939517350682),1
JA506515,,11/10/2017 13:02,20,NO CONTROLS,NO CONTROLS,CLEAR,DAYLIGHT,PARKED MOTOR VEHICLE,ONE-WAY,1,STRAIGHT AND LEVEL,DRY,NO DEFECTS,ON SCENE,NO INJURY / DRIVE AWAY,,,,"OVER $1,500",11/10/2017 13:02,EXCEEDING AUTHORIZED SPEED LIMIT,EXCEEDING AUTHORIZED SPEED LIMIT,2658,W,65TH ST,825,,,,,,,2,NO INDICATION OF INJURY,0,0,0,0,0,1,0,13,6,11,41.7755706,-87.69080443,POINT (-87.690804429203 41.775570597343),1
JA506512,,11/10/2017 13:05,30,NO CONTROLS,NO CONTROLS,SNOW,DAYLIGHT,ANGLE,ONE-WAY,,STRAIGHT AND LEVEL,ICE,NO DEFECTS,,NO INJURY / DRIVE AWAY,,,,"$501 - $1,500",11/10/2017 13:20,FAILING TO REDUCE SPEED TO AVOID CRASH,WEATHER,2150,N,BISSELL ST,1812,,,,,,,2,NO INDICATION OF INJURY,0,0,0,0,0,3,0,13,6,11,41.92144012,-87.65241182,POINT (-87.652411819265 41.921440120202),1
JA506593,,11/10/2017 13:05,30,STOP SIGN/FLASHER,FUNCTIONING PROPERLY,SNOW,DAYLIGHT,PARKED MOTOR VEHICLE,NOT DIVIDED,2,STRAIGHT AND LEVEL,ICE,NO DEFECTS,ON SCENE,NO INJURY / DRIVE AWAY,,,,"$501 - $1,500",11/10/2017 13:15,WEATHER,NOT APPLICABLE,1400,N,DAYTON ST,1822,,,,,,,2,NO INDICATION OF INJURY,0,0,0,0,0,3,0,13,6,11,41.90638869,-87.64951393,POINT (-87.649513930087 41.906388685649),1
JA506531,,11/10/2017 13:10,30,NO CONTROLS,NO CONTROLS,CLEAR,DAYLIGHT,SIDESWIPE SAME DIRECTION,DIVIDED - W/MEDIAN BARRIER,,STRAIGHT AND LEVEL,OTHER,NO DEFECTS,ON SCENE,NO INJURY / DRIVE AWAY,,,,"$501 - $1,500",11/10/2017 13:11,IMPROPER LANE USAGE,NOT APPLICABLE,4339,S,CICERO AVE,815,,,,,,,2,NO INDICATION OF INJURY,0,0,0,0,0,2,0,13,6,11,41.8137597,-87.74317691,POINT (-87.74317690904 41.813759699895),1
JA506559,,11/10/2017 13:15,30,TRAFFIC SIGNAL,FUNCTIONING PROPERLY,CLEAR,DAYLIGHT,REAR END,ONE-WAY,,STRAIGHT AND LEVEL,WET,NO DEFECTS,ON SCENE,INJURY AND / OR TOW DUE TO CRASH,,,,"OVER $1,500",11/10/2017 13:20,FOLLOWING TOO CLOSELY,DRIVING SKILLS/KNOWLEDGE/EXPERIENCE,24,E,JACKSON BLVD,113,,,,,,,2,INCAPACITATING INJURY,1,0,1,0,0,1,0,13,6,11,41.87833792,-87.62681985,POINT (-87.626819847025 41.878337918432),1
JA508925,,11/10/2017 13:15,30,NO CONTROLS,NO CONTROLS,CLEAR,DAYLIGHT,REAR END,NOT DIVIDED,,STRAIGHT AND LEVEL,WET,NO DEFECTS,NOT ON SCENE (DESK REPORT),INJURY AND / OR TOW DUE TO CRASH,,,,"OVER $1,500",11/12/2017 12:44,UNABLE TO DETERMINE,UNABLE TO DETERMINE,2841,W,FOSTER AVE,2031,,,,,,,2,"REPORTED, NOT EVIDENT",1,0,0,0,1,1,0,13,6,11,41.97569647,-87.70055374,POINT (-87.700553734657 41.975696466584),1
JA506536,,11/10/2017 13:15,30,NO CONTROLS,NO CONTROLS,CLEAR,DAYLIGHT,PARKED MOTOR VEHICLE,NOT DIVIDED,,STRAIGHT AND LEVEL,WET,NO DEFECTS,ON SCENE,INJURY AND / OR TOW DUE TO CRASH,,,Y,"OVER $1,500",11/10/2017 13:20,UNABLE TO DETERMINE,NOT APPLICABLE,5206,S,LAWNDALE AVE,822,,Y,,,,,3,NO INDICATION OF INJURY,0,0,0,0,0,1,0,13,6,11,41.79855373,-87.71610274,POINT (-87.716102741349 41.798553731298),1
JA506636,,11/10/2017 13:20,30,NO CONTROLS,NO CONTROLS,CLEAR,DAYLIGHT,PARKED MOTOR VEHICLE,ONE-WAY,,STRAIGHT AND LEVEL,DRY,NO DEFECTS,NOT ON SCENE (DESK REPORT),NO INJURY / DRIVE AWAY,,,,"OVER $1,500",11/10/2017 15:03,NOT APPLICABLE,NOT APPLICABLE,4509,S,LEAMINGTON AVE,814,,,,,,,2,NO INDICATION OF INJURY,0,0,0,0,0,4,0,13,6,11,41.81084679,-87.75165854,POINT (-87.751658539815 41.810846792277),1
JA506532,,11/10/2017 13:20,30,NO CONTROLS,NO CONTROLS,CLEAR,DAYLIGHT,ANGLE,NOT DIVIDED,2,STRAIGHT AND LEVEL,DRY,NO DEFECTS,ON SCENE,NO INJURY / DRIVE AWAY,,,,"$501 - $1,500",11/10/2017 13:27,UNABLE TO DETERMINE,IMPROPER BACKING,2410,W,79TH ST,835,,,,,,,2,NO INDICATION OF INJURY,0,0,0,0,0,2,0,13,6,11,41.75027511,-87.68331974,POINT (-87.683319744171 41.750275108435),1
JA506573,,11/10/2017 13:20,30,NO CONTROLS,NO CONTROLS,SNOW,DAYLIGHT,PARKED MOTOR VEHICLE,NOT DIVIDED,,STRAIGHT AND LEVEL,SNOW OR SLUSH,NO DEFECTS,NOT ON SCENE (DESK REPORT),NO INJURY / DRIVE AWAY,,,,"OVER $1,500",11/10/2017 14:10,WEATHER,UNABLE TO DETERMINE,1917,W,FULLERTON AVE,1432,,,,,,,2,NO INDICATION OF INJURY,0,0,0,0,0,1,0,13,6,11,41.92493395,-87.67652256,POINT (-87.676522556822 41.924933945868),1
JA506590,,11/10/2017 13:30,30,NO CONTROLS,NO CONTROLS,CLEAR,DAYLIGHT,ANGLE,NOT DIVIDED,4,STRAIGHT AND LEVEL,SNOW OR SLUSH,NO DEFECTS,NOT ON SCENE (DESK REPORT),NO INJURY / DRIVE AWAY,Y,,,"$501 - $1,500",11/10/2017 14:25,UNABLE TO DETERMINE,UNABLE TO DETERMINE,1027,N,STATE ST,1824,,,,,,,2,NO INDICATION OF INJURY,0,0,0,0,0,2,0,13,6,11,41.90142087,-87.6281867,POINT (-87.628186703758 41.901420865532),1
JA506557,,11/10/2017 13:30,30,NO CONTROLS,NO CONTROLS,CLEAR,DAYLIGHT,PARKED MOTOR VEHICLE,DIVIDED - W/MEDIAN BARRIER,2,STRAIGHT AND LEVEL,DRY,NO DEFECTS,ON SCENE,NO INJURY / DRIVE AWAY,,,,"OVER $1,500",11/10/2017 14:00,UNABLE TO DETERMINE,UNABLE TO DETERMINE,737,W,RANDOLPH ST,1224,,,,,,,2,NO INDICATION OF INJURY,0,0,0,0,0,1,0,13,6,11,41.88429952,-87.64721332,POINT (-87.647213322762 41.88429951671),1
JA506642,,11/10/2017 13:30,30,NO CONTROLS,NO CONTROLS,SNOW,DAYLIGHT,PARKED MOTOR VEHICLE,NOT DIVIDED,,STRAIGHT AND LEVEL,SNOW OR SLUSH,NO DEFECTS,NOT ON SCENE (DESK REPORT),NO INJURY / DRIVE AWAY,,,,"OVER $1,500",11/10/2017 15:12,UNABLE TO DETERMINE,NOT APPLICABLE,2643,W,CHICAGO AVE,1221,,,,,,,2,NO INDICATION OF INJURY,0,0,0,0,0,1,0,13,6,11,41.89556585,-87.69349984,POINT (-87.69349983762 41.895565849748),1
JA509995,,11/10/2017 13:30,30,TRAFFIC SIGNAL,FUNCTIONING PROPERLY,SNOW,DAYLIGHT,REAR END,NOT DIVIDED,2,STRAIGHT AND LEVEL,WET,NO DEFECTS,NOT ON SCENE (DESK REPORT),NO INJURY / DRIVE AWAY,,,,"$501 - $1,500",11/13/2017 10:22,WEATHER,NOT APPLICABLE,3400,W,SCHUBERT AVE,1412,,,,,,,2,NO INDICATION OF INJURY,0,0,0,0,0,2,0,13,6,11,41.93026746,-87.71237287,POINT (-87.712372865949 41.930267456168),1
JA507819,,11/10/2017 13:30,30,NO CONTROLS,NO CONTROLS,SNOW,DAYLIGHT,REAR END,DIVIDED - W/MEDIAN (NOT RAISED),2,STRAIGHT AND LEVEL,WET,NO DEFECTS,NOT ON SCENE (DESK REPORT),NO INJURY / DRIVE AWAY,,,,"OVER $1,500",11/11/2017 13:30,FAILING TO REDUCE SPEED TO AVOID CRASH,FOLLOWING TOO CLOSELY,5547,N,CENTRAL AVE,1623,,,,,,,2,NO INDICATION OF INJURY,0,0,0,0,0,2,0,13,6,11,41.98250822,-87.7682052,POINT (-87.768205203782 41.982508222157),1