RD_NO,CRASH_DATE_EST_I,CRASH_DATE,POSTED_SPEED_LIMIT,TRAFFIC_CONTROL_DEVICE,DEVICE_CONDITION,WEATHER_CONDITION,LIGHTING_CONDITION,FIRST_CRASH_TYPE,TRAFFICWAY_TYPE,LANE_CNT,ALIGNMENT,ROADWAY_SURFACE_COND,ROAD_DEFECT,REPORT_TYPE,CRASH_TYPE,INTERSECTION_RELATED_I,NOT_RIGHT_OF_WAY_I,HIT_AND_RUN_I,DAMAGE,DATE_POLICE_NOTIFIED,PRIM_CONTRIBUTORY_CAUSE,SEC_CONTRIBUTORY_CAUSE,STREET_NO,STREET_DIRECTION,STREET_NAME,BEAT_OF_OCCURRENCE,PHOTOS_TAKEN_I,STATEMENTS_TAKEN_I,DOORING_I,WORK_ZONE_I,WORK_ZONE_TYPE,WORKERS_PRESENT_I,NUM_UNITS,MOST_SEVERE_INJURY,INJURIES_TOTAL,INJURIES_FATAL,INJURIES_INCAPACITATING,INJURIES_NON_INCAPACITATING,INJURIES_REPORTED_NOT_EVIDENT,INJURIES_NO_INDICATION,INJURIES_UNKNOWN,CRASH_HOUR,CRASH_DAY_OF_WEEK,CRASH_MONTH,LATITUDE,LONGITUDE,LOCATION,Join
JA507698,,11/10/2017 13:30,20,NO CONTROLS,NO CONTROLS,SNOW,DAYLIGHT,PARKED MOTOR VEHICLE,NOT DIVIDED,2,STRAIGHT AND LEVEL,SNOW OR SLUSH,NO DEFECTS,NOT ON SCENE (DESK REPORT),NO INJURY / DRIVE AWAY,,,,"OVER $1,500",11/11/2017 11:35,WEATHER,NOT APPLICABLE,1769,W,ALTGELD ST,1931,,,,,,,2,NO INDICATION OF INJURY,0,0,0,0,0,1,0,13,6,11,41.92825411,-87.67188242,POINT (-87.671882422231 41.92825411299),1
JA506565,,11/10/2017 13:30,25,NO CONTROLS,NO CONTROLS,CLEAR,DAYLIGHT,REAR END,DIVIDED - W/MEDIAN (NOT RAISED),4,STRAIGHT AND LEVEL,DRY,NO DEFECTS,NOT ON SCENE (DESK REPORT),NO INJURY / DRIVE AWAY,,,,"$501 - $1,500",11/10/2017 14:05,UNABLE TO DETERMINE,UNABLE TO DETERMINE,5323,S,CENTRAL AVE,814,,,,,,,2,NO INDICATION OF INJURY,0,0,0,0,0,2,0,13,6,11,41.79574458,-87.76226225,POINT (-87.762262253154 41.795744584003),1
JA506633,,11/10/2017 13:30,30,TRAFFIC SIGNAL,FUNCTIONING PROPERLY,SNOW,DAYLIGHT,FIXED OBJECT,DIVIDED - W/MEDIAN (NOT RAISED),4,STRAIGHT ON GRADE,WET,NO DEFECTS,ON SCENE,INJURY AND / OR TOW DUE TO CRASH,Y,Y,,"OVER $1,500",11/10/2017 14:41,EXCEEDING AUTHORIZED SPEED LIMIT,FAILING TO REDUCE SPEED TO AVOID CRASH,2458,S,DAMEN AVE,1034,,,,,,,2,NONINCAPACITATING INJURY,1,0,0,1,0,1,0,13,6,11,41.84686418,-87.67584824,POINT (-87.675848237442 41.846864177462),1
JA506681,Y,11/10/2017 13:30,30,STOP SIGN/FLASHER,FUNCTIONING PROPERLY,CLEAR,DAYLIGHT,REAR END,NOT DIVIDED,,STRAIGHT AND LEVEL,DRY,NO DEFECTS,NOT ON SCENE (DESK REPORT),NO INJURY / DRIVE AWAY,,,Y,"OVER $1,500",11/10/2017 15:33,FOLLOWING TOO CLOSELY,NOT APPLICABLE,100,E,OHIO ST,1834,,,,,,,2,NO INDICATION OF INJURY,0,0,0,0,0,2,0,13,6,11,41.8926379,-87.62534141,POINT (-87.625341405856 41.89263789576),1
JA507912,,11/10/2017 13:30,30,TRAFFIC SIGNAL,FUNCTIONING PROPERLY,UNKNOWN,DAYLIGHT,REAR END,NOT DIVIDED,2,STRAIGHT AND LEVEL,UNKNOWN,UNKNOWN,NOT ON SCENE (DESK REPORT),NO INJURY / DRIVE AWAY,,,,"$501 - $1,500",11/11/2017 14:30,FOLLOWING TOO CLOSELY,NOT APPLICABLE,6259,S,PULASKI RD,823,,,,,,,2,NO INDICATION OF INJURY,0,0,0,0,0,2,0,13,6,11,41.77870505,-87.72261478,POINT (-87.722614780872 41.778705044721),1
JA506533,,11/10/2017 13:40,30,NO CONTROLS,NO CONTROLS,SNOW,DAYLIGHT,PARKED MOTOR VEHICLE,ALLEY,,STRAIGHT AND LEVEL,ICE,NO DEFECTS,,NO INJURY / DRIVE AWAY,,,,"$501 - $1,500",11/10/2017 13:40,FAILING TO REDUCE SPEED TO AVOID CRASH,FAILING TO YIELD RIGHT-OF-WAY,2150,N,BISSELL ST,1812,,,,,,,2,NO INDICATION OF INJURY,0,0,0,0,0,3,0,13,6,11,41.92144012,-87.65241182,POINT (-87.652411819265 41.921440120202),1
JA506576,,11/10/2017 13:45,30,TRAFFIC SIGNAL,FUNCTIONING PROPERLY,SNOW,DAYLIGHT,ANGLE,NOT DIVIDED,,STRAIGHT AND LEVEL,WET,NO DEFECTS,ON SCENE,INJURY AND / OR TOW DUE TO CRASH,Y,,,$500 OR LESS,11/10/2017 13:51,UNABLE TO DETERMINE,NOT APPLICABLE,859,W,ALDINE AVE,1924,,,,,,,2,NONINCAPACITATING INJURY,1,0,0,1,0,1,0,13,6,11,41.94166419,-87.65172697,POINT (-87.651726969466 41.941664193437),1
JA506564,,11/10/2017 13:45,30,OTHER,FUNCTIONING PROPERLY,SNOW,DAYLIGHT,PARKED MOTOR VEHICLE,DIVIDED - W/MEDIAN (NOT RAISED),2,STRAIGHT AND LEVEL,WET,OTHER,ON SCENE,INJURY AND / OR TOW DUE TO CRASH,,,,"OVER $1,500",11/10/2017 13:59,IMPROPER OVERTAKING/PASSING,IMPROPER LANE USAGE,6244,W,MONTROSE AVE,1622,,,,,,,2,NO INDICATION OF INJURY,0,0,0,0,0,1,0,13,6,11,41.96036919,-87.78370807,POINT (-87.783708074352 41.960369194146),1
JA506546,,11/10/2017 13:45,25,NO CONTROLS,NO CONTROLS,CLEAR,DAYLIGHT,SIDESWIPE SAME DIRECTION,DIVIDED - W/MEDIAN (NOT RAISED),4,STRAIGHT AND LEVEL,DRY,NO DEFECTS,NOT ON SCENE (DESK REPORT),NO INJURY / DRIVE AWAY,,,Y,"$501 - $1,500",11/10/2017 13:55,UNABLE TO DETERMINE,UNABLE TO DETERMINE,5636,S,KEDZIE AVE,822,,,,,,,2,NO INDICATION OF INJURY,0,0,0,0,0,2,0,13,6,11,41.79059151,-87.70361981,POINT (-87.703619805559 41.790591504621),1
JA506646,,11/10/2017 13:48,30,UNKNOWN,NO CONTROLS,CLEAR,DAYLIGHT,REAR END,DIVIDED - W/MEDIAN (NOT RAISED),2,STRAIGHT AND LEVEL,WET,NO DEFECTS,NOT ON SCENE (DESK REPORT),NO INJURY / DRIVE AWAY,,,Y,"OVER $1,500",11/10/2017 15:15,FOLLOWING TOO CLOSELY,DRIVING SKILLS/KNOWLEDGE/EXPERIENCE,4838,N,ELSTON AVE,1712,,,,,,,2,NO INDICATION OF INJURY,0,0,0,0,0,2,0,13,6,11,41.96870201,-87.74135241,POINT (-87.741352410226 41.968702005537),1
JA509513,,11/10/2017 13:48,30,TRAFFIC SIGNAL,NO CONTROLS,CLEAR,DAYLIGHT,TURNING,NOT DIVIDED,2,STRAIGHT AND LEVEL,WET,NO DEFECTS,NOT ON SCENE (DESK REPORT),NO INJURY / DRIVE AWAY,,,,$500 OR LESS,11/12/2017 23:02,UNABLE TO DETERMINE,UNABLE TO DETERMINE,3300,N,CLARK ST,1924,,,,,,,2,NO INDICATION OF INJURY,0,0,0,0,0,2,0,13,6,11,41.94174729,-87.65229869,POINT (-87.652298689485 41.941747287815),1
JA506566,,11/10/2017 13:50,30,TRAFFIC SIGNAL,FUNCTIONING PROPERLY,CLOUDY/OVERCAST,DAYLIGHT,TURNING,NOT DIVIDED,,STRAIGHT AND LEVEL,SNOW OR SLUSH,UNKNOWN,NOT ON SCENE (DESK REPORT),NO INJURY / DRIVE AWAY,,,Y,"$501 - $1,500",11/10/2017 14:13,FAILING TO YIELD RIGHT-OF-WAY,FAILING TO YIELD RIGHT-OF-WAY,4370,W,ROOSEVELT RD,1131,,,,,,,2,NO INDICATION OF INJURY,0,0,0,0,0,3,0,13,6,11,41.86614354,-87.734906,POINT (-87.734905998265 41.866143539318),1
JA506634,,11/10/2017 13:50,30,NO CONTROLS,NO CONTROLS,SNOW,DAYLIGHT,ANGLE,NOT DIVIDED,2,STRAIGHT AND LEVEL,WET,UNKNOWN,NOT ON SCENE (DESK REPORT),NO INJURY / DRIVE AWAY,,,,"OVER $1,500",11/10/2017 15:05,PHYSICAL CONDITION OF DRIVER,UNABLE TO DETERMINE,55,N,PINE AVE,1522,,,,,,,3,NO INDICATION OF INJURY,0,0,0,0,0,2,0,13,6,11,41.88193694,-87.76309832,POINT (-87.763098317817 41.881936942154),1
JA506569,,11/10/2017 13:57,30,NO CONTROLS,NO CONTROLS,CLEAR,DAYLIGHT,FIXED OBJECT,DIVIDED - W/MEDIAN (NOT RAISED),2,STRAIGHT AND LEVEL,WET,NO DEFECTS,ON SCENE,NO INJURY / DRIVE AWAY,N,Y,,"OVER $1,500",11/10/2017 13:57,FAILING TO YIELD RIGHT-OF-WAY,NOT APPLICABLE,1300,N,ELSTON AVE,1433,,,,,,,1,NO INDICATION OF INJURY,0,0,0,0,0,1,0,13,6,11,41.90539996,-87.65975435,POINT (-87.659754352179 41.905399955031),1
JA506615,,11/10/2017 14:00,25,TRAFFIC SIGNAL,FUNCTIONING PROPERLY,SNOW,DAYLIGHT,REAR END,ONE-WAY,,STRAIGHT AND LEVEL,WET,UNKNOWN,NOT ON SCENE (DESK REPORT),NO INJURY / DRIVE AWAY,,,,"OVER $1,500",11/10/2017 14:45,EQUIPMENT - VEHICLE CONDITION,UNABLE TO DETERMINE,1559,S,HAMLIN AVE,1014,,,,,,,2,NO INDICATION OF INJURY,0,0,0,0,0,2,0,14,6,11,41.85902812,-87.71993989,POINT (-87.719939890459 41.859028118401),1
JA506807,,11/10/2017 14:00,30,NO CONTROLS,NO CONTROLS,UNKNOWN,DAYLIGHT,PARKED MOTOR VEHICLE,NOT DIVIDED,2,STRAIGHT AND LEVEL,UNKNOWN,NO DEFECTS,ON SCENE,NO INJURY / DRIVE AWAY,,,Y,"OVER $1,500",11/10/2017 15:09,UNABLE TO DETERMINE,NOT APPLICABLE,2159,W,19TH ST,1234,,,,,,,2,NO INDICATION OF INJURY,0,0,0,0,0,1,0,14,6,11,41.85567252,-87.68072241,POINT (-87.680722405523 41.85567251619),1
JA507270,,11/10/2017 14:00,25,STOP SIGN/FLASHER,FUNCTIONING PROPERLY,SNOW,DAYLIGHT,PARKED MOTOR VEHICLE,NOT DIVIDED,2,STRAIGHT AND LEVEL,ICE,NO DEFECTS,NOT ON SCENE (DESK REPORT),NO INJURY / DRIVE AWAY,Y,,,"OVER $1,500",11/10/2017 23:58,WEATHER,UNABLE TO DETERMINE,320,N,MORGAN ST,1214,,,,,,,2,NO INDICATION OF INJURY,0,0,0,0,0,1,0,14,6,11,41.88744622,-87.65233895,POINT (-87.652338948536 41.887446218749),1
JA506584,,11/10/2017 14:00,30,NO CONTROLS,NO CONTROLS,SNOW,DAYLIGHT,PARKED MOTOR VEHICLE,NOT DIVIDED,2,STRAIGHT AND LEVEL,SNOW OR SLUSH,NO DEFECTS,NOT ON SCENE (DESK REPORT),NO INJURY / DRIVE AWAY,,,,"OVER $1,500",11/10/2017 14:25,WEATHER,NOT APPLICABLE,1390,W,ROSCOE ST,1924,,,,,,,2,NO INDICATION OF INJURY,0,0,0,0,0,2,0,14,6,11,41.94352976,-87.66379933,POINT (-87.663799329347 41.943529764192),1
JA537939,Y,11/10/2017 14:00,30,TRAFFIC SIGNAL,FUNCTIONING PROPERLY,CLEAR,DAYLIGHT,TURNING,DIVIDED - W/MEDIAN (NOT RAISED),,STRAIGHT AND LEVEL,DRY,NO DEFECTS,NOT ON SCENE (DESK REPORT),NO INJURY / DRIVE AWAY,,,,"OVER $1,500",12/5/2017 16:40,UNABLE TO DETERMINE,UNABLE TO DETERMINE,1224,S,JEFFERSON ST,124,,,,,,,2,NO INDICATION OF INJURY,0,0,0,0,0,2,0,14,6,11,41.86648298,-87.64231064,POINT (-87.642310642523 41.866482982425),1
JA506999,,11/10/2017 14:20,35,NO CONTROLS,NO CONTROLS,CLEAR,DARKNESS,SIDESWIPE SAME DIRECTION,NOT DIVIDED,2,STRAIGHT AND LEVEL,DRY,NO DEFECTS,NOT ON SCENE (DESK REPORT),NO INJURY / DRIVE AWAY,,,,$500 OR LESS,11/10/2017 19:30,NOT APPLICABLE,NOT APPLICABLE,1234,N,HALSTED ST,1822,,,,,,,2,NO INDICATION OF INJURY,0,0,0,0,0,2,0,14,6,11,41.90450211,-87.64826687,POINT (-87.648266867804 41.90450210718),1
JA506597,Y,11/10/2017 14:20,30,TRAFFIC SIGNAL,FUNCTIONING PROPERLY,RAIN,DAYLIGHT,TURNING,NOT DIVIDED,2,STRAIGHT AND LEVEL,WET,NO DEFECTS,NOT ON SCENE (DESK REPORT),NO INJURY / DRIVE AWAY,,,,"OVER $1,500",11/10/2017 14:40,FAILING TO REDUCE SPEED TO AVOID CRASH,DISREGARDING TRAFFIC SIGNALS,1800,S,CANAL ST,1235,,,,,,,2,NO INDICATION OF INJURY,0,0,0,0,0,2,0,14,6,11,41.85756407,-87.63907891,POINT (-87.639078910579 41.857564070819),1
JA506589,,11/10/2017 14:20,30,TRAFFIC SIGNAL,FUNCTIONING PROPERLY,SNOW,DAYLIGHT,SIDESWIPE SAME DIRECTION,ONE-WAY,,STRAIGHT AND LEVEL,WET,NO DEFECTS,NOT ON SCENE (DESK REPORT),NO INJURY / DRIVE AWAY,,,,"$501 - $1,500",11/10/2017 14:38,IMPROPER LANE USAGE,UNABLE TO DETERMINE,175,W,JACKSON BLVD,122,,,,,,,2,NO INDICATION OF INJURY,0,0,0,0,0,2,0,14,6,11,41.87801449,-87.63318903,POINT (-87.633189030014 41.87801448725),1
JA506662,,11/10/2017 14:20,30,STOP SIGN/FLASHER,UNKNOWN,SNOW,DAYLIGHT,TURNING,CENTER TURN LANE,,STRAIGHT AND LEVEL,SNOW OR SLUSH,UNKNOWN,NOT ON SCENE (DESK REPORT),INJURY AND / OR TOW DUE TO CRASH,Y,,,"OVER $1,500",11/10/2017 15:45,WEATHER,EXCEEDING SAFE SPEED FOR CONDITIONS,1131,W,BLACKHAWK ST,1822,,,,,,,2,NO INDICATION OF INJURY,0,0,0,0,0,2,0,14,6,11,41.90704004,-87.65666668,POINT (-87.656666674525 41.907040041371),1
JA506674,,11/10/2017 14:22,30,STOP SIGN/FLASHER,FUNCTIONING PROPERLY,CLEAR,DAYLIGHT,ANGLE,NOT DIVIDED,,STRAIGHT AND LEVEL,DRY,NO DEFECTS,ON SCENE,INJURY AND / OR TOW DUE TO CRASH,Y,,,"OVER $1,500",11/10/2017 14:47,FAILING TO YIELD RIGHT-OF-WAY,IMPROPER LANE USAGE,13200,S,BRAINARD AVE,433,,,,,,,2,NO INDICATION OF INJURY,0,0,0,0,0,3,0,14,6,11,41.65523381,-87.55487488,POINT (-87.554874883687 41.655233811423),1
JA506604,,11/10/2017 14:30,30,TRAFFIC SIGNAL,FUNCTIONING PROPERLY,SNOW,DAYLIGHT,REAR END,NOT DIVIDED,2,STRAIGHT AND LEVEL,SNOW OR SLUSH,NO DEFECTS,NOT ON SCENE (DESK REPORT),NO INJURY / DRIVE AWAY,,,,"$501 - $1,500",11/10/2017 14:51,FOLLOWING TOO CLOSELY,UNABLE TO DETERMINE,3545,W,CONGRESS PKWY,1133,,,,,,,2,NO INDICATION OF INJURY,0,0,0,0,0,2,0,14,6,11,41.87437694,-87.7149463,POINT (-87.714946301004 41.874376942573),1
JA511304,,11/10/2017 14:30,10,NO CONTROLS,NO CONTROLS,SNOW,DAYLIGHT,ANGLE,ALLEY,,STRAIGHT AND LEVEL,SNOW OR SLUSH,UNKNOWN,NOT ON SCENE (DESK REPORT),NO INJURY / DRIVE AWAY,,,,"OVER $1,500",11/14/2017 11:19,UNABLE TO DETERMINE,UNABLE TO DETERMINE,2633,W,TOUHY AVE,2411,,,,,,,2,NO INDICATION OF INJURY,0,0,0,0,0,2,0,14,6,11,42.01203669,-87.69631627,POINT (-87.696316274306 42.012036688819),1
JA506635,,11/10/2017 14:30,25,NO CONTROLS,NO CONTROLS,CLEAR,DAYLIGHT,SIDESWIPE SAME DIRECTION,DIVIDED - W/MEDIAN (NOT RAISED),2,STRAIGHT AND LEVEL,DRY,NO DEFECTS,NOT ON SCENE (DESK REPORT),NO INJURY / DRIVE AWAY,,,Y,"$501 - $1,500",11/10/2017 15:04,UNABLE TO DETERMINE,UNABLE TO DETERMINE,6835,W,64TH ST,812,,,,,,,2,NO INDICATION OF INJURY,0,0,0,0,0,2,0,14,6,11,41.77557493,-87.79238191,POINT (-87.792381906382 41.775574930726),1
JA506645,,11/10/2017 14:30,25,NO CONTROLS,NO CONTROLS,CLEAR,DAYLIGHT,REAR END,DIVIDED - W/MEDIAN (NOT RAISED),,STRAIGHT AND LEVEL,DRY,NO DEFECTS,ON SCENE,INJURY AND / OR TOW DUE TO CRASH,,,,"OVER $1,500",11/10/2017 14:50,FOLLOWING TOO CLOSELY,NOT APPLICABLE,8721,S,WESTERN AVE,2221,,,,,,,2,"REPORTED, NOT EVIDENT",1,0,0,0,1,4,0,14,6,11,41.73491481,-87.68234806,POINT (-87.68234805687 41.734914806635),1
JA506749,,11/10/2017 14:36,30,TRAFFIC SIGNAL,FUNCTIONING PROPERLY,CLEAR,DAYLIGHT,SIDESWIPE SAME DIRECTION,NOT DIVIDED,,STRAIGHT AND LEVEL,SNOW OR SLUSH,NO DEFECTS,NOT ON SCENE (DESK REPORT),NO INJURY / DRIVE AWAY,Y,,Y,"$501 - $1,500",11/10/2017 16:26,IMPROPER OVERTAKING/PASSING,NOT APPLICABLE,800,W,NORTH AVE,1813,,,,,,,2,NO INDICATION OF INJURY,0,0,0,0,0,2,0,14,6,11,41.91102851,-87.64833581,POINT (-87.64833580602 41.911028509812),1
JA509871,,11/10/2017 14:40,25,NO CONTROLS,NO CONTROLS,CLEAR,DAYLIGHT,SIDESWIPE SAME DIRECTION,NOT DIVIDED,,STRAIGHT AND LEVEL,DRY,NO DEFECTS,NOT ON SCENE (DESK REPORT),NO INJURY / DRIVE AWAY,,,,"$501 - $1,500",11/13/2017 9:45,IMPROPER OVERTAKING/PASSING,UNABLE TO DETERMINE,928,W,DIVISION ST,1822,,,,,,,2,NO INDICATION OF INJURY,0,0,0,0,0,2,0,14,6,11,41.90369461,-87.65222859,POINT (-87.652228587731 41.903694606841),1
JA506625,,11/10/2017 14:45,35,TRAFFIC SIGNAL,FUNCTIONING PROPERLY,SNOW,DAYLIGHT,HEAD ON,NOT DIVIDED,,STRAIGHT AND LEVEL,WET,NO DEFECTS,ON SCENE,INJURY AND / OR TOW DUE TO CRASH,Y,,,"$501 - $1,500",11/10/2017 14:51,UNABLE TO DETERMINE,NOT APPLICABLE,3600,W,JACKSON BLVD,1122,,,,,,,2,NO INDICATION OF INJURY,0,0,0,0,0,2,0,14,6,11,41.87732085,-87.71581167,POINT (-87.715811664874 41.877320853015),1
JA506621,,11/10/2017 14:47,30,TRAFFIC SIGNAL,FUNCTIONING PROPERLY,SNOW,DAYLIGHT,PEDESTRIAN,NOT DIVIDED,2,STRAIGHT AND LEVEL,WET,NO DEFECTS,ON SCENE,INJURY AND / OR TOW DUE TO CRASH,Y,,Y,"OVER $1,500",11/10/2017 14:48,FAILING TO YIELD RIGHT-OF-WAY,UNABLE TO DETERMINE,3962,W,GRAND AVE,2535,,,,,,,2,NONINCAPACITATING INJURY,1,0,0,1,0,1,0,14,6,11,41.90616459,-87.72611852,POINT (-87.7261185197 41.906164588316),1
JA506696,,11/10/2017 14:48,30,STOP SIGN/FLASHER,OTHER,SNOW,DAYLIGHT,REAR END,DIVIDED - W/MEDIAN (NOT RAISED),,STRAIGHT AND LEVEL,WET,NO DEFECTS,NOT ON SCENE (DESK REPORT),NO INJURY / DRIVE AWAY,,,Y,"$501 - $1,500",11/10/2017 15:51,FOLLOWING TOO CLOSELY,UNABLE TO DETERMINE,1307,W,HURON ST,1215,,,,,,,2,NO INDICATION OF INJURY,0,0,0,0,0,2,0,14,6,11,41.89425736,-87.6599013,POINT (-87.659901303811 41.894257356416),1
JA506678,,11/10/2017 14:50,30,STOP SIGN/FLASHER,FUNCTIONING PROPERLY,SNOW,DAYLIGHT,PARKED MOTOR VEHICLE,NOT DIVIDED,2,STRAIGHT AND LEVEL,SNOW OR SLUSH,NO DEFECTS,ON SCENE,NO INJURY / DRIVE AWAY,,,,"OVER $1,500",11/10/2017 15:18,WEATHER,UNABLE TO DETERMINE,1859,W,WALNUT ST,1223,,,,,,,2,NO INDICATION OF INJURY,0,0,0,0,0,1,0,14,6,11,41.88591063,-87.67419807,POINT (-87.674198071985 41.885910626882),1
JA506689,,11/10/2017 14:50,30,YIELD,NO CONTROLS,CLEAR,DAYLIGHT,ANGLE,ONE-WAY,1,STRAIGHT AND LEVEL,WET,NO DEFECTS,NOT ON SCENE (DESK REPORT),NO INJURY / DRIVE AWAY,,,,"$501 - $1,500",11/10/2017 15:00,UNABLE TO DETERMINE,NOT APPLICABLE,4011,N,BERNARD ST,1723,,,,,,,2,NO INDICATION OF INJURY,0,0,0,0,0,2,0,14,6,11,41.95421422,-87.71400513,POINT (-87.714005133764 41.954214221234),1
JA506703,,11/10/2017 14:50,30,STOP SIGN/FLASHER,UNKNOWN,SNOW,DAYLIGHT,TURNING,CENTER TURN LANE,4,STRAIGHT AND LEVEL,SNOW OR SLUSH,OTHER,NOT ON SCENE (DESK REPORT),INJURY AND / OR TOW DUE TO CRASH,Y,,,"$501 - $1,500",11/10/2017 15:55,WEATHER,EXCEEDING SAFE SPEED FOR CONDITIONS,1131,W,BLACKHAWK ST,1822,,N,,,,,2,NO INDICATION OF INJURY,0,0,0,0,0,2,0,14,6,11,41.90704004,-87.65666668,POINT (-87.656666674525 41.907040041371),1
JA506656,,11/10/2017 14:50,30,STOP SIGN/FLASHER,FUNCTIONING PROPERLY,CLEAR,DAYLIGHT,REAR END,NOT DIVIDED,2,STRAIGHT AND LEVEL,SNOW OR SLUSH,NO DEFECTS,NOT ON SCENE (DESK REPORT),NO INJURY / DRIVE AWAY,,,,"OVER $1,500",11/10/2017 15:23,UNABLE TO DETERMINE,NOT APPLICABLE,1900,W,ERIE ST,1221,,,,,,,2,NO INDICATION OF INJURY,0,0,0,0,0,4,0,14,6,11,41.8933206,-87.67465755,POINT (-87.674657550163 41.893320596656),1
JA506654,,11/10/2017 14:55,30,TRAFFIC SIGNAL,FUNCTIONING PROPERLY,CLEAR,DAYLIGHT,TURNING,NOT DIVIDED,2,STRAIGHT AND LEVEL,DRY,NO DEFECTS,NOT ON SCENE (DESK REPORT),NO INJURY / DRIVE AWAY,Y,,,"OVER $1,500",11/10/2017 14:57,FAILING TO YIELD RIGHT-OF-WAY,NOT APPLICABLE,2600,S,WENTWORTH AVE,914,,,,,,,2,NO INDICATION OF INJURY,0,0,0,0,0,4,0,14,6,11,41.84549494,-87.63197043,POINT (-87.631970431289 41.845494943967),1
JA506640,,11/10/2017 14:55,30,NO CONTROLS,NO CONTROLS,CLEAR,DAYLIGHT,SIDESWIPE OPPOSITE DIRECTION,DIVIDED - W/MEDIAN (NOT RAISED),,STRAIGHT AND LEVEL,DRY,NO DEFECTS,ON SCENE,INJURY AND / OR TOW DUE TO CRASH,,,,"OVER $1,500",11/10/2017 15:05,IMPROPER LANE USAGE,NOT APPLICABLE,2698,W,115TH ST,2212,,,,,,,2,NO INDICATION OF INJURY,0,0,0,0,0,2,0,14,6,11,41.68454995,-87.68823452,POINT (-87.688234515587 41.684549953993),1
JA506697,,11/10/2017 15:00,30,TRAFFIC SIGNAL,FUNCTIONING PROPERLY,CLEAR,DAYLIGHT,REAR END,NOT DIVIDED,2,STRAIGHT AND LEVEL,SNOW OR SLUSH,NO DEFECTS,NOT ON SCENE (DESK REPORT),NO INJURY / DRIVE AWAY,,,,"$501 - $1,500",11/10/2017 15:52,FOLLOWING TOO CLOSELY,FAILING TO REDUCE SPEED TO AVOID CRASH,7435,W,TALCOTT AVE,1612,Y,,,,,,2,NO INDICATION OF INJURY,0,0,0,0,0,2,0,15,6,11,41.98857518,-87.81297791,POINT (-87.812977912195 41.988575182799),1
JA507902,,11/10/2017 15:00,30,TRAFFIC SIGNAL,FUNCTIONING PROPERLY,RAIN,DAYLIGHT,REAR END,NOT DIVIDED,4,STRAIGHT AND LEVEL,WET,"RUT, HOLES",NOT ON SCENE (DESK REPORT),NO INJURY / DRIVE AWAY,Y,,,"$501 - $1,500",11/11/2017 14:10,UNABLE TO DETERMINE,UNABLE TO DETERMINE,4300,S,COTTAGE GROVE AVE,221,,,,,,,2,NO INDICATION OF INJURY,0,0,0,0,0,3,0,15,6,11,41.81672163,-87.60685357,POINT (-87.606853565078 41.816721626101),1
JA506667,,11/10/2017 15:00,30,STOP SIGN/FLASHER,FUNCTIONING IMPROPERLY,CLOUDY/OVERCAST,DAYLIGHT,ANGLE,NOT DIVIDED,4,STRAIGHT AND LEVEL,DRY,NO DEFECTS,ON SCENE,INJURY AND / OR TOW DUE TO CRASH,Y,,,"OVER $1,500",11/10/2017 15:05,FAILING TO REDUCE SPEED TO AVOID CRASH,NOT APPLICABLE,7200,S,WENTWORTH AVE,731,,,,,,,2,NO INDICATION OF INJURY,0,0,0,0,0,2,0,15,6,11,41.76351932,-87.62987307,POINT (-87.629873071249 41.763519320311),1
JA507908,,11/10/2017 15:00,30,NO CONTROLS,NO CONTROLS,CLEAR,DAYLIGHT,PARKED MOTOR VEHICLE,NOT DIVIDED,2,STRAIGHT AND LEVEL,DRY,NO DEFECTS,NOT ON SCENE (DESK REPORT),NO INJURY / DRIVE AWAY,,,,$500 OR LESS,11/11/2017 14:30,FAILING TO YIELD RIGHT-OF-WAY,IMPROPER OVERTAKING/PASSING,4024,W,DIVISION ST,2534,,,,,,,2,NO INDICATION OF INJURY,0,0,0,0,0,3,0,15,6,11,41.9027631,-87.72747105,POINT (-87.7274710447 41.902763097856),1
JA507776,,11/10/2017 15:00,30,NO CONTROLS,NO CONTROLS,CLEAR,DAYLIGHT,PARKED MOTOR VEHICLE,NOT DIVIDED,2,STRAIGHT AND LEVEL,WET,NO DEFECTS,NOT ON SCENE (DESK REPORT),NO INJURY / DRIVE AWAY,,,,"OVER $1,500",11/11/2017 12:43,WEATHER,UNABLE TO DETERMINE,113,N,ELIZABETH ST,1224,,,,,,,2,NO INDICATION OF INJURY,0,0,0,0,0,1,0,15,6,11,41.88332076,-87.65865931,POINT (-87.658659304738 41.883320755329),1
JA506663,,11/10/2017 15:00,25,NO CONTROLS,NO CONTROLS,CLEAR,DAYLIGHT,SIDESWIPE SAME DIRECTION,NOT DIVIDED,1,STRAIGHT AND LEVEL,DRY,NO DEFECTS,ON SCENE,NO INJURY / DRIVE AWAY,,,,"OVER $1,500",11/10/2017 15:05,UNABLE TO DETERMINE,NOT APPLICABLE,7734,S,SPAULDING AVE,835,,,,,,,2,NO INDICATION OF INJURY,0,0,0,0,0,2,0,15,6,11,41.75233913,-87.70504516,POINT (-87.705045159773 41.752339128559),1