RD_NO,CRASH_DATE_EST_I,CRASH_DATE,POSTED_SPEED_LIMIT,TRAFFIC_CONTROL_DEVICE,DEVICE_CONDITION,WEATHER_CONDITION,LIGHTING_CONDITION,FIRST_CRASH_TYPE,TRAFFICWAY_TYPE,LANE_CNT,ALIGNMENT,ROADWAY_SURFACE_COND,ROAD_DEFECT,REPORT_TYPE,CRASH_TYPE,INTERSECTION_RELATED_I,NOT_RIGHT_OF_WAY_I,HIT_AND_RUN_I,DAMAGE,DATE_POLICE_NOTIFIED,PRIM_CONTRIBUTORY_CAUSE,SEC_CONTRIBUTORY_CAUSE,STREET_NO,STREET_DIRECTION,STREET_NAME,BEAT_OF_OCCURRENCE,PHOTOS_TAKEN_I,STATEMENTS_TAKEN_I,DOORING_I,WORK_ZONE_I,WORK_ZONE_TYPE,WORKERS_PRESENT_I,NUM_UNITS,MOST_SEVERE_INJURY,INJURIES_TOTAL,INJURIES_FATAL,INJURIES_INCAPACITATING,INJURIES_NON_INCAPACITATING,INJURIES_REPORTED_NOT_EVIDENT,INJURIES_NO_INDICATION,INJURIES_UNKNOWN,CRASH_HOUR,CRASH_DAY_OF_WEEK,CRASH_MONTH,LATITUDE,LONGITUDE,LOCATION,Join
JA506713,,11/10/2017 15:06,30,TRAFFIC SIGNAL,FUNCTIONING PROPERLY,CLEAR,DAYLIGHT,SIDESWIPE SAME DIRECTION,NOT DIVIDED,,STRAIGHT AND LEVEL,DRY,NO DEFECTS,NOT ON SCENE (DESK REPORT),NO INJURY / DRIVE AWAY,,,Y,"OVER $1,500",11/10/2017 16:00,UNABLE TO DETERMINE,UNABLE TO DETERMINE,9900,S,HALSTED ST,2232,,,,,,,2,NO INDICATION OF INJURY,0,0,0,0,0,2,0,15,6,11,41.71411887,-87.64314541,POINT (-87.643145408182 41.71411886809),1
JA511248,,11/10/2017 15:10,30,NO CONTROLS,NO CONTROLS,CLEAR,DAYLIGHT,PARKED MOTOR VEHICLE,DIVIDED - W/MEDIAN (NOT RAISED),,STRAIGHT AND LEVEL,DRY,NO DEFECTS,NOT ON SCENE (DESK REPORT),NO INJURY / DRIVE AWAY,,,,"$501 - $1,500",11/14/2017 10:30,UNABLE TO DETERMINE,UNABLE TO DETERMINE,1359,S,BLUE ISLAND AVE,1232,,,,,,,2,NO INDICATION OF INJURY,0,0,0,0,0,1,0,15,6,11,41.86390637,-87.65582745,POINT (-87.65582745106 41.863906365995),1
JA506773,Y,11/10/2017 15:10,30,NO CONTROLS,NO CONTROLS,CLEAR,DAYLIGHT,PEDESTRIAN,NOT DIVIDED,,STRAIGHT AND LEVEL,SNOW OR SLUSH,UNKNOWN,ON SCENE,INJURY AND / OR TOW DUE TO CRASH,,,,$500 OR LESS,11/10/2017 16:14,UNABLE TO DETERMINE,NOT APPLICABLE,2057,W,CERMAK RD,1034,,,,,,,2,NONINCAPACITATING INJURY,1,0,0,1,0,2,0,15,6,11,41.85203031,-87.67809097,POINT (-87.678090973042 41.852030309894),1
JA506675,,11/10/2017 15:13,30,TRAFFIC SIGNAL,FUNCTIONING PROPERLY,CLOUDY/OVERCAST,DAYLIGHT,REAR END,ONE-WAY,,STRAIGHT AND LEVEL,UNKNOWN,UNKNOWN,NOT ON SCENE (DESK REPORT),NO INJURY / DRIVE AWAY,,,,"$501 - $1,500",11/10/2017 15:33,FOLLOWING TOO CLOSELY,FOLLOWING TOO CLOSELY,815,N,KILBOURN AVE,1111,,,,,,,2,NO INDICATION OF INJURY,0,0,0,0,0,3,0,15,6,11,41.8956183,-87.73827718,POINT (-87.738277182916 41.895618299165),1
JA506784,,11/10/2017 15:15,30,NO CONTROLS,NO CONTROLS,CLEAR,"DARKNESS, LIGHTED ROAD",TURNING,DIVIDED - W/MEDIAN (NOT RAISED),4,STRAIGHT AND LEVEL,DRY,UNKNOWN,NOT ON SCENE (DESK REPORT),NO INJURY / DRIVE AWAY,,,,"OVER $1,500",11/10/2017 16:40,UNABLE TO DETERMINE,UNABLE TO DETERMINE,2299,N,PULASKI RD,2525,,,,,,,2,NO INDICATION OF INJURY,0,0,0,0,0,6,0,15,6,11,41.92259714,-87.72689293,POINT (-87.726892926967 41.92259713746),1
JA507056,,11/10/2017 15:15,30,NO CONTROLS,NO CONTROLS,CLEAR,DAYLIGHT,REAR END,NOT DIVIDED,2,STRAIGHT AND LEVEL,SNOW OR SLUSH,NO DEFECTS,NOT ON SCENE (DESK REPORT),NO INJURY / DRIVE AWAY,,,,"$501 - $1,500",11/10/2017 20:00,UNABLE TO DETERMINE,NOT APPLICABLE,3955,N,BROADWAY,1923,,,,,,,2,NO INDICATION OF INJURY,0,0,0,0,0,2,0,15,6,11,41.95438519,-87.65026203,POINT (-87.650262028034 41.954385192945),1
JA506699,,11/10/2017 15:18,30,NO CONTROLS,NO CONTROLS,CLEAR,DAYLIGHT,REAR END,NOT DIVIDED,2,STRAIGHT AND LEVEL,DRY,NO DEFECTS,ON SCENE,NO INJURY / DRIVE AWAY,,,,"OVER $1,500",11/10/2017 15:18,FAILING TO REDUCE SPEED TO AVOID CRASH,UNABLE TO DETERMINE,7200,S,WENTWORTH AVE,731,,,,,,,2,NO INDICATION OF INJURY,0,0,0,0,0,4,0,15,6,11,41.76351932,-87.62987307,POINT (-87.629873071249 41.763519320311),1
JA506684,,11/10/2017 15:18,30,NO CONTROLS,NO CONTROLS,SNOW,DAYLIGHT,SIDESWIPE SAME DIRECTION,NOT DIVIDED,4,STRAIGHT AND LEVEL,WET,NO DEFECTS,ON SCENE,NO INJURY / DRIVE AWAY,,,Y,"$501 - $1,500",11/10/2017 15:21,UNABLE TO DETERMINE,NOT APPLICABLE,810,N,WESTERN AVE,1212,,,,,,,2,NO INDICATION OF INJURY,0,0,0,0,0,2,0,15,6,11,41.89612917,-87.68699938,POINT (-87.68699938289 41.896129174059),1
JA506730,,11/10/2017 15:20,20,STOP SIGN/FLASHER,FUNCTIONING PROPERLY,CLEAR,DAYLIGHT,REAR END,ONE-WAY,1,STRAIGHT AND LEVEL,ICE,UNKNOWN,NOT ON SCENE (DESK REPORT),NO INJURY / DRIVE AWAY,,,Y,$500 OR LESS,11/10/2017 16:15,UNABLE TO DETERMINE,UNABLE TO DETERMINE,2499,W,WINONA ST,2031,,,,,,,2,NO INDICATION OF INJURY,0,0,0,0,0,5,0,15,6,11,41.97475413,-87.69209291,POINT (-87.692092908543 41.974754125522),1
JA506722,Y,11/10/2017 15:20,25,NO CONTROLS,NO CONTROLS,CLEAR,DAYLIGHT,SIDESWIPE SAME DIRECTION,NOT DIVIDED,,STRAIGHT AND LEVEL,WET,NO DEFECTS,ON SCENE,NO INJURY / DRIVE AWAY,,,,"OVER $1,500",11/10/2017 15:31,DRIVING SKILLS/KNOWLEDGE/EXPERIENCE,FAILING TO YIELD RIGHT-OF-WAY,5459,N,NATOMA AVE,1613,,,,,,,3,NO INDICATION OF INJURY,0,0,0,0,0,3,0,15,6,11,41.9809897,-87.79247146,POINT (-87.792471458529 41.980989700332),1
JA506655,,11/10/2017 15:20,30,NO CONTROLS,NO CONTROLS,CLEAR,DAYLIGHT,REAR END,NOT DIVIDED,2,STRAIGHT AND LEVEL,DRY,NO DEFECTS,ON SCENE,NO INJURY / DRIVE AWAY,,,Y,"OVER $1,500",11/10/2017 15:24,FOLLOWING TOO CLOSELY,UNABLE TO DETERMINE,8500,S,JEFFERY BLVD,412,,,,,,,3,NO INDICATION OF INJURY,0,0,0,0,0,3,0,15,6,11,41.74060212,-87.57592146,POINT (-87.575921460076 41.7406021145),1
JA511510,,11/10/2017 15:20,30,NO CONTROLS,NO CONTROLS,SNOW,DAYLIGHT,REAR END,DIVIDED - W/MEDIAN BARRIER,2,STRAIGHT AND LEVEL,SNOW OR SLUSH,NO DEFECTS,,NO INJURY / DRIVE AWAY,N,,,"OVER $1,500",11/14/2017 14:00,FOLLOWING TOO CLOSELY,WEATHER,4131,W,DEVON AVE,1711,,,,,,,2,NO INDICATION OF INJURY,0,0,0,0,0,2,0,15,6,11,41.99713297,-87.7324975,POINT (-87.732497500444 41.99713296951),1
JA522286,,11/10/2017 15:23,35,NO CONTROLS,NO CONTROLS,CLEAR,DAYLIGHT,REAR END,DIVIDED - W/MEDIAN (NOT RAISED),,STRAIGHT AND LEVEL,DRY,NO DEFECTS,ON SCENE,NO INJURY / DRIVE AWAY,,,,"$501 - $1,500",11/22/2017 8:00,FOLLOWING TOO CLOSELY,NOT APPLICABLE,6200,S,PULASKI RD,813,,Y,,,,,2,NO INDICATION OF INJURY,0,0,0,0,0,2,0,15,6,11,41.7804238,-87.72295662,POINT (-87.722956624315 41.780423794511),1
JA506983,,11/10/2017 15:30,30,TRAFFIC SIGNAL,FUNCTIONING PROPERLY,CLEAR,"DARKNESS, LIGHTED ROAD",TURNING,DIVIDED - W/MEDIAN (NOT RAISED),2,STRAIGHT AND LEVEL,WET,NO DEFECTS,NOT ON SCENE (DESK REPORT),NO INJURY / DRIVE AWAY,Y,,,"OVER $1,500",11/10/2017 18:30,FAILING TO YIELD RIGHT-OF-WAY,NOT APPLICABLE,36,E,ONTARIO ST,1834,,,,,,,2,NO INDICATION OF INJURY,0,0,0,0,0,2,0,15,6,11,41.89340183,-87.62683169,POINT (-87.626831694138 41.893401829586),1
JA506719,,11/10/2017 15:30,30,NO CONTROLS,NO CONTROLS,CLEAR,DAYLIGHT,TURNING,NOT DIVIDED,,STRAIGHT AND LEVEL,DRY,NO DEFECTS,NOT ON SCENE (DESK REPORT),NO INJURY / DRIVE AWAY,,,,"OVER $1,500",11/10/2017 15:52,NOT APPLICABLE,NOT APPLICABLE,6900,S,PULASKI RD,833,,,,,,,2,NO INDICATION OF INJURY,0,0,0,0,0,4,0,15,6,11,41.76768773,-87.72263085,POINT (-87.72263084508 41.767687732304),1
JA514182,,11/10/2017 15:30,30,NO CONTROLS,NO CONTROLS,CLEAR,DAYLIGHT,SIDESWIPE SAME DIRECTION,NOT DIVIDED,1,STRAIGHT AND LEVEL,DRY,NO DEFECTS,NOT ON SCENE (DESK REPORT),NO INJURY / DRIVE AWAY,,,,"OVER $1,500",11/16/2017 15:10,EXCEEDING AUTHORIZED SPEED LIMIT,NOT APPLICABLE,3200,N,OCONTO AVE,1631,,,,,,,2,NO INDICATION OF INJURY,0,0,0,0,0,2,0,15,6,11,41.93808017,-87.80810726,POINT (-87.808107258831 41.938080173539),1
JA506754,,11/10/2017 15:30,30,NO CONTROLS,NO CONTROLS,SNOW,DAYLIGHT,REAR END,ONE-WAY,1,STRAIGHT AND LEVEL,ICE,NO DEFECTS,NOT ON SCENE (DESK REPORT),NO INJURY / DRIVE AWAY,,,,"OVER $1,500",11/10/2017 16:20,WEATHER,NOT APPLICABLE,608,W,BARRY AVE,1934,,,,,,,2,NO INDICATION OF INJURY,0,0,0,0,0,2,0,15,6,11,41.93800688,-87.64475457,POINT (-87.644754570701 41.938006880424),1
JA506761,,11/10/2017 15:30,30,STOP SIGN/FLASHER,FUNCTIONING PROPERLY,CLEAR,DAYLIGHT,REAR END,ONE-WAY,1,STRAIGHT AND LEVEL,ICE,NO DEFECTS,NOT ON SCENE (DESK REPORT),NO INJURY / DRIVE AWAY,Y,,,"OVER $1,500",11/10/2017 16:25,FOLLOWING TOO CLOSELY,WEATHER,2159,W,CUYLER AVE,1911,,,,,,,2,NO INDICATION OF INJURY,0,0,0,0,0,4,0,15,6,11,41.95492217,-87.68351562,POINT (-87.683515619615 41.954922167998),1
JA508025,,11/10/2017 15:30,30,TRAFFIC SIGNAL,FUNCTIONING PROPERLY,CLEAR,DAYLIGHT,SIDESWIPE SAME DIRECTION,NOT DIVIDED,,STRAIGHT AND LEVEL,DRY,NO DEFECTS,NOT ON SCENE (DESK REPORT),INJURY AND / OR TOW DUE TO CRASH,,,Y,"OVER $1,500",11/11/2017 16:00,IMPROPER OVERTAKING/PASSING,IMPROPER OVERTAKING/PASSING,6700,S,ASHLAND AVE,725,,,,,,,2,NONINCAPACITATING INJURY,1,0,0,1,0,1,0,15,6,11,41.77209823,-87.66416462,POINT (-87.664164617596 41.77209823278),1
JA506727,,11/10/2017 15:30,30,NO CONTROLS,NO CONTROLS,SNOW,DAYLIGHT,REAR END,DIVIDED - W/MEDIAN (NOT RAISED),2,STRAIGHT AND LEVEL,SNOW OR SLUSH,NO DEFECTS,NOT ON SCENE (DESK REPORT),NO INJURY / DRIVE AWAY,,,,"OVER $1,500",11/10/2017 16:10,UNABLE TO DETERMINE,UNABLE TO DETERMINE,2102,N,AUSTIN AVE,2512,,,,,,,2,NO INDICATION OF INJURY,0,0,0,0,0,2,0,15,6,11,41.91806962,-87.77566738,POINT (-87.775667381434 41.918069619148),1
JA506709,,11/10/2017 15:30,25,NO CONTROLS,NO CONTROLS,SNOW,DAYLIGHT,PEDALCYCLIST,NOT DIVIDED,2,STRAIGHT ON GRADE,SNOW OR SLUSH,NO DEFECTS,ON SCENE,INJURY AND / OR TOW DUE TO CRASH,,,,$500 OR LESS,11/10/2017 15:35,UNABLE TO DETERMINE,NOT APPLICABLE,4719,N,MANOR AVE,1713,,,,,,,2,NONINCAPACITATING INJURY,1,0,0,1,0,1,0,15,6,11,41.96722461,-87.70190905,POINT (-87.701909049033 41.967224610865),1
JA507009,,11/10/2017 15:30,30,UNKNOWN,UNKNOWN,UNKNOWN,DAYLIGHT,PARKED MOTOR VEHICLE,NOT DIVIDED,,STRAIGHT AND LEVEL,DRY,NO DEFECTS,ON SCENE,INJURY AND / OR TOW DUE TO CRASH,,,Y,"OVER $1,500",11/10/2017 19:00,NOT APPLICABLE,NOT APPLICABLE,41,N,BISHOP ST,1224,,,,,,,2,NO INDICATION OF INJURY,0,0,0,0,0,1,0,15,6,11,41.88281146,-87.66357953,POINT (-87.663579533466 41.88281146226),1
JA506718,,11/10/2017 15:30,30,TRAFFIC SIGNAL,FUNCTIONING PROPERLY,CLEAR,DAYLIGHT,SIDESWIPE SAME DIRECTION,ONE-WAY,3,STRAIGHT AND LEVEL,WET,NO DEFECTS,NOT ON SCENE (DESK REPORT),NO INJURY / DRIVE AWAY,Y,,,"$501 - $1,500",11/10/2017 15:55,UNABLE TO DETERMINE,UNABLE TO DETERMINE,110,E,ERIE ST,1834,,,,,,,2,NO INDICATION OF INJURY,0,0,0,0,0,3,0,15,6,11,41.89423614,-87.62483933,POINT (-87.624839330885 41.894236137077),1
JA506789,,11/10/2017 15:30,30,NO CONTROLS,NO CONTROLS,CLEAR,DAYLIGHT,PARKED MOTOR VEHICLE,NOT DIVIDED,2,STRAIGHT AND LEVEL,SNOW OR SLUSH,NO DEFECTS,NOT ON SCENE (DESK REPORT),NO INJURY / DRIVE AWAY,,,Y,"$501 - $1,500",11/10/2017 16:44,NOT APPLICABLE,NOT APPLICABLE,7050,W,DIVERSEY AVE,2511,Y,,,,,,2,NO INDICATION OF INJURY,0,0,0,0,0,1,0,15,6,11,41.93090554,-87.80288965,POINT (-87.802889651077 41.930905540915),1
JA510167,,11/10/2017 15:35,30,NO CONTROLS,NO CONTROLS,UNKNOWN,DAYLIGHT,PARKED MOTOR VEHICLE,NOT DIVIDED,2,STRAIGHT AND LEVEL,SNOW OR SLUSH,UNKNOWN,NOT ON SCENE (DESK REPORT),NO INJURY / DRIVE AWAY,,,Y,"OVER $1,500",11/13/2017 13:05,UNABLE TO DETERMINE,UNABLE TO DETERMINE,9450,S,WENTWORTH AVE,634,,,,,,,2,NO INDICATION OF INJURY,0,0,0,0,0,1,0,15,6,11,41.72198248,-87.62881626,POINT (-87.628816255555 41.72198248182),1
JA520871,,11/10/2017 15:40,30,STOP SIGN/FLASHER,FUNCTIONING PROPERLY,RAIN,"DARKNESS, LIGHTED ROAD",TURNING,NOT DIVIDED,,STRAIGHT AND LEVEL,DRY,NO DEFECTS,NOT ON SCENE (DESK REPORT),NO INJURY / DRIVE AWAY,,,,"$501 - $1,500",11/21/2017 19:11,UNABLE TO DETERMINE,UNABLE TO DETERMINE,3049,W,GRAND AVE,1211,,,,,,,2,NO INDICATION OF INJURY,0,0,0,0,0,2,0,15,6,11,41.89679903,-87.70315361,POINT (-87.703153612416 41.896799031604),1
JA506756,,11/10/2017 15:40,25,NO CONTROLS,NO CONTROLS,CLEAR,DAYLIGHT,ANGLE,DIVIDED - W/MEDIAN (NOT RAISED),2,STRAIGHT AND LEVEL,DRY,NO DEFECTS,NOT ON SCENE (DESK REPORT),NO INJURY / DRIVE AWAY,,,,"$501 - $1,500",11/10/2017 16:17,UNABLE TO DETERMINE,UNABLE TO DETERMINE,4700,S,KEELER AVE,815,,,,,,,2,NO INDICATION OF INJURY,0,0,0,0,0,2,0,15,6,11,41.80771681,-87.7286199,POINT (-87.728619895431 41.807716813824),1
JA506724,,11/10/2017 15:40,30,NO CONTROLS,UNKNOWN,CLEAR,DAWN,HEAD ON,NOT DIVIDED,2,STRAIGHT AND LEVEL,DRY,NO DEFECTS,ON SCENE,INJURY AND / OR TOW DUE TO CRASH,,,,"OVER $1,500",11/10/2017 15:43,FAILING TO REDUCE SPEED TO AVOID CRASH,IMPROPER OVERTAKING/PASSING,2005,W,69TH ST,735,Y,,,,,,2,NONINCAPACITATING INJURY,1,0,0,1,0,6,0,15,6,11,41.76832753,-87.67389581,POINT (-87.673895808656 41.768327530241),1
JA506785,,11/10/2017 15:45,25,STOP SIGN/FLASHER,FUNCTIONING PROPERLY,SNOW,DAYLIGHT,PARKED MOTOR VEHICLE,NOT DIVIDED,1,STRAIGHT AND LEVEL,WET,UNKNOWN,ON SCENE,NO INJURY / DRIVE AWAY,Y,,,"OVER $1,500",11/10/2017 15:49,UNABLE TO DETERMINE,NOT APPLICABLE,4656,N,DOVER ST,1913,,,,,,,2,NO INDICATION OF INJURY,0,0,0,0,0,1,0,15,6,11,41.9669367,-87.6659279,POINT (-87.665927899937 41.966936703652),1
JA510431,,11/10/2017 15:45,30,STOP SIGN/FLASHER,FUNCTIONING PROPERLY,SNOW,DAYLIGHT,REAR END,ONE-WAY,1,STRAIGHT AND LEVEL,WET,NO DEFECTS,NOT ON SCENE (DESK REPORT),NO INJURY / DRIVE AWAY,Y,,,"OVER $1,500",11/13/2017 16:10,FOLLOWING TOO CLOSELY,WEATHER,4359,N,HERMITAGE AVE,1912,,,,,,,2,NO INDICATION OF INJURY,0,0,0,0,0,2,0,15,6,11,41.96146086,-87.67226812,POINT (-87.672268118891 41.961460862032),1
JA506850,,11/10/2017 15:45,25,NO CONTROLS,NO CONTROLS,CLEAR,DAYLIGHT,SIDESWIPE SAME DIRECTION,DIVIDED - W/MEDIAN BARRIER,2,STRAIGHT AND LEVEL,DRY,NO DEFECTS,NOT ON SCENE (DESK REPORT),NO INJURY / DRIVE AWAY,,,Y,$500 OR LESS,11/10/2017 17:07,UNABLE TO DETERMINE,UNABLE TO DETERMINE,6702,S,PULASKI RD,833,,,,,,,2,NO INDICATION OF INJURY,0,0,0,0,0,2,0,15,6,11,41.771267,-87.72271973,POINT (-87.722719726454 41.771266997713),1
JA506787,,11/10/2017 15:45,30,UNKNOWN,UNKNOWN,SNOW,DAYLIGHT,PARKED MOTOR VEHICLE,UNKNOWN,,STRAIGHT AND LEVEL,UNKNOWN,UNKNOWN,NOT ON SCENE (DESK REPORT),NO INJURY / DRIVE AWAY,,,,"$501 - $1,500",11/10/2017 16:30,UNABLE TO DETERMINE,NOT APPLICABLE,6258,W,PETERSON AVE,1611,,,,,,,2,NO INDICATION OF INJURY,0,0,0,0,0,1,0,15,6,11,41.99025737,-87.78491275,POINT (-87.784912748394 41.990257369948),1
JA506747,,11/10/2017 15:50,30,STOP SIGN/FLASHER,FUNCTIONING PROPERLY,CLEAR,DAYLIGHT,ANGLE,DIVIDED - W/MEDIAN (NOT RAISED),,STRAIGHT AND LEVEL,SNOW OR SLUSH,NO DEFECTS,NOT ON SCENE (DESK REPORT),NO INJURY / DRIVE AWAY,,,,"$501 - $1,500",11/10/2017 16:20,UNABLE TO DETERMINE,UNABLE TO DETERMINE,5300,W,CHICAGO AVE,1524,,,,,,,2,NO INDICATION OF INJURY,0,0,0,0,0,2,0,15,6,11,41.8950192,-87.75811788,POINT (-87.758117875797 41.895019202356),1
JA506793,Y,11/10/2017 15:53,30,STOP SIGN/FLASHER,FUNCTIONING PROPERLY,SNOW,DAYLIGHT,REAR END,ONE-WAY,,STRAIGHT AND LEVEL,SNOW OR SLUSH,NO DEFECTS,NOT ON SCENE (DESK REPORT),NO INJURY / DRIVE AWAY,,,,"$501 - $1,500",11/10/2017 16:47,WEATHER,NOT APPLICABLE,5058,N,KENMORE AVE,2024,,,,,,,2,NO INDICATION OF INJURY,0,0,0,0,0,2,0,15,6,11,41.97499428,-87.65652445,POINT (-87.65652444593 41.974994274581),1
JA506764,,11/10/2017 15:55,30,NO CONTROLS,NO CONTROLS,SNOW,DAYLIGHT,PARKED MOTOR VEHICLE,NOT DIVIDED,2,STRAIGHT AND LEVEL,ICE,NO DEFECTS,ON SCENE,NO INJURY / DRIVE AWAY,Y,,,"OVER $1,500",11/10/2017 15:57,WEATHER,DRIVING SKILLS/KNOWLEDGE/EXPERIENCE,399,W,LOCUST ST,1823,,,,,,,2,NO INDICATION OF INJURY,0,0,0,0,0,1,0,15,6,11,41.89881432,-87.63869048,POINT (-87.638690480473 41.898814317803),1
JA506744,,11/10/2017 15:56,30,STOP SIGN/FLASHER,FUNCTIONING PROPERLY,SNOW,DUSK,ANGLE,NOT DIVIDED,,STRAIGHT AND LEVEL,ICE,NO DEFECTS,NOT ON SCENE (DESK REPORT),NO INJURY / DRIVE AWAY,Y,,,"OVER $1,500",11/10/2017 15:57,WEATHER,WEATHER,399,W,LOCUST ST,1823,,,,,,,3,NO INDICATION OF INJURY,0,0,0,0,0,2,0,15,6,11,41.89881432,-87.63869048,POINT (-87.638690480473 41.898814317803),1
JA506766,,11/10/2017 15:56,30,TRAFFIC SIGNAL,FUNCTIONING PROPERLY,CLOUDY/OVERCAST,DAYLIGHT,REAR END,NOT DIVIDED,,STRAIGHT AND LEVEL,UNKNOWN,UNKNOWN,NOT ON SCENE (DESK REPORT),NO INJURY / DRIVE AWAY,,,,"$501 - $1,500",11/10/2017 16:30,IMPROPER OVERTAKING/PASSING,FOLLOWING TOO CLOSELY,4622,W,ROOSEVELT RD,1131,,,,,,,2,NO INDICATION OF INJURY,0,0,0,0,0,2,0,15,6,11,41.86605738,-87.74081155,POINT (-87.740811548976 41.866057382804),1
JA506811,,11/10/2017 15:58,30,NO CONTROLS,NO CONTROLS,SNOW,"DARKNESS, LIGHTED ROAD",PEDALCYCLIST,ALLEY,1,STRAIGHT AND LEVEL,SNOW OR SLUSH,NO DEFECTS,ON SCENE,NO INJURY / DRIVE AWAY,,,Y,"$501 - $1,500",11/10/2017 16:11,UNABLE TO DETERMINE,NOT APPLICABLE,120,S,STATE ST,112,,,,,,,3,NO INDICATION OF INJURY,0,0,0,0,0,3,0,15,6,11,41.88012466,-87.62787195,POINT (-87.627871944837 41.880124660361),1
JA506708,,11/10/2017 15:58,30,NO CONTROLS,NO CONTROLS,SNOW,DAYLIGHT,PARKED MOTOR VEHICLE,DIVIDED - W/MEDIAN (NOT RAISED),2,STRAIGHT AND LEVEL,SNOW OR SLUSH,NO DEFECTS,NOT ON SCENE (DESK REPORT),NO INJURY / DRIVE AWAY,,,,$500 OR LESS,11/10/2017 16:00,UNABLE TO DETERMINE,NOT APPLICABLE,8432,S,MORGAN ST,613,,,,,,,2,NO INDICATION OF INJURY,0,0,0,0,0,3,0,15,6,11,41.74046472,-87.64875343,POINT (-87.64875342472 41.740464714729),1
JA506802,,11/10/2017 16:00,30,NO CONTROLS,NO CONTROLS,SNOW,DUSK,PARKED MOTOR VEHICLE,DIVIDED - W/MEDIAN (NOT RAISED),2,STRAIGHT AND LEVEL,WET,NO DEFECTS,NOT ON SCENE (DESK REPORT),NO INJURY / DRIVE AWAY,,,Y,$500 OR LESS,11/10/2017 16:30,IMPROPER BACKING,UNABLE TO DETERMINE,635,E,43RD ST,221,,,,,,,2,NO INDICATION OF INJURY,0,0,0,0,0,1,0,16,6,11,41.81664269,-87.6103487,POINT (-87.610348703454 41.816642694191),1
JA510478,,11/10/2017 16:00,30,NO CONTROLS,NO CONTROLS,SNOW,DAYLIGHT,REAR END,NOT DIVIDED,2,STRAIGHT AND LEVEL,SNOW OR SLUSH,NO DEFECTS,NOT ON SCENE (DESK REPORT),NO INJURY / DRIVE AWAY,,,Y,"OVER $1,500",11/13/2017 16:30,FOLLOWING TOO CLOSELY,HAD BEEN DRINKING (USE WHEN ARREST IS NOT MADE),1050,N,STATE ST,1824,,,,,,,2,NO INDICATION OF INJURY,0,0,0,0,0,2,0,16,6,11,41.90186736,-87.62849215,POINT (-87.628492145268 41.901867356819),1
JA506728,Y,11/10/2017 16:00,30,NO CONTROLS,NO CONTROLS,CLOUDY/OVERCAST,DAYLIGHT,TURNING,NOT DIVIDED,2,STRAIGHT AND LEVEL,DRY,UNKNOWN,ON SCENE,INJURY AND / OR TOW DUE TO CRASH,Y,,,"OVER $1,500",11/10/2017 16:00,IMPROPER TURNING/NO SIGNAL,FAILING TO YIELD RIGHT-OF-WAY,2638,E,76TH ST,421,,,,,,,2,NO INDICATION OF INJURY,0,0,0,0,0,2,0,16,6,11,41.75736379,-87.56009735,POINT (-87.560097345606 41.757363785479),1
JA507809,,11/10/2017 16:00,30,UNKNOWN,UNKNOWN,CLEAR,DAYLIGHT,PARKED MOTOR VEHICLE,UNKNOWN,,STRAIGHT AND LEVEL,DRY,UNKNOWN,NOT ON SCENE (DESK REPORT),NO INJURY / DRIVE AWAY,,,,$500 OR LESS,11/11/2017 13:10,FAILING TO YIELD RIGHT-OF-WAY,FAILING TO YIELD RIGHT-OF-WAY,327,N,LAFLIN ST,1215,,,,,,,2,NO INDICATION OF INJURY,0,0,0,0,0,1,0,16,6,11,41.88738309,-87.66419785,POINT (-87.664197854146 41.887383088721),1
JA506778,,11/10/2017 16:00,35,NO CONTROLS,NO CONTROLS,CLEAR,DAYLIGHT,REAR END,DIVIDED - W/MEDIAN BARRIER,4,STRAIGHT AND LEVEL,DRY,NO DEFECTS,ON SCENE,INJURY AND / OR TOW DUE TO CRASH,,,,"OVER $1,500",11/10/2017 16:19,FOLLOWING TOO CLOSELY,NOT APPLICABLE,938,W,95TH ST,2223,,,,,,,2,NO INDICATION OF INJURY,0,0,0,0,0,2,0,16,6,11,41.72152168,-87.64711299,POINT (-87.647112994016 41.721521675692),1
JA506767,,11/10/2017 16:02,30,NO CONTROLS,NO CONTROLS,CLEAR,DAYLIGHT,REAR END,NOT DIVIDED,,STRAIGHT AND LEVEL,DRY,NO DEFECTS,NOT ON SCENE (DESK REPORT),NO INJURY / DRIVE AWAY,,,,"OVER $1,500",11/10/2017 16:23,NOT APPLICABLE,NOT APPLICABLE,3422,W,MARQUETTE RD,831,,,,,,,2,NO INDICATION OF INJURY,0,0,0,0,0,5,0,16,6,11,41.77169137,-87.70876314,POINT (-87.708763144198 41.771691365896),1
JA506794,,11/10/2017 16:05,30,NO CONTROLS,NO CONTROLS,SNOW,DAYLIGHT,ANGLE,ONE-WAY,,STRAIGHT AND LEVEL,ICE,NO DEFECTS,ON SCENE,INJURY AND / OR TOW DUE TO CRASH,Y,,,"$501 - $1,500",11/10/2017 16:07,WEATHER,UNABLE TO DETERMINE,1819,W,LELAND AVE,1912,,,,,,,2,NO INDICATION OF INJURY,0,0,0,0,0,2,0,16,6,11,41.9668613,-87.67549048,POINT (-87.675490483919 41.966861304023),1