RD_NO,CRASH_DATE_EST_I,CRASH_DATE,POSTED_SPEED_LIMIT,TRAFFIC_CONTROL_DEVICE,DEVICE_CONDITION,WEATHER_CONDITION,LIGHTING_CONDITION,FIRST_CRASH_TYPE,TRAFFICWAY_TYPE,LANE_CNT,ALIGNMENT,ROADWAY_SURFACE_COND,ROAD_DEFECT,REPORT_TYPE,CRASH_TYPE,INTERSECTION_RELATED_I,NOT_RIGHT_OF_WAY_I,HIT_AND_RUN_I,DAMAGE,DATE_POLICE_NOTIFIED,PRIM_CONTRIBUTORY_CAUSE,SEC_CONTRIBUTORY_CAUSE,STREET_NO,STREET_DIRECTION,STREET_NAME,BEAT_OF_OCCURRENCE,PHOTOS_TAKEN_I,STATEMENTS_TAKEN_I,DOORING_I,WORK_ZONE_I,WORK_ZONE_TYPE,WORKERS_PRESENT_I,NUM_UNITS,MOST_SEVERE_INJURY,INJURIES_TOTAL,INJURIES_FATAL,INJURIES_INCAPACITATING,INJURIES_NON_INCAPACITATING,INJURIES_REPORTED_NOT_EVIDENT,INJURIES_NO_INDICATION,INJURIES_UNKNOWN,CRASH_HOUR,CRASH_DAY_OF_WEEK,CRASH_MONTH,LATITUDE,LONGITUDE,LOCATION,Join
JA506825,,11/10/2017 16:10,30,NO CONTROLS,NO CONTROLS,SNOW,DARKNESS,TURNING,DIVIDED - W/MEDIAN (NOT RAISED),4,STRAIGHT AND LEVEL,ICE,UNKNOWN,ON SCENE,NO INJURY / DRIVE AWAY,Y,,,"OVER $1,500",11/10/2017 16:20,UNABLE TO DETERMINE,UNABLE TO DETERMINE,926,N,WESTERN AVE,1212,,,,,,,2,NO INDICATION OF INJURY,0,0,0,0,0,2,0,16,6,11,41.89842231,-87.6870582,POINT (-87.687058202016 41.898422308668),1
JA506817,,11/10/2017 16:14,30,STOP SIGN/FLASHER,OTHER,CLEAR,DUSK,ANGLE,DIVIDED - W/MEDIAN (NOT RAISED),,STRAIGHT AND LEVEL,DRY,NO DEFECTS,ON SCENE,INJURY AND / OR TOW DUE TO CRASH,Y,,Y,"OVER $1,500",11/10/2017 16:45,UNABLE TO DETERMINE,UNABLE TO DETERMINE,6200,S,KEDZIE AVE,823,,,,,,,3,"REPORTED, NOT EVIDENT",1,0,0,0,1,1,0,16,6,11,41.78074785,-87.70333294,POINT (-87.703332937155 41.78074785433),1
JA506851,,11/10/2017 16:15,30,TRAFFIC SIGNAL,FUNCTIONING PROPERLY,OTHER,"DARKNESS, LIGHTED ROAD",SIDESWIPE SAME DIRECTION,NOT DIVIDED,7,STRAIGHT AND LEVEL,WET,NO DEFECTS,ON SCENE,NO INJURY / DRIVE AWAY,Y,,,"$501 - $1,500",11/10/2017 16:35,IMPROPER LANE USAGE,FAILING TO YIELD RIGHT-OF-WAY,958,N,LA SALLE DR,1832,,,,,,,2,NO INDICATION OF INJURY,0,0,0,0,0,2,0,16,6,11,41.90047009,-87.63298325,POINT (-87.632983251651 41.900470091288),1
JA506808,,11/10/2017 16:15,30,TRAFFIC SIGNAL,FUNCTIONING PROPERLY,CLEAR,DUSK,REAR END,NOT DIVIDED,2,STRAIGHT AND LEVEL,ICE,UNKNOWN,NOT ON SCENE (DESK REPORT),NO INJURY / DRIVE AWAY,,,,"$501 - $1,500",11/10/2017 16:50,UNABLE TO DETERMINE,UNABLE TO DETERMINE,1901,W,LAWRENCE AVE,1912,,,,,,,2,NO INDICATION OF INJURY,0,0,0,0,0,2,0,16,6,11,41.96868409,-87.6762767,POINT (-87.676276700603 41.968684090266),1
JA506781,,11/10/2017 16:16,30,NO CONTROLS,NO CONTROLS,CLEAR,DUSK,PARKED MOTOR VEHICLE,NOT DIVIDED,2,STRAIGHT AND LEVEL,DRY,NO DEFECTS,ON SCENE,NO INJURY / DRIVE AWAY,,,,"OVER $1,500",11/10/2017 16:17,IMPROPER BACKING,UNABLE TO DETERMINE,4015,W,26TH ST,1031,,,,,,,2,NO INDICATION OF INJURY,0,0,0,0,0,4,0,16,6,11,41.844137,-87.72519617,POINT (-87.725196171551 41.844137000419),1
JA507003,,11/10/2017 16:19,20,NO CONTROLS,NO CONTROLS,CLEAR,DAYLIGHT,PARKED MOTOR VEHICLE,PARKING LOT,,STRAIGHT AND LEVEL,DRY,NO DEFECTS,NOT ON SCENE (DESK REPORT),NO INJURY / DRIVE AWAY,,,Y,"OVER $1,500",11/10/2017 18:30,UNABLE TO DETERMINE,UNABLE TO DETERMINE,821,W,115TH ST,524,,,,,,,2,NO INDICATION OF INJURY,0,0,0,0,0,1,0,16,6,11,41.68496064,-87.64302231,POINT (-87.643022309558 41.684960640352),1
JA506839,,11/10/2017 16:22,25,NO CONTROLS,UNKNOWN,SNOW,DAWN,SIDESWIPE SAME DIRECTION,DIVIDED - W/MEDIAN (NOT RAISED),2,STRAIGHT AND LEVEL,UNKNOWN,UNKNOWN,ON SCENE,INJURY AND / OR TOW DUE TO CRASH,,,Y,"OVER $1,500",11/10/2017 16:44,UNABLE TO DETERMINE,UNABLE TO DETERMINE,5441,S,DAMEN AVE,932,,,,,,,2,NO INDICATION OF INJURY,0,0,0,0,0,1,0,16,6,11,41.79452806,-87.67417335,POINT (-87.674173352166 41.794528060204),1
JA506838,,11/10/2017 16:28,30,STOP SIGN/FLASHER,FUNCTIONING PROPERLY,CLEAR,DAYLIGHT,TURNING,NOT DIVIDED,2,STRAIGHT AND LEVEL,DRY,NO DEFECTS,NOT ON SCENE (DESK REPORT),NO INJURY / DRIVE AWAY,,,,"$501 - $1,500",11/10/2017 17:11,IMPROPER TURNING/NO SIGNAL,NOT APPLICABLE,1099,N,PULASKI RD,1112,,,,,,,2,NO INDICATION OF INJURY,0,0,0,0,0,2,0,16,6,11,41.90075792,-87.72609944,POINT (-87.726099437523 41.900757919215),1
JA506932,,11/10/2017 16:30,30,STOP SIGN/FLASHER,NO CONTROLS,SNOW,DAYLIGHT,ANGLE,NOT DIVIDED,4,STRAIGHT AND LEVEL,ICE,NO DEFECTS,NOT ON SCENE (DESK REPORT),NO INJURY / DRIVE AWAY,Y,,,"OVER $1,500",11/10/2017 18:20,WEATHER,NOT APPLICABLE,900,N,HUDSON AVE,1823,,,,,,,2,NO INDICATION OF INJURY,0,0,0,0,0,2,0,16,6,11,41.89891584,-87.64013156,POINT (-87.640131558208 41.898915839845),1
JA506941,,11/10/2017 16:30,30,NO CONTROLS,NO CONTROLS,CLEAR,DAWN,REAR END,NOT DIVIDED,,STRAIGHT AND LEVEL,DRY,NO DEFECTS,NOT ON SCENE (DESK REPORT),NO INJURY / DRIVE AWAY,,,,"OVER $1,500",11/10/2017 18:18,NOT APPLICABLE,NOT APPLICABLE,8658,S,KEDZIE AVE,834,,,,,,,2,NO INDICATION OF INJURY,0,0,0,0,0,2,0,16,6,11,41.73528998,-87.70222673,POINT (-87.702226732143 41.735289979),1
JA506888,,11/10/2017 16:33,30,TRAFFIC SIGNAL,FUNCTIONING PROPERLY,SNOW,"DARKNESS, LIGHTED ROAD",TURNING,OTHER,,STRAIGHT AND LEVEL,SNOW OR SLUSH,UNKNOWN,ON SCENE,INJURY AND / OR TOW DUE TO CRASH,,,,"OVER $1,500",11/10/2017 16:33,TURNING RIGHT ON RED,UNABLE TO DETERMINE,3815,N,CICERO AVE,1731,,,,,,,2,"REPORTED, NOT EVIDENT",1,0,0,0,1,1,0,16,6,11,41.95022187,-87.74708011,POINT (-87.747080113012 41.950221864672),1
JA507154,,11/10/2017 16:35,30,NO CONTROLS,NO CONTROLS,CLEAR,DUSK,REAR END,NOT DIVIDED,2,STRAIGHT AND LEVEL,DRY,NO DEFECTS,NOT ON SCENE (DESK REPORT),NO INJURY / DRIVE AWAY,,,,"OVER $1,500",11/10/2017 21:00,IMPROPER BACKING,NOT APPLICABLE,3200,N,RUTHERFORD AVE,1632,,,,,,,2,NO INDICATION OF INJURY,0,0,0,0,0,2,0,16,6,11,41.93826736,-87.79462237,POINT (-87.794622369174 41.938267359182),1
JA518764,,11/10/2017 16:45,25,TRAFFIC SIGNAL,FUNCTIONING PROPERLY,RAIN,DAYLIGHT,ANGLE,NOT DIVIDED,,STRAIGHT AND LEVEL,WET,NO DEFECTS,NOT ON SCENE (DESK REPORT),NO INJURY / DRIVE AWAY,,,,$500 OR LESS,11/20/2017 9:45,DISREGARDING TRAFFIC SIGNALS,DISREGARDING TRAFFIC SIGNALS,499,E,GRAND AVE,1834,,,,,,,2,NO INDICATION OF INJURY,0,0,0,0,0,2,0,16,6,11,41.89179911,-87.61401905,POINT (-87.61401905223 41.891799105753),1
JA506885,,11/10/2017 16:45,5,NO CONTROLS,NO CONTROLS,CLEAR,DAYLIGHT,PARKED MOTOR VEHICLE,PARKING LOT,,STRAIGHT AND LEVEL,DRY,NO DEFECTS,NOT ON SCENE (DESK REPORT),NO INJURY / DRIVE AWAY,,,Y,"OVER $1,500",11/10/2017 17:30,UNABLE TO DETERMINE,UNABLE TO DETERMINE,806,W,63RD ST,712,,,,,,,2,NO INDICATION OF INJURY,0,0,0,0,0,1,0,16,6,11,41.77985559,-87.64514243,POINT (-87.645142433598 41.779855590848),1
JA506927,,11/10/2017 16:45,25,STOP SIGN/FLASHER,FUNCTIONING PROPERLY,CLEAR,DAYLIGHT,REAR END,DIVIDED - W/MEDIAN (NOT RAISED),2,STRAIGHT AND LEVEL,DRY,NO DEFECTS,NOT ON SCENE (DESK REPORT),NO INJURY / DRIVE AWAY,,,Y,"$501 - $1,500",11/10/2017 18:03,UNABLE TO DETERMINE,UNABLE TO DETERMINE,5900,S,FRANCISCO AVE,824,,,,,,,2,NO INDICATION OF INJURY,0,0,0,0,0,2,0,16,6,11,41.78627254,-87.69617708,POINT (-87.696177079956 41.786272543656),1
JA506842,,11/10/2017 16:50,30,TRAFFIC SIGNAL,FUNCTIONING PROPERLY,CLEAR,DARKNESS,REAR END,DIVIDED - W/MEDIAN BARRIER,,STRAIGHT AND LEVEL,SNOW OR SLUSH,NO DEFECTS,NOT ON SCENE (DESK REPORT),NO INJURY / DRIVE AWAY,,,,$500 OR LESS,11/10/2017 17:12,WEATHER,NOT APPLICABLE,1000,W,ROOSEVELT RD,1232,,,,,,,2,NO INDICATION OF INJURY,0,0,0,0,0,2,0,16,6,11,41.86719645,-87.65108822,POINT (-87.651088220891 41.867196446975),1
JA506836,,11/10/2017 16:52,30,STOP SIGN/FLASHER,UNKNOWN,SNOW,DARKNESS,PARKED MOTOR VEHICLE,NOT DIVIDED,2,STRAIGHT AND LEVEL,ICE,UNKNOWN,ON SCENE,INJURY AND / OR TOW DUE TO CRASH,,,,"$501 - $1,500",11/10/2017 17:18,UNABLE TO DETERMINE,UNABLE TO DETERMINE,1419,W,CARROLL AVE,1215,,Y,,,,,2,NO INDICATION OF INJURY,0,0,0,0,0,1,0,16,6,11,41.88732928,-87.66330569,POINT (-87.663305690052 41.887329275371),1
JA506823,,11/10/2017 16:53,30,NO CONTROLS,NO CONTROLS,OTHER,"DARKNESS, LIGHTED ROAD",REAR END,DIVIDED - W/MEDIAN (NOT RAISED),2,STRAIGHT AND LEVEL,WET,NO DEFECTS,ON SCENE,NO INJURY / DRIVE AWAY,,,,"$501 - $1,500",11/10/2017 16:53,UNABLE TO DETERMINE,UNABLE TO DETERMINE,2719,N,NARRAGANSETT AVE,2512,,,,,,,2,NO INDICATION OF INJURY,0,0,0,0,0,3,0,16,6,11,41.92977464,-87.78551836,POINT (-87.785518360893 41.929774638287),1
JA507062,,11/10/2017 16:53,30,NO CONTROLS,NO CONTROLS,SNOW,"DARKNESS, LIGHTED ROAD",PARKED MOTOR VEHICLE,OTHER,4,STRAIGHT AND LEVEL,ICE,NO DEFECTS,ON SCENE,NO INJURY / DRIVE AWAY,,,,"OVER $1,500",11/10/2017 19:29,WEATHER,NOT APPLICABLE,1034,W,RANDOLPH ST,1224,,,,,,,2,NO INDICATION OF INJURY,0,0,0,0,0,3,0,16,6,11,41.88441253,-87.65341893,POINT (-87.653418925694 41.884412532634),1
JA507796,,11/10/2017 17:00,30,NO CONTROLS,NO CONTROLS,OTHER,DAYLIGHT,REAR END,NOT DIVIDED,2,STRAIGHT AND LEVEL,ICE,UNKNOWN,NOT ON SCENE (DESK REPORT),NO INJURY / DRIVE AWAY,Y,,,"OVER $1,500",11/11/2017 12:37,WEATHER,WEATHER,8500,S,JEFFERY BLVD,412,Y,,,,,,2,NO INDICATION OF INJURY,0,0,0,0,0,2,0,17,6,11,41.74060212,-87.57592146,POINT (-87.575921460076 41.7406021145),1
JA506937,,11/10/2017 17:00,10,NO CONTROLS,NO CONTROLS,CLEAR,"DARKNESS, LIGHTED ROAD",PARKED MOTOR VEHICLE,OTHER,0,STRAIGHT AND LEVEL,DRY,NO DEFECTS,ON SCENE,NO INJURY / DRIVE AWAY,,,,$500 OR LESS,11/10/2017 17:34,IMPROPER BACKING,DRIVING SKILLS/KNOWLEDGE/EXPERIENCE,7100,S,ASHLAND AVE,735,,,,,,,2,NO INDICATION OF INJURY,0,0,0,0,0,1,0,17,6,11,41.76485938,-87.66394018,POINT (-87.663940176305 41.764859382425),1
JA506938,,11/10/2017 17:00,30,TRAFFIC SIGNAL,FUNCTIONING PROPERLY,CLEAR,DARKNESS,ANGLE,NOT DIVIDED,2,STRAIGHT AND LEVEL,WET,NO DEFECTS,ON SCENE,INJURY AND / OR TOW DUE TO CRASH,Y,,,"$501 - $1,500",11/10/2017 17:55,FAILING TO YIELD RIGHT-OF-WAY,UNABLE TO DETERMINE,1001,S,DESPLAINES ST,124,,,,,,,2,NO INDICATION OF INJURY,0,0,0,0,0,3,0,17,6,11,41.86966096,-87.64359229,POINT (-87.643592294055 41.869660962978),1
JA506869,,11/10/2017 17:00,25,NO CONTROLS,NO CONTROLS,CLEAR,DAYLIGHT,ANGLE,PARKING LOT,1,STRAIGHT AND LEVEL,DRY,NO DEFECTS,NOT ON SCENE (DESK REPORT),NO INJURY / DRIVE AWAY,,,,"OVER $1,500",11/10/2017 17:20,UNABLE TO DETERMINE,UNABLE TO DETERMINE,4700,S,PULASKI RD,815,,,,,,,2,NO INDICATION OF INJURY,0,0,0,0,0,2,0,17,6,11,41.80778877,-87.72373033,POINT (-87.72373033158 41.807788769095),1
JA507679,,11/10/2017 17:09,25,NO CONTROLS,NO CONTROLS,SNOW,DAYLIGHT,PARKED MOTOR VEHICLE,ONE-WAY,1,STRAIGHT AND LEVEL,SNOW OR SLUSH,UNKNOWN,ON SCENE,NO INJURY / DRIVE AWAY,,,,"$501 - $1,500",11/11/2017 10:53,WEATHER,NOT APPLICABLE,4659,N,RAVENSWOOD AVE,1912,,,,,,,2,NO INDICATION OF INJURY,0,0,0,0,0,1,0,17,6,11,41.96690706,-87.67397288,POINT (-87.673972875418 41.966907054737),1
JA506889,,11/10/2017 17:10,25,TRAFFIC SIGNAL,FUNCTIONING PROPERLY,SNOW,"DARKNESS, LIGHTED ROAD",REAR END,DIVIDED - W/MEDIAN (NOT RAISED),2,STRAIGHT AND LEVEL,SNOW OR SLUSH,NO DEFECTS,NOT ON SCENE (DESK REPORT),NO INJURY / DRIVE AWAY,,,,$500 OR LESS,11/10/2017 17:45,FOLLOWING TOO CLOSELY,FAILING TO REDUCE SPEED TO AVOID CRASH,506,W,OAK ST,1823,,,,,,,2,NO INDICATION OF INJURY,0,0,0,0,0,2,0,17,6,11,41.90055056,-87.64149557,POINT (-87.64149557006 41.900550564209),1
JA506901,Y,11/10/2017 17:10,30,NO CONTROLS,NO CONTROLS,CLEAR,DAYLIGHT,TURNING,NOT DIVIDED,,STRAIGHT AND LEVEL,SNOW OR SLUSH,NO DEFECTS,NOT ON SCENE (DESK REPORT),NO INJURY / DRIVE AWAY,,,,"$501 - $1,500",11/10/2017 17:54,FOLLOWING TOO CLOSELY,NOT APPLICABLE,7051,N,WESTERN AVE,2411,,,,,,,2,NO INDICATION OF INJURY,0,0,0,0,0,2,0,17,6,11,42.01008409,-87.69004953,POINT (-87.690049526588 42.010084092058),1
JA506930,,11/10/2017 17:11,30,NO CONTROLS,NO CONTROLS,CLEAR,"DARKNESS, LIGHTED ROAD",SIDESWIPE SAME DIRECTION,DIVIDED - W/MEDIAN (NOT RAISED),2,STRAIGHT AND LEVEL,DRY,NO DEFECTS,ON SCENE,INJURY AND / OR TOW DUE TO CRASH,,,,"OVER $1,500",11/10/2017 17:30,IMPROPER OVERTAKING/PASSING,"OPERATING VEHICLE IN ERRATIC, RECKLESS, CARELESS, NEGLIGENT OR AGGRESSIVE MANNER",3740,S,KEDZIE AVE,911,,,,,,,2,NO INDICATION OF INJURY,0,0,0,0,0,3,0,17,6,11,41.82485684,-87.70461072,POINT (-87.704610717179 41.824856839823),1
JA506917,,11/10/2017 17:15,30,TRAFFIC SIGNAL,FUNCTIONING PROPERLY,CLEAR,DAYLIGHT,TURNING,NOT DIVIDED,,STRAIGHT AND LEVEL,DRY,NO DEFECTS,ON SCENE,NO INJURY / DRIVE AWAY,,,Y,"OVER $1,500",11/10/2017 17:55,UNABLE TO DETERMINE,UNABLE TO DETERMINE,6300,S,KEDZIE AVE,823,,,,,,,2,NO INDICATION OF INJURY,0,0,0,0,0,2,0,17,6,11,41.77894575,-87.70328312,POINT (-87.703283119003 41.77894575018),1
JA507726,,11/10/2017 17:20,30,TRAFFIC SIGNAL,FUNCTIONING PROPERLY,CLOUDY/OVERCAST,DAYLIGHT,TURNING,NOT DIVIDED,4,STRAIGHT AND LEVEL,WET,WORN SURFACE,NOT ON SCENE (DESK REPORT),NO INJURY / DRIVE AWAY,,,,"OVER $1,500",11/11/2017 12:05,FAILING TO YIELD RIGHT-OF-WAY,FAILING TO YIELD RIGHT-OF-WAY,1600,W,TAYLOR ST,1231,,,,,,,2,NO INDICATION OF INJURY,0,0,0,0,0,2,0,17,6,11,41.86937109,-87.66652853,POINT (-87.666528530029 41.869371084501),1
JA509405,,11/10/2017 17:20,30,NO CONTROLS,NO CONTROLS,CLOUDY/OVERCAST,DUSK,ANGLE,PARKING LOT,,STRAIGHT AND LEVEL,SNOW OR SLUSH,NO DEFECTS,NOT ON SCENE (DESK REPORT),NO INJURY / DRIVE AWAY,,Y,,"$501 - $1,500",11/12/2017 20:25,IMPROPER BACKING,UNABLE TO DETERMINE,4821,W,NORTH AVE,2533,,,,,,,2,NO INDICATION OF INJURY,0,0,0,0,0,2,0,17,6,11,41.90950515,-87.74695994,POINT (-87.746959936272 41.909505147743),1
JA507523,,11/10/2017 17:20,30,STOP SIGN/FLASHER,FUNCTIONING PROPERLY,CLEAR,"DARKNESS, LIGHTED ROAD",SIDESWIPE SAME DIRECTION,NOT DIVIDED,,STRAIGHT AND LEVEL,DRY,UNKNOWN,NOT ON SCENE (DESK REPORT),NO INJURY / DRIVE AWAY,,,N,"OVER $1,500",11/10/2017 23:30,UNABLE TO DETERMINE,UNABLE TO DETERMINE,2607,N,MILWAUKEE AVE,1411,,,,,,,2,NO INDICATION OF INJURY,0,0,0,0,0,2,0,17,6,11,41.92911001,-87.707239,POINT (-87.70723899729 41.929110009263),1
JA506892,,11/10/2017 17:23,30,NO CONTROLS,NO CONTROLS,SNOW,"DARKNESS, LIGHTED ROAD",ANGLE,DIVIDED - W/MEDIAN (NOT RAISED),4,STRAIGHT AND LEVEL,WET,NO DEFECTS,ON SCENE,NO INJURY / DRIVE AWAY,Y,,,"$501 - $1,500",11/10/2017 17:31,UNABLE TO DETERMINE,NOT APPLICABLE,2000,W,WASHBURNE AVE,1233,,,,,,,2,NO INDICATION OF INJURY,0,0,0,0,0,2,0,17,6,11,41.86595162,-87.6763452,POINT (-87.676345198378 41.865951621324),1
JA506940,,11/10/2017 17:25,25,NO CONTROLS,NO CONTROLS,CLEAR,"DARKNESS, LIGHTED ROAD",REAR END,DIVIDED - W/MEDIAN (NOT RAISED),4,STRAIGHT AND LEVEL,DRY,NO DEFECTS,NOT ON SCENE (DESK REPORT),NO INJURY / DRIVE AWAY,,,,"$501 - $1,500",11/10/2017 18:12,UNABLE TO DETERMINE,UNABLE TO DETERMINE,6301,S,HARLEM AVE,812,,,,,,,2,NO INDICATION OF INJURY,0,0,0,0,0,2,0,17,6,11,41.77726177,-87.80074963,POINT (-87.800749629191 41.77726177253),1
JA506898,,11/10/2017 17:27,20,NO CONTROLS,NO CONTROLS,CLEAR,DARKNESS,FIXED OBJECT,PARKING LOT,,STRAIGHT AND LEVEL,DRY,NO DEFECTS,ON SCENE,NO INJURY / DRIVE AWAY,,Y,,"$501 - $1,500",11/10/2017 17:28,IMPROPER BACKING,UNABLE TO DETERMINE,8140,S,ASHLAND AVE,614,,,,,,,1,NO INDICATION OF INJURY,0,0,0,0,0,1,0,17,6,11,41.74549165,-87.66346164,POINT (-87.663461635267 41.745491649373),1
JA507831,,11/10/2017 17:30,30,NO CONTROLS,NO CONTROLS,RAIN,"DARKNESS, LIGHTED ROAD",REAR END,DIVIDED - W/MEDIAN BARRIER,,STRAIGHT AND LEVEL,WET,NO DEFECTS,NOT ON SCENE (DESK REPORT),NO INJURY / DRIVE AWAY,,,,"OVER $1,500",11/11/2017 13:30,FAILING TO REDUCE SPEED TO AVOID CRASH,FOLLOWING TOO CLOSELY,5630,N,HARLEM AVE,1612,,,,,,,2,NO INDICATION OF INJURY,0,0,0,0,0,2,0,17,6,11,41.98361257,-87.80708121,POINT (-87.807081205725 41.983612572353),1
JA507583,,11/10/2017 17:30,30,UNKNOWN,UNKNOWN,UNKNOWN,UNKNOWN,REAR END,UNKNOWN,2,STRAIGHT AND LEVEL,UNKNOWN,UNKNOWN,NOT ON SCENE (DESK REPORT),NO INJURY / DRIVE AWAY,,,,"$501 - $1,500",11/11/2017 9:50,UNABLE TO DETERMINE,UNABLE TO DETERMINE,499,E,RANDOLPH ST,114,,,,,,,3,NO INDICATION OF INJURY,0,0,0,0,0,3,0,17,6,11,41.88427965,-87.6137679,POINT (-87.613767899944 41.884279650906),1
JA507242,,11/10/2017 17:30,30,NO CONTROLS,NO CONTROLS,CLEAR,"DARKNESS, LIGHTED ROAD",PARKED MOTOR VEHICLE,ONE-WAY,,STRAIGHT AND LEVEL,DRY,NO DEFECTS,NOT ON SCENE (DESK REPORT),NO INJURY / DRIVE AWAY,,,Y,"OVER $1,500",11/10/2017 23:00,UNABLE TO DETERMINE,NOT APPLICABLE,7159,S,UNION AVE,732,,,,,,,2,NO INDICATION OF INJURY,0,0,0,0,0,1,0,17,6,11,41.76352302,-87.6413566,POINT (-87.641356599399 41.763523021578),1
JA510536,Y,11/10/2017 17:30,30,NO CONTROLS,NO CONTROLS,UNKNOWN,UNKNOWN,PARKED MOTOR VEHICLE,ONE-WAY,1,STRAIGHT AND LEVEL,UNKNOWN,UNKNOWN,NOT ON SCENE (DESK REPORT),NO INJURY / DRIVE AWAY,,,Y,"OVER $1,500",11/13/2017 17:05,UNABLE TO DETERMINE,UNABLE TO DETERMINE,275,W,DICKENS DR,1814,,,,,,,2,NO INDICATION OF INJURY,0,0,0,0,0,1,0,17,6,11,41.92008111,-87.63559786,POINT (-87.635597862833 41.920081111605),1
JA506954,,11/10/2017 17:30,30,NO CONTROLS,NO CONTROLS,SNOW,DUSK,SIDESWIPE SAME DIRECTION,NOT DIVIDED,2,STRAIGHT AND LEVEL,SNOW OR SLUSH,UNKNOWN,NOT ON SCENE (DESK REPORT),NO INJURY / DRIVE AWAY,,,,"OVER $1,500",11/10/2017 18:20,UNABLE TO DETERMINE,UNABLE TO DETERMINE,3250,W,FOSTER AVE,1712,,,,,,,2,NO INDICATION OF INJURY,0,0,0,0,0,3,0,17,6,11,41.97583446,-87.71074552,POINT (-87.710745523278 41.97583445691),1
JA506911,,11/10/2017 17:30,30,STOP SIGN/FLASHER,FUNCTIONING PROPERLY,CLEAR,DARKNESS,REAR END,NOT DIVIDED,2,STRAIGHT AND LEVEL,ICE,NO DEFECTS,NOT ON SCENE (DESK REPORT),NO INJURY / DRIVE AWAY,Y,,,"$501 - $1,500",11/10/2017 17:45,UNABLE TO DETERMINE,UNABLE TO DETERMINE,1050,N,CAMBRIDGE AVE,1823,,,,,,,2,NO INDICATION OF INJURY,0,0,0,0,0,2,0,17,6,11,41.90146023,-87.64227417,POINT (-87.642274174462 41.901460231098),1
JA508204,Y,11/10/2017 17:30,30,NO CONTROLS,NO CONTROLS,CLEAR,DUSK,SIDESWIPE SAME DIRECTION,ONE-WAY,3,STRAIGHT AND LEVEL,DRY,NO DEFECTS,NOT ON SCENE (DESK REPORT),NO INJURY / DRIVE AWAY,,,Y,$500 OR LESS,11/11/2017 18:13,FAILING TO YIELD RIGHT-OF-WAY,EXCEEDING AUTHORIZED SPEED LIMIT,910,N,CLARK ST,1832,,,,,,,2,NO INDICATION OF INJURY,0,0,0,0,0,2,0,17,6,11,41.89929029,-87.63146246,POINT (-87.631462461158 41.899290286562),1
JA506902,,11/10/2017 17:31,15,NO CONTROLS,NO CONTROLS,SNOW,DUSK,PARKED MOTOR VEHICLE,PARKING LOT,0,STRAIGHT AND LEVEL,WET,NO DEFECTS,ON SCENE,INJURY AND / OR TOW DUE TO CRASH,,Y,,"OVER $1,500",11/10/2017 17:35,EXCEEDING AUTHORIZED SPEED LIMIT,IMPROPER LANE USAGE,4755,W,GRAND AVE,2533,,,,,,,3,NO INDICATION OF INJURY,0,0,0,0,0,1,0,17,6,11,41.91362432,-87.74552821,POINT (-87.745528207902 41.913624320732),1
JA507185,,11/10/2017 17:32,30,UNKNOWN,UNKNOWN,UNKNOWN,"DARKNESS, LIGHTED ROAD",SIDESWIPE SAME DIRECTION,DIVIDED - W/MEDIAN (NOT RAISED),8,STRAIGHT AND LEVEL,UNKNOWN,UNKNOWN,NOT ON SCENE (DESK REPORT),NO INJURY / DRIVE AWAY,,,,"OVER $1,500",11/10/2017 21:20,UNABLE TO DETERMINE,NOT APPLICABLE,530,W,MADISON ST,121,,,,,,,2,NO INDICATION OF INJURY,0,0,0,0,0,4,0,17,6,11,41.88197357,-87.64112726,POINT (-87.64112725634 41.881973567755),1
JA506900,,11/10/2017 17:35,30,TRAFFIC SIGNAL,FUNCTIONING PROPERLY,CLEAR,"DARKNESS, LIGHTED ROAD",TURNING,NOT DIVIDED,,STRAIGHT AND LEVEL,DRY,NO DEFECTS,NOT ON SCENE (DESK REPORT),NO INJURY / DRIVE AWAY,,,,"OVER $1,500",11/10/2017 17:45,FOLLOWING TOO CLOSELY,NOT APPLICABLE,10301,S,KEDZIE AVE,2211,,,,,,,2,NO INDICATION OF INJURY,0,0,0,0,0,2,0,17,6,11,41.70609113,-87.70117396,POINT (-87.701173955222 41.70609112621),1
JA506957,,11/10/2017 17:35,0,NO CONTROLS,NO CONTROLS,SNOW,"DARKNESS, LIGHTED ROAD",FIXED OBJECT,PARKING LOT,0,STRAIGHT AND LEVEL,UNKNOWN,NO DEFECTS,NOT ON SCENE (DESK REPORT),NO INJURY / DRIVE AWAY,,Y,,$500 OR LESS,11/10/2017 18:18,UNABLE TO DETERMINE,NOT APPLICABLE,2401,W,DIVERSEY AVE,1411,,,,,,,1,NO INDICATION OF INJURY,0,0,0,0,0,1,0,17,6,11,41.93206779,-87.68793971,POINT (-87.687939714461 41.932067788301),1
JA507749,,11/10/2017 17:35,30,NO CONTROLS,NO CONTROLS,CLEAR,"DARKNESS, LIGHTED ROAD",TURNING,NOT DIVIDED,2,STRAIGHT AND LEVEL,DRY,NO DEFECTS,NOT ON SCENE (DESK REPORT),NO INJURY / DRIVE AWAY,,,,"OVER $1,500",11/11/2017 12:12,FAILING TO YIELD RIGHT-OF-WAY,UNABLE TO DETERMINE,2357,W,FULLERTON AVE,1432,,Y,,,,,2,NO INDICATION OF INJURY,0,0,0,0,0,3,0,17,6,11,41.92479191,-87.6875218,POINT (-87.687521795166 41.924791906639),1