RD_NO,CRASH_DATE_EST_I,CRASH_DATE,POSTED_SPEED_LIMIT,TRAFFIC_CONTROL_DEVICE,DEVICE_CONDITION,WEATHER_CONDITION,LIGHTING_CONDITION,FIRST_CRASH_TYPE,TRAFFICWAY_TYPE,LANE_CNT,ALIGNMENT,ROADWAY_SURFACE_COND,ROAD_DEFECT,REPORT_TYPE,CRASH_TYPE,INTERSECTION_RELATED_I,NOT_RIGHT_OF_WAY_I,HIT_AND_RUN_I,DAMAGE,DATE_POLICE_NOTIFIED,PRIM_CONTRIBUTORY_CAUSE,SEC_CONTRIBUTORY_CAUSE,STREET_NO,STREET_DIRECTION,STREET_NAME,BEAT_OF_OCCURRENCE,PHOTOS_TAKEN_I,STATEMENTS_TAKEN_I,DOORING_I,WORK_ZONE_I,WORK_ZONE_TYPE,WORKERS_PRESENT_I,NUM_UNITS,MOST_SEVERE_INJURY,INJURIES_TOTAL,INJURIES_FATAL,INJURIES_INCAPACITATING,INJURIES_NON_INCAPACITATING,INJURIES_REPORTED_NOT_EVIDENT,INJURIES_NO_INDICATION,INJURIES_UNKNOWN,CRASH_HOUR,CRASH_DAY_OF_WEEK,CRASH_MONTH,LATITUDE,LONGITUDE,LOCATION,Join
JA507055,,11/10/2017 19:30,30,NO CONTROLS,NO CONTROLS,CLEAR,DUSK,REAR END,NOT DIVIDED,,STRAIGHT AND LEVEL,DRY,NO DEFECTS,NOT ON SCENE (DESK REPORT),NO INJURY / DRIVE AWAY,,,,"OVER $1,500",11/10/2017 20:15,NOT APPLICABLE,NOT APPLICABLE,6205,S,CICERO AVE,813,,,,,,,2,NO INDICATION OF INJURY,0,0,0,0,0,2,0,19,6,11,41.78005467,-87.74219758,POINT (-87.742197577924 41.780054671722),1
JA507026,Y,11/10/2017 19:30,30,TRAFFIC SIGNAL,FUNCTIONING PROPERLY,SNOW,"DARKNESS, LIGHTED ROAD",TURNING,DIVIDED - W/MEDIAN (NOT RAISED),,STRAIGHT AND LEVEL,WET,NO DEFECTS,ON SCENE,INJURY AND / OR TOW DUE TO CRASH,Y,,,"OVER $1,500",11/10/2017 19:40,UNABLE TO DETERMINE,UNABLE TO DETERMINE,640,N,LA SALLE DR,1832,,,,,,,2,NO INDICATION OF INJURY,0,0,0,0,0,2,0,19,6,11,41.89360787,-87.63280056,POINT (-87.632800560883 41.893607873522),1
JA507074,,11/10/2017 19:40,30,TRAFFIC SIGNAL,FUNCTIONING PROPERLY,CLEAR,"DARKNESS, LIGHTED ROAD",SIDESWIPE SAME DIRECTION,NOT DIVIDED,2,STRAIGHT AND LEVEL,WET,NO DEFECTS,NOT ON SCENE (DESK REPORT),NO INJURY / DRIVE AWAY,,,,"OVER $1,500",11/10/2017 20:23,IMPROPER LANE USAGE,NOT APPLICABLE,4400,N,CENTRAL AVE,1622,,,,,,,2,NO INDICATION OF INJURY,0,0,0,0,0,2,0,19,6,11,41.96052764,-87.76739109,POINT (-87.767391092331 41.960527640542),1
JA507155,,11/10/2017 19:50,30,NO CONTROLS,NO CONTROLS,CLEAR,DUSK,PARKED MOTOR VEHICLE,PARKING LOT,,STRAIGHT AND LEVEL,DRY,NO DEFECTS,NOT ON SCENE (DESK REPORT),NO INJURY / DRIVE AWAY,,,,"OVER $1,500",11/10/2017 21:01,NOT APPLICABLE,NOT APPLICABLE,6559,W,ARCHER AVE,811,,,,,,,2,NO INDICATION OF INJURY,0,0,0,0,0,3,0,19,6,11,41.79214112,-87.78662636,POINT (-87.786626362305 41.792141118758),1
JA507099,,11/10/2017 20:00,30,TRAFFIC SIGNAL,FUNCTIONING PROPERLY,CLOUDY/OVERCAST,"DARKNESS, LIGHTED ROAD",PEDESTRIAN,NOT DIVIDED,2,STRAIGHT AND LEVEL,ICE,NO DEFECTS,ON SCENE,INJURY AND / OR TOW DUE TO CRASH,,,Y,$500 OR LESS,11/10/2017 20:00,UNABLE TO DETERMINE,NOT APPLICABLE,6400,W,DIVERSEY AVE,2511,,,,,,,2,"REPORTED, NOT EVIDENT",1,0,0,0,1,1,0,20,6,11,41.93111052,-87.78575317,POINT (-87.785753168537 41.931110522613),1
JA507659,,11/10/2017 20:00,30,NO CONTROLS,NO CONTROLS,CLEAR,DARKNESS,PARKED MOTOR VEHICLE,ONE-WAY,1,STRAIGHT AND LEVEL,SNOW OR SLUSH,NO DEFECTS,NOT ON SCENE (DESK REPORT),NO INJURY / DRIVE AWAY,,,Y,"OVER $1,500",11/11/2017 10:54,UNABLE TO DETERMINE,NOT APPLICABLE,10,S,MASON AVE,1513,,,,,,,2,NO INDICATION OF INJURY,0,0,0,0,0,1,0,20,6,11,41.8797978,-87.77315857,POINT (-87.773158570069 41.879797803751),1
JA507096,,11/10/2017 20:00,35,NO CONTROLS,NO CONTROLS,SNOW,"DARKNESS, LIGHTED ROAD",PARKED MOTOR VEHICLE,NOT DIVIDED,2,STRAIGHT AND LEVEL,SNOW OR SLUSH,NO DEFECTS,ON SCENE,NO INJURY / DRIVE AWAY,,,,"OVER $1,500",11/10/2017 20:05,IMPROPER LANE USAGE,NOT APPLICABLE,3139,W,HOWARD ST,2411,,,,,,,2,NO INDICATION OF INJURY,0,0,0,0,0,2,0,20,6,11,42.01904598,-87.70818205,POINT (-87.708182051639 42.019045978981),1
JA517820,,11/10/2017 20:00,30,NO CONTROLS,NO CONTROLS,CLEAR,DARKNESS,PARKED MOTOR VEHICLE,NOT DIVIDED,2,STRAIGHT AND LEVEL,DRY,NO DEFECTS,NOT ON SCENE (DESK REPORT),NO INJURY / DRIVE AWAY,,,,"$501 - $1,500",11/19/2017 12:24,UNABLE TO DETERMINE,UNABLE TO DETERMINE,2326,W,24TH ST,1034,,,,,,,2,NO INDICATION OF INJURY,0,0,0,0,0,1,0,20,6,11,41.84852824,-87.6842043,POINT (-87.684204304096 41.84852824079),1
JA508134,,11/10/2017 20:00,30,UNKNOWN,UNKNOWN,CLEAR,"DARKNESS, LIGHTED ROAD",ANGLE,PARKING LOT,,STRAIGHT AND LEVEL,UNKNOWN,UNKNOWN,NOT ON SCENE (DESK REPORT),NO INJURY / DRIVE AWAY,,,,$500 OR LESS,11/11/2017 17:35,IMPROPER BACKING,IMPROPER BACKING,10000,W,OHARE ST,1651,,,,,,,2,NO INDICATION OF INJURY,0,0,0,0,0,2,0,20,6,11,41.97620114,-87.90530913,POINT (-87.905309125103 41.976201139024),1
JA507121,,11/10/2017 20:00,30,TRAFFIC SIGNAL,FUNCTIONING PROPERLY,CLEAR,DARKNESS,SIDESWIPE SAME DIRECTION,ONE-WAY,3,STRAIGHT AND LEVEL,DRY,NO DEFECTS,NOT ON SCENE (DESK REPORT),NO INJURY / DRIVE AWAY,Y,,,"$501 - $1,500",11/10/2017 20:35,UNABLE TO DETERMINE,UNABLE TO DETERMINE,16,W,ONTARIO ST,1832,,,,,,,2,NO INDICATION OF INJURY,0,0,0,0,0,2,0,20,6,11,41.8933709,-87.62878315,POINT (-87.62878315259 41.893370903548),1
JA507115,,11/10/2017 20:05,35,NO CONTROLS,FUNCTIONING PROPERLY,CLEAR,"DARKNESS, LIGHTED ROAD",TURNING,NOT DIVIDED,2,STRAIGHT AND LEVEL,DRY,NO DEFECTS,ON SCENE,INJURY AND / OR TOW DUE TO CRASH,,,,"OVER $1,500",11/10/2017 20:16,FAILING TO YIELD RIGHT-OF-WAY,NOT APPLICABLE,2657,W,83RD ST,835,,,,,,,2,NO INDICATION OF INJURY,0,0,0,0,0,3,0,20,6,11,41.74259086,-87.68984238,POINT (-87.689842381805 41.742590861001),1
JA507117,,11/10/2017 20:10,15,NO CONTROLS,NO CONTROLS,CLEAR,"DARKNESS, LIGHTED ROAD",PARKED MOTOR VEHICLE,NOT DIVIDED,,STRAIGHT AND LEVEL,DRY,NO DEFECTS,ON SCENE,NO INJURY / DRIVE AWAY,,,,"$501 - $1,500",11/10/2017 20:13,UNABLE TO DETERMINE,UNABLE TO DETERMINE,3813,W,56TH ST,822,,,,,,,2,NO INDICATION OF INJURY,0,0,0,0,0,1,0,20,6,11,41.79135384,-87.71878535,POINT (-87.718785349372 41.791353839564),1
JA507132,,11/10/2017 20:16,30,UNKNOWN,UNKNOWN,UNKNOWN,"DARKNESS, LIGHTED ROAD",SIDESWIPE SAME DIRECTION,NOT DIVIDED,,STRAIGHT AND LEVEL,UNKNOWN,UNKNOWN,NOT ON SCENE (DESK REPORT),NO INJURY / DRIVE AWAY,,,Y,"OVER $1,500",11/10/2017 20:55,UNABLE TO DETERMINE,NOT APPLICABLE,2629,W,LOGAN BLVD,1431,,,,,,,3,NO INDICATION OF INJURY,0,0,0,0,0,4,0,20,6,11,41.92838881,-87.69381628,POINT (-87.693816276666 41.928388805926),1
JA507122,,11/10/2017 20:22,35,NO CONTROLS,NO CONTROLS,CLEAR,DARKNESS,PARKED MOTOR VEHICLE,ONE-WAY,,STRAIGHT AND LEVEL,DRY,WORN SURFACE,NOT ON SCENE (DESK REPORT),NO INJURY / DRIVE AWAY,,,Y,"OVER $1,500",11/10/2017 20:40,UNABLE TO DETERMINE,UNABLE TO DETERMINE,210,E,48TH ST,224,,,,,,,2,NO INDICATION OF INJURY,0,0,0,0,0,1,0,20,6,11,41.8076103,-87.62062994,POINT (-87.620629937756 41.807610302756),1
JA507219,,11/10/2017 20:25,30,TRAFFIC SIGNAL,UNKNOWN,CLEAR,"DARKNESS, LIGHTED ROAD",TURNING,DIVIDED - W/MEDIAN (NOT RAISED),5,STRAIGHT AND LEVEL,DRY,NO DEFECTS,ON SCENE,INJURY AND / OR TOW DUE TO CRASH,Y,,,"OVER $1,500",11/10/2017 21:47,IMPROPER TURNING/NO SIGNAL,FAILING TO YIELD RIGHT-OF-WAY,6350,W,FULLERTON AVE,2512,,,,,,,2,"REPORTED, NOT EVIDENT",1,0,0,0,1,2,0,20,6,11,41.92379362,-87.78507222,POINT (-87.785072220998 41.923793616985),1
JA507127,N,11/10/2017 20:25,45,NO CONTROLS,NO CONTROLS,CLEAR,"DARKNESS, LIGHTED ROAD",FIXED OBJECT,RAMP,2,CURVE ON GRADE,DRY,NO DEFECTS,ON SCENE,INJURY AND / OR TOW DUE TO CRASH,,,,"OVER $1,500",11/10/2017 20:30,EXCEEDING AUTHORIZED SPEED LIMIT,NOT APPLICABLE,6500,S,CHICAGO SKYWAY OB,722,,,,,,,1,NO INDICATION OF INJURY,0,0,0,0,0,1,0,20,6,11,,,,1
JA507134,,11/10/2017 20:28,30,TRAFFIC SIGNAL,FUNCTIONING PROPERLY,CLEAR,"DARKNESS, LIGHTED ROAD",ANGLE,DIVIDED - W/MEDIAN (NOT RAISED),4,STRAIGHT AND LEVEL,WET,NO DEFECTS,ON SCENE,INJURY AND / OR TOW DUE TO CRASH,Y,,,"OVER $1,500",11/10/2017 20:35,DISREGARDING TRAFFIC SIGNALS,NOT APPLICABLE,240,N,WABASH AVE,111,,,,,,,2,NONINCAPACITATING INJURY,2,0,0,1,1,2,0,20,6,11,41.88663472,-87.62647297,POINT (-87.626472965242 41.886634719516),1
JA507123,,11/10/2017 20:29,30,UNKNOWN,UNKNOWN,CLEAR,DARKNESS,PARKED MOTOR VEHICLE,NOT DIVIDED,2,STRAIGHT AND LEVEL,DRY,NO DEFECTS,ON SCENE,NO INJURY / DRIVE AWAY,,,,$500 OR LESS,11/10/2017 20:40,UNABLE TO DETERMINE,UNABLE TO DETERMINE,1757,N,LARAMIE AVE,2533,,,,,,,2,NO INDICATION OF INJURY,0,0,0,0,0,1,0,20,6,11,41.91305596,-87.75564521,POINT (-87.755645213678 41.91305596161),1
JA507128,,11/10/2017 20:30,35,NO CONTROLS,NO CONTROLS,CLEAR,"DARKNESS, LIGHTED ROAD",TURNING,DIVIDED - W/MEDIAN BARRIER,4,STRAIGHT AND LEVEL,DRY,NO DEFECTS,ON SCENE,NO INJURY / DRIVE AWAY,,,,"OVER $1,500",11/10/2017 20:45,UNABLE TO DETERMINE,UNABLE TO DETERMINE,3647,W,DEVON AVE,1711,,,,,,,2,NO INDICATION OF INJURY,0,0,0,0,0,2,0,20,6,11,41.99715959,-87.72086877,POINT (-87.720868766615 41.997159585752),1
JA507139,,11/10/2017 20:35,30,NO CONTROLS,NO CONTROLS,CLEAR,"DARKNESS, LIGHTED ROAD",TURNING,DIVIDED - W/MEDIAN (NOT RAISED),2,STRAIGHT AND LEVEL,DRY,NO DEFECTS,ON SCENE,NO INJURY / DRIVE AWAY,Y,,,"$501 - $1,500",11/10/2017 20:40,UNABLE TO DETERMINE,UNABLE TO DETERMINE,1850,N,LARAMIE AVE,2532,,,,,,,2,NO INDICATION OF INJURY,0,0,0,0,0,5,0,20,6,11,41.91434096,-87.75598855,POINT (-87.755988551371 41.914340963295),1
JA593782,,11/10/2017 21:00,30,NO CONTROLS,NO CONTROLS,CLEAR,DAYLIGHT,HEAD ON,PARKING LOT,,STRAIGHT AND LEVEL,SNOW OR SLUSH,NO DEFECTS,NOT ON SCENE (DESK REPORT),NO INJURY / DRIVE AWAY,,,,"$501 - $1,500",11/11/2017 1:30,EXCEEDING SAFE SPEED FOR CONDITIONS,NOT APPLICABLE,7535,S,ASHLAND AVE,612,,,,,,,2,NO INDICATION OF INJURY,0,0,0,0,0,2,0,21,6,11,41.75654541,-87.66344385,POINT (-87.663443852852 41.756545414126),1
JA509921,,11/10/2017 21:00,0,NO CONTROLS,NO CONTROLS,CLEAR,DARKNESS,PARKED MOTOR VEHICLE,PARKING LOT,0,STRAIGHT AND LEVEL,DRY,NO DEFECTS,NOT ON SCENE (DESK REPORT),NO INJURY / DRIVE AWAY,,,,"OVER $1,500",11/13/2017 10:00,UNABLE TO DETERMINE,UNABLE TO DETERMINE,7535,S,ASHLAND AVE,612,,,,,,,2,NO INDICATION OF INJURY,0,0,0,0,0,1,0,21,6,11,41.75654541,-87.66344385,POINT (-87.663443852852 41.756545414126),1
JA509179,,11/10/2017 21:00,30,TRAFFIC SIGNAL,FUNCTIONING PROPERLY,CLEAR,"DARKNESS, LIGHTED ROAD",PEDESTRIAN,NOT DIVIDED,1,STRAIGHT AND LEVEL,DRY,UNKNOWN,NOT ON SCENE (DESK REPORT),INJURY AND / OR TOW DUE TO CRASH,,,,$500 OR LESS,11/12/2017 16:15,FAILING TO YIELD RIGHT-OF-WAY,UNABLE TO DETERMINE,1000,W,WRIGHTWOOD AVE,1935,,,,,,,2,"REPORTED, NOT EVIDENT",1,0,0,0,1,1,0,21,6,11,41.92911544,-87.65385893,POINT (-87.653858933892 41.929115440051),1
JA507557,,11/10/2017 21:00,0,NO CONTROLS,NO CONTROLS,CLEAR,"DARKNESS, LIGHTED ROAD",PARKED MOTOR VEHICLE,ONE-WAY,2,STRAIGHT AND LEVEL,DRY,NO DEFECTS,NOT ON SCENE (DESK REPORT),NO INJURY / DRIVE AWAY,,,,"OVER $1,500",11/11/2017 9:30,UNABLE TO DETERMINE,NOT APPLICABLE,11330,S,MARSHFIELD AVE,2234,,,,,,,2,NO INDICATION OF INJURY,0,0,0,0,0,1,0,21,6,11,41.68750037,-87.66268102,POINT (-87.662681019662 41.687500369335),1
JA511644,,11/10/2017 21:00,30,NO CONTROLS,UNKNOWN,CLEAR,"DARKNESS, LIGHTED ROAD",ANGLE,DIVIDED - W/MEDIAN BARRIER,,STRAIGHT AND LEVEL,DRY,UNKNOWN,NOT ON SCENE (DESK REPORT),NO INJURY / DRIVE AWAY,,,,"OVER $1,500",11/14/2017 15:50,IMPROPER BACKING,UNABLE TO DETERMINE,1029,W,LAKE ST,1224,,,,,,,2,NO INDICATION OF INJURY,0,0,0,0,0,2,0,21,6,11,41.88545428,-87.65324435,POINT (-87.653244352972 41.885454274889),1
JA507179,,11/10/2017 21:08,30,STOP SIGN/FLASHER,FUNCTIONING PROPERLY,SNOW,"DARKNESS, LIGHTED ROAD",ANGLE,NOT DIVIDED,2,STRAIGHT AND LEVEL,WET,NO DEFECTS,,INJURY AND / OR TOW DUE TO CRASH,Y,,Y,"OVER $1,500",11/10/2017 21:14,DISREGARDING STOP SIGN,UNABLE TO DETERMINE,2319,N,SACRAMENTO AVE,1414,,,,,,,4,NO INDICATION OF INJURY,0,0,0,0,0,6,0,21,6,11,41.92391089,-87.702146,POINT (-87.702145999712 41.923910889014),1
JA507158,,11/10/2017 21:10,30,TRAFFIC SIGNAL,FUNCTIONING PROPERLY,CLEAR,"DARKNESS, LIGHTED ROAD",PEDALCYCLIST,DIVIDED - W/MEDIAN BARRIER,3,STRAIGHT AND LEVEL,DRY,NO DEFECTS,ON SCENE,NO INJURY / DRIVE AWAY,Y,,,$500 OR LESS,11/10/2017 21:12,FAILING TO YIELD RIGHT-OF-WAY,"VISION OBSCURED (SIGNS, TREE LIMBS, BUILDINGS, ETC.)",1001,S,HALSTED ST,1232,,,,,,,2,NO INDICATION OF INJURY,0,0,0,0,0,4,0,21,6,11,41.8695671,-87.64681299,POINT (-87.646812992454 41.869567098658),1
JA507201,,11/10/2017 21:15,30,TRAFFIC SIGNAL,FUNCTIONING PROPERLY,CLEAR,DARKNESS,REAR END,ONE-WAY,1,STRAIGHT AND LEVEL,DRY,UNKNOWN,ON SCENE,INJURY AND / OR TOW DUE TO CRASH,,,,"$501 - $1,500",11/10/2017 21:19,UNDER THE INFLUENCE OF ALCOHOL/DRUGS (USE WHEN ARREST IS EFFECTED),FOLLOWING TOO CLOSELY,759,N,MENARD AVE,1511,,,,,,,2,NO INDICATION OF INJURY,0,0,0,0,0,4,0,21,6,11,41.89467133,-87.76999049,POINT (-87.76999048969 41.894671325382),1
JA507183,,11/10/2017 21:20,30,NO CONTROLS,NO CONTROLS,CLEAR,"DARKNESS, LIGHTED ROAD",HEAD ON,DIVIDED - W/MEDIAN (NOT RAISED),2,STRAIGHT AND LEVEL,WET,NO DEFECTS,NOT ON SCENE (DESK REPORT),NO INJURY / DRIVE AWAY,Y,,,"OVER $1,500",11/10/2017 21:55,UNABLE TO DETERMINE,UNABLE TO DETERMINE,3130,W,DEVON AVE,2412,,,,,,,2,NO INDICATION OF INJURY,0,0,0,0,0,2,0,21,6,11,41.99752029,-87.70810403,POINT (-87.708104032082 41.997520285701),1
JA507188,,11/10/2017 21:25,30,TRAFFIC SIGNAL,FUNCTIONING PROPERLY,CLEAR,"DARKNESS, LIGHTED ROAD",TURNING,ONE-WAY,2,STRAIGHT AND LEVEL,DRY,NO DEFECTS,ON SCENE,NO INJURY / DRIVE AWAY,,,,"OVER $1,500",11/10/2017 21:30,IMPROPER TURNING/NO SIGNAL,IMPROPER LANE USAGE,400,S,SACRAMENTO BLVD,1134,,,,,,,2,NO INDICATION OF INJURY,0,0,0,0,0,2,0,21,6,11,41.87589394,-87.70122497,POINT (-87.701224964612 41.875893940871),1
JA510556,,11/10/2017 21:29,30,NO CONTROLS,NO CONTROLS,CLEAR,"DARKNESS, LIGHTED ROAD",FIXED OBJECT,DRIVEWAY,,STRAIGHT AND LEVEL,DRY,NO DEFECTS,NOT ON SCENE (DESK REPORT),NO INJURY / DRIVE AWAY,,Y,Y,"OVER $1,500",11/13/2017 17:29,UNABLE TO DETERMINE,UNABLE TO DETERMINE,440,N,WABASH AVE,1834,,,,,,,1,NO INDICATION OF INJURY,0,0,0,0,0,1,0,21,6,11,41.89048644,-87.62682446,POINT (-87.626824460289 41.890486444372),1
JA508058,,11/10/2017 21:30,30,TRAFFIC SIGNAL,FUNCTIONING PROPERLY,CLEAR,"DARKNESS, LIGHTED ROAD",SIDESWIPE SAME DIRECTION,DIVIDED - W/MEDIAN (NOT RAISED),4,STRAIGHT AND LEVEL,DRY,NO DEFECTS,NOT ON SCENE (DESK REPORT),NO INJURY / DRIVE AWAY,,,,$500 OR LESS,11/11/2017 16:30,UNABLE TO DETERMINE,NOT APPLICABLE,100,N,CENTRAL AVE,1512,,,,,,,2,NO INDICATION OF INJURY,0,0,0,0,0,2,0,21,6,11,41.88233928,-87.76507801,POINT (-87.765078010279 41.882339281817),1
JA513411,,11/10/2017 21:30,30,NO CONTROLS,NO CONTROLS,CLEAR,"DARKNESS, LIGHTED ROAD",SIDESWIPE SAME DIRECTION,NOT DIVIDED,2,STRAIGHT AND LEVEL,DRY,UNKNOWN,NOT ON SCENE (DESK REPORT),NO INJURY / DRIVE AWAY,,,Y,"$501 - $1,500",11/15/2017 21:23,IMPROPER OVERTAKING/PASSING,NOT APPLICABLE,4938,W,CHICAGO AVE,1531,,,,,,,2,NO INDICATION OF INJURY,0,0,0,0,0,2,0,21,6,11,41.89508224,-87.74982539,POINT (-87.749825388761 41.895082234584),1
JA514237,,11/10/2017 22:00,15,NO CONTROLS,NO CONTROLS,UNKNOWN,"DARKNESS, LIGHTED ROAD",OTHER OBJECT,ALLEY,1,STRAIGHT AND LEVEL,UNKNOWN,NO DEFECTS,NOT ON SCENE (DESK REPORT),NO INJURY / DRIVE AWAY,,Y,Y,"OVER $1,500",11/16/2017 15:30,UNABLE TO DETERMINE,NOT APPLICABLE,2349,N,KEDZIE BLVD,1414,,,,,,,1,NO INDICATION OF INJURY,0,0,0,0,0,1,0,22,6,11,41.92436529,-87.70706238,POINT (-87.70706237963 41.924365287722),1
JA511463,,11/10/2017 22:00,25,NO CONTROLS,UNKNOWN,UNKNOWN,UNKNOWN,PARKED MOTOR VEHICLE,NOT DIVIDED,,STRAIGHT ON HILLCREST,UNKNOWN,UNKNOWN,NOT ON SCENE (DESK REPORT),NO INJURY / DRIVE AWAY,,,,"OVER $1,500",11/14/2017 14:00,UNABLE TO DETERMINE,NOT APPLICABLE,4740,N,MALDEN ST,1913,,,,,,,2,NO INDICATION OF INJURY,0,0,0,0,0,1,0,22,6,11,41.96836516,-87.66298318,POINT (-87.662983178379 41.96836515524),1
JA538112,Y,11/10/2017 22:00,30,NO CONTROLS,NO CONTROLS,UNKNOWN,UNKNOWN,PARKED MOTOR VEHICLE,PARKING LOT,,STRAIGHT AND LEVEL,UNKNOWN,NO DEFECTS,NOT ON SCENE (DESK REPORT),NO INJURY / DRIVE AWAY,,,Y,"$501 - $1,500",12/5/2017 18:30,UNABLE TO DETERMINE,UNABLE TO DETERMINE,7510,N,WESTERN AVE,2411,,,,,,,2,NO INDICATION OF INJURY,0,0,0,0,0,1,0,22,6,11,42.01801744,-87.69033737,POINT (-87.690337368212 42.018017439434),1
JA507259,,11/10/2017 22:00,30,NO CONTROLS,NO CONTROLS,SNOW,"DARKNESS, LIGHTED ROAD",PARKED MOTOR VEHICLE,NOT DIVIDED,2,STRAIGHT AND LEVEL,ICE,UNKNOWN,NOT ON SCENE (DESK REPORT),INJURY AND / OR TOW DUE TO CRASH,,,,"OVER $1,500",11/10/2017 23:30,WEATHER,NOT APPLICABLE,1523,W,HADDON AVE,1213,,,,,,,2,NO INDICATION OF INJURY,0,0,0,0,0,1,0,22,6,11,41.9023423,-87.66631634,POINT (-87.666316340486 41.902342298466),1
JA507240,,11/10/2017 22:12,30,TRAFFIC SIGNAL,FUNCTIONING PROPERLY,OTHER,"DARKNESS, LIGHTED ROAD",REAR END,NOT DIVIDED,,STRAIGHT AND LEVEL,WET,NO DEFECTS,ON SCENE,INJURY AND / OR TOW DUE TO CRASH,Y,,,"OVER $1,500",11/10/2017 22:12,FOLLOWING TOO CLOSELY,DISTRACTION - FROM INSIDE VEHICLE,804,E,55TH ST,233,,,,,,,2,NO INDICATION OF INJURY,0,0,0,0,0,2,0,22,6,11,41.79507531,-87.60594359,POINT (-87.605943587956 41.795075306706),1
JA507503,Y,11/10/2017 22:12,30,NO CONTROLS,NO CONTROLS,UNKNOWN,"DARKNESS, LIGHTED ROAD",PARKED MOTOR VEHICLE,NOT DIVIDED,2,STRAIGHT AND LEVEL,UNKNOWN,NO DEFECTS,,NO INJURY / DRIVE AWAY,,,Y,"OVER $1,500",11/11/2017 8:15,UNABLE TO DETERMINE,NOT APPLICABLE,1022,N,CENTRAL AVE,1511,,,,,,,2,NO INDICATION OF INJURY,0,0,0,0,0,1,0,22,6,11,41.89918804,-87.76569652,POINT (-87.765696523164 41.89918803863),1
JA507215,,11/10/2017 22:13,30,TRAFFIC SIGNAL,FUNCTIONING PROPERLY,CLEAR,"DARKNESS, LIGHTED ROAD",REAR END,NOT DIVIDED,4,STRAIGHT AND LEVEL,WET,NO DEFECTS,ON SCENE,INJURY AND / OR TOW DUE TO CRASH,,,,$500 OR LESS,11/10/2017 22:45,FOLLOWING TOO CLOSELY,NOT APPLICABLE,601,N,CICERO AVE,1111,,,,,,,2,INCAPACITATING INJURY,1,0,1,0,0,1,0,22,6,11,41.89142875,-87.74553396,POINT (-87.745533957234 41.891428747289),1
JA507209,,11/10/2017 22:20,25,STOP SIGN/FLASHER,FUNCTIONING PROPERLY,CLEAR,"DARKNESS, LIGHTED ROAD",SIDESWIPE OPPOSITE DIRECTION,NOT DIVIDED,2,STRAIGHT AND LEVEL,ICE,NO DEFECTS,NOT ON SCENE (DESK REPORT),NO INJURY / DRIVE AWAY,Y,,,"OVER $1,500",11/10/2017 22:30,WEATHER,UNABLE TO DETERMINE,900,N,HUDSON AVE,1823,,,,,,,2,NO INDICATION OF INJURY,0,0,0,0,0,2,0,22,6,11,41.89891584,-87.64013156,POINT (-87.640131558208 41.898915839845),1
JA516095,,11/10/2017 22:26,30,TRAFFIC SIGNAL,FUNCTIONING PROPERLY,RAIN,"DARKNESS, LIGHTED ROAD",TURNING,NOT DIVIDED,4,STRAIGHT AND LEVEL,WET,NO DEFECTS,ON SCENE,INJURY AND / OR TOW DUE TO CRASH,Y,,,"OVER $1,500",11/17/2017 22:26,FAILING TO YIELD RIGHT-OF-WAY,NOT APPLICABLE,6701,S,CICERO AVE,833,,,,,,,2,NO INDICATION OF INJURY,0,0,0,0,0,2,0,22,6,11,41.7710448,-87.74190563,POINT (-87.741905631651 41.771044801146),1
JA508151,,11/10/2017 22:40,30,NO CONTROLS,NO CONTROLS,CLEAR,"DARKNESS, LIGHTED ROAD",SIDESWIPE SAME DIRECTION,NOT DIVIDED,,STRAIGHT AND LEVEL,DRY,NO DEFECTS,NOT ON SCENE (DESK REPORT),NO INJURY / DRIVE AWAY,,,Y,"OVER $1,500",11/11/2017 17:50,UNABLE TO DETERMINE,NOT APPLICABLE,3532,E,100TH ST,432,,,,,,,2,NO INDICATION OF INJURY,0,0,0,0,0,3,0,22,6,11,41.71398016,-87.53763282,POINT (-87.537632815422 41.713980162751),1
JA507248,,11/10/2017 22:40,25,NO CONTROLS,NO CONTROLS,CLEAR,DARKNESS,REAR END,NOT DIVIDED,2,STRAIGHT AND LEVEL,ICE,NO DEFECTS,NOT ON SCENE (DESK REPORT),NO INJURY / DRIVE AWAY,,,,"OVER $1,500",11/10/2017 23:20,FOLLOWING TOO CLOSELY,NOT APPLICABLE,6135,N,NAGLE AVE,1611,,,,,,,2,NO INDICATION OF INJURY,0,0,0,0,0,4,0,22,6,11,41.99238996,-87.7874125,POINT (-87.787412503807 41.992389957978),1
JA518898,,11/10/2017 22:45,35,TRAFFIC SIGNAL,NO CONTROLS,CLEAR,DARKNESS,ANGLE,NOT DIVIDED,,STRAIGHT AND LEVEL,DRY,NO DEFECTS,NOT ON SCENE (DESK REPORT),NO INJURY / DRIVE AWAY,,,,"$501 - $1,500",11/20/2017 11:26,UNABLE TO DETERMINE,UNABLE TO DETERMINE,5122,W,MADISON ST,1533,,,,,,,2,NO INDICATION OF INJURY,0,0,0,0,0,2,0,22,6,11,41.88050164,-87.75350913,POINT (-87.753509131054 41.880501636755),1