RD_NO,CRASH_DATE_EST_I,CRASH_DATE,POSTED_SPEED_LIMIT,TRAFFIC_CONTROL_DEVICE,DEVICE_CONDITION,WEATHER_CONDITION,LIGHTING_CONDITION,FIRST_CRASH_TYPE,TRAFFICWAY_TYPE,LANE_CNT,ALIGNMENT,ROADWAY_SURFACE_COND,ROAD_DEFECT,REPORT_TYPE,CRASH_TYPE,INTERSECTION_RELATED_I,NOT_RIGHT_OF_WAY_I,HIT_AND_RUN_I,DAMAGE,DATE_POLICE_NOTIFIED,PRIM_CONTRIBUTORY_CAUSE,SEC_CONTRIBUTORY_CAUSE,STREET_NO,STREET_DIRECTION,STREET_NAME,BEAT_OF_OCCURRENCE,PHOTOS_TAKEN_I,STATEMENTS_TAKEN_I,DOORING_I,WORK_ZONE_I,WORK_ZONE_TYPE,WORKERS_PRESENT_I,NUM_UNITS,MOST_SEVERE_INJURY,INJURIES_TOTAL,INJURIES_FATAL,INJURIES_INCAPACITATING,INJURIES_NON_INCAPACITATING,INJURIES_REPORTED_NOT_EVIDENT,INJURIES_NO_INDICATION,INJURIES_UNKNOWN,CRASH_HOUR,CRASH_DAY_OF_WEEK,CRASH_MONTH,LATITUDE,LONGITUDE,LOCATION,Join
JA507432,,11/11/2017 5:02,30,STOP SIGN/FLASHER,FUNCTIONING PROPERLY,CLEAR,"DARKNESS, LIGHTED ROAD",REAR END,NOT DIVIDED,,STRAIGHT AND LEVEL,DRY,NO DEFECTS,NOT ON SCENE (DESK REPORT),NO INJURY / DRIVE AWAY,,,Y,"$501 - $1,500",11/11/2017 5:45,UNABLE TO DETERMINE,UNABLE TO DETERMINE,3232,N,BROADWAY,1925,,,,,,,2,NO INDICATION OF INJURY,0,0,0,0,0,2,0,5,7,11,41.94107756,-87.64457861,POINT (-87.644578607645 41.941077557143),1
JA507430,,11/11/2017 5:15,30,TRAFFIC SIGNAL,FUNCTIONING PROPERLY,CLEAR,"DARKNESS, LIGHTED ROAD",ANGLE,CENTER TURN LANE,4,STRAIGHT ON GRADE,DRY,NO DEFECTS,ON SCENE,NO INJURY / DRIVE AWAY,Y,,Y,"OVER $1,500",11/11/2017 5:24,UNABLE TO DETERMINE,UNABLE TO DETERMINE,7600,S,STATE ST,623,,,,,,,2,NO INDICATION OF INJURY,0,0,0,0,0,2,0,5,7,11,41.75640041,-87.62486969,POINT (-87.624869685896 41.756400406673),1
JA507436,,11/11/2017 5:45,30,UNKNOWN,UNKNOWN,CLEAR,"DARKNESS, LIGHTED ROAD",FIXED OBJECT,NOT DIVIDED,4,STRAIGHT AND LEVEL,UNKNOWN,UNKNOWN,ON SCENE,INJURY AND / OR TOW DUE TO CRASH,,,,"OVER $1,500",11/11/2017 5:45,FAILING TO REDUCE SPEED TO AVOID CRASH,UNABLE TO DETERMINE,21,N,CICERO AVE,1113,,,,,,,1,"REPORTED, NOT EVIDENT",1,0,0,0,1,0,0,5,7,11,41.88123071,-87.74515954,POINT (-87.745159540797 41.88123070825),1
JA507449,,11/11/2017 5:50,30,NO CONTROLS,NO CONTROLS,CLEAR,DAWN,PARKED MOTOR VEHICLE,NOT DIVIDED,,STRAIGHT AND LEVEL,DRY,NO DEFECTS,ON SCENE,NO INJURY / DRIVE AWAY,,,Y,$500 OR LESS,11/11/2017 6:00,"OPERATING VEHICLE IN ERRATIC, RECKLESS, CARELESS, NEGLIGENT OR AGGRESSIVE MANNER",NOT APPLICABLE,2323,W,HUBBARD ST,1221,,,,,,,2,NO INDICATION OF INJURY,0,0,0,0,0,4,0,5,7,11,41.88947364,-87.68520682,POINT (-87.685206818745 41.889473637479),1
JA507563,,11/11/2017 6:00,30,NO CONTROLS,NO CONTROLS,UNKNOWN,UNKNOWN,PARKED MOTOR VEHICLE,NOT DIVIDED,,STRAIGHT AND LEVEL,UNKNOWN,NO DEFECTS,ON SCENE,NO INJURY / DRIVE AWAY,,Y,Y,"$501 - $1,500",11/11/2017 9:27,IMPROPER LANE USAGE,NOT APPLICABLE,1017,W,48TH ST,933,,,,,,,2,NO INDICATION OF INJURY,0,0,0,0,0,1,0,6,7,11,41.80685157,-87.65106556,POINT (-87.651065562848 41.806851569943),1
JA507440,,11/11/2017 6:00,30,TRAFFIC SIGNAL,FUNCTIONING PROPERLY,CLEAR,DAYLIGHT,TURNING,NOT DIVIDED,4,STRAIGHT AND LEVEL,DRY,NO DEFECTS,NOT ON SCENE (DESK REPORT),NO INJURY / DRIVE AWAY,,,,"OVER $1,500",11/11/2017 7:19,IMPROPER TURNING/NO SIGNAL,NOT APPLICABLE,1200,S,STATE ST,131,,,,,,,2,NO INDICATION OF INJURY,0,0,0,0,0,2,0,6,7,11,41.86733051,-87.62756602,POINT (-87.62756601972 41.867330510881),1
JA507455,Y,11/11/2017 6:20,30,NO CONTROLS,NO CONTROLS,SNOW,DAWN,PARKED MOTOR VEHICLE,DIVIDED - W/MEDIAN (NOT RAISED),,STRAIGHT AND LEVEL,SNOW OR SLUSH,OTHER,ON SCENE,INJURY AND / OR TOW DUE TO CRASH,,,Y,"OVER $1,500",11/11/2017 6:30,WEATHER,WEATHER,2739,W,FULTON ST,1222,,,,,,,2,NO INDICATION OF INJURY,0,0,0,0,0,1,0,6,7,11,41.88643866,-87.6954349,POINT (-87.69543490211 41.886438657717),1
JA507451,,11/11/2017 6:30,30,NO CONTROLS,NO CONTROLS,CLEAR,DUSK,FIXED OBJECT,ONE-WAY,,STRAIGHT AND LEVEL,ICE,NO DEFECTS,ON SCENE,INJURY AND / OR TOW DUE TO CRASH,,,,"OVER $1,500",11/11/2017 6:30,WEATHER,UNABLE TO DETERMINE,5314,N,ST LOUIS AVE,1712,,,,,,,1,NO INDICATION OF INJURY,0,0,0,0,0,1,0,6,7,11,41.97798391,-87.71617921,POINT (-87.716179204572 41.977983907081),1
JA507447,,11/11/2017 6:30,30,TRAFFIC SIGNAL,FUNCTIONING PROPERLY,CLEAR,DAWN,REAR END,NOT DIVIDED,2,STRAIGHT AND LEVEL,DRY,NO DEFECTS,ON SCENE,NO INJURY / DRIVE AWAY,Y,,,$500 OR LESS,11/11/2017 6:35,FOLLOWING TOO CLOSELY,FAILING TO REDUCE SPEED TO AVOID CRASH,2959,N,SOUTHPORT AVE,1932,,,,,,,2,NO INDICATION OF INJURY,0,0,0,0,0,2,0,6,7,11,41.93607109,-87.66353926,POINT (-87.663539263869 41.936071089375),1
JA513396,,11/11/2017 6:30,35,UNKNOWN,UNKNOWN,UNKNOWN,UNKNOWN,SIDESWIPE SAME DIRECTION,UNKNOWN,,STRAIGHT AND LEVEL,UNKNOWN,UNKNOWN,NOT ON SCENE (DESK REPORT),NO INJURY / DRIVE AWAY,,,Y,"$501 - $1,500",11/15/2017 21:00,IMPROPER OVERTAKING/PASSING,NOT APPLICABLE,500,S,LAKE SHORE DR NB,114,,,,,,,2,NO INDICATION OF INJURY,0,0,0,0,0,2,0,6,7,11,41.87575758,-87.61728578,POINT (-87.617285775987 41.875757581506),1
JA507460,,11/11/2017 6:35,10,NO CONTROLS,NO CONTROLS,CLEAR,"DARKNESS, LIGHTED ROAD",FIXED OBJECT,OTHER,,STRAIGHT AND LEVEL,DRY,NO DEFECTS,NOT ON SCENE (DESK REPORT),NO INJURY / DRIVE AWAY,,Y,,$500 OR LESS,11/11/2017 6:45,UNABLE TO DETERMINE,NOT APPLICABLE,25,W,65TH ST,312,,,,,,,1,NO INDICATION OF INJURY,0,0,0,0,0,1,0,6,7,11,41.7763038,-87.62632093,POINT (-87.626320925442 41.776303796457),1
JA509993,,11/11/2017 6:45,30,NO CONTROLS,NO CONTROLS,CLEAR,DAYLIGHT,PARKED MOTOR VEHICLE,NOT DIVIDED,,STRAIGHT AND LEVEL,DRY,NO DEFECTS,NOT ON SCENE (DESK REPORT),NO INJURY / DRIVE AWAY,,,N,"OVER $1,500",11/13/2017 11:00,UNABLE TO DETERMINE,UNABLE TO DETERMINE,3250,N,RACINE AVE,1924,,,,,,,2,NO INDICATION OF INJURY,0,0,0,0,0,1,0,6,7,11,41.94135469,-87.65915898,POINT (-87.659158984205 41.94135468692),1
JA507456,,11/11/2017 6:50,30,TRAFFIC SIGNAL,FUNCTIONING PROPERLY,CLEAR,DAYLIGHT,REAR END,NOT DIVIDED,4,STRAIGHT AND LEVEL,DRY,NO DEFECTS,,NO INJURY / DRIVE AWAY,,,,$500 OR LESS,11/11/2017 7:00,FOLLOWING TOO CLOSELY,NOT APPLICABLE,100,N,HOMAN BLVD,1123,,,,,,,3,NO INDICATION OF INJURY,0,0,0,0,0,3,0,6,7,11,41.8827814,-87.7112087,POINT (-87.711208701269 41.882781400723),1
JA570558,,11/11/2017 7:00,30,NO CONTROLS,NO CONTROLS,CLEAR,"DARKNESS, LIGHTED ROAD",PARKED MOTOR VEHICLE,NOT DIVIDED,1,STRAIGHT AND LEVEL,DRY,NO DEFECTS,NOT ON SCENE (DESK REPORT),INJURY AND / OR TOW DUE TO CRASH,,,Y,"OVER $1,500",11/11/2017 9:30,UNABLE TO DETERMINE,UNABLE TO DETERMINE,5160,S,KEELER AVE,815,,,,,,,2,NO INDICATION OF INJURY,0,0,0,0,0,1,0,7,7,11,41.79878655,-87.72837017,POINT (-87.728370172076 41.798786549059),1
JA513770,,11/11/2017 7:00,30,NO CONTROLS,NO CONTROLS,CLEAR,"DARKNESS, LIGHTED ROAD",PARKED MOTOR VEHICLE,NOT DIVIDED,,STRAIGHT AND LEVEL,DRY,NO DEFECTS,NOT ON SCENE (DESK REPORT),NO INJURY / DRIVE AWAY,,,Y,"$501 - $1,500",11/16/2017 9:35,UNABLE TO DETERMINE,UNABLE TO DETERMINE,836,W,WELLINGTON AVE,1933,,,,,,,2,NO INDICATION OF INJURY,0,0,0,0,0,1,0,7,7,11,41.93645017,-87.65055245,POINT (-87.650552452041 41.936450167582),1
JA507471,,11/11/2017 7:20,30,NO CONTROLS,NO CONTROLS,CLEAR,DAYLIGHT,REAR END,NOT DIVIDED,4,STRAIGHT AND LEVEL,DRY,NO DEFECTS,ON SCENE,NO INJURY / DRIVE AWAY,,,Y,$500 OR LESS,11/11/2017 7:33,UNABLE TO DETERMINE,UNABLE TO DETERMINE,7501,S,CICERO AVE,833,,,,,,,2,NO INDICATION OF INJURY,0,0,0,0,0,2,0,7,7,11,41.75642075,-87.74145019,POINT (-87.741450187461 41.756420751245),1
JA507495,,11/11/2017 7:30,30,TRAFFIC SIGNAL,NO CONTROLS,CLEAR,DAYLIGHT,TURNING,NOT DIVIDED,,STRAIGHT AND LEVEL,DRY,NO DEFECTS,ON SCENE,NO INJURY / DRIVE AWAY,,,,"OVER $1,500",11/11/2017 7:50,IMPROPER TURNING/NO SIGNAL,NOT APPLICABLE,1120,S,WABASH AVE,123,,,,,,,2,NO INDICATION OF INJURY,0,0,0,0,0,2,0,7,7,11,41.8686058,-87.62600194,POINT (-87.626001941435 41.868605803624),1
JA507487,,11/11/2017 7:45,20,NO CONTROLS,NO CONTROLS,CLEAR,DAYLIGHT,ANGLE,OTHER,1,STRAIGHT AND LEVEL,DRY,NO DEFECTS,ON SCENE,NO INJURY / DRIVE AWAY,,,,$500 OR LESS,11/11/2017 7:50,UNDER THE INFLUENCE OF ALCOHOL/DRUGS (USE WHEN ARREST IS EFFECTED),HAD BEEN DRINKING (USE WHEN ARREST IS NOT MADE),4243,N,AUSTIN AVE,1624,,,,,,,2,NO INDICATION OF INJURY,0,0,0,0,0,2,0,7,7,11,41.95798594,-87.77679537,POINT (-87.77679537423 41.957985943236),1
JA507506,,11/11/2017 7:50,30,NO CONTROLS,NO CONTROLS,CLOUDY/OVERCAST,DAYLIGHT,REAR END,DIVIDED - W/MEDIAN (NOT RAISED),,STRAIGHT AND LEVEL,DRY,NO DEFECTS,NOT ON SCENE (DESK REPORT),NO INJURY / DRIVE AWAY,,,Y,"$501 - $1,500",11/11/2017 8:25,UNABLE TO DETERMINE,UNABLE TO DETERMINE,3801,W,BELMONT AVE,2523,,,,,,,2,NO INDICATION OF INJURY,0,0,0,0,0,2,0,7,7,11,41.93904479,-87.72235158,POINT (-87.722351577503 41.939044790485),1
JA507532,,11/11/2017 7:56,30,TRAFFIC SIGNAL,FUNCTIONING PROPERLY,CLEAR,DAYLIGHT,ANGLE,DIVIDED - W/MEDIAN (NOT RAISED),4,STRAIGHT AND LEVEL,DRY,NO DEFECTS,NOT ON SCENE (DESK REPORT),NO INJURY / DRIVE AWAY,,,,"$501 - $1,500",11/11/2017 9:05,FAILING TO YIELD RIGHT-OF-WAY,UNABLE TO DETERMINE,5200,N,WESTERN AVE,2011,,,,,,,2,NO INDICATION OF INJURY,0,0,0,0,0,2,0,7,7,11,41.97593337,-87.68929959,POINT (-87.689299589182 41.975933371994),1
JA507502,,11/11/2017 7:56,30,STOP SIGN/FLASHER,FUNCTIONING PROPERLY,CLOUDY/OVERCAST,DAYLIGHT,ANGLE,NOT DIVIDED,2,STRAIGHT AND LEVEL,DRY,NO DEFECTS,,NO INJURY / DRIVE AWAY,,,,"OVER $1,500",11/11/2017 7:56,FAILING TO YIELD RIGHT-OF-WAY,FAILING TO YIELD RIGHT-OF-WAY,2300,N,LARAMIE AVE,2515,,,,,,,2,NO INDICATION OF INJURY,0,0,0,0,0,3,0,7,7,11,41.92232356,-87.75624063,POINT (-87.756240629162 41.922323563743),1
JA510254,,11/11/2017 8:00,30,NO CONTROLS,NO CONTROLS,CLEAR,DAYLIGHT,FIXED OBJECT,NOT DIVIDED,2,STRAIGHT AND LEVEL,UNKNOWN,NO DEFECTS,NOT ON SCENE (DESK REPORT),NO INJURY / DRIVE AWAY,,,Y,"OVER $1,500",11/11/2017 14:05,UNABLE TO DETERMINE,NOT APPLICABLE,1440,W,CHICAGO AVE,1213,,,,,,,1,NO INDICATION OF INJURY,0,0,0,0,0,1,0,8,7,11,41.89623332,-87.66407716,POINT (-87.66407715986 41.896233315142),1
JA510359,N,11/11/2017 8:00,30,NO CONTROLS,NO CONTROLS,CLEAR,DAYLIGHT,PARKED MOTOR VEHICLE,NOT DIVIDED,,STRAIGHT AND LEVEL,SNOW OR SLUSH,NO DEFECTS,NOT ON SCENE (DESK REPORT),NO INJURY / DRIVE AWAY,,,,"OVER $1,500",11/13/2017 15:38,UNABLE TO DETERMINE,NOT APPLICABLE,940,W,29TH ST,913,,,,,,,2,NO INDICATION OF INJURY,0,0,0,0,0,1,0,8,7,11,41.84109049,-87.65049406,POINT (-87.650494063821 41.84109049337),1
JA507499,,11/11/2017 8:30,30,STOP SIGN/FLASHER,FUNCTIONING PROPERLY,CLEAR,DAYLIGHT,REAR END,ONE-WAY,1,STRAIGHT AND LEVEL,DRY,NO DEFECTS,ON SCENE,NO INJURY / DRIVE AWAY,Y,,,$500 OR LESS,11/11/2017 8:30,FAILING TO REDUCE SPEED TO AVOID CRASH,NOT APPLICABLE,759,N,SPAULDING AVE,1121,,,,,,,2,NO INDICATION OF INJURY,0,0,0,0,0,3,0,8,7,11,41.89544098,-87.70884966,POINT (-87.708849659206 41.895440982922),1
JA508378,,11/11/2017 8:45,15,NO CONTROLS,NO CONTROLS,CLEAR,DARKNESS,REAR END,ALLEY,1,STRAIGHT AND LEVEL,DRY,NO DEFECTS,ON SCENE,NO INJURY / DRIVE AWAY,,,,"OVER $1,500",11/11/2017 22:15,UNABLE TO DETERMINE,UNABLE TO DETERMINE,7734,S,CHAPPEL AVE,414,,,,,,,2,NO INDICATION OF INJURY,0,0,0,0,0,2,0,8,7,11,41.75420616,-87.5749656,POINT (-87.574965603422 41.754206154764),1
JA507530,,11/11/2017 8:45,20,NO CONTROLS,NO CONTROLS,CLEAR,DAYLIGHT,ANGLE,ONE-WAY,1,STRAIGHT AND LEVEL,DRY,NO DEFECTS,NOT ON SCENE (DESK REPORT),NO INJURY / DRIVE AWAY,,,,"OVER $1,500",11/11/2017 9:10,FAILING TO YIELD RIGHT-OF-WAY,UNABLE TO DETERMINE,6375,N,RICHMOND ST,2413,,,,,,,2,NO INDICATION OF INJURY,0,0,0,0,0,2,0,8,7,11,41.99742458,-87.7031316,POINT (-87.703131601895 41.997424575257),1
JA507528,,11/11/2017 8:45,30,TRAFFIC SIGNAL,FUNCTIONING PROPERLY,CLOUDY/OVERCAST,DAYLIGHT,SIDESWIPE SAME DIRECTION,ONE-WAY,,STRAIGHT AND LEVEL,DRY,NO DEFECTS,ON SCENE,NO INJURY / DRIVE AWAY,Y,,,"OVER $1,500",11/11/2017 8:46,IMPROPER TURNING/NO SIGNAL,IMPROPER LANE USAGE,400,N,WELLS ST,1831,,,,,,,2,NO INDICATION OF INJURY,0,0,0,0,0,3,0,8,7,11,41.88919802,-87.6341573,POINT (-87.634157296675 41.889198021771),1
JA516438,,11/11/2017 8:47,30,TRAFFIC SIGNAL,FUNCTIONING PROPERLY,RAIN,DAYLIGHT,PEDESTRIAN,NOT DIVIDED,,STRAIGHT AND LEVEL,WET,NO DEFECTS,ON SCENE,INJURY AND / OR TOW DUE TO CRASH,Y,,,"OVER $1,500",11/18/2017 8:53,FAILING TO YIELD RIGHT-OF-WAY,WEATHER,2,W,DIVISION ST,1824,,,,,,,2,NONINCAPACITATING INJURY,1,0,0,1,0,1,0,8,7,11,41.90405052,-87.62874675,POINT (-87.628746754477 41.904050519487),1
JA507613,,11/11/2017 8:50,30,STOP SIGN/FLASHER,UNKNOWN,CLEAR,DAYLIGHT,ANGLE,NOT DIVIDED,2,STRAIGHT AND LEVEL,DRY,NO DEFECTS,NOT ON SCENE (DESK REPORT),NO INJURY / DRIVE AWAY,Y,,,"OVER $1,500",11/11/2017 10:20,FAILING TO YIELD RIGHT-OF-WAY,UNABLE TO DETERMINE,1930,W,OGDEN AVE,1225,,,,,,,2,NO INDICATION OF INJURY,0,0,0,0,0,3,0,8,7,11,41.87417383,-87.67492779,POINT (-87.674927792369 41.874173824531),1
JA507587,Y,11/11/2017 9:00,25,NO CONTROLS,NO CONTROLS,CLOUDY/OVERCAST,DAYLIGHT,PARKED MOTOR VEHICLE,NOT DIVIDED,1,STRAIGHT AND LEVEL,WET,NO DEFECTS,NOT ON SCENE (DESK REPORT),NO INJURY / DRIVE AWAY,,,Y,"OVER $1,500",11/11/2017 10:00,UNABLE TO DETERMINE,UNABLE TO DETERMINE,1535,N,DAYTON ST,1822,,,,,,,2,NO INDICATION OF INJURY,0,0,0,0,0,1,0,9,7,11,41.90967058,-87.64931949,POINT (-87.649319486714 41.90967058127),1
JA507549,,11/11/2017 9:00,30,NO CONTROLS,NO CONTROLS,CLEAR,DAYLIGHT,REAR END,NOT DIVIDED,,STRAIGHT AND LEVEL,DRY,NO DEFECTS,NOT ON SCENE (DESK REPORT),NO INJURY / DRIVE AWAY,,,Y,$500 OR LESS,11/11/2017 9:25,IMPROPER BACKING,IMPROPER BACKING,5800,W,CHICAGO AVE,1511,,,,,,,2,NO INDICATION OF INJURY,0,0,0,0,0,2,0,9,7,11,41.89489241,-87.7703655,POINT (-87.770365499801 41.894892413673),1
JA507548,,11/11/2017 9:00,5,NO CONTROLS,NO CONTROLS,OTHER,DAYLIGHT,FIXED OBJECT,OTHER,1,STRAIGHT AND LEVEL,DRY,NO DEFECTS,ON SCENE,NO INJURY / DRIVE AWAY,,Y,,"OVER $1,500",11/11/2017 9:00,DRIVING SKILLS/KNOWLEDGE/EXPERIENCE,NOT APPLICABLE,9262,S,SOUTH CHICAGO AVE,423,,,,,,,1,NO INDICATION OF INJURY,0,0,0,0,0,1,0,9,7,11,41.72693655,-87.55166832,POINT (-87.551668315896 41.726936546492),1
JA507561,,11/11/2017 9:12,0,TRAFFIC SIGNAL,FUNCTIONING PROPERLY,CLOUDY/OVERCAST,DAYLIGHT,REAR END,DIVIDED - W/MEDIAN (NOT RAISED),,STRAIGHT AND LEVEL,SNOW OR SLUSH,"RUT, HOLES",ON SCENE,INJURY AND / OR TOW DUE TO CRASH,N,,,"OVER $1,500",11/11/2017 9:20,UNABLE TO DETERMINE,NOT APPLICABLE,4500,W,DIVERSEY AVE,2521,,,,,,,2,"REPORTED, NOT EVIDENT",2,0,0,0,2,1,0,9,7,11,41.93173872,-87.73931233,POINT (-87.739312334189 41.931738718818),1
JA507589,,11/11/2017 9:20,30,NO CONTROLS,NO CONTROLS,CLEAR,DAYLIGHT,PARKED MOTOR VEHICLE,ONE-WAY,1,STRAIGHT AND LEVEL,ICE,NO DEFECTS,ON SCENE,NO INJURY / DRIVE AWAY,,,Y,$500 OR LESS,11/11/2017 9:25,EXCEEDING SAFE SPEED FOR CONDITIONS,EXCEEDING SAFE SPEED FOR CONDITIONS,821,N,BISHOP ST,1213,N,,,,,,3,NO INDICATION OF INJURY,0,0,0,0,0,1,0,9,7,11,41.89672264,-87.66344257,POINT (-87.66344256828 41.89672263925),1
JA509865,,11/11/2017 9:30,15,NO CONTROLS,NO CONTROLS,CLEAR,DAYLIGHT,PARKED MOTOR VEHICLE,ONE-WAY,1,STRAIGHT AND LEVEL,DRY,UNKNOWN,NOT ON SCENE (DESK REPORT),NO INJURY / DRIVE AWAY,,,Y,"$501 - $1,500",11/13/2017 9:30,UNABLE TO DETERMINE,IMPROPER OVERTAKING/PASSING,3983,S,LAKE PARK AVE,214,,,,,,,2,NO INDICATION OF INJURY,0,0,0,0,0,1,0,9,7,11,41.82290909,-87.60242364,POINT (-87.602423643395 41.822909089603),1
JA507592,,11/11/2017 9:30,20,NO CONTROLS,NO CONTROLS,CLEAR,DAYLIGHT,TURNING,ALLEY,1,STRAIGHT AND LEVEL,DRY,NO DEFECTS,NOT ON SCENE (DESK REPORT),NO INJURY / DRIVE AWAY,,,,"$501 - $1,500",11/11/2017 10:00,FAILING TO YIELD RIGHT-OF-WAY,NOT APPLICABLE,3141,N,NEWLAND AVE,2511,,,,,,,2,NO INDICATION OF INJURY,0,0,0,0,0,3,0,9,7,11,41.93753983,-87.79921368,POINT (-87.799213679364 41.937539825793),1
JA507578,,11/11/2017 9:35,25,NO CONTROLS,NO CONTROLS,CLEAR,DAYLIGHT,SIDESWIPE SAME DIRECTION,NOT DIVIDED,,STRAIGHT AND LEVEL,DRY,NO DEFECTS,NOT ON SCENE (DESK REPORT),NO INJURY / DRIVE AWAY,,,,"$501 - $1,500",11/11/2017 9:55,UNABLE TO DETERMINE,UNABLE TO DETERMINE,345,W,FULLERTON PKWY,1814,,,,,,,2,NO INDICATION OF INJURY,0,0,0,0,0,2,0,9,7,11,41.92551685,-87.63822189,POINT (-87.638221889715 41.925516848013),1
JA507644,,11/11/2017 9:36,30,STOP SIGN/FLASHER,FUNCTIONING PROPERLY,CLEAR,DAYLIGHT,TURNING,NOT DIVIDED,2,STRAIGHT AND LEVEL,DRY,NO DEFECTS,ON SCENE,INJURY AND / OR TOW DUE TO CRASH,Y,,,"OVER $1,500",11/11/2017 9:37,UNABLE TO DETERMINE,UNABLE TO DETERMINE,3252,W,31ST ST,1032,,,,,,,2,NO INDICATION OF INJURY,0,0,0,0,0,3,0,9,7,11,41.83729914,-87.70692884,POINT (-87.706928839342 41.837299140755),1
JA507569,,11/11/2017 9:38,30,STOP SIGN/FLASHER,FUNCTIONING IMPROPERLY,CLEAR,DAYLIGHT,ANGLE,DIVIDED - W/MEDIAN (NOT RAISED),0,STRAIGHT AND LEVEL,DRY,NO DEFECTS,NOT ON SCENE (DESK REPORT),INJURY AND / OR TOW DUE TO CRASH,Y,,,"OVER $1,500",11/11/2017 9:38,FAILING TO YIELD RIGHT-OF-WAY,UNABLE TO DETERMINE,7799,W,ADDISON ST,1631,,,,,,,2,"REPORTED, NOT EVIDENT",1,0,0,0,1,1,0,9,7,11,41.9450598,-87.82162177,POINT (-87.8216217647 41.945059802359),1
JA507609,,11/11/2017 9:50,30,TRAFFIC SIGNAL,FUNCTIONING PROPERLY,CLEAR,DAYLIGHT,TURNING,NOT DIVIDED,,STRAIGHT AND LEVEL,DRY,NO DEFECTS,NOT ON SCENE (DESK REPORT),NO INJURY / DRIVE AWAY,,,,$500 OR LESS,11/11/2017 10:15,FOLLOWING TOO CLOSELY,NOT APPLICABLE,721,S,CICERO AVE,1131,,,,,,,2,NO INDICATION OF INJURY,0,0,0,0,0,2,0,9,7,11,41.87142865,-87.74478059,POINT (-87.744780593808 41.871428651893),1
JA507621,,11/11/2017 9:51,30,NO CONTROLS,NO CONTROLS,CLEAR,DAYLIGHT,TURNING,NOT DIVIDED,,STRAIGHT AND LEVEL,DRY,NO DEFECTS,ON SCENE,INJURY AND / OR TOW DUE TO CRASH,Y,,,"OVER $1,500",11/11/2017 9:53,FAILING TO YIELD RIGHT-OF-WAY,NOT APPLICABLE,9000,S,ASHLAND AVE,2221,,,,,,,2,NONINCAPACITATING INJURY,2,0,0,1,1,3,0,9,7,11,41.73020471,-87.66304669,POINT (-87.663046692127 41.730204709887),1
JA513027,,11/11/2017 10:00,30,NO CONTROLS,NO CONTROLS,CLEAR,DAYLIGHT,PARKED MOTOR VEHICLE,ONE-WAY,2,STRAIGHT AND LEVEL,DRY,NO DEFECTS,NOT ON SCENE (DESK REPORT),NO INJURY / DRIVE AWAY,,,Y,"$501 - $1,500",11/15/2017 16:30,UNABLE TO DETERMINE,UNABLE TO DETERMINE,5045,S,MICHIGAN AVE,224,,,,,,,2,NO INDICATION OF INJURY,0,0,0,0,0,1,0,10,7,11,41.80248887,-87.62251459,POINT (-87.622514587144 41.802488871878),1
JA507690,,11/11/2017 10:05,30,NO CONTROLS,NO CONTROLS,CLOUDY/OVERCAST,DAYLIGHT,SIDESWIPE SAME DIRECTION,CENTER TURN LANE,,STRAIGHT AND LEVEL,DRY,OTHER,ON SCENE,NO INJURY / DRIVE AWAY,,,,"$501 - $1,500",11/11/2017 10:45,UNABLE TO DETERMINE,UNABLE TO DETERMINE,1024,W,NORTH AVE,1811,,,,Y,CONSTRUCTION,N,2,NO INDICATION OF INJURY,0,0,0,0,0,3,0,10,7,11,41.91093455,-87.65403388,POINT (-87.654033883196 41.910934553046),1
JA510479,,11/11/2017 10:09,30,NO CONTROLS,NO CONTROLS,RAIN,DAYLIGHT,PARKED MOTOR VEHICLE,ONE-WAY,,STRAIGHT AND LEVEL,WET,NO DEFECTS,NOT ON SCENE (DESK REPORT),NO INJURY / DRIVE AWAY,,,Y,"$501 - $1,500",11/13/2017 16:40,UNABLE TO DETERMINE,NOT APPLICABLE,3714,W,SHAKESPEARE AVE,2525,,,,,,,2,NO INDICATION OF INJURY,0,0,0,0,0,1,0,10,7,11,41.92010001,-87.71995837,POINT (-87.719958364556 41.920100011408),1
JA507671,,11/11/2017 10:15,30,NO CONTROLS,NO CONTROLS,CLEAR,DAYLIGHT,REAR END,NOT DIVIDED,4,STRAIGHT AND LEVEL,DRY,NO DEFECTS,NOT ON SCENE (DESK REPORT),NO INJURY / DRIVE AWAY,,,,"$501 - $1,500",11/11/2017 11:15,FOLLOWING TOO CLOSELY,FAILING TO REDUCE SPEED TO AVOID CRASH,7000,S,WESTERN AVE,832,,,,,,,2,NO INDICATION OF INJURY,0,0,0,0,0,2,0,10,7,11,41.76642349,-87.68343756,POINT (-87.683437558517 41.766423493079),1
JA507672,,11/11/2017 10:30,0,NO CONTROLS,NO CONTROLS,CLEAR,DAYLIGHT,PARKED MOTOR VEHICLE,PARKING LOT,0,STRAIGHT AND LEVEL,DRY,NO DEFECTS,NOT ON SCENE (DESK REPORT),NO INJURY / DRIVE AWAY,,,Y,"OVER $1,500",11/11/2017 11:10,UNABLE TO DETERMINE,UNABLE TO DETERMINE,4946,N,MILWAUKEE AVE,1623,,,,,,,2,NO INDICATION OF INJURY,0,0,0,0,0,1,0,10,7,11,41.97067759,-87.76342894,POINT (-87.76342894418 41.97067758561),1