RD_NO,CRASH_DATE_EST_I,CRASH_DATE,POSTED_SPEED_LIMIT,TRAFFIC_CONTROL_DEVICE,DEVICE_CONDITION,WEATHER_CONDITION,LIGHTING_CONDITION,FIRST_CRASH_TYPE,TRAFFICWAY_TYPE,LANE_CNT,ALIGNMENT,ROADWAY_SURFACE_COND,ROAD_DEFECT,REPORT_TYPE,CRASH_TYPE,INTERSECTION_RELATED_I,NOT_RIGHT_OF_WAY_I,HIT_AND_RUN_I,DAMAGE,DATE_POLICE_NOTIFIED,PRIM_CONTRIBUTORY_CAUSE,SEC_CONTRIBUTORY_CAUSE,STREET_NO,STREET_DIRECTION,STREET_NAME,BEAT_OF_OCCURRENCE,PHOTOS_TAKEN_I,STATEMENTS_TAKEN_I,DOORING_I,WORK_ZONE_I,WORK_ZONE_TYPE,WORKERS_PRESENT_I,NUM_UNITS,MOST_SEVERE_INJURY,INJURIES_TOTAL,INJURIES_FATAL,INJURIES_INCAPACITATING,INJURIES_NON_INCAPACITATING,INJURIES_REPORTED_NOT_EVIDENT,INJURIES_NO_INDICATION,INJURIES_UNKNOWN,CRASH_HOUR,CRASH_DAY_OF_WEEK,CRASH_MONTH,LATITUDE,LONGITUDE,LOCATION,Join
JA511156,,11/11/2017 10:30,30,NO CONTROLS,NO CONTROLS,CLEAR,DAYLIGHT,PARKED MOTOR VEHICLE,ONE-WAY,1,STRAIGHT AND LEVEL,DRY,NO DEFECTS,NOT ON SCENE (DESK REPORT),NO INJURY / DRIVE AWAY,,,,$500 OR LESS,11/14/2017 9:07,IMPROPER BACKING,UNABLE TO DETERMINE,5232,W,CRYSTAL ST,2532,,,,,,,2,NO INDICATION OF INJURY,0,0,0,0,0,1,0,10,7,11,41.90325018,-87.75714967,POINT (-87.757149664558 41.903250180023),1
JA507651,,11/11/2017 10:30,30,NO CONTROLS,NO CONTROLS,CLOUDY/OVERCAST,DAYLIGHT,PEDESTRIAN,DIVIDED - W/MEDIAN (NOT RAISED),4,STRAIGHT AND LEVEL,DRY,NO DEFECTS,ON SCENE,INJURY AND / OR TOW DUE TO CRASH,,,,$500 OR LESS,11/11/2017 10:40,DISTRACTION - FROM INSIDE VEHICLE,NOT APPLICABLE,1144,W,HARRISON ST,1232,,,,,,,2,NONINCAPACITATING INJURY,1,0,0,1,0,2,0,10,7,11,41.87440434,-87.65612829,POINT (-87.65612829217 41.874404339999),1
JA507654,,11/11/2017 10:30,30,TRAFFIC SIGNAL,FUNCTIONING PROPERLY,CLEAR,DAYLIGHT,REAR END,NOT DIVIDED,,STRAIGHT AND LEVEL,DRY,NO DEFECTS,ON SCENE,INJURY AND / OR TOW DUE TO CRASH,,,,"OVER $1,500",11/11/2017 10:31,UNABLE TO DETERMINE,UNABLE TO DETERMINE,6300,S,DR MARTIN LUTHER KING JR DR,312,,,,,,,2,"REPORTED, NOT EVIDENT",2,0,0,0,2,0,0,10,7,11,41.78021132,-87.61576829,POINT (-87.615768291828 41.780211321839),1
JA507687,,11/11/2017 10:30,30,NO CONTROLS,NO CONTROLS,CLEAR,DAYLIGHT,PARKED MOTOR VEHICLE,NOT DIVIDED,2,STRAIGHT AND LEVEL,DRY,UNKNOWN,NOT ON SCENE (DESK REPORT),NO INJURY / DRIVE AWAY,,,Y,"$501 - $1,500",11/11/2017 11:32,UNABLE TO DETERMINE,NOT APPLICABLE,801,W,35TH ST,915,,,,,,,2,NO INDICATION OF INJURY,0,0,0,0,0,3,0,10,7,11,41.83063969,-87.64618421,POINT (-87.646184204719 41.830639691215),1
JA507666,,11/11/2017 10:30,30,NO CONTROLS,NO CONTROLS,CLEAR,DAYLIGHT,REAR END,NOT DIVIDED,2,STRAIGHT AND LEVEL,DRY,NO DEFECTS,ON SCENE,NO INJURY / DRIVE AWAY,,,,"OVER $1,500",11/11/2017 10:30,UNABLE TO DETERMINE,UNABLE TO DETERMINE,7710,W,BELMONT AVE,1631,,,,,,,3,NO INDICATION OF INJURY,0,0,0,0,0,3,0,10,7,11,41.93799083,-87.81945187,POINT (-87.819451872506 41.937990825087),1
JA507705,,11/11/2017 10:35,25,TRAFFIC SIGNAL,FUNCTIONING PROPERLY,CLEAR,DAYLIGHT,TURNING,OTHER,2,STRAIGHT AND LEVEL,DRY,NO DEFECTS,NOT ON SCENE (DESK REPORT),NO INJURY / DRIVE AWAY,,,Y,"OVER $1,500",11/11/2017 12:05,IMPROPER BACKING,UNABLE TO DETERMINE,1930,S,UNION AVE,1235,,,,,,,2,NO INDICATION OF INJURY,0,0,0,0,0,2,0,10,7,11,41.85591326,-87.64512861,POINT (-87.645128605471 41.855913254809),1
JA507641,,11/11/2017 10:35,30,NO CONTROLS,NO CONTROLS,CLOUDY/OVERCAST,DAYLIGHT,TURNING,ONE-WAY,1,STRAIGHT AND LEVEL,DRY,NO DEFECTS,NOT ON SCENE (DESK REPORT),NO INJURY / DRIVE AWAY,,,,"OVER $1,500",11/11/2017 11:00,FAILING TO YIELD RIGHT-OF-WAY,FAILING TO YIELD RIGHT-OF-WAY,2020,W,FARWELL AVE,2411,,,,,,,2,NO INDICATION OF INJURY,0,0,0,0,0,2,0,10,7,11,42.00652942,-87.68157387,POINT (-87.681573868322 42.006529419616),1
JA507677,,11/11/2017 10:48,30,NO CONTROLS,NO CONTROLS,CLEAR,DAYLIGHT,PARKED MOTOR VEHICLE,ONE-WAY,1,STRAIGHT AND LEVEL,DRY,NO DEFECTS,ON SCENE,NO INJURY / DRIVE AWAY,,,,$500 OR LESS,11/11/2017 10:52,UNABLE TO DETERMINE,UNABLE TO DETERMINE,2657,S,HOMAN AVE,1032,,,,,,,2,NO INDICATION OF INJURY,0,0,0,0,0,1,0,10,7,11,41.84277277,-87.70971919,POINT (-87.70971918697 41.842772767681),1
JA507676,,11/11/2017 10:50,30,NO CONTROLS,NO CONTROLS,CLOUDY/OVERCAST,DAYLIGHT,PARKED MOTOR VEHICLE,DIVIDED - W/MEDIAN (NOT RAISED),4,STRAIGHT AND LEVEL,ICE,NO DEFECTS,ON SCENE,NO INJURY / DRIVE AWAY,,,,"$501 - $1,500",11/11/2017 11:00,UNABLE TO DETERMINE,NOT APPLICABLE,2351,W,AUGUSTA BLVD,1212,,,,,,,2,NO INDICATION OF INJURY,0,0,0,0,0,2,0,10,7,11,41.89927625,-87.68650717,POINT (-87.686507171858 41.899276249466),1
JA507678,,11/11/2017 10:57,30,STOP SIGN/FLASHER,FUNCTIONING PROPERLY,CLEAR,DAYLIGHT,TURNING,NOT DIVIDED,2,STRAIGHT AND LEVEL,DRY,NO DEFECTS,NOT ON SCENE (DESK REPORT),INJURY AND / OR TOW DUE TO CRASH,Y,,,"OVER $1,500",11/11/2017 10:57,FAILING TO YIELD RIGHT-OF-WAY,NOT APPLICABLE,6500,S,RACINE AVE,724,,,,,,,2,NO INDICATION OF INJURY,0,0,0,0,0,4,0,10,7,11,41.77588058,-87.6545464,POINT (-87.654546394578 41.775880581189),1
JA507860,,11/11/2017 11:00,20,NO CONTROLS,NO CONTROLS,CLEAR,DAYLIGHT,PARKED MOTOR VEHICLE,ONE-WAY,1,STRAIGHT AND LEVEL,DRY,NO DEFECTS,NOT ON SCENE (DESK REPORT),INJURY AND / OR TOW DUE TO CRASH,,,Y,"$501 - $1,500",11/11/2017 13:30,UNABLE TO DETERMINE,NOT APPLICABLE,781,N,ROCKWELL ST,1221,,,,,,,2,NO INDICATION OF INJURY,0,0,0,0,0,1,0,11,7,11,41.8956581,-87.69162443,POINT (-87.691624432962 41.895658102146),1
JA507692,,11/11/2017 11:00,30,TRAFFIC SIGNAL,FUNCTIONING PROPERLY,CLEAR,DAYLIGHT,ANGLE,ONE-WAY,0,STRAIGHT AND LEVEL,DRY,NO DEFECTS,ON SCENE,INJURY AND / OR TOW DUE TO CRASH,Y,,,"OVER $1,500",11/11/2017 11:05,DISREGARDING TRAFFIC SIGNALS,"OPERATING VEHICLE IN ERRATIC, RECKLESS, CARELESS, NEGLIGENT OR AGGRESSIVE MANNER",300,S,WELLS ST,122,,,,,,,2,NONINCAPACITATING INJURY,1,0,0,1,0,2,0,11,7,11,41.87805304,-87.63387433,POINT (-87.633874332934 41.878053040682),1
JA512867,,11/11/2017 11:00,20,NO CONTROLS,NO CONTROLS,UNKNOWN,UNKNOWN,PARKED MOTOR VEHICLE,NOT DIVIDED,,STRAIGHT AND LEVEL,UNKNOWN,UNKNOWN,NOT ON SCENE (DESK REPORT),NO INJURY / DRIVE AWAY,,,Y,"$501 - $1,500",11/15/2017 14:30,UNABLE TO DETERMINE,NOT APPLICABLE,3408,W,DICKENS AVE,1413,,,,,,,2,NO INDICATION OF INJURY,0,0,0,0,0,1,0,11,7,11,41.91926973,-87.71234243,POINT (-87.7123424281 41.919269728716),1
JA524584,,11/11/2017 11:00,30,NO CONTROLS,NO CONTROLS,CLEAR,DAYLIGHT,FIXED OBJECT,NOT DIVIDED,,STRAIGHT AND LEVEL,DRY,NO DEFECTS,ON SCENE,NO INJURY / DRIVE AWAY,,Y,,"OVER $1,500",11/26/2017 11:30,IMPROPER BACKING,NOT APPLICABLE,4401,S,KEATING AVE,815,,,,,,,1,NO INDICATION OF INJURY,0,0,0,0,0,1,0,11,7,11,41.81302336,-87.74193902,POINT (-87.741939018837 41.813023358122),1
JA507673,,11/11/2017 11:05,30,STOP SIGN/FLASHER,FUNCTIONING PROPERLY,CLOUDY/OVERCAST,DAYLIGHT,ANGLE,NOT DIVIDED,2,STRAIGHT AND LEVEL,DRY,NO DEFECTS,ON SCENE,INJURY AND / OR TOW DUE TO CRASH,Y,,,"OVER $1,500",11/11/2017 11:07,FAILING TO YIELD RIGHT-OF-WAY,UNABLE TO DETERMINE,4128,N,SOUTHPORT AVE,1912,,,,,,,2,NO INDICATION OF INJURY,0,0,0,0,0,3,0,11,7,11,41.95704967,-87.66443546,POINT (-87.664435457217 41.957049667009),1
JA507734,,11/11/2017 11:10,30,TRAFFIC SIGNAL,FUNCTIONING PROPERLY,CLOUDY/OVERCAST,DAYLIGHT,TURNING,DIVIDED - W/MEDIAN (NOT RAISED),4,STRAIGHT AND LEVEL,DRY,NO DEFECTS,ON SCENE,INJURY AND / OR TOW DUE TO CRASH,Y,,,"OVER $1,500",11/11/2017 11:30,IMPROPER OVERTAKING/PASSING,IMPROPER TURNING/NO SIGNAL,600,N,ASHLAND AVE,1215,,,,,,,2,NO INDICATION OF INJURY,0,0,0,0,0,5,0,11,7,11,41.89244243,-87.66733231,POINT (-87.667332309816 41.892442426821),1
JA507741,,11/11/2017 11:20,25,NO CONTROLS,NOT FUNCTIONING,CLEAR,DAWN,PARKED MOTOR VEHICLE,ONE-WAY,1,STRAIGHT AND LEVEL,ICE,NO DEFECTS,ON SCENE,NO INJURY / DRIVE AWAY,,,,"OVER $1,500",11/11/2017 11:52,WEATHER,NOT APPLICABLE,2325,N,CAMBRIDGE AVE,1812,,,,,,,2,NO INDICATION OF INJURY,0,0,0,0,0,1,0,11,7,11,41.92436932,-87.64209663,POINT (-87.642096633855 41.924369320916),1
JA507697,,11/11/2017 11:20,30,TRAFFIC SIGNAL,FUNCTIONING PROPERLY,CLEAR,DAYLIGHT,ANGLE,DIVIDED - W/MEDIAN (NOT RAISED),,STRAIGHT AND LEVEL,DRY,NO DEFECTS,NOT ON SCENE (DESK REPORT),INJURY AND / OR TOW DUE TO CRASH,,,,"OVER $1,500",11/11/2017 11:40,DISREGARDING TRAFFIC SIGNALS,DISREGARDING OTHER TRAFFIC SIGNS,6900,S,HALSTED ST,733,,,,,,,2,"REPORTED, NOT EVIDENT",2,0,0,0,2,1,0,11,7,11,41.76874434,-87.64465138,POINT (-87.644651378169 41.768744340933),1
JA507695,,11/11/2017 11:23,30,TRAFFIC SIGNAL,FUNCTIONING PROPERLY,CLEAR,DAYLIGHT,TURNING,DIVIDED - W/MEDIAN (NOT RAISED),3,STRAIGHT AND LEVEL,DRY,NO DEFECTS,ON SCENE,NO INJURY / DRIVE AWAY,,,,"$501 - $1,500",11/11/2017 11:23,IMPROPER OVERTAKING/PASSING,UNABLE TO DETERMINE,1627,W,90TH ST,2221,,,,,,,2,NO INDICATION OF INJURY,0,0,0,0,0,2,0,11,7,11,41.73014361,-87.66405329,POINT (-87.664053286996 41.730143609218),1
JA508444,,11/11/2017 11:30,30,TRAFFIC SIGNAL,FUNCTIONING PROPERLY,CLEAR,DAYLIGHT,SIDESWIPE SAME DIRECTION,NOT DIVIDED,,STRAIGHT AND LEVEL,DRY,NO DEFECTS,NOT ON SCENE (DESK REPORT),NO INJURY / DRIVE AWAY,,,,"OVER $1,500",11/11/2017 23:56,UNABLE TO DETERMINE,UNABLE TO DETERMINE,3901,S,KEDZIE AVE,921,,,,,,,2,NO INDICATION OF INJURY,0,0,0,0,0,2,0,11,7,11,41.8225154,-87.70431578,POINT (-87.704315782621 41.822515403741),1
JA507864,,11/11/2017 11:30,30,NO CONTROLS,NO CONTROLS,CLEAR,DAYLIGHT,PARKED MOTOR VEHICLE,ONE-WAY,,STRAIGHT AND LEVEL,DRY,NO DEFECTS,NOT ON SCENE (DESK REPORT),NO INJURY / DRIVE AWAY,,,Y,"OVER $1,500",11/11/2017 13:05,UNABLE TO DETERMINE,UNABLE TO DETERMINE,7209,S,UNION AVE,732,,,,,,,2,NO INDICATION OF INJURY,0,0,0,0,0,1,0,11,7,11,41.76311404,-87.64134458,POINT (-87.641344583455 41.763114044379),1
JA507704,Y,11/11/2017 11:30,25,NO CONTROLS,NO CONTROLS,CLOUDY/OVERCAST,DAYLIGHT,REAR END,NOT DIVIDED,2,STRAIGHT AND LEVEL,WET,NO DEFECTS,NOT ON SCENE (DESK REPORT),NO INJURY / DRIVE AWAY,,,,"OVER $1,500",11/11/2017 11:35,UNABLE TO DETERMINE,UNABLE TO DETERMINE,800,W,CHICAGO AVE,1213,,,,,,,2,NO INDICATION OF INJURY,0,0,0,0,0,2,0,11,7,11,41.89650929,-87.64775583,POINT (-87.647755827185 41.896509292938),1
JA507709,,11/11/2017 11:38,30,TRAFFIC SIGNAL,FUNCTIONING PROPERLY,CLEAR,DAYLIGHT,ANGLE,NOT DIVIDED,0,STRAIGHT AND LEVEL,DRY,NO DEFECTS,ON SCENE,INJURY AND / OR TOW DUE TO CRASH,Y,,,"OVER $1,500",11/11/2017 11:43,FAILING TO YIELD RIGHT-OF-WAY,FAILING TO REDUCE SPEED TO AVOID CRASH,2400,W,JACKSON BLVD,1125,,,,,,,2,NONINCAPACITATING INJURY,1,0,0,1,0,1,0,11,7,11,41.87765892,-87.68642447,POINT (-87.686424464985 41.877658916758),1
JA507987,,11/11/2017 11:40,30,NO CONTROLS,NO CONTROLS,CLEAR,DAYLIGHT,SIDESWIPE SAME DIRECTION,NOT DIVIDED,2,STRAIGHT AND LEVEL,DRY,NO DEFECTS,NOT ON SCENE (DESK REPORT),NO INJURY / DRIVE AWAY,,,,"OVER $1,500",11/11/2017 15:20,NOT APPLICABLE,NOT APPLICABLE,4221,W,MADISON ST,1115,,,,,,,2,NO INDICATION OF INJURY,0,0,0,0,0,2,0,11,7,11,41.88054698,-87.73145535,POINT (-87.731455351655 41.880546980325),1
JA507722,,11/11/2017 11:40,30,NO CONTROLS,NO CONTROLS,CLEAR,DAYLIGHT,ANGLE,NOT DIVIDED,2,STRAIGHT AND LEVEL,WET,NO DEFECTS,ON SCENE,INJURY AND / OR TOW DUE TO CRASH,,,,"OVER $1,500",11/11/2017 11:45,FAILING TO YIELD RIGHT-OF-WAY,UNABLE TO DETERMINE,3602,N,MILWAUKEE AVE,1731,,,,,,,2,NO INDICATION OF INJURY,0,0,0,0,0,2,0,11,7,11,41.94626948,-87.73586358,POINT (-87.735863580886 41.946269482831),1
JA507735,,11/11/2017 11:45,30,NO CONTROLS,NO CONTROLS,CLOUDY/OVERCAST,DAYLIGHT,ANGLE,ALLEY,,STRAIGHT AND LEVEL,DRY,NO DEFECTS,NOT ON SCENE (DESK REPORT),NO INJURY / DRIVE AWAY,,,Y,"$501 - $1,500",11/11/2017 12:15,UNABLE TO DETERMINE,UNABLE TO DETERMINE,1400,W,BELMONT AVE,1922,,,,,,,2,NO INDICATION OF INJURY,0,0,0,0,0,2,0,11,7,11,41.93987262,-87.66394524,POINT (-87.663945244369 41.939872615605),1
JA507733,,11/11/2017 11:45,30,STOP SIGN/FLASHER,FUNCTIONING PROPERLY,OTHER,DAYLIGHT,REAR END,ONE-WAY,2,STRAIGHT ON GRADE,WET,NO DEFECTS,NOT ON SCENE (DESK REPORT),INJURY AND / OR TOW DUE TO CRASH,,,Y,"OVER $1,500",11/11/2017 11:48,UNABLE TO DETERMINE,FOLLOWING TOO CLOSELY,3951,N,LAKE SHORE DR NB,1925,,,,,,,2,NONINCAPACITATING INJURY,1,0,0,1,0,3,0,11,7,11,41.95434148,-87.64439732,POINT (-87.64439732117 41.954341481136),1
JA507715,,11/11/2017 11:45,30,NO CONTROLS,NO CONTROLS,CLOUDY/OVERCAST,DAYLIGHT,SIDESWIPE SAME DIRECTION,DIVIDED - W/MEDIAN BARRIER,4,STRAIGHT AND LEVEL,DRY,NO DEFECTS,ON SCENE,NO INJURY / DRIVE AWAY,,,,"OVER $1,500",11/11/2017 11:55,DRIVING SKILLS/KNOWLEDGE/EXPERIENCE,NOT APPLICABLE,4028,N,ASHLAND AVE,1912,,,,,,,2,NO INDICATION OF INJURY,0,0,0,0,0,2,0,11,7,11,41.95517862,-87.66922087,POINT (-87.669220864709 41.95517861518),1
JA507820,,11/11/2017 11:50,30,STOP SIGN/FLASHER,UNKNOWN,UNKNOWN,DAYLIGHT,ANGLE,DIVIDED - W/MEDIAN (NOT RAISED),2,STRAIGHT AND LEVEL,UNKNOWN,UNKNOWN,NOT ON SCENE (DESK REPORT),NO INJURY / DRIVE AWAY,,,Y,"OVER $1,500",11/11/2017 13:00,"OPERATING VEHICLE IN ERRATIC, RECKLESS, CARELESS, NEGLIGENT OR AGGRESSIVE MANNER",NOT APPLICABLE,6501,W,GRAND AVE,2512,,,,,,,2,NO INDICATION OF INJURY,0,0,0,0,0,2,0,11,7,11,41.92317975,-87.78798509,POINT (-87.787985084968 41.923179745322),1
JA567773,,11/11/2017 12:00,30,TRAFFIC SIGNAL,FUNCTIONING PROPERLY,CLEAR,DAYLIGHT,ANGLE,DIVIDED - W/MEDIAN (NOT RAISED),,STRAIGHT AND LEVEL,DRY,NO DEFECTS,NOT ON SCENE (DESK REPORT),NO INJURY / DRIVE AWAY,,,Y,"$501 - $1,500",11/11/2017 12:50,"OPERATING VEHICLE IN ERRATIC, RECKLESS, CARELESS, NEGLIGENT OR AGGRESSIVE MANNER",UNABLE TO DETERMINE,1200,W,MONROE ST,1224,,,,,,,2,NO INDICATION OF INJURY,0,0,0,0,0,2,0,12,7,11,41.88043734,-87.65722475,POINT (-87.65722474815 41.880437343648),1
JA507787,,11/11/2017 12:00,30,NO CONTROLS,NO CONTROLS,CLEAR,DAYLIGHT,SIDESWIPE SAME DIRECTION,DIVIDED - W/MEDIAN (NOT RAISED),,STRAIGHT AND LEVEL,DRY,NO DEFECTS,NOT ON SCENE (DESK REPORT),NO INJURY / DRIVE AWAY,,,,"$501 - $1,500",11/11/2017 12:40,UNABLE TO DETERMINE,NOT APPLICABLE,1000,E,HYDE PARK BLVD,222,,,,,,,2,NO INDICATION OF INJURY,0,0,0,0,0,3,0,12,7,11,41.80242347,-87.60146485,POINT (-87.601464846148 41.802423472735),1
JA507802,,11/11/2017 12:00,35,NO CONTROLS,NO CONTROLS,CLEAR,DAYLIGHT,REAR END,DIVIDED - W/MEDIAN (NOT RAISED),,STRAIGHT AND LEVEL,DRY,NO DEFECTS,NOT ON SCENE (DESK REPORT),NO INJURY / DRIVE AWAY,,,,"OVER $1,500",11/11/2017 12:50,FOLLOWING TOO CLOSELY,NOT APPLICABLE,5231,S,PULASKI RD,822,,,,,,,2,NO INDICATION OF INJURY,0,0,0,0,0,2,0,12,7,11,41.79774008,-87.72314282,POINT (-87.723142815455 41.797740080638),1
JA513212,,11/11/2017 12:00,30,NO CONTROLS,NO CONTROLS,SNOW,DAYLIGHT,PARKED MOTOR VEHICLE,DIVIDED - W/MEDIAN (NOT RAISED),4,STRAIGHT AND LEVEL,DRY,NO DEFECTS,NOT ON SCENE (DESK REPORT),NO INJURY / DRIVE AWAY,,,,"$501 - $1,500",11/15/2017 16:25,IMPROPER LANE USAGE,NOT APPLICABLE,6331,N,RIDGE AVE,2433,,,,,,,2,NO INDICATION OF INJURY,0,0,0,0,0,1,0,12,7,11,41.99648105,-87.67598949,POINT (-87.675989488392 41.9964810516),1
JA507767,,11/11/2017 12:00,10,NO CONTROLS,NO CONTROLS,CLOUDY/OVERCAST,DAYLIGHT,PARKED MOTOR VEHICLE,PARKING LOT,,STRAIGHT AND LEVEL,DRY,NO DEFECTS,NOT ON SCENE (DESK REPORT),NO INJURY / DRIVE AWAY,,,,"$501 - $1,500",11/11/2017 12:35,IMPROPER BACKING,NOT APPLICABLE,8050,S,HALSTED ST,621,,,,,,,2,NO INDICATION OF INJURY,0,0,0,0,0,2,0,12,7,11,41.74731306,-87.64409223,POINT (-87.644092226204 41.747313058431),1
JA507952,,11/11/2017 12:00,0,NO CONTROLS,NO CONTROLS,CLEAR,DAYLIGHT,FIXED OBJECT,PARKING LOT,,STRAIGHT AND LEVEL,DRY,NO DEFECTS,ON SCENE,NO INJURY / DRIVE AWAY,,Y,,"$501 - $1,500",11/11/2017 14:30,DRIVING SKILLS/KNOWLEDGE/EXPERIENCE,UNABLE TO DETERMINE,4320,N,CICERO AVE,1624,,,,,,,1,NO INDICATION OF INJURY,0,0,0,0,0,1,0,12,7,11,41.9595751,-87.74764569,POINT (-87.747645687079 41.959575099443),1
JA507775,,11/11/2017 12:05,30,TRAFFIC SIGNAL,FUNCTIONING PROPERLY,CLOUDY/OVERCAST,DAYLIGHT,SIDESWIPE SAME DIRECTION,NOT DIVIDED,,STRAIGHT AND LEVEL,ICE,NO DEFECTS,ON SCENE,NO INJURY / DRIVE AWAY,,,,"OVER $1,500",11/11/2017 12:18,EQUIPMENT - VEHICLE CONDITION,IMPROPER LANE USAGE,113,E,CHICAGO AVE,1833,,,,,,,2,NO INDICATION OF INJURY,0,0,0,0,0,3,0,12,7,11,41.89661376,-87.62480914,POINT (-87.624809140761 41.896613761086),1
JA507761,Y,11/11/2017 12:05,30,TRAFFIC SIGNAL,FUNCTIONING PROPERLY,CLOUDY/OVERCAST,DAYLIGHT,FIXED OBJECT,NOT DIVIDED,,STRAIGHT AND LEVEL,WET,NO DEFECTS,ON SCENE,INJURY AND / OR TOW DUE TO CRASH,Y,,,"OVER $1,500",11/11/2017 12:05,UNABLE TO DETERMINE,NOT APPLICABLE,2,N,WOOD ST,1223,Y,,,,,,1,NO INDICATION OF INJURY,0,0,0,0,0,1,0,12,7,11,41.88143369,-87.67189619,POINT (-87.671896185088 41.881433691421),1
JA507788,,11/11/2017 12:05,30,NO CONTROLS,NO CONTROLS,CLEAR,DAYLIGHT,PARKED MOTOR VEHICLE,NOT DIVIDED,1,STRAIGHT AND LEVEL,WET,NO DEFECTS,ON SCENE,INJURY AND / OR TOW DUE TO CRASH,,,Y,"OVER $1,500",11/11/2017 12:10,UNABLE TO DETERMINE,UNABLE TO DETERMINE,610,N,OAKLEY BLVD,1221,,,,,,,2,,,,,,,,,12,7,11,41.8925052,-87.68444946,POINT (-87.684449462296 41.892505203715),1
JA507799,,11/11/2017 12:10,35,TRAFFIC SIGNAL,FUNCTIONING PROPERLY,CLOUDY/OVERCAST,DAYLIGHT,REAR END,NOT DIVIDED,,STRAIGHT AND LEVEL,WET,NO DEFECTS,ON SCENE,NO INJURY / DRIVE AWAY,Y,,,"$501 - $1,500",11/11/2017 12:16,FOLLOWING TOO CLOSELY,NOT APPLICABLE,2200,N,LINCOLN AVE,1812,,,,,,,2,NO INDICATION OF INJURY,0,0,0,0,0,2,0,12,7,11,41.921897,-87.64401335,POINT (-87.644013345947 41.921896999083),1
JA507886,,11/11/2017 12:10,30,NO CONTROLS,NO CONTROLS,CLOUDY/OVERCAST,DAYLIGHT,REAR END,DIVIDED - W/MEDIAN BARRIER,4,STRAIGHT AND LEVEL,DRY,NO DEFECTS,NOT ON SCENE (DESK REPORT),INJURY AND / OR TOW DUE TO CRASH,,,,$500 OR LESS,11/11/2017 12:30,FOLLOWING TOO CLOSELY,NOT APPLICABLE,1065,W,MADISON ST,1232,,,,,,,2,"REPORTED, NOT EVIDENT",1,0,0,0,1,2,0,12,7,11,41.88155377,-87.65468121,POINT (-87.654681211163 41.881553771009),1
JA507858,,11/11/2017 12:14,30,OTHER,NO CONTROLS,CLEAR,DAYLIGHT,ANGLE,PARKING LOT,,STRAIGHT AND LEVEL,DRY,NO DEFECTS,NOT ON SCENE (DESK REPORT),NO INJURY / DRIVE AWAY,,,,"$501 - $1,500",11/11/2017 13:43,IMPROPER BACKING,FAILING TO YIELD RIGHT-OF-WAY,505,E,ILLINOIS ST,1834,,,,,,,2,NO INDICATION OF INJURY,0,0,0,0,0,2,0,12,7,11,41.89099213,-87.61491067,POINT (-87.614910669224 41.890992127159),1
JA507759,,11/11/2017 12:17,30,NO CONTROLS,NO CONTROLS,CLEAR,DAYLIGHT,PARKED MOTOR VEHICLE,DIVIDED - W/MEDIAN (NOT RAISED),4,STRAIGHT AND LEVEL,DRY,NO DEFECTS,ON SCENE,NO INJURY / DRIVE AWAY,,,Y,$500 OR LESS,11/11/2017 12:25,DRIVING SKILLS/KNOWLEDGE/EXPERIENCE,UNABLE TO DETERMINE,8243,S,COTTAGE GROVE AVE,631,,,,,,,2,NO INDICATION OF INJURY,0,0,0,0,0,1,0,12,7,11,41.74451724,-87.60490222,POINT (-87.604902217066 41.744517243861),1
JA508027,Y,11/11/2017 12:20,30,TRAFFIC SIGNAL,FUNCTIONING PROPERLY,CLOUDY/OVERCAST,DAYLIGHT,REAR END,NOT DIVIDED,4,STRAIGHT AND LEVEL,DRY,NO DEFECTS,NOT ON SCENE (DESK REPORT),NO INJURY / DRIVE AWAY,,,Y,"$501 - $1,500",11/11/2017 15:55,IMPROPER LANE USAGE,FAILING TO YIELD RIGHT-OF-WAY,2200,W,NORTH AVE,1434,,,,,,,2,NO INDICATION OF INJURY,0,0,0,0,0,3,0,12,7,11,41.91050252,-87.68240976,POINT (-87.682409763192 41.910502517499),1
JA507771,,11/11/2017 12:20,35,NO CONTROLS,NO CONTROLS,CLOUDY/OVERCAST,DAYLIGHT,ANGLE,NOT DIVIDED,2,STRAIGHT AND LEVEL,DRY,NO DEFECTS,ON SCENE,INJURY AND / OR TOW DUE TO CRASH,,,,"OVER $1,500",11/11/2017 12:28,FAILING TO YIELD RIGHT-OF-WAY,NOT APPLICABLE,42,E,107TH ST,512,,,,,,,2,NO INDICATION OF INJURY,0,0,0,0,0,2,0,12,7,11,41.70000589,-87.62171156,POINT (-87.621711554928 41.700005894346),1
JA508388,,11/11/2017 12:24,30,NO CONTROLS,NO CONTROLS,CLEAR,DAYLIGHT,PARKED MOTOR VEHICLE,ONE-WAY,1,STRAIGHT AND LEVEL,WET,NO DEFECTS,ON SCENE,NO INJURY / DRIVE AWAY,,,Y,"OVER $1,500",11/11/2017 23:00,IMPROPER BACKING,NOT APPLICABLE,2537,W,BELDEN AVE,1431,,,,,,,2,NO INDICATION OF INJURY,0,0,0,0,0,1,0,12,7,11,41.92315113,-87.6908724,POINT (-87.690872403109 41.923151126431),1