RD_NO,CRASH_DATE_EST_I,CRASH_DATE,POSTED_SPEED_LIMIT,TRAFFIC_CONTROL_DEVICE,DEVICE_CONDITION,WEATHER_CONDITION,LIGHTING_CONDITION,FIRST_CRASH_TYPE,TRAFFICWAY_TYPE,LANE_CNT,ALIGNMENT,ROADWAY_SURFACE_COND,ROAD_DEFECT,REPORT_TYPE,CRASH_TYPE,INTERSECTION_RELATED_I,NOT_RIGHT_OF_WAY_I,HIT_AND_RUN_I,DAMAGE,DATE_POLICE_NOTIFIED,PRIM_CONTRIBUTORY_CAUSE,SEC_CONTRIBUTORY_CAUSE,STREET_NO,STREET_DIRECTION,STREET_NAME,BEAT_OF_OCCURRENCE,PHOTOS_TAKEN_I,STATEMENTS_TAKEN_I,DOORING_I,WORK_ZONE_I,WORK_ZONE_TYPE,WORKERS_PRESENT_I,NUM_UNITS,MOST_SEVERE_INJURY,INJURIES_TOTAL,INJURIES_FATAL,INJURIES_INCAPACITATING,INJURIES_NON_INCAPACITATING,INJURIES_REPORTED_NOT_EVIDENT,INJURIES_NO_INDICATION,INJURIES_UNKNOWN,CRASH_HOUR,CRASH_DAY_OF_WEEK,CRASH_MONTH,LATITUDE,LONGITUDE,LOCATION,Join
JA507859,,11/11/2017 12:25,30,NO CONTROLS,NO CONTROLS,CLEAR,DAYLIGHT,REAR END,DIVIDED - W/MEDIAN (NOT RAISED),2,STRAIGHT AND LEVEL,DRY,UNKNOWN,NOT ON SCENE (DESK REPORT),NO INJURY / DRIVE AWAY,,,Y,"OVER $1,500",11/11/2017 13:30,FAILING TO YIELD RIGHT-OF-WAY,NOT APPLICABLE,2401,N,LARAMIE AVE,2521,,,,,,,2,NO INDICATION OF INJURY,0,0,0,0,0,2,0,12,7,11,41.92415756,-87.7560008,POINT (-87.75600079715 41.924157558366),1
JA507812,,11/11/2017 12:28,30,NO CONTROLS,NO CONTROLS,CLEAR,DAYLIGHT,PARKED MOTOR VEHICLE,OTHER,,STRAIGHT AND LEVEL,DRY,NO DEFECTS,ON SCENE,NO INJURY / DRIVE AWAY,,,,"$501 - $1,500",11/11/2017 12:29,UNABLE TO DETERMINE,NOT APPLICABLE,4444,W,FULLERTON AVE,2524,,,,,,,2,NO INDICATION OF INJURY,0,0,0,0,0,1,0,12,7,11,41.92445621,-87.73839568,POINT (-87.738395678802 41.924456209085),1
ZA510570,,11/11/2017 12:30,30,TRAFFIC SIGNAL,FUNCTIONING PROPERLY,CLEAR,DAYLIGHT,REAR END,DIVIDED - W/MEDIAN (NOT RAISED),4,STRAIGHT AND LEVEL,DRY,NO DEFECTS,NOT ON SCENE (DESK REPORT),NO INJURY / DRIVE AWAY,,,,"$501 - $1,500",11/13/2017 17:10,IMPROPER OVERTAKING/PASSING,IMPROPER OVERTAKING/PASSING,900,W,CHICAGO AVE,1213,,,,,,,2,NO INDICATION OF INJURY,0,0,0,0,0,2,0,12,7,11,41.89646312,-87.64984759,POINT (-87.649847585291 41.896463116481),1
JA507778,,11/11/2017 12:30,30,NO CONTROLS,NO CONTROLS,CLEAR,DAYLIGHT,PARKED MOTOR VEHICLE,NOT DIVIDED,,STRAIGHT AND LEVEL,DRY,NO DEFECTS,ON SCENE,NO INJURY / DRIVE AWAY,,,,"OVER $1,500",11/11/2017 12:35,NOT APPLICABLE,NOT APPLICABLE,4039,N,KIMBALL AVE,1724,,,,,,,3,NO INDICATION OF INJURY,0,0,0,0,0,1,0,12,7,11,41.95508513,-87.71280343,POINT (-87.712803430172 41.955085127376),1
JA507920,,11/11/2017 12:30,30,TRAFFIC SIGNAL,FUNCTIONING PROPERLY,CLEAR,DAYLIGHT,REAR END,NOT DIVIDED,2,STRAIGHT AND LEVEL,DRY,NO DEFECTS,NOT ON SCENE (DESK REPORT),NO INJURY / DRIVE AWAY,,,,$500 OR LESS,11/11/2017 14:38,FOLLOWING TOO CLOSELY,NOT APPLICABLE,1100,W,WASHINGTON BLVD,1224,,,,,,,2,NO INDICATION OF INJURY,0,0,0,0,0,3,0,12,7,11,41.88313159,-87.65446045,POINT (-87.654460451586 41.883131585729),1
JA507815,,11/11/2017 12:30,25,STOP SIGN/FLASHER,FUNCTIONING PROPERLY,CLEAR,DAYLIGHT,PEDESTRIAN,NOT DIVIDED,,STRAIGHT AND LEVEL,DRY,NO DEFECTS,ON SCENE,INJURY AND / OR TOW DUE TO CRASH,,,,$500 OR LESS,11/11/2017 12:30,FAILING TO YIELD RIGHT-OF-WAY,NOT APPLICABLE,7559,N,SEELEY AVE,2424,,,,,,,2,NONINCAPACITATING INJURY,1,0,0,1,0,1,0,12,7,11,42.01938025,-87.68148402,POINT (-87.681484017294 42.019380244825),1
JA508121,Y,11/11/2017 12:30,30,UNKNOWN,UNKNOWN,CLEAR,DAYLIGHT,PARKED MOTOR VEHICLE,NOT DIVIDED,,"CURVE, LEVEL",UNKNOWN,UNKNOWN,NOT ON SCENE (DESK REPORT),NO INJURY / DRIVE AWAY,,,Y,"OVER $1,500",11/11/2017 16:40,FAILING TO YIELD RIGHT-OF-WAY,NOT APPLICABLE,3744,W,FOSTER AVE,1712,,,,,,,2,NO INDICATION OF INJURY,0,0,0,0,0,1,0,12,7,11,41.97570208,-87.72269778,POINT (-87.722697782501 41.975702083496),1
JA507792,,11/11/2017 12:35,5,NO CONTROLS,NO CONTROLS,CLOUDY/OVERCAST,DAYLIGHT,PARKED MOTOR VEHICLE,OTHER,,STRAIGHT AND LEVEL,DRY,NO DEFECTS,NOT ON SCENE (DESK REPORT),NO INJURY / DRIVE AWAY,,,,"$501 - $1,500",11/11/2017 12:47,DRIVING SKILLS/KNOWLEDGE/EXPERIENCE,DRIVING SKILLS/KNOWLEDGE/EXPERIENCE,3804,W,111TH ST,2211,,,,,,,2,NO INDICATION OF INJURY,0,0,0,0,0,1,0,12,7,11,41.69144591,-87.7156731,POINT (-87.715673103885 41.691445910286),1
JA507797,,11/11/2017 12:37,30,NO CONTROLS,NO CONTROLS,CLEAR,DAYLIGHT,REAR END,NOT DIVIDED,2,STRAIGHT AND LEVEL,DRY,NO DEFECTS,ON SCENE,NO INJURY / DRIVE AWAY,,,,"OVER $1,500",11/11/2017 12:38,FOLLOWING TOO CLOSELY,UNABLE TO DETERMINE,114,S,SACRAMENTO BLVD,1124,,,,,,,2,NO INDICATION OF INJURY,0,0,0,0,0,3,0,12,7,11,41.87922867,-87.7013017,POINT (-87.701301698472 41.879228672313),1
JA507800,,11/11/2017 12:39,30,NO CONTROLS,NO CONTROLS,CLOUDY/OVERCAST,DAYLIGHT,TURNING,NOT DIVIDED,,STRAIGHT AND LEVEL,DRY,NO DEFECTS,ON SCENE,INJURY AND / OR TOW DUE TO CRASH,,,Y,"$501 - $1,500",11/11/2017 12:45,IMPROPER TURNING/NO SIGNAL,UNABLE TO DETERMINE,2935,W,MADISON ST,1124,,,,,,,2,NONINCAPACITATING INJURY,2,0,0,2,0,2,0,12,7,11,41.88092872,-87.70015731,POINT (-87.700157314361 41.880928724473),1
JA507824,,11/11/2017 12:50,30,STOP SIGN/FLASHER,FUNCTIONING PROPERLY,CLEAR,DAYLIGHT,ANGLE,DIVIDED - W/MEDIAN (NOT RAISED),2,STRAIGHT AND LEVEL,DRY,NO DEFECTS,ON SCENE,INJURY AND / OR TOW DUE TO CRASH,Y,,,"OVER $1,500",11/11/2017 12:53,FAILING TO YIELD RIGHT-OF-WAY,NOT APPLICABLE,299,S,SPRINGFIELD AVE,1122,,,,,,,2,"REPORTED, NOT EVIDENT",2,0,0,0,2,1,0,12,7,11,41.87716636,-87.72296079,POINT (-87.722960793044 41.877166360709),1
JA507915,,11/11/2017 12:57,30,NO CONTROLS,NO CONTROLS,CLEAR,DAYLIGHT,SIDESWIPE SAME DIRECTION,DIVIDED - W/MEDIAN (NOT RAISED),4,STRAIGHT AND LEVEL,DRY,NO DEFECTS,NOT ON SCENE (DESK REPORT),NO INJURY / DRIVE AWAY,,,Y,"$501 - $1,500",11/11/2017 13:50,IMPROPER OVERTAKING/PASSING,IMPROPER OVERTAKING/PASSING,1000,W,CHICAGO AVE,1213,,,,,,,2,NO INDICATION OF INJURY,0,0,0,0,0,2,0,12,7,11,41.8964178,-87.65268653,POINT (-87.652686530017 41.896417801775),1
JA507855,,11/11/2017 13:00,30,TRAFFIC SIGNAL,FUNCTIONING PROPERLY,CLEAR,DAYLIGHT,REAR END,DIVIDED - W/MEDIAN (NOT RAISED),2,STRAIGHT AND LEVEL,DRY,UNKNOWN,NOT ON SCENE (DESK REPORT),NO INJURY / DRIVE AWAY,,,Y,"OVER $1,500",11/11/2017 13:30,UNABLE TO DETERMINE,UNABLE TO DETERMINE,8000,S,VINCENNES AVE,621,,,,,,,2,NO INDICATION OF INJURY,0,0,0,0,0,2,0,13,7,11,41.74888097,-87.6348608,POINT (-87.63486079575 41.748880970247),1
JA507869,,11/11/2017 13:00,30,UNKNOWN,UNKNOWN,CLEAR,DAYLIGHT,TURNING,UNKNOWN,,STRAIGHT AND LEVEL,DRY,UNKNOWN,NOT ON SCENE (DESK REPORT),NO INJURY / DRIVE AWAY,,,,"$501 - $1,500",11/11/2017 13:50,FAILING TO YIELD RIGHT-OF-WAY,FAILING TO YIELD RIGHT-OF-WAY,4000,W,WRIGHTWOOD AVE,2524,,,,,,,2,NO INDICATION OF INJURY,0,0,0,0,0,3,0,13,7,11,41.92823344,-87.72701152,POINT (-87.727011520348 41.928233439765),1
JA508002,,11/11/2017 13:00,30,UNKNOWN,UNKNOWN,UNKNOWN,UNKNOWN,REAR END,DIVIDED - W/MEDIAN (NOT RAISED),2,STRAIGHT AND LEVEL,UNKNOWN,UNKNOWN,NOT ON SCENE (DESK REPORT),NO INJURY / DRIVE AWAY,,,,"$501 - $1,500",11/11/2017 16:40,FAILING TO REDUCE SPEED TO AVOID CRASH,NOT APPLICABLE,6424,W,BELMONT AVE,1632,,,,,,,2,NO INDICATION OF INJURY,0,0,0,0,0,2,0,13,7,11,41.93841161,-87.78702138,POINT (-87.78702138067 41.938411607438),1
JA511128,Y,11/11/2017 13:00,15,NO CONTROLS,NO CONTROLS,UNKNOWN,UNKNOWN,FIXED OBJECT,ALLEY,1,STRAIGHT AND LEVEL,UNKNOWN,NO DEFECTS,ON SCENE,NO INJURY / DRIVE AWAY,,Y,Y,"OVER $1,500",11/14/2017 7:58,UNABLE TO DETERMINE,UNABLE TO DETERMINE,4415,N,SPRINGFIELD AVE,1723,,,,,,,1,NO INDICATION OF INJURY,0,0,0,0,0,1,0,13,7,11,41.96144095,-87.72524615,POINT (-87.72524614751 41.961440950808),1
JA507872,,11/11/2017 13:07,30,TRAFFIC SIGNAL,FUNCTIONING PROPERLY,CLEAR,DAYLIGHT,ANGLE,DIVIDED - W/MEDIAN (NOT RAISED),,STRAIGHT AND LEVEL,DRY,NO DEFECTS,ON SCENE,INJURY AND / OR TOW DUE TO CRASH,Y,,,"OVER $1,500",11/11/2017 13:08,FAILING TO YIELD RIGHT-OF-WAY,DRIVING SKILLS/KNOWLEDGE/EXPERIENCE,1559,W,119TH ST,524,,,,,,,2,"REPORTED, NOT EVIDENT",1,0,0,0,1,1,0,13,7,11,41.67743582,-87.66130132,POINT (-87.661301317608 41.67743581902),1
JA507865,,11/11/2017 13:10,30,NO CONTROLS,NO CONTROLS,CLEAR,DAYLIGHT,REAR END,DIVIDED - W/MEDIAN (NOT RAISED),4,STRAIGHT AND LEVEL,DRY,NO DEFECTS,NOT ON SCENE (DESK REPORT),INJURY AND / OR TOW DUE TO CRASH,,,,"OVER $1,500",11/11/2017 13:45,FAILING TO REDUCE SPEED TO AVOID CRASH,FOLLOWING TOO CLOSELY,6847,W,IRVING PARK RD,1632,,,,,,,2,"REPORTED, NOT EVIDENT",2,0,0,0,2,0,0,13,7,11,41.95263258,-87.79813627,POINT (-87.798136267356 41.95263258338),1
JA507835,,11/11/2017 13:10,35,TRAFFIC SIGNAL,FUNCTIONING PROPERLY,CLEAR,DAYLIGHT,ANGLE,DIVIDED - W/MEDIAN BARRIER,4,STRAIGHT AND LEVEL,DRY,NO DEFECTS,ON SCENE,INJURY AND / OR TOW DUE TO CRASH,Y,,,"OVER $1,500",11/11/2017 13:11,DISREGARDING TRAFFIC SIGNALS,NOT APPLICABLE,5700,N,CUMBERLAND AVE,1614,,,,,,,2,NO INDICATION OF INJURY,0,0,0,0,0,5,0,13,7,11,41.98259956,-87.83672841,POINT (-87.836728406808 41.982599554701),1
JA507927,,11/11/2017 13:15,30,NO CONTROLS,NO CONTROLS,CLEAR,DAYLIGHT,SIDESWIPE OPPOSITE DIRECTION,OTHER,,STRAIGHT AND LEVEL,DRY,NO DEFECTS,NOT ON SCENE (DESK REPORT),NO INJURY / DRIVE AWAY,,,,"OVER $1,500",11/11/2017 14:45,IMPROPER OVERTAKING/PASSING,IMPROPER OVERTAKING/PASSING,8659,S,STATE ST,632,,,,,,,2,NO INDICATION OF INJURY,0,0,0,0,0,2,0,13,7,11,41.73635801,-87.62401506,POINT (-87.624015058087 41.736358013424),1
JA507846,,11/11/2017 13:20,30,NO CONTROLS,NO CONTROLS,CLEAR,DAYLIGHT,PARKED MOTOR VEHICLE,NOT DIVIDED,2,STRAIGHT AND LEVEL,DRY,NO DEFECTS,ON SCENE,NO INJURY / DRIVE AWAY,,,,$500 OR LESS,11/11/2017 13:20,IMPROPER LANE USAGE,NOT APPLICABLE,1913,W,103RD ST,2212,,,,,,,2,NO INDICATION OF INJURY,0,0,0,0,0,1,0,13,7,11,41.70646657,-87.66968919,POINT (-87.669689190558 41.706466573043),1
JA508296,,11/11/2017 13:30,30,NO CONTROLS,NO CONTROLS,CLEAR,DAYLIGHT,SIDESWIPE SAME DIRECTION,DRIVEWAY,2,STRAIGHT AND LEVEL,DRY,UNKNOWN,NOT ON SCENE (DESK REPORT),NO INJURY / DRIVE AWAY,,Y,,"$501 - $1,500",11/11/2017 20:15,UNABLE TO DETERMINE,UNABLE TO DETERMINE,8659,S,STATE ST,632,,,,,,,2,NO INDICATION OF INJURY,0,0,0,0,0,2,0,13,7,11,41.73635801,-87.62401506,POINT (-87.624015058087 41.736358013424),1
JA508906,,11/11/2017 13:30,30,NO CONTROLS,NO CONTROLS,CLEAR,DAYLIGHT,SIDESWIPE SAME DIRECTION,NOT DIVIDED,4,STRAIGHT AND LEVEL,DRY,NO DEFECTS,NOT ON SCENE (DESK REPORT),NO INJURY / DRIVE AWAY,,,,"$501 - $1,500",11/12/2017 12:24,UNABLE TO DETERMINE,UNABLE TO DETERMINE,850,N,LAKE SHORE DR NB,1833,,,,,,,2,NO INDICATION OF INJURY,0,0,0,0,0,2,0,13,7,11,41.89812637,-87.61772373,POINT (-87.617723727102 41.898126368103),1
JA507871,,11/11/2017 13:30,30,NO CONTROLS,NO CONTROLS,CLEAR,DAYLIGHT,REAR END,NOT DIVIDED,2,STRAIGHT AND LEVEL,DRY,NO DEFECTS,NOT ON SCENE (DESK REPORT),NO INJURY / DRIVE AWAY,,,Y,"OVER $1,500",11/11/2017 14:00,UNABLE TO DETERMINE,UNABLE TO DETERMINE,1448,E,75TH ST,324,,,,,,,2,NO INDICATION OF INJURY,0,0,0,0,0,2,0,13,7,11,41.75885159,-87.58885154,POINT (-87.588851536986 41.758851592962),1
JA507876,,11/11/2017 13:45,25,TRAFFIC SIGNAL,FUNCTIONING PROPERLY,CLEAR,DAYLIGHT,REAR END,DIVIDED - W/MEDIAN (NOT RAISED),4,STRAIGHT AND LEVEL,DRY,NO DEFECTS,NOT ON SCENE (DESK REPORT),NO INJURY / DRIVE AWAY,,,,"$501 - $1,500",11/11/2017 13:51,UNABLE TO DETERMINE,UNABLE TO DETERMINE,6300,S,PULASKI RD,813,,,,,,,2,NO INDICATION OF INJURY,0,0,0,0,0,2,0,13,7,11,41.77863647,-87.72290636,POINT (-87.722906355685 41.778636468781),1
JA508175,,11/11/2017 13:45,15,TRAFFIC SIGNAL,FUNCTIONING PROPERLY,CLEAR,DAYLIGHT,TURNING,DIVIDED - W/MEDIAN (NOT RAISED),2,STRAIGHT AND LEVEL,DRY,NO DEFECTS,NOT ON SCENE (DESK REPORT),NO INJURY / DRIVE AWAY,Y,,,"$501 - $1,500",11/11/2017 18:00,IMPROPER TURNING/NO SIGNAL,NOT APPLICABLE,1605,W,VAN BUREN ST,1231,,,,,,,2,NO INDICATION OF INJURY,0,0,0,0,0,2,0,13,7,11,41.876242,-87.66688316,POINT (-87.666883158801 41.876242001644),1
JA507892,,11/11/2017 13:45,30,TRAFFIC SIGNAL,FUNCTIONING PROPERLY,CLEAR,DAYLIGHT,TURNING,NOT DIVIDED,4,STRAIGHT AND LEVEL,DRY,NO DEFECTS,NOT ON SCENE (DESK REPORT),NO INJURY / DRIVE AWAY,Y,,,"$501 - $1,500",11/11/2017 13:55,FAILING TO YIELD RIGHT-OF-WAY,FAILING TO YIELD RIGHT-OF-WAY,1900,W,MONTEREY AVE,2212,,,,,,,2,NO INDICATION OF INJURY,0,0,0,0,0,2,0,13,7,11,41.69143478,-87.66852039,POINT (-87.668520393669 41.691434779531),1
JA507890,,11/11/2017 13:48,30,NO CONTROLS,NO CONTROLS,CLOUDY/OVERCAST,DAYLIGHT,PARKED MOTOR VEHICLE,ONE-WAY,,STRAIGHT AND LEVEL,DRY,NO DEFECTS,ON SCENE,NO INJURY / DRIVE AWAY,,,,"OVER $1,500",11/11/2017 13:48,UNABLE TO DETERMINE,UNABLE TO DETERMINE,3957,W,ALTGELD ST,2524,,,,,,,2,NO INDICATION OF INJURY,0,0,0,0,0,1,0,13,7,11,41.92621307,-87.72669693,POINT (-87.726696934079 41.9262130657),1
JA507941,,11/11/2017 13:50,30,UNKNOWN,UNKNOWN,UNKNOWN,UNKNOWN,REAR END,DIVIDED - W/MEDIAN (NOT RAISED),2,STRAIGHT AND LEVEL,UNKNOWN,UNKNOWN,NOT ON SCENE (DESK REPORT),NO INJURY / DRIVE AWAY,,,,"$501 - $1,500",11/11/2017 15:50,FAILING TO YIELD RIGHT-OF-WAY,NOT APPLICABLE,3202,N,CENTRAL AVE,1633,,,,,,,2,NO INDICATION OF INJURY,0,0,0,0,0,2,0,13,7,11,41.93868073,-87.76665055,POINT (-87.766650546175 41.938680727081),1
JA510400,Y,11/11/2017 14:00,30,NO CONTROLS,OTHER,UNKNOWN,UNKNOWN,PARKED MOTOR VEHICLE,DIVIDED - W/MEDIAN (NOT RAISED),2,STRAIGHT AND LEVEL,UNKNOWN,UNKNOWN,ON SCENE,INJURY AND / OR TOW DUE TO CRASH,,,Y,"OVER $1,500",11/13/2017 14:53,UNABLE TO DETERMINE,UNABLE TO DETERMINE,731,E,61ST ST,313,,,,,,,2,NO INDICATION OF INJURY,0,0,0,0,0,1,0,14,7,11,41.78392235,-87.60732291,POINT (-87.607322913783 41.78392235273),1
JA508040,,11/11/2017 14:00,30,TRAFFIC SIGNAL,FUNCTIONING PROPERLY,CLEAR,DAYLIGHT,REAR END,DIVIDED - W/MEDIAN (NOT RAISED),2,STRAIGHT AND LEVEL,DRY,NO DEFECTS,NOT ON SCENE (DESK REPORT),NO INJURY / DRIVE AWAY,,,,"$501 - $1,500",11/11/2017 16:13,FOLLOWING TOO CLOSELY,FAILING TO REDUCE SPEED TO AVOID CRASH,1146,W,ROOSEVELT RD,1232,,,,,,,2,NO INDICATION OF INJURY,0,0,0,0,0,3,0,14,7,11,41.86711674,-87.65602,POINT (-87.656019996207 41.867116742778),1
JA508062,,11/11/2017 14:00,30,NO CONTROLS,NO CONTROLS,CLEAR,DAYLIGHT,SIDESWIPE SAME DIRECTION,NOT DIVIDED,,STRAIGHT AND LEVEL,DRY,NO DEFECTS,NOT ON SCENE (DESK REPORT),NO INJURY / DRIVE AWAY,,,Y,"OVER $1,500",11/11/2017 16:30,UNABLE TO DETERMINE,UNABLE TO DETERMINE,7748,S,YATES BLVD,414,,,,,,,2,NO INDICATION OF INJURY,0,0,0,0,0,2,0,14,7,11,41.75391684,-87.56642337,POINT (-87.566423373704 41.753916844245),1
JA507957,,11/11/2017 14:01,30,NO CONTROLS,NO CONTROLS,CLEAR,DAYLIGHT,REAR END,NOT DIVIDED,2,STRAIGHT AND LEVEL,DRY,NO DEFECTS,NOT ON SCENE (DESK REPORT),INJURY AND / OR TOW DUE TO CRASH,Y,,,"$501 - $1,500",11/11/2017 14:55,UNABLE TO DETERMINE,UNABLE TO DETERMINE,1501,W,IRVING PARK RD,1922,,,,,,,2,"REPORTED, NOT EVIDENT",1,0,0,0,1,2,0,14,7,11,41.95419941,-87.66759336,POINT (-87.667593355256 41.954199408398),1
JA507936,,11/11/2017 14:02,30,NO CONTROLS,NO CONTROLS,CLEAR,DAYLIGHT,PEDESTRIAN,PARKING LOT,,STRAIGHT AND LEVEL,DRY,NO DEFECTS,ON SCENE,NO INJURY / DRIVE AWAY,,,Y,$500 OR LESS,11/11/2017 14:03,"OPERATING VEHICLE IN ERRATIC, RECKLESS, CARELESS, NEGLIGENT OR AGGRESSIVE MANNER","OPERATING VEHICLE IN ERRATIC, RECKLESS, CARELESS, NEGLIGENT OR AGGRESSIVE MANNER",5601,N,NORTHWEST HWY,1622,,,,,,,2,NO INDICATION OF INJURY,0,0,0,0,0,3,0,14,7,11,41.9830108,-87.78217788,POINT (-87.782177882161 41.983010803687),1
JA516777,,11/11/2017 14:05,30,TRAFFIC SIGNAL,FUNCTIONING PROPERLY,RAIN,DAYLIGHT,ANGLE,ONE-WAY,4,STRAIGHT AND LEVEL,WET,NO DEFECTS,ON SCENE,INJURY AND / OR TOW DUE TO CRASH,,,,"OVER $1,500",11/18/2017 14:21,FAILING TO YIELD RIGHT-OF-WAY,NOT APPLICABLE,350,W,VAN BUREN ST,122,,,,,,,2,NO INDICATION OF INJURY,0,0,0,0,0,2,0,14,7,11,41.87691834,-87.63654647,POINT (-87.636546471794 41.876918335554),1
JA507956,,11/11/2017 14:10,30,UNKNOWN,UNKNOWN,CLEAR,DAYLIGHT,REAR END,UNKNOWN,,STRAIGHT AND LEVEL,DRY,UNKNOWN,NOT ON SCENE (DESK REPORT),NO INJURY / DRIVE AWAY,,,,"$501 - $1,500",11/11/2017 15:07,FOLLOWING TOO CLOSELY,FOLLOWING TOO CLOSELY,4833,W,DIVERSEY AVE,2521,,,,,,,2,NO INDICATION OF INJURY,0,0,0,0,0,2,0,14,7,11,41.93140629,-87.74793697,POINT (-87.747936973516 41.931406291047),1
JA508021,,11/11/2017 14:10,35,NO CONTROLS,NO CONTROLS,CLEAR,DAYLIGHT,REAR END,NOT DIVIDED,,STRAIGHT AND LEVEL,DRY,NO DEFECTS,NOT ON SCENE (DESK REPORT),NO INJURY / DRIVE AWAY,,,,"$501 - $1,500",11/11/2017 16:00,UNABLE TO DETERMINE,UNABLE TO DETERMINE,4833,W,DIVERSEY AVE,2521,,,,,,,2,NO INDICATION OF INJURY,0,0,0,0,0,3,0,14,7,11,41.93140629,-87.74793697,POINT (-87.747936973516 41.931406291047),1
JA507947,Y,11/11/2017 14:14,30,NO CONTROLS,NO CONTROLS,CLEAR,DAYLIGHT,PARKED MOTOR VEHICLE,ONE-WAY,,STRAIGHT AND LEVEL,DRY,NO DEFECTS,ON SCENE,NO INJURY / DRIVE AWAY,,,Y,"OVER $1,500",11/11/2017 14:20,UNABLE TO DETERMINE,UNABLE TO DETERMINE,816,E,89TH PL,633,Y,Y,,,,,2,NO INDICATION OF INJURY,0,0,0,0,0,1,0,14,7,11,41.73221015,-87.60397294,POINT (-87.60397293929 41.732210150229),1
JA508012,,11/11/2017 14:15,30,NO CONTROLS,NO CONTROLS,CLEAR,DAYLIGHT,TURNING,NOT DIVIDED,4,STRAIGHT AND LEVEL,DRY,NO DEFECTS,ON SCENE,INJURY AND / OR TOW DUE TO CRASH,,,,$500 OR LESS,11/11/2017 14:22,FAILING TO YIELD RIGHT-OF-WAY,IMPROPER TURNING/NO SIGNAL,4032,E,106TH ST,432,,,,,,,2,NONINCAPACITATING INJURY,1,0,0,1,0,2,0,14,7,11,41.70279534,-87.52568177,POINT (-87.525681769485 41.702795334965),1
JA508104,,11/11/2017 14:15,30,STOP SIGN/FLASHER,FUNCTIONING PROPERLY,CLEAR,DAYLIGHT,REAR END,NOT DIVIDED,2,STRAIGHT AND LEVEL,DRY,NO DEFECTS,NOT ON SCENE (DESK REPORT),NO INJURY / DRIVE AWAY,,,,"OVER $1,500",11/11/2017 17:09,FOLLOWING TOO CLOSELY,NOT APPLICABLE,6065,N,AVONDALE AVE,1612,,,,,,,2,NO INDICATION OF INJURY,0,0,0,0,0,2,0,14,7,11,41.99185398,-87.79959162,POINT (-87.799591621514 41.991853978978),1
JA508142,Y,11/11/2017 14:20,30,NO CONTROLS,NO CONTROLS,CLEAR,DAYLIGHT,PARKED MOTOR VEHICLE,NOT DIVIDED,1,STRAIGHT AND LEVEL,DRY,NO DEFECTS,NOT ON SCENE (DESK REPORT),NO INJURY / DRIVE AWAY,,,,"OVER $1,500",11/11/2017 17:35,FAILING TO YIELD RIGHT-OF-WAY,FAILING TO YIELD RIGHT-OF-WAY,2222,W,DEVON AVE,2412,,,,,,,2,NO INDICATION OF INJURY,0,0,0,0,0,1,0,14,7,11,41.99790938,-87.68593715,POINT (-87.685937145053 41.997909376355),1
JA508860,,11/11/2017 14:20,30,UNKNOWN,UNKNOWN,UNKNOWN,UNKNOWN,PEDESTRIAN,UNKNOWN,,STRAIGHT AND LEVEL,UNKNOWN,UNKNOWN,ON SCENE,INJURY AND / OR TOW DUE TO CRASH,,,Y,"OVER $1,500",11/12/2017 10:29,DRIVING SKILLS/KNOWLEDGE/EXPERIENCE,UNABLE TO DETERMINE,111,S,HALSTED ST,1232,,,,,,,2,NONINCAPACITATING INJURY,1,0,0,1,0,1,0,14,7,11,41.88012878,-87.6471646,POINT (-87.647164600769 41.880128783026),1
JA507866,,11/11/2017 14:20,30,NO CONTROLS,NO CONTROLS,CLEAR,DAYLIGHT,PARKED MOTOR VEHICLE,PARKING LOT,1,STRAIGHT AND LEVEL,DRY,NO DEFECTS,NOT ON SCENE (DESK REPORT),NO INJURY / DRIVE AWAY,,,,$500 OR LESS,11/11/2017 14:47,IMPROPER OVERTAKING/PASSING,NOT APPLICABLE,6415,N,CENTRAL AVE,1621,,,,,,,2,NO INDICATION OF INJURY,0,0,0,0,0,1,0,14,7,11,41.99786001,-87.7634458,POINT (-87.763445798561 41.997860013911),1
JA508124,Y,11/11/2017 14:30,25,NO CONTROLS,NO CONTROLS,UNKNOWN,UNKNOWN,PARKED MOTOR VEHICLE,NOT DIVIDED,,STRAIGHT AND LEVEL,UNKNOWN,UNKNOWN,NOT ON SCENE (DESK REPORT),NO INJURY / DRIVE AWAY,,,Y,"OVER $1,500",11/11/2017 17:25,UNABLE TO DETERMINE,UNABLE TO DETERMINE,5540,S,HYDE PARK BLVD,235,,,,,,,2,NO INDICATION OF INJURY,0,0,0,0,0,1,0,14,7,11,41.79401273,-87.58406698,POINT (-87.584066977915 41.794012731694),1
JA508038,,11/11/2017 14:30,30,NO CONTROLS,NO CONTROLS,CLEAR,DAYLIGHT,SIDESWIPE SAME DIRECTION,ONE-WAY,1,STRAIGHT AND LEVEL,DRY,NO DEFECTS,NOT ON SCENE (DESK REPORT),NO INJURY / DRIVE AWAY,,,Y,"OVER $1,500",11/11/2017 15:50,UNABLE TO DETERMINE,UNABLE TO DETERMINE,5941,W,SUPERIOR ST,1511,,,,,,,2,NO INDICATION OF INJURY,0,0,0,0,0,4,0,14,7,11,41.89370479,-87.77390275,POINT (-87.773902746139 41.893704787555),1
JA507961,,11/11/2017 14:30,30,NO CONTROLS,NO CONTROLS,CLEAR,DAYLIGHT,SIDESWIPE SAME DIRECTION,ONE-WAY,2,STRAIGHT AND LEVEL,DRY,NO DEFECTS,ON SCENE,INJURY AND / OR TOW DUE TO CRASH,,,Y,"OVER $1,500",11/11/2017 14:40,FAILING TO YIELD RIGHT-OF-WAY,FAILING TO YIELD RIGHT-OF-WAY,844,W,98TH PL,2223,,,,,,,2,NO INDICATION OF INJURY,0,0,0,0,0,2,0,14,7,11,41.71520499,-87.64482796,POINT (-87.644827963501 41.715204988277),1