RD_NO,CRASH_DATE_EST_I,CRASH_DATE,POSTED_SPEED_LIMIT,TRAFFIC_CONTROL_DEVICE,DEVICE_CONDITION,WEATHER_CONDITION,LIGHTING_CONDITION,FIRST_CRASH_TYPE,TRAFFICWAY_TYPE,LANE_CNT,ALIGNMENT,ROADWAY_SURFACE_COND,ROAD_DEFECT,REPORT_TYPE,CRASH_TYPE,INTERSECTION_RELATED_I,NOT_RIGHT_OF_WAY_I,HIT_AND_RUN_I,DAMAGE,DATE_POLICE_NOTIFIED,PRIM_CONTRIBUTORY_CAUSE,SEC_CONTRIBUTORY_CAUSE,STREET_NO,STREET_DIRECTION,STREET_NAME,BEAT_OF_OCCURRENCE,PHOTOS_TAKEN_I,STATEMENTS_TAKEN_I,DOORING_I,WORK_ZONE_I,WORK_ZONE_TYPE,WORKERS_PRESENT_I,NUM_UNITS,MOST_SEVERE_INJURY,INJURIES_TOTAL,INJURIES_FATAL,INJURIES_INCAPACITATING,INJURIES_NON_INCAPACITATING,INJURIES_REPORTED_NOT_EVIDENT,INJURIES_NO_INDICATION,INJURIES_UNKNOWN,CRASH_HOUR,CRASH_DAY_OF_WEEK,CRASH_MONTH,LATITUDE,LONGITUDE,LOCATION,Join
JA507969,,11/11/2017 14:45,30,NO CONTROLS,NO CONTROLS,CLEAR,DAYLIGHT,PARKED MOTOR VEHICLE,PARKING LOT,,STRAIGHT ON GRADE,DRY,DEBRIS ON ROADWAY,NOT ON SCENE (DESK REPORT),NO INJURY / DRIVE AWAY,,Y,N,"$501 - $1,500",11/11/2017 15:10,IMPROPER BACKING,UNABLE TO DETERMINE,7901,S,SOUTH CHICAGO AVE,411,,,,,,,2,NO INDICATION OF INJURY,0,0,0,0,0,1,0,14,7,11,41.75150375,-87.58543744,POINT (-87.585437436949 41.751503748743),1
JA507857,,11/11/2017 14:45,30,TRAFFIC SIGNAL,FUNCTIONING PROPERLY,CLEAR,DAYLIGHT,SIDESWIPE SAME DIRECTION,NOT DIVIDED,4,STRAIGHT AND LEVEL,DRY,UNKNOWN,NOT ON SCENE (DESK REPORT),NO INJURY / DRIVE AWAY,,,,"OVER $1,500",11/11/2017 15:15,UNABLE TO DETERMINE,UNABLE TO DETERMINE,4001,W,PETERSON AVE,1711,,,,,,,2,NO INDICATION OF INJURY,0,0,0,0,0,3,0,14,7,11,41.99002469,-87.72870887,POINT (-87.728708871015 41.990024694008),1
JA507948,,11/11/2017 14:45,30,NO CONTROLS,NO CONTROLS,CLEAR,DAYLIGHT,SIDESWIPE SAME DIRECTION,ONE-WAY,0,STRAIGHT AND LEVEL,DRY,UNKNOWN,ON SCENE,NO INJURY / DRIVE AWAY,,,Y,"OVER $1,500",11/11/2017 14:50,IMPROPER TURNING/NO SIGNAL,FAILING TO YIELD RIGHT-OF-WAY,3355,W,WALNUT ST,1123,,,,,,,2,NO INDICATION OF INJURY,0,0,0,0,0,2,0,14,7,11,41.8852225,-87.7108787,POINT (-87.710878704399 41.885222500411),1
JA507968,,11/11/2017 14:46,30,TRAFFIC SIGNAL,FUNCTIONING PROPERLY,CLEAR,DAYLIGHT,REAR END,NOT DIVIDED,,STRAIGHT AND LEVEL,DRY,NO DEFECTS,ON SCENE,INJURY AND / OR TOW DUE TO CRASH,,,,"OVER $1,500",11/11/2017 14:50,FOLLOWING TOO CLOSELY,FAILING TO REDUCE SPEED TO AVOID CRASH,3016,W,PETERSON AVE,2413,,,,,,,2,NO INDICATION OF INJURY,0,0,0,0,0,2,0,14,7,11,41.99051967,-87.70504409,POINT (-87.705044086138 41.990519668828),1
JA507990,,11/11/2017 14:49,30,TRAFFIC SIGNAL,NO CONTROLS,CLEAR,DAYLIGHT,REAR END,OTHER,,STRAIGHT AND LEVEL,DRY,NO DEFECTS,ON SCENE,NO INJURY / DRIVE AWAY,,,Y,$500 OR LESS,11/11/2017 15:15,UNABLE TO DETERMINE,UNABLE TO DETERMINE,804,N,CLARK ST,1832,,,,,,,2,NO INDICATION OF INJURY,0,0,0,0,0,2,0,14,7,11,41.89682028,-87.63139509,POINT (-87.631395089207 41.896820280025),1
JA507985,,11/11/2017 14:55,20,NO CONTROLS,NO CONTROLS,CLOUDY/OVERCAST,DAYLIGHT,PARKED MOTOR VEHICLE,PARKING LOT,,STRAIGHT AND LEVEL,DRY,NO DEFECTS,ON SCENE,INJURY AND / OR TOW DUE TO CRASH,,Y,,"OVER $1,500",11/11/2017 15:08,UNABLE TO DETERMINE,NOT APPLICABLE,1598,N,KOSTNER AVE,2533,,,,,,,2,NO INDICATION OF INJURY,0,0,0,0,0,1,0,14,7,11,41.90966928,-87.73643216,POINT (-87.736432162395 41.90966927633),1
JA507998,,11/11/2017 14:57,30,TRAFFIC SIGNAL,FUNCTIONING PROPERLY,CLEAR,DAYLIGHT,SIDESWIPE SAME DIRECTION,ONE-WAY,5,STRAIGHT AND LEVEL,DRY,NO DEFECTS,ON SCENE,INJURY AND / OR TOW DUE TO CRASH,Y,,Y,"OVER $1,500",11/11/2017 14:57,"OPERATING VEHICLE IN ERRATIC, RECKLESS, CARELESS, NEGLIGENT OR AGGRESSIVE MANNER",FAILING TO REDUCE SPEED TO AVOID CRASH,5501,S,WENTWORTH AVE,225,,,,,,,3,NONINCAPACITATING INJURY,2,0,0,2,0,5,0,14,7,11,41.79418048,-87.63036805,POINT (-87.630368044805 41.794180478167),1
JA507971,,11/11/2017 15:00,20,NO CONTROLS,NO CONTROLS,CLOUDY/OVERCAST,DAYLIGHT,FIXED OBJECT,PARKING LOT,1,STRAIGHT AND LEVEL,DRY,UNKNOWN,ON SCENE,NO INJURY / DRIVE AWAY,,Y,,$500 OR LESS,11/11/2017 15:05,UNABLE TO DETERMINE,NOT APPLICABLE,4320,W,NORTH AVE,2534,,,,,,,1,NO INDICATION OF INJURY,0,0,0,0,0,1,0,15,7,11,41.90988759,-87.73460202,POINT (-87.734602022403 41.909887590812),1
JA508111,,11/11/2017 15:00,30,TRAFFIC SIGNAL,FUNCTIONING PROPERLY,CLOUDY/OVERCAST,DAYLIGHT,TURNING,NOT DIVIDED,7,STRAIGHT AND LEVEL,DRY,NO DEFECTS,NOT ON SCENE (DESK REPORT),NO INJURY / DRIVE AWAY,Y,,,"OVER $1,500",11/11/2017 17:00,FAILING TO YIELD RIGHT-OF-WAY,NOT APPLICABLE,1600,N,LA SALLE DR,1814,,,,,,,2,NO INDICATION OF INJURY,0,0,0,0,0,2,0,15,7,11,41.91124966,-87.63330025,POINT (-87.633300248411 41.911249656053),1
JA507980,,11/11/2017 15:00,30,NO CONTROLS,NO CONTROLS,CLEAR,DAYLIGHT,REAR END,NOT DIVIDED,2,STRAIGHT AND LEVEL,DRY,NO DEFECTS,NOT ON SCENE (DESK REPORT),NO INJURY / DRIVE AWAY,,,,"$501 - $1,500",11/11/2017 15:24,FOLLOWING TOO CLOSELY,FOLLOWING TOO CLOSELY,9200,S,STONY ISLAND AVE,413,,,,,,,2,NO INDICATION OF INJURY,0,0,0,0,0,2,0,15,7,11,41.72772744,-87.58559431,POINT (-87.585594309293 41.727727438391),1
JA507978,,11/11/2017 15:00,40,NO CONTROLS,NO CONTROLS,CLEAR,DAYLIGHT,REAR END,DIVIDED - W/MEDIAN BARRIER,,STRAIGHT AND LEVEL,DRY,NO DEFECTS,ON SCENE,INJURY AND / OR TOW DUE TO CRASH,,,Y,"OVER $1,500",11/11/2017 15:05,FOLLOWING TOO CLOSELY,NOT APPLICABLE,5500,N,LAKE SHORE DR SB,2023,,,,,,,3,NO INDICATION OF INJURY,0,0,0,0,0,4,0,15,7,11,41.9820354,-87.6530464,POINT (-87.653046395054 41.982035401108),1
JA508013,,11/11/2017 15:00,30,NO CONTROLS,NO CONTROLS,CLEAR,DAYLIGHT,PARKED MOTOR VEHICLE,NOT DIVIDED,4,STRAIGHT ON HILLCREST,DRY,SHOULDER DEFECT,NOT ON SCENE (DESK REPORT),NO INJURY / DRIVE AWAY,,,,"OVER $1,500",11/11/2017 15:50,IMPROPER BACKING,IMPROPER BACKING,2400,W,79TH ST,835,,,,,,,2,NO INDICATION OF INJURY,0,0,0,0,0,1,0,15,7,11,41.75022017,-87.68281769,POINT (-87.682817692537 41.750220167999),1
JA511893,,11/11/2017 15:00,30,NO CONTROLS,NO CONTROLS,CLEAR,DAYLIGHT,PARKED MOTOR VEHICLE,ONE-WAY,1,STRAIGHT AND LEVEL,DRY,NO DEFECTS,NOT ON SCENE (DESK REPORT),NO INJURY / DRIVE AWAY,,,Y,"OVER $1,500",11/14/2017 18:10,UNABLE TO DETERMINE,NOT APPLICABLE,3236,W,PIERCE AVE,1422,,,,,,,2,NO INDICATION OF INJURY,0,0,0,0,0,1,0,15,7,11,41.90928461,-87.70848359,POINT (-87.708483587415 41.909284609295),1
JA507973,,11/11/2017 15:00,30,NO CONTROLS,NO CONTROLS,CLEAR,DAYLIGHT,SIDESWIPE SAME DIRECTION,NOT DIVIDED,4,STRAIGHT AND LEVEL,DRY,UNKNOWN,NOT ON SCENE (DESK REPORT),NO INJURY / DRIVE AWAY,,,,$500 OR LESS,11/11/2017 15:15,FAILING TO YIELD RIGHT-OF-WAY,IMPROPER LANE USAGE,2615,S,KEDZIE AVE,1033,,,,,,,2,NO INDICATION OF INJURY,0,0,0,0,0,2,0,15,7,11,41.84403338,-87.70488157,POINT (-87.704881565997 41.844033378498),1
JA508032,,11/11/2017 15:03,30,TRAFFIC SIGNAL,FUNCTIONING PROPERLY,CLEAR,DAYLIGHT,REAR END,DIVIDED - W/MEDIAN (NOT RAISED),,STRAIGHT AND LEVEL,DRY,NO DEFECTS,NOT ON SCENE (DESK REPORT),NO INJURY / DRIVE AWAY,,,Y,"$501 - $1,500",11/11/2017 16:15,FAILING TO REDUCE SPEED TO AVOID CRASH,FOLLOWING TOO CLOSELY,1607,W,FULLERTON AVE,1811,,,,,,,2,NO INDICATION OF INJURY,0,0,0,0,0,3,0,15,7,11,41.92503697,-87.66851499,POINT (-87.668514990308 41.925036971007),1
JA508157,,11/11/2017 15:05,25,NO CONTROLS,NO CONTROLS,CLEAR,DAYLIGHT,ANGLE,DIVIDED - W/MEDIAN (NOT RAISED),2,STRAIGHT AND LEVEL,DRY,NO DEFECTS,NOT ON SCENE (DESK REPORT),NO INJURY / DRIVE AWAY,,,,"$501 - $1,500",11/11/2017 17:43,UNABLE TO DETERMINE,UNABLE TO DETERMINE,5200,S,FRANCISCO AVE,923,,,,,,,2,NO INDICATION OF INJURY,0,0,0,0,0,2,0,15,7,11,41.79902635,-87.69653586,POINT (-87.696535858034 41.799026350194),1
JA507984,,11/11/2017 15:15,30,STOP SIGN/FLASHER,FUNCTIONING PROPERLY,CLEAR,DAYLIGHT,TURNING,NOT DIVIDED,2,STRAIGHT AND LEVEL,DRY,NO DEFECTS,NOT ON SCENE (DESK REPORT),NO INJURY / DRIVE AWAY,,,,"$501 - $1,500",11/11/2017 15:30,FAILING TO YIELD RIGHT-OF-WAY,FAILING TO REDUCE SPEED TO AVOID CRASH,1458,N,LAWLER AVE,2533,,,,,,,2,NO INDICATION OF INJURY,0,0,0,0,0,2,0,15,7,11,41.90763977,-87.75236827,POINT (-87.75236826828 41.907639766046),1
JA508010,,11/11/2017 15:20,30,NO CONTROLS,NO CONTROLS,CLEAR,DAYLIGHT,SIDESWIPE SAME DIRECTION,NOT DIVIDED,4,STRAIGHT AND LEVEL,DRY,NO DEFECTS,ON SCENE,NO INJURY / DRIVE AWAY,,,,$500 OR LESS,11/11/2017 15:24,IMPROPER OVERTAKING/PASSING,NOT APPLICABLE,1530,E,87TH ST,412,,,,,,,2,NO INDICATION OF INJURY,0,0,0,0,0,2,0,15,7,11,41.73701157,-87.58654559,POINT (-87.586545586169 41.737011571684),1
JA508064,,11/11/2017 15:25,20,NO CONTROLS,NO CONTROLS,CLEAR,DAYLIGHT,SIDESWIPE SAME DIRECTION,NOT DIVIDED,,STRAIGHT AND LEVEL,DRY,NO DEFECTS,ON SCENE,NO INJURY / DRIVE AWAY,,,,"OVER $1,500",11/11/2017 16:08,UNABLE TO DETERMINE,NOT APPLICABLE,8614,S,KEATING AVE,834,,,,,,,2,NO INDICATION OF INJURY,0,0,0,0,0,4,0,15,7,11,41.73587498,-87.73982655,POINT (-87.73982654503 41.735874982188),1
JA507994,,11/11/2017 15:28,30,NO CONTROLS,NO CONTROLS,CLEAR,DAYLIGHT,SIDESWIPE OPPOSITE DIRECTION,DIVIDED - W/MEDIAN (NOT RAISED),3,STRAIGHT AND LEVEL,DRY,NO DEFECTS,ON SCENE,NO INJURY / DRIVE AWAY,,,Y,$500 OR LESS,11/11/2017 15:34,IMPROPER LANE USAGE,NOT APPLICABLE,7336,S,STONY ISLAND AVE,324,,N,,,,,2,NO INDICATION OF INJURY,0,0,0,0,0,2,0,15,7,11,41.76132792,-87.58635038,POINT (-87.586350376006 41.761327921329),1
JA508066,,11/11/2017 15:30,30,STOP SIGN/FLASHER,FUNCTIONING PROPERLY,CLEAR,DAYLIGHT,ANGLE,ONE-WAY,2,STRAIGHT AND LEVEL,DRY,NO DEFECTS,ON SCENE,INJURY AND / OR TOW DUE TO CRASH,Y,,,"OVER $1,500",11/11/2017 15:35,DISREGARDING STOP SIGN,FAILING TO REDUCE SPEED TO AVOID CRASH,7800,S,KINGSTON AVE,421,,,,,,,2,NONINCAPACITATING INJURY,1,0,0,1,0,2,0,15,7,11,41.75350148,-87.56277676,POINT (-87.562776761178 41.753501475936),1
JA508093,,11/11/2017 15:30,15,NO CONTROLS,NO CONTROLS,CLEAR,DAYLIGHT,PARKED MOTOR VEHICLE,PARKING LOT,0,STRAIGHT AND LEVEL,DRY,NO DEFECTS,NOT ON SCENE (DESK REPORT),NO INJURY / DRIVE AWAY,,,Y,"$501 - $1,500",11/11/2017 17:00,NOT APPLICABLE,NOT APPLICABLE,2555,N,NORMANDY AVE,2512,,,,,,,2,NO INDICATION OF INJURY,0,0,0,0,0,1,0,15,7,11,41.92692481,-87.79275105,POINT (-87.792751048065 41.926924805601),1
JA508043,,11/11/2017 15:30,25,STOP SIGN/FLASHER,FUNCTIONING PROPERLY,CLEAR,DAYLIGHT,ANGLE,DIVIDED - W/MEDIAN (NOT RAISED),2,STRAIGHT AND LEVEL,DRY,NO DEFECTS,,NO INJURY / DRIVE AWAY,,,,"$501 - $1,500",11/11/2017 16:11,UNABLE TO DETERMINE,UNABLE TO DETERMINE,4030,W,47TH ST,815,,,,,,,2,NO INDICATION OF INJURY,0,0,0,0,0,2,0,15,7,11,41.80796443,-87.72474743,POINT (-87.724747432405 41.807964429274),1
JA508089,,11/11/2017 15:30,30,NO CONTROLS,NO CONTROLS,CLEAR,DAYLIGHT,PARKED MOTOR VEHICLE,DIVIDED - W/MEDIAN (NOT RAISED),2,STRAIGHT AND LEVEL,DRY,NO DEFECTS,ON SCENE,NO INJURY / DRIVE AWAY,Y,,,"OVER $1,500",11/11/2017 15:30,IMPROPER TURNING/NO SIGNAL,NOT APPLICABLE,1415,W,ADDISON ST,1922,,,,,,,2,NO INDICATION OF INJURY,0,0,0,0,0,1,0,15,7,11,41.94694707,-87.66466127,POINT (-87.664661270738 41.946947065297),1
JA508255,,11/11/2017 15:30,30,NO CONTROLS,NO CONTROLS,CLEAR,DAYLIGHT,PARKED MOTOR VEHICLE,NOT DIVIDED,,STRAIGHT AND LEVEL,DRY,UNKNOWN,NOT ON SCENE (DESK REPORT),NO INJURY / DRIVE AWAY,,,,$500 OR LESS,11/11/2017 19:29,UNABLE TO DETERMINE,UNABLE TO DETERMINE,2305,N,COMMONWEALTH AVE,1814,,,,,,,2,NO INDICATION OF INJURY,0,0,0,0,0,1,0,15,7,11,41.92400099,-87.6379128,POINT (-87.637912798718 41.924000988936),1
JA508098,,11/11/2017 15:35,20,NO CONTROLS,NO CONTROLS,CLEAR,"DARKNESS, LIGHTED ROAD",PARKED MOTOR VEHICLE,ONE-WAY,1,STRAIGHT AND LEVEL,DRY,NO DEFECTS,ON SCENE,INJURY AND / OR TOW DUE TO CRASH,,,,"OVER $1,500",11/11/2017 16:50,UNABLE TO DETERMINE,UNABLE TO DETERMINE,1826,W,NORWOOD ST,2413,,,,,,,5,NO INDICATION OF INJURY,0,0,0,0,0,1,0,15,7,11,41.99205516,-87.67627198,POINT (-87.676271979214 41.992055162489),1
JA508074,,11/11/2017 15:35,25,NO CONTROLS,NO CONTROLS,CLEAR,DAYLIGHT,REAR END,DIVIDED - W/MEDIAN (NOT RAISED),4,STRAIGHT AND LEVEL,DRY,NO DEFECTS,NOT ON SCENE (DESK REPORT),NO INJURY / DRIVE AWAY,,,,"$501 - $1,500",11/11/2017 16:38,UNABLE TO DETERMINE,UNABLE TO DETERMINE,2415,W,47TH ST,922,,,,,,,2,NO INDICATION OF INJURY,0,0,0,0,0,2,0,15,7,11,41.80831807,-87.68509958,POINT (-87.685099575575 41.808318069665),1
JA508026,,11/11/2017 15:40,30,TRAFFIC SIGNAL,FUNCTIONING PROPERLY,CLEAR,DAYLIGHT,REAR END,DIVIDED - W/MEDIAN (NOT RAISED),4,STRAIGHT AND LEVEL,DRY,NO DEFECTS,ON SCENE,NO INJURY / DRIVE AWAY,,,,$500 OR LESS,11/11/2017 15:44,FOLLOWING TOO CLOSELY,EXCEEDING AUTHORIZED SPEED LIMIT,3841,S,CALIFORNIA AVE,911,,,,,,,2,NO INDICATION OF INJURY,0,0,0,0,0,2,0,15,7,11,41.82340296,-87.6944788,POINT (-87.694478798882 41.823402955625),1
JA508020,,11/11/2017 15:40,30,TRAFFIC SIGNAL,FUNCTIONING PROPERLY,CLEAR,DAYLIGHT,ANGLE,DIVIDED - W/MEDIAN (NOT RAISED),,STRAIGHT AND LEVEL,DRY,NO DEFECTS,ON SCENE,INJURY AND / OR TOW DUE TO CRASH,Y,,,"OVER $1,500",11/11/2017 15:50,DISREGARDING TRAFFIC SIGNALS,NOT APPLICABLE,6700,S,CALIFORNIA AVE,831,,,,,,,3,INCAPACITATING INJURY,3,0,3,0,0,5,0,15,7,11,41.77172918,-87.69334992,POINT (-87.693349922161 41.771729174636),1
JA508015,,11/11/2017 15:40,30,UNKNOWN,UNKNOWN,CLEAR,DAYLIGHT,REAR END,UNKNOWN,,STRAIGHT AND LEVEL,DRY,UNKNOWN,NOT ON SCENE (DESK REPORT),NO INJURY / DRIVE AWAY,,,,$500 OR LESS,11/11/2017 15:55,FOLLOWING TOO CLOSELY,FOLLOWING TOO CLOSELY,4801,W,DIVERSEY AVE,2521,,,,,,,2,NO INDICATION OF INJURY,0,0,0,0,0,2,0,15,7,11,41.93142191,-87.74671546,POINT (-87.746715457234 41.931421912693),1
JA508085,,11/11/2017 15:45,30,STOP SIGN/FLASHER,NO CONTROLS,CLEAR,DAYLIGHT,ANGLE,NOT DIVIDED,4,STRAIGHT AND LEVEL,WET,NO DEFECTS,NOT ON SCENE (DESK REPORT),NO INJURY / DRIVE AWAY,Y,,,"OVER $1,500",11/11/2017 17:00,FAILING TO YIELD RIGHT-OF-WAY,NOT APPLICABLE,914,W,SUPERIOR ST,1214,,,,,,,2,NO INDICATION OF INJURY,0,0,0,0,0,2,0,15,7,11,41.89561221,-87.65086158,POINT (-87.650861578438 41.895612204926),1
JA508107,,11/11/2017 15:45,35,NO CONTROLS,NO CONTROLS,CLEAR,DAYLIGHT,ANGLE,DIVIDED - W/MEDIAN (NOT RAISED),2,STRAIGHT AND LEVEL,DRY,NO DEFECTS,ON SCENE,INJURY AND / OR TOW DUE TO CRASH,,,,"OVER $1,500",11/11/2017 16:37,FAILING TO YIELD RIGHT-OF-WAY,NOT APPLICABLE,2415,W,AUGUSTA BLVD,1212,,,,,,,2,NO INDICATION OF INJURY,0,0,0,0,0,4,0,15,7,11,41.89926016,-87.68759166,POINT (-87.687591660235 41.899260161056),1
JA508063,,11/11/2017 15:50,35,OTHER REG. SIGN,NO CONTROLS,CLEAR,DUSK,FIXED OBJECT,ONE-WAY,3,STRAIGHT AND LEVEL,DRY,NO DEFECTS,ON SCENE,INJURY AND / OR TOW DUE TO CRASH,,Y,,"OVER $1,500",11/11/2017 16:21,DISREGARDING OTHER TRAFFIC SIGNS,NOT APPLICABLE,400,W,GARFIELD BLVD,935,,,,,,,1,NO INDICATION OF INJURY,0,0,0,0,0,1,0,15,7,11,41.7945806,-87.63572678,POINT (-87.635726779488 41.794580602412),1
JA508735,,11/11/2017 16:00,30,NO CONTROLS,NO CONTROLS,CLEAR,DAYLIGHT,REAR END,DIVIDED - W/MEDIAN (NOT RAISED),,STRAIGHT AND LEVEL,DRY,NO DEFECTS,NOT ON SCENE (DESK REPORT),NO INJURY / DRIVE AWAY,,,Y,"$501 - $1,500",11/12/2017 8:55,FOLLOWING TOO CLOSELY,FOLLOWING TOO CLOSELY,5650,W,DEVON AVE,1621,,,,,,,2,NO INDICATION OF INJURY,0,0,0,0,0,2,0,16,7,11,41.99725023,-87.77038545,POINT (-87.770385445806 41.997250224558),1
JA508122,,11/11/2017 16:00,30,NO CONTROLS,NO CONTROLS,CLEAR,DUSK,SIDESWIPE SAME DIRECTION,NOT DIVIDED,2,STRAIGHT AND LEVEL,DRY,NO DEFECTS,NOT ON SCENE (DESK REPORT),NO INJURY / DRIVE AWAY,Y,,Y,$500 OR LESS,11/11/2017 17:10,IMPROPER OVERTAKING/PASSING,UNABLE TO DETERMINE,7900,S,LOWE AVE,621,,,,,,,2,NO INDICATION OF INJURY,0,0,0,0,0,2,0,16,7,11,41.75060157,-87.64051995,POINT (-87.640519946345 41.750601570494),1
JA508034,,11/11/2017 16:00,30,NO CONTROLS,NO CONTROLS,CLEAR,DAYLIGHT,SIDESWIPE SAME DIRECTION,DIVIDED - W/MEDIAN (NOT RAISED),2,STRAIGHT AND LEVEL,DRY,NO DEFECTS,NOT ON SCENE (DESK REPORT),NO INJURY / DRIVE AWAY,,,Y,"OVER $1,500",11/11/2017 16:10,UNABLE TO DETERMINE,UNABLE TO DETERMINE,2451,S,DR MARTIN LUTHER KING JR DR,133,,,,,,,2,NO INDICATION OF INJURY,0,0,0,0,0,2,0,16,7,11,41.84784265,-87.61724678,POINT (-87.617246783843 41.847842651083),1
JA508050,,11/11/2017 16:00,30,NO CONTROLS,NO CONTROLS,CLEAR,DUSK,PARKED MOTOR VEHICLE,NOT DIVIDED,,STRAIGHT AND LEVEL,DRY,UNKNOWN,NOT ON SCENE (DESK REPORT),NO INJURY / DRIVE AWAY,,,,$500 OR LESS,11/11/2017 16:25,FAILING TO YIELD RIGHT-OF-WAY,UNABLE TO DETERMINE,3724,W,DIVISION ST,2535,,,,,,,2,NO INDICATION OF INJURY,0,0,0,0,0,2,0,16,7,11,41.90283469,-87.71999954,POINT (-87.71999954323 41.902834691531),1
JA508052,,11/11/2017 16:15,30,UNKNOWN,UNKNOWN,UNKNOWN,UNKNOWN,REAR END,UNKNOWN,,STRAIGHT AND LEVEL,UNKNOWN,UNKNOWN,NOT ON SCENE (DESK REPORT),NO INJURY / DRIVE AWAY,,,,"OVER $1,500",11/11/2017 16:25,UNABLE TO DETERMINE,NOT APPLICABLE,5287,N,ELSTON AVE,1621,,,,,,,2,NO INDICATION OF INJURY,0,0,0,0,0,6,0,16,7,11,41.97713934,-87.75458801,POINT (-87.754588009137 41.977139341402),1
JA508101,,11/11/2017 16:20,10,NO CONTROLS,NO CONTROLS,CLEAR,DAYLIGHT,REAR END,PARKING LOT,,STRAIGHT AND LEVEL,DRY,NO DEFECTS,NOT ON SCENE (DESK REPORT),NO INJURY / DRIVE AWAY,,,,"$501 - $1,500",11/11/2017 17:00,UNABLE TO DETERMINE,UNABLE TO DETERMINE,7158,S,STONY ISLAND AVE,324,,,,,,,2,NO INDICATION OF INJURY,0,0,0,0,0,2,0,16,7,11,41.76427687,-87.58642854,POINT (-87.586428541523 41.764276868225),1
JA508084,,11/11/2017 16:25,30,TRAFFIC SIGNAL,FUNCTIONING PROPERLY,CLEAR,DUSK,SIDESWIPE OPPOSITE DIRECTION,CENTER TURN LANE,,STRAIGHT AND LEVEL,DRY,NO DEFECTS,ON SCENE,INJURY AND / OR TOW DUE TO CRASH,,,,"OVER $1,500",11/11/2017 16:30,IMPROPER LANE USAGE,NOT APPLICABLE,6399,W,GRAND AVE,2512,,,,,,,2,NO INDICATION OF INJURY,0,0,0,0,0,2,0,16,7,11,41.92251046,-87.78540684,POINT (-87.785406844332 41.922510462827),1
JA508081,,11/11/2017 16:25,30,NO CONTROLS,NO CONTROLS,CLEAR,DARKNESS,REAR END,NOT DIVIDED,2,STRAIGHT AND LEVEL,DRY,NO DEFECTS,NOT ON SCENE (DESK REPORT),NO INJURY / DRIVE AWAY,,,,"OVER $1,500",11/11/2017 16:50,EXCEEDING AUTHORIZED SPEED LIMIT,FOLLOWING TOO CLOSELY,5200,W,IRVING PARK RD,1624,,,,,,,2,NO INDICATION OF INJURY,0,0,0,0,0,2,0,16,7,11,41.95340625,-87.75727589,POINT (-87.757275887138 41.953406251096),1
JA508126,,11/11/2017 16:25,30,TRAFFIC SIGNAL,NO CONTROLS,CLEAR,"DARKNESS, LIGHTED ROAD",REAR END,NOT DIVIDED,,STRAIGHT AND LEVEL,DRY,NO DEFECTS,ON SCENE,NO INJURY / DRIVE AWAY,N,,Y,"OVER $1,500",11/11/2017 16:29,UNABLE TO DETERMINE,UNABLE TO DETERMINE,32,E,CHICAGO AVE,1833,,,,,,,3,NO INDICATION OF INJURY,0,0,0,0,0,3,0,16,7,11,41.89680395,-87.62692028,POINT (-87.626920283732 41.896803947893),1
JA508091,,11/11/2017 16:27,35,TRAFFIC SIGNAL,UNKNOWN,CLEAR,DAYLIGHT,PEDESTRIAN,NOT DIVIDED,2,STRAIGHT AND LEVEL,DRY,NO DEFECTS,ON SCENE,INJURY AND / OR TOW DUE TO CRASH,Y,,Y,$500 OR LESS,11/11/2017 16:27,FAILING TO YIELD RIGHT-OF-WAY,NOT APPLICABLE,501,N,HOMAN AVE,1121,,,,,,,2,NONINCAPACITATING INJURY,1,0,0,1,0,1,0,16,7,11,41.89033675,-87.71113475,POINT (-87.71113474535 41.890336744677),1
JA508958,,11/11/2017 16:30,30,NO CONTROLS,FUNCTIONING PROPERLY,CLEAR,DAYLIGHT,PARKED MOTOR VEHICLE,ONE-WAY,1,STRAIGHT AND LEVEL,DRY,NO DEFECTS,NOT ON SCENE (DESK REPORT),NO INJURY / DRIVE AWAY,,,Y,"OVER $1,500",11/12/2017 13:00,UNABLE TO DETERMINE,UNABLE TO DETERMINE,3438,W,FRANKLIN BLVD,1121,,,,,,,2,NO INDICATION OF INJURY,0,0,0,0,0,1,0,16,7,11,41.89011,-87.7128354,POINT (-87.712835398807 41.890109996009),1
JA509330,,11/11/2017 16:30,30,NO CONTROLS,NO CONTROLS,CLEAR,DAYLIGHT,SIDESWIPE SAME DIRECTION,DIVIDED - W/MEDIAN BARRIER,,STRAIGHT AND LEVEL,DRY,NO DEFECTS,NOT ON SCENE (DESK REPORT),NO INJURY / DRIVE AWAY,,,,"OVER $1,500",11/12/2017 18:00,IMPROPER OVERTAKING/PASSING,UNABLE TO DETERMINE,950,N,MICHIGAN AVE,1833,,,,,,,2,NO INDICATION OF INJURY,0,0,0,0,0,2,0,16,7,11,41.90035277,-87.62433292,POINT (-87.624332918928 41.900352772063),1