RD_NO,CRASH_DATE_EST_I,CRASH_DATE,POSTED_SPEED_LIMIT,TRAFFIC_CONTROL_DEVICE,DEVICE_CONDITION,WEATHER_CONDITION,LIGHTING_CONDITION,FIRST_CRASH_TYPE,TRAFFICWAY_TYPE,LANE_CNT,ALIGNMENT,ROADWAY_SURFACE_COND,ROAD_DEFECT,REPORT_TYPE,CRASH_TYPE,INTERSECTION_RELATED_I,NOT_RIGHT_OF_WAY_I,HIT_AND_RUN_I,DAMAGE,DATE_POLICE_NOTIFIED,PRIM_CONTRIBUTORY_CAUSE,SEC_CONTRIBUTORY_CAUSE,STREET_NO,STREET_DIRECTION,STREET_NAME,BEAT_OF_OCCURRENCE,PHOTOS_TAKEN_I,STATEMENTS_TAKEN_I,DOORING_I,WORK_ZONE_I,WORK_ZONE_TYPE,WORKERS_PRESENT_I,NUM_UNITS,MOST_SEVERE_INJURY,INJURIES_TOTAL,INJURIES_FATAL,INJURIES_INCAPACITATING,INJURIES_NON_INCAPACITATING,INJURIES_REPORTED_NOT_EVIDENT,INJURIES_NO_INDICATION,INJURIES_UNKNOWN,CRASH_HOUR,CRASH_DAY_OF_WEEK,CRASH_MONTH,LATITUDE,LONGITUDE,LOCATION,Join
JA508278,,11/11/2017 19:35,30,NO CONTROLS,NO CONTROLS,CLEAR,DARKNESS,PARKED MOTOR VEHICLE,NOT DIVIDED,2,STRAIGHT AND LEVEL,DRY,NO DEFECTS,ON SCENE,INJURY AND / OR TOW DUE TO CRASH,,,,"OVER $1,500",11/11/2017 20:04,UNABLE TO DETERMINE,NOT APPLICABLE,7800,S,DAMEN AVE,611,N,Y,,,,,2,"REPORTED, NOT EVIDENT",1,0,0,0,1,1,0,19,7,11,41.75196209,-87.67332799,POINT (-87.673327991846 41.751962093076),1
JA508269,,11/11/2017 19:35,30,NO CONTROLS,NO CONTROLS,CLEAR,DARKNESS,SIDESWIPE SAME DIRECTION,NOT DIVIDED,,STRAIGHT AND LEVEL,DRY,NO DEFECTS,ON SCENE,NO INJURY / DRIVE AWAY,,,,"OVER $1,500",11/11/2017 19:45,IMPROPER OVERTAKING/PASSING,NOT APPLICABLE,1458,N,MILWAUKEE AVE,1424,,,,,,,2,NO INDICATION OF INJURY,0,0,0,0,0,3,0,19,7,11,41.90830615,-87.67445552,POINT (-87.674455522355 41.908306144766),1
JA508767,,11/11/2017 19:40,20,NO CONTROLS,NO CONTROLS,CLEAR,"DARKNESS, LIGHTED ROAD",SIDESWIPE SAME DIRECTION,PARKING LOT,,STRAIGHT AND LEVEL,DRY,NO DEFECTS,NOT ON SCENE (DESK REPORT),NO INJURY / DRIVE AWAY,,,,"$501 - $1,500",11/12/2017 9:20,UNABLE TO DETERMINE,UNABLE TO DETERMINE,4925,N,BROADWAY,2033,,,,,,,2,NO INDICATION OF INJURY,0,0,0,0,0,2,0,19,7,11,41.97221356,-87.6596091,POINT (-87.659609100107 41.972213556991),1
JA508394,,11/11/2017 19:40,20,STOP SIGN/FLASHER,FUNCTIONING PROPERLY,CLEAR,"DARKNESS, LIGHTED ROAD",PARKED MOTOR VEHICLE,OTHER,1,STRAIGHT AND LEVEL,DRY,NO DEFECTS,ON SCENE,NO INJURY / DRIVE AWAY,,,Y,"OVER $1,500",11/11/2017 19:41,UNABLE TO DETERMINE,UNABLE TO DETERMINE,7458,N,WOLCOTT AVE,2424,,,,,,,3,NO INDICATION OF INJURY,0,0,0,0,0,1,0,19,7,11,42.01784258,-87.67779309,POINT (-87.677793087831 42.017842580265),1
JA508338,,11/11/2017 19:40,15,NO CONTROLS,NO CONTROLS,CLEAR,"DARKNESS, LIGHTED ROAD",TURNING,PARKING LOT,2,STRAIGHT AND LEVEL,DRY,NO DEFECTS,NOT ON SCENE (DESK REPORT),NO INJURY / DRIVE AWAY,,Y,,"$501 - $1,500",11/11/2017 21:01,UNABLE TO DETERMINE,NOT APPLICABLE,6221,S,ARCHER AVE,811,,,,,,,2,NO INDICATION OF INJURY,0,0,0,0,0,2,0,19,7,11,41.79361451,-87.77530251,POINT (-87.775302509915 41.793614506242),1
JA508306,,11/11/2017 19:50,30,NO CONTROLS,NO CONTROLS,CLEAR,"DARKNESS, LIGHTED ROAD",SIDESWIPE OPPOSITE DIRECTION,DIVIDED - W/MEDIAN BARRIER,2,STRAIGHT AND LEVEL,DRY,NO DEFECTS,ON SCENE,NO INJURY / DRIVE AWAY,,,,"$501 - $1,500",11/11/2017 20:00,UNABLE TO DETERMINE,UNABLE TO DETERMINE,212,W,CERMAK RD,914,,,,,,,2,NO INDICATION OF INJURY,0,0,0,0,0,2,0,19,7,11,41.8529533,-87.63261164,POINT (-87.632611642206 41.852953299717),1
JA508736,Y,11/11/2017 20:00,35,NO CONTROLS,NO CONTROLS,CLEAR,"DARKNESS, LIGHTED ROAD",PARKED MOTOR VEHICLE,DIVIDED - W/MEDIAN (NOT RAISED),,STRAIGHT AND LEVEL,DRY,NO DEFECTS,NOT ON SCENE (DESK REPORT),NO INJURY / DRIVE AWAY,,,Y,"$501 - $1,500",11/12/2017 8:45,UNABLE TO DETERMINE,NOT APPLICABLE,6533,W,BARRY AVE,2511,,,,,,,2,NO INDICATION OF INJURY,0,0,0,0,0,1,0,20,7,11,41.9363254,-87.78966012,POINT (-87.789660122619 41.93632539706),1
JA508313,,11/11/2017 20:03,35,NO CONTROLS,NO CONTROLS,CLEAR,"DARKNESS, LIGHTED ROAD",PEDESTRIAN,NOT DIVIDED,2,STRAIGHT AND LEVEL,DRY,NO DEFECTS,ON SCENE,INJURY AND / OR TOW DUE TO CRASH,,,Y,"OVER $1,500",11/11/2017 20:07,IMPROPER OVERTAKING/PASSING,DISREGARDING ROAD MARKINGS,6647,S,HALSTED ST,723,,,,,,,2,INCAPACITATING INJURY,1,0,1,0,0,1,0,20,7,11,41.77290241,-87.64446133,POINT (-87.644461327278 41.772902409859),1
JA508303,,11/11/2017 20:05,35,TRAFFIC SIGNAL,FUNCTIONING PROPERLY,CLEAR,"DARKNESS, LIGHTED ROAD",REAR END,DIVIDED - W/MEDIAN BARRIER,6,STRAIGHT ON GRADE,DRY,NO DEFECTS,ON SCENE,INJURY AND / OR TOW DUE TO CRASH,Y,,,"$501 - $1,500",11/11/2017 20:19,FAILING TO REDUCE SPEED TO AVOID CRASH,DRIVING SKILLS/KNOWLEDGE/EXPERIENCE,9203,S,WESTERN AVE,2221,,,,,,,2,NO INDICATION OF INJURY,0,0,0,0,0,2,0,20,7,11,41.72622761,-87.68208343,POINT (-87.682083432684 41.726227606435),1
JA508272,,11/11/2017 20:15,30,STOP SIGN/FLASHER,FUNCTIONING PROPERLY,CLEAR,DARKNESS,TURNING,NOT DIVIDED,2,STRAIGHT AND LEVEL,DRY,NO DEFECTS,ON SCENE,NO INJURY / DRIVE AWAY,Y,,Y,"OVER $1,500",11/11/2017 20:15,DISREGARDING STOP SIGN,FAILING TO YIELD RIGHT-OF-WAY,3533,N,LARAMIE AVE,1634,,,,,,,2,NO INDICATION OF INJURY,0,0,0,0,0,2,0,20,7,11,41.94522484,-87.75674516,POINT (-87.756745155855 41.94522483974),1
JA508393,,11/11/2017 20:20,40,TRAFFIC SIGNAL,FUNCTIONING PROPERLY,CLEAR,"DARKNESS, LIGHTED ROAD",SIDESWIPE SAME DIRECTION,NOT DIVIDED,4,STRAIGHT AND LEVEL,DRY,NO DEFECTS,NOT ON SCENE (DESK REPORT),NO INJURY / DRIVE AWAY,,,,"$501 - $1,500",11/11/2017 20:20,IMPROPER TURNING/NO SIGNAL,NOT APPLICABLE,550,W,VAN BUREN ST,121,,,,,,,2,NO INDICATION OF INJURY,0,0,0,0,0,2,0,20,7,11,41.87685514,-87.64154407,POINT (-87.641544074082 41.876855139604),1
JA508348,,11/11/2017 20:25,35,NO CONTROLS,NO CONTROLS,SNOW,"DARKNESS, LIGHTED ROAD",SIDESWIPE SAME DIRECTION,DIVIDED - W/MEDIAN BARRIER,2,STRAIGHT AND LEVEL,SNOW OR SLUSH,NO DEFECTS,NOT ON SCENE (DESK REPORT),NO INJURY / DRIVE AWAY,,,,"OVER $1,500",11/11/2017 21:20,FAILING TO YIELD RIGHT-OF-WAY,UNABLE TO DETERMINE,435,N,MICHIGAN AVE,1834,,,,,,,2,NO INDICATION OF INJURY,0,0,0,0,0,2,0,20,7,11,41.89042416,-87.62396548,POINT (-87.623965477756 41.890424159772),1
JA508284,,11/11/2017 20:25,30,TRAFFIC SIGNAL,FUNCTIONING PROPERLY,CLEAR,"DARKNESS, LIGHTED ROAD",TURNING,NOT DIVIDED,4,STRAIGHT AND LEVEL,DRY,NO DEFECTS,ON SCENE,INJURY AND / OR TOW DUE TO CRASH,Y,,,"OVER $1,500",11/11/2017 20:28,DISREGARDING OTHER TRAFFIC SIGNS,UNABLE TO DETERMINE,700,E,103RD ST,511,,,,,,,2,NONINCAPACITATING INJURY,3,0,0,1,2,1,0,20,7,11,41.70754627,-87.60639725,POINT (-87.606397254007 41.707546265661),1
JA508349,,11/11/2017 20:45,35,NO CONTROLS,NO CONTROLS,CLEAR,"DARKNESS, LIGHTED ROAD",PARKED MOTOR VEHICLE,NOT DIVIDED,2,STRAIGHT AND LEVEL,DRY,NO DEFECTS,ON SCENE,INJURY AND / OR TOW DUE TO CRASH,,,Y,"OVER $1,500",11/11/2017 20:59,DRIVING ON WRONG SIDE/WRONG WAY,IMPROPER OVERTAKING/PASSING,2058,E,75TH ST,333,,,,,,,3,NO INDICATION OF INJURY,0,0,0,0,0,1,0,20,7,11,41.75901487,-87.57373702,POINT (-87.573737021568 41.759014871395),1
JA508389,,11/11/2017 20:45,30,STOP SIGN/FLASHER,FUNCTIONING PROPERLY,CLEAR,"DARKNESS, LIGHTED ROAD",TURNING,NOT DIVIDED,4,STRAIGHT AND LEVEL,DRY,NO DEFECTS,NOT ON SCENE (DESK REPORT),INJURY AND / OR TOW DUE TO CRASH,,,,"OVER $1,500",11/11/2017 21:50,FAILING TO YIELD RIGHT-OF-WAY,UNABLE TO DETERMINE,1231,S,WESTERN AVE,1233,,,,,,,2,NO INDICATION OF INJURY,0,0,0,0,0,5,0,20,7,11,41.86565709,-87.68586888,POINT (-87.685868880014 41.86565708984),1
JA526311,,11/11/2017 20:50,30,NO CONTROLS,FUNCTIONING PROPERLY,RAIN,"DARKNESS, LIGHTED ROAD",PARKED MOTOR VEHICLE,ONE-WAY,,STRAIGHT AND LEVEL,WET,NO DEFECTS,NOT ON SCENE (DESK REPORT),NO INJURY / DRIVE AWAY,,,Y,"$501 - $1,500",11/26/2017 21:19,IMPROPER BACKING,UNABLE TO DETERMINE,6401,N,CAMPBELL AVE,2412,,,,,,,2,NO INDICATION OF INJURY,0,0,0,0,0,1,0,20,7,11,41.99778222,-87.69217921,POINT (-87.692179207424 41.997782217634),1
JA508351,,11/11/2017 21:05,30,NO CONTROLS,NO CONTROLS,CLEAR,DARKNESS,TURNING,NOT DIVIDED,,STRAIGHT AND LEVEL,DRY,NO DEFECTS,NOT ON SCENE (DESK REPORT),NO INJURY / DRIVE AWAY,,,,"OVER $1,500",11/11/2017 21:39,UNABLE TO DETERMINE,UNABLE TO DETERMINE,5501,S,PULASKI RD,822,,,,,,,2,NO INDICATION OF INJURY,0,0,0,0,0,3,0,21,7,11,41.79316149,-87.72301053,POINT (-87.723010527492 41.793161486356),1
JA508350,,11/11/2017 21:06,30,STOP SIGN/FLASHER,FUNCTIONING PROPERLY,CLEAR,"DARKNESS, LIGHTED ROAD",REAR END,NOT DIVIDED,2,STRAIGHT AND LEVEL,DRY,UNKNOWN,NOT ON SCENE (DESK REPORT),NO INJURY / DRIVE AWAY,,,,"OVER $1,500",11/11/2017 21:30,UNABLE TO DETERMINE,UNABLE TO DETERMINE,5157,N,ELSTON AVE,1621,,,,,,,2,NO INDICATION OF INJURY,0,0,0,0,0,2,0,21,7,11,41.9749398,-87.75101413,POINT (-87.751014129002 41.974939798556),1
JA508370,,11/11/2017 21:10,25,NO CONTROLS,NO CONTROLS,CLEAR,"DARKNESS, LIGHTED ROAD",TURNING,NOT DIVIDED,2,STRAIGHT AND LEVEL,DRY,NO DEFECTS,ON SCENE,INJURY AND / OR TOW DUE TO CRASH,Y,,,"OVER $1,500",11/11/2017 21:15,FAILING TO YIELD RIGHT-OF-WAY,UNABLE TO DETERMINE,1014,W,ROSCOE ST,1924,,,,,,,2,NO INDICATION OF INJURY,0,0,0,0,0,2,0,21,7,11,41.94367033,-87.65482861,POINT (-87.654828604922 41.943670327156),1
JA508365,,11/11/2017 21:10,5,NO CONTROLS,NO CONTROLS,CLEAR,"DARKNESS, LIGHTED ROAD",ANGLE,PARKING LOT,,STRAIGHT AND LEVEL,DRY,NO DEFECTS,NOT ON SCENE (DESK REPORT),NO INJURY / DRIVE AWAY,,,Y,"OVER $1,500",11/11/2017 22:00,UNABLE TO DETERMINE,PHYSICAL CONDITION OF DRIVER,6015,N,LINCOLN AVE,2413,,,,,,,2,NO INDICATION OF INJURY,0,0,0,0,0,2,0,21,7,11,41.99074398,-87.70773567,POINT (-87.707735666927 41.990743983975),1
JA508344,,11/11/2017 21:15,30,NO CONTROLS,NO CONTROLS,CLEAR,"DARKNESS, LIGHTED ROAD",PARKED MOTOR VEHICLE,ONE-WAY,1,STRAIGHT AND LEVEL,DRY,NO DEFECTS,NOT ON SCENE (DESK REPORT),NO INJURY / DRIVE AWAY,,,Y,"$501 - $1,500",11/11/2017 21:22,UNABLE TO DETERMINE,NOT APPLICABLE,6820,S,KOMENSKY AVE,833,,,,,,,2,NO INDICATION OF INJURY,0,0,0,0,0,1,0,21,7,11,41.76888016,-87.72387829,POINT (-87.723878294199 41.768880160609),1
JA508379,,11/11/2017 21:20,30,TRAFFIC SIGNAL,FUNCTIONING PROPERLY,CLEAR,"DARKNESS, LIGHTED ROAD",SIDESWIPE SAME DIRECTION,DIVIDED - W/MEDIAN BARRIER,6,STRAIGHT AND LEVEL,DRY,NO DEFECTS,ON SCENE,INJURY AND / OR TOW DUE TO CRASH,,,,"OVER $1,500",11/11/2017 21:50,IMPROPER LANE USAGE,UNABLE TO DETERMINE,98,S,MICHIGAN AVE,112,,,,,,,3,NO INDICATION OF INJURY,0,0,0,0,0,8,0,21,7,11,41.88089012,-87.62448327,POINT (-87.624483266019 41.88089011864),1
JA508364,,11/11/2017 21:30,25,NO CONTROLS,NO CONTROLS,CLEAR,"DARKNESS, LIGHTED ROAD",SIDESWIPE SAME DIRECTION,NOT DIVIDED,2,STRAIGHT AND LEVEL,DRY,NO DEFECTS,NOT ON SCENE (DESK REPORT),NO INJURY / DRIVE AWAY,,,Y,"$501 - $1,500",11/11/2017 21:45,UNABLE TO DETERMINE,UNABLE TO DETERMINE,21,E,HUBBARD ST,1834,,,,,,,2,NO INDICATION OF INJURY,0,0,0,0,0,3,0,21,7,11,41.88997109,-87.62707477,POINT (-87.627074774483 41.889971085414),1
JA508372,,11/11/2017 21:44,30,NO CONTROLS,UNKNOWN,CLEAR,"DARKNESS, LIGHTED ROAD",REAR END,ONE-WAY,1,STRAIGHT ON GRADE,DRY,NO DEFECTS,ON SCENE,INJURY AND / OR TOW DUE TO CRASH,,,Y,"$501 - $1,500",11/11/2017 21:45,UNABLE TO DETERMINE,UNABLE TO DETERMINE,6240,S,ARTESIAN AVE,825,,,,,,,2,NO INDICATION OF INJURY,0,0,0,0,0,2,0,21,7,11,41.77984031,-87.68502554,POINT (-87.685025539537 41.779840306967),1
JA508367,,11/11/2017 21:45,30,NO CONTROLS,NO CONTROLS,CLEAR,"DARKNESS, LIGHTED ROAD",TURNING,DIVIDED - W/MEDIAN BARRIER,,STRAIGHT AND LEVEL,DRY,NO DEFECTS,ON SCENE,INJURY AND / OR TOW DUE TO CRASH,,,,"$501 - $1,500",11/11/2017 22:00,UNABLE TO DETERMINE,NOT APPLICABLE,1131,S,MICHIGAN AVE,114,,,,,,,2,NO INDICATION OF INJURY,0,0,0,0,0,2,0,21,7,11,41.86830914,-87.6239594,POINT (-87.623959399091 41.86830914197),1
JA508395,,11/11/2017 21:46,30,NO CONTROLS,NO CONTROLS,CLEAR,"DARKNESS, LIGHTED ROAD",PEDESTRIAN,NOT DIVIDED,4,STRAIGHT AND LEVEL,DRY,NO DEFECTS,ON SCENE,NO INJURY / DRIVE AWAY,,,,$500 OR LESS,11/11/2017 22:08,UNABLE TO DETERMINE,NOT APPLICABLE,8017,S,COTTAGE GROVE AVE,631,,,,,,,2,NO INDICATION OF INJURY,0,0,0,0,0,2,0,21,7,11,41.74891342,-87.60502657,POINT (-87.605026565562 41.748913423601),1
JA508383,,11/11/2017 21:46,30,NO CONTROLS,NO CONTROLS,CLEAR,"DARKNESS, LIGHTED ROAD",PARKED MOTOR VEHICLE,ONE-WAY,1,STRAIGHT AND LEVEL,DRY,NO DEFECTS,ON SCENE,NO INJURY / DRIVE AWAY,,,,"OVER $1,500",11/11/2017 22:14,DRIVING SKILLS/KNOWLEDGE/EXPERIENCE,UNABLE TO DETERMINE,1129,E,62ND ST,314,,Y,,,,,2,NO INDICATION OF INJURY,0,0,0,0,0,2,0,21,7,11,41.7822102,-87.59820607,POINT (-87.598206073871 41.782210202132),1
JA508385,,11/11/2017 21:51,30,UNKNOWN,UNKNOWN,CLEAR,"DARKNESS, LIGHTED ROAD",FIXED OBJECT,ALLEY,1,STRAIGHT AND LEVEL,DRY,UNKNOWN,ON SCENE,INJURY AND / OR TOW DUE TO CRASH,,N,,"OVER $1,500",11/11/2017 21:52,UNABLE TO DETERMINE,UNABLE TO DETERMINE,931,N,PARKSIDE AVE,1511,,,,,,,1,NO INDICATION OF INJURY,0,0,0,0,0,1,0,21,7,11,41.89760004,-87.76655969,POINT (-87.766559688854 41.897600038895),1
JA508408,,11/11/2017 22:00,0,TRAFFIC SIGNAL,FUNCTIONING PROPERLY,CLEAR,DARKNESS,TURNING,ONE-WAY,2,STRAIGHT AND LEVEL,DRY,UNKNOWN,NOT ON SCENE (DESK REPORT),NO INJURY / DRIVE AWAY,,,,$500 OR LESS,11/11/2017 22:50,FOLLOWING TOO CLOSELY,FOLLOWING TOO CLOSELY,5500,S,WENTWORTH AVE,225,,,,,,,2,NO INDICATION OF INJURY,0,0,0,0,0,2,0,22,7,11,,,,1
JA508386,Y,11/11/2017 22:06,30,TRAFFIC SIGNAL,FUNCTIONING PROPERLY,CLEAR,"DARKNESS, LIGHTED ROAD",REAR END,NOT DIVIDED,4,STRAIGHT AND LEVEL,DRY,NO DEFECTS,ON SCENE,INJURY AND / OR TOW DUE TO CRASH,Y,,,"OVER $1,500",11/11/2017 22:09,UNDER THE INFLUENCE OF ALCOHOL/DRUGS (USE WHEN ARREST IS EFFECTED),FAILING TO REDUCE SPEED TO AVOID CRASH,833,W,95TH ST,2223,,,,,,,3,INCAPACITATING INJURY,3,0,3,0,0,2,0,22,7,11,41.72133398,-87.64448515,POINT (-87.644485150242 41.721333978467),1
JA508380,,11/11/2017 22:09,35,TRAFFIC SIGNAL,FUNCTIONING PROPERLY,CLEAR,"DARKNESS, LIGHTED ROAD",REAR END,DIVIDED - W/MEDIAN (NOT RAISED),4,STRAIGHT AND LEVEL,DRY,UNKNOWN,NOT ON SCENE (DESK REPORT),NO INJURY / DRIVE AWAY,,,,"OVER $1,500",11/11/2017 22:15,FOLLOWING TOO CLOSELY,UNABLE TO DETERMINE,1900,S,ASHLAND AVE,1234,,,,,,,2,NO INDICATION OF INJURY,0,0,0,0,0,5,0,22,7,11,41.85592484,-87.66623983,POINT (-87.666239830496 41.855924842836),1
JA508412,,11/11/2017 22:15,30,TRAFFIC SIGNAL,FUNCTIONING PROPERLY,CLEAR,"DARKNESS, LIGHTED ROAD",TURNING,NOT DIVIDED,2,STRAIGHT AND LEVEL,DRY,NO DEFECTS,NOT ON SCENE (DESK REPORT),NO INJURY / DRIVE AWAY,Y,,Y,"$501 - $1,500",11/11/2017 22:40,UNABLE TO DETERMINE,UNABLE TO DETERMINE,2501,S,HALSTED ST,914,,,,,,,2,NO INDICATION OF INJURY,0,0,0,0,0,4,0,22,7,11,41.84714751,-87.64633938,POINT (-87.646339381523 41.847147508158),1
JA508873,,11/11/2017 22:20,30,TRAFFIC SIGNAL,FUNCTIONING PROPERLY,CLEAR,"DARKNESS, LIGHTED ROAD",SIDESWIPE SAME DIRECTION,DIVIDED - W/MEDIAN (NOT RAISED),4,STRAIGHT AND LEVEL,DRY,NO DEFECTS,NOT ON SCENE (DESK REPORT),NO INJURY / DRIVE AWAY,N,,Y,"OVER $1,500",11/12/2017 11:45,IMPROPER OVERTAKING/PASSING,NOT APPLICABLE,2701,S,ASHLAND AVE,913,,,,,,,2,NO INDICATION OF INJURY,0,0,0,0,0,3,0,22,7,11,41.84307483,-87.66569649,POINT (-87.665696487739 41.843074830074),1
JA508451,N,11/11/2017 22:20,30,NO CONTROLS,UNKNOWN,RAIN,DARKNESS,OVERTURNED,NOT DIVIDED,2,"CURVE, LEVEL",WET,WORN SURFACE,ON SCENE,INJURY AND / OR TOW DUE TO CRASH,,,,"OVER $1,500",11/11/2017 22:56,"OPERATING VEHICLE IN ERRATIC, RECKLESS, CARELESS, NEGLIGENT OR AGGRESSIVE MANNER",FAILING TO REDUCE SPEED TO AVOID CRASH,11101,S,DOTY AVE E,434,,,,,,,1,"REPORTED, NOT EVIDENT",1,0,0,0,1,0,0,22,7,11,41.69267054,-87.59671715,POINT (-87.596717145134 41.692670535108),1
JA508417,,11/11/2017 22:26,30,NO CONTROLS,NO CONTROLS,CLEAR,"DARKNESS, LIGHTED ROAD",PARKED MOTOR VEHICLE,NOT DIVIDED,2,STRAIGHT AND LEVEL,DRY,NO DEFECTS,ON SCENE,NO INJURY / DRIVE AWAY,,,,"$501 - $1,500",11/11/2017 22:26,UNABLE TO DETERMINE,UNABLE TO DETERMINE,6440,S,ST LOUIS AVE,823,,,,,,,2,NO INDICATION OF INJURY,0,0,0,0,0,1,0,22,7,11,41.77581505,-87.71048483,POINT (-87.710484833187 41.775815046086),1
JA508414,,11/11/2017 22:30,30,TRAFFIC SIGNAL,FUNCTIONING PROPERLY,CLEAR,"DARKNESS, LIGHTED ROAD",TURNING,NOT DIVIDED,2,STRAIGHT AND LEVEL,DRY,UNKNOWN,ON SCENE,NO INJURY / DRIVE AWAY,N,,,"$501 - $1,500",11/11/2017 22:35,IMPROPER BACKING,NOT APPLICABLE,3359,W,ARMITAGE AVE,1422,,,,,,,2,NO INDICATION OF INJURY,0,0,0,0,0,2,0,22,7,11,41.91723354,-87.71182116,POINT (-87.71182115849 41.917233542343),1
JA508445,,11/11/2017 22:55,30,TRAFFIC SIGNAL,FUNCTIONING PROPERLY,CLEAR,"DARKNESS, LIGHTED ROAD",REAR END,NOT DIVIDED,2,STRAIGHT AND LEVEL,DRY,NO DEFECTS,NOT ON SCENE (DESK REPORT),NO INJURY / DRIVE AWAY,,,,"$501 - $1,500",11/11/2017 23:50,UNDER THE INFLUENCE OF ALCOHOL/DRUGS (USE WHEN ARREST IS EFFECTED),UNDER THE INFLUENCE OF ALCOHOL/DRUGS (USE WHEN ARREST IS EFFECTED),2958,N,MILWAUKEE AVE,2523,,,,,,,2,NO INDICATION OF INJURY,0,0,0,0,0,2,0,22,7,11,41.93503945,-87.71742528,POINT (-87.717425279568 41.935039454421),1
JA551357,,11/11/2017 23:00,30,NO CONTROLS,NO CONTROLS,UNKNOWN,"DARKNESS, LIGHTED ROAD",OTHER NONCOLLISION,NOT DIVIDED,2,STRAIGHT AND LEVEL,UNKNOWN,"RUT, HOLES",NOT ON SCENE (DESK REPORT),NO INJURY / DRIVE AWAY,,,,"OVER $1,500",12/16/2017 11:00,UNABLE TO DETERMINE,UNABLE TO DETERMINE,1600,E,MIDWAY PLAISANCE N,331,,,,Y,UNKNOWN,,1,NO INDICATION OF INJURY,0,0,0,0,0,1,0,23,7,11,41.78776746,-87.58655284,POINT (-87.586552842267 41.787767463922),1
JA508691,,11/11/2017 23:00,30,TRAFFIC SIGNAL,FUNCTIONING PROPERLY,CLEAR,DARKNESS,REAR END,DIVIDED - W/MEDIAN (NOT RAISED),3,STRAIGHT AND LEVEL,DRY,NO DEFECTS,NOT ON SCENE (DESK REPORT),NO INJURY / DRIVE AWAY,,,Y,"$501 - $1,500",11/12/2017 7:40,UNABLE TO DETERMINE,UNABLE TO DETERMINE,201,E,GARFIELD BLVD,231,,,,,,,2,NO INDICATION OF INJURY,0,0,0,0,0,2,0,23,7,11,41.79428736,-87.62076163,POINT (-87.620761633713 41.794287363516),1
JA508502,,11/11/2017 23:00,30,NO CONTROLS,NO CONTROLS,CLEAR,DARKNESS,PARKED MOTOR VEHICLE,DIVIDED - W/MEDIAN (NOT RAISED),,STRAIGHT AND LEVEL,DRY,NO DEFECTS,NOT ON SCENE (DESK REPORT),NO INJURY / DRIVE AWAY,,,Y,"OVER $1,500",11/12/2017 1:15,IMPROPER OVERTAKING/PASSING,NOT APPLICABLE,1632,N,MELVINA AVE,2513,N,,,,,,2,NO INDICATION OF INJURY,0,0,0,0,0,2,0,23,7,11,41.910192,-87.78028839,POINT (-87.780288391786 41.910191998148),1
JA509178,Y,11/11/2017 23:00,30,NO CONTROLS,NO CONTROLS,UNKNOWN,UNKNOWN,PARKED MOTOR VEHICLE,DIVIDED - W/MEDIAN (NOT RAISED),2,STRAIGHT AND LEVEL,UNKNOWN,NO DEFECTS,NOT ON SCENE (DESK REPORT),NO INJURY / DRIVE AWAY,,,Y,"$501 - $1,500",11/12/2017 16:49,NOT APPLICABLE,NOT APPLICABLE,371,E,60TH ST,311,,,,,,,2,NO INDICATION OF INJURY,0,0,0,0,0,1,0,23,7,11,41.78558226,-87.61618139,POINT (-87.616181393559 41.785582254907),1
JA508434,,11/11/2017 23:01,30,TRAFFIC SIGNAL,FUNCTIONING PROPERLY,CLEAR,"DARKNESS, LIGHTED ROAD",ANGLE,DIVIDED - W/MEDIAN BARRIER,3,STRAIGHT AND LEVEL,DRY,NO DEFECTS,ON SCENE,INJURY AND / OR TOW DUE TO CRASH,Y,,,"OVER $1,500",11/11/2017 23:06,DISREGARDING TRAFFIC SIGNALS,DISREGARDING TRAFFIC SIGNALS,300,S,MICHIGAN AVE,113,,,,,,,2,"REPORTED, NOT EVIDENT",1,0,0,0,1,1,0,23,7,11,41.87821735,-87.62445584,POINT (-87.624455840297 41.878217345311),1
JA508437,,11/11/2017 23:10,25,NO CONTROLS,NO CONTROLS,CLEAR,"DARKNESS, LIGHTED ROAD",TURNING,CENTER TURN LANE,2,STRAIGHT ON GRADE,DRY,NO DEFECTS,ON SCENE,INJURY AND / OR TOW DUE TO CRASH,,,,"OVER $1,500",11/11/2017 23:15,IMPROPER TURNING/NO SIGNAL,FAILING TO YIELD RIGHT-OF-WAY,9452,S,JEFFERY AVE,413,,Y,,,,,2,NONINCAPACITATING INJURY,1,0,0,1,0,1,0,23,7,11,41.72267949,-87.57550673,POINT (-87.575506730342 41.722679491464),1
JA508435,,11/11/2017 23:20,30,NO CONTROLS,NO CONTROLS,CLEAR,"DARKNESS, LIGHTED ROAD",ANGLE,PARKING LOT,,STRAIGHT AND LEVEL,DRY,NO DEFECTS,NOT ON SCENE (DESK REPORT),NO INJURY / DRIVE AWAY,,,,"OVER $1,500",11/11/2017 23:55,FAILING TO YIELD RIGHT-OF-WAY,FAILING TO YIELD RIGHT-OF-WAY,215,E,35TH ST,212,,,,,,,2,NO INDICATION OF INJURY,0,0,0,0,0,3,0,23,7,11,41.83095607,-87.62111328,POINT (-87.621113283981 41.830956064786),1