RD_NO,CRASH_DATE_EST_I,CRASH_DATE,POSTED_SPEED_LIMIT,TRAFFIC_CONTROL_DEVICE,DEVICE_CONDITION,WEATHER_CONDITION,LIGHTING_CONDITION,FIRST_CRASH_TYPE,TRAFFICWAY_TYPE,LANE_CNT,ALIGNMENT,ROADWAY_SURFACE_COND,ROAD_DEFECT,REPORT_TYPE,CRASH_TYPE,INTERSECTION_RELATED_I,NOT_RIGHT_OF_WAY_I,HIT_AND_RUN_I,DAMAGE,DATE_POLICE_NOTIFIED,PRIM_CONTRIBUTORY_CAUSE,SEC_CONTRIBUTORY_CAUSE,STREET_NO,STREET_DIRECTION,STREET_NAME,BEAT_OF_OCCURRENCE,PHOTOS_TAKEN_I,STATEMENTS_TAKEN_I,DOORING_I,WORK_ZONE_I,WORK_ZONE_TYPE,WORKERS_PRESENT_I,NUM_UNITS,MOST_SEVERE_INJURY,INJURIES_TOTAL,INJURIES_FATAL,INJURIES_INCAPACITATING,INJURIES_NON_INCAPACITATING,INJURIES_REPORTED_NOT_EVIDENT,INJURIES_NO_INDICATION,INJURIES_UNKNOWN,CRASH_HOUR,CRASH_DAY_OF_WEEK,CRASH_MONTH,LATITUDE,LONGITUDE,LOCATION,Join
JA508590,,11/12/2017 3:20,30,NO CONTROLS,NO CONTROLS,RAIN,"DARKNESS, LIGHTED ROAD",PARKED MOTOR VEHICLE,DIVIDED - W/MEDIAN BARRIER,4,STRAIGHT AND LEVEL,WET,NO DEFECTS,ON SCENE,INJURY AND / OR TOW DUE TO CRASH,,,,"OVER $1,500",11/12/2017 3:28,EXCEEDING SAFE SPEED FOR CONDITIONS,FAILING TO REDUCE SPEED TO AVOID CRASH,3302,S,ASHLAND AVE,912,,,,,,,5,"REPORTED, NOT EVIDENT",1,0,0,0,1,0,0,3,1,11,41.8340726,-87.66579652,POINT (-87.665796514786 41.834072602462),1
JA508516,,11/12/2017 3:23,30,TRAFFIC SIGNAL,FUNCTIONING PROPERLY,RAIN,"DARKNESS, LIGHTED ROAD",FIXED OBJECT,NOT DIVIDED,4,STRAIGHT ON GRADE,WET,NO DEFECTS,ON SCENE,INJURY AND / OR TOW DUE TO CRASH,Y,,N,"OVER $1,500",11/12/2017 3:23,FAILING TO REDUCE SPEED TO AVOID CRASH,EXCEEDING SAFE SPEED FOR CONDITIONS,7059,S,PULASKI RD,833,,,,,,,1,NO INDICATION OF INJURY,0,0,0,0,0,1,0,3,1,11,41.76415074,-87.7222113,POINT (-87.722211302341 41.764150740891),1
JA508581,Y,11/12/2017 3:25,30,NO CONTROLS,NO CONTROLS,RAIN,"DARKNESS, LIGHTED ROAD",PARKED MOTOR VEHICLE,NOT DIVIDED,,STRAIGHT AND LEVEL,WET,NO DEFECTS,,INJURY AND / OR TOW DUE TO CRASH,,,Y,"OVER $1,500",11/12/2017 3:31,EXCEEDING AUTHORIZED SPEED LIMIT,UNABLE TO DETERMINE,6173,N,NORTHWEST HWY,1611,,,,,,,3,NO INDICATION OF INJURY,0,0,0,0,0,1,0,3,1,11,41.99401002,-87.8015917,POINT (-87.801591698743 41.994010021883),1
JA508583,,11/12/2017 3:27,30,NO CONTROLS,NO CONTROLS,RAIN,"DARKNESS, LIGHTED ROAD",SIDESWIPE SAME DIRECTION,DIVIDED - W/MEDIAN BARRIER,3,STRAIGHT AND LEVEL,WET,NO DEFECTS,ON SCENE,INJURY AND / OR TOW DUE TO CRASH,,,,"OVER $1,500",11/12/2017 3:37,IMPROPER LANE USAGE,FOLLOWING TOO CLOSELY,10124,S,INDIANAPOLIS AVE,432,,,,,,,2,INCAPACITATING INJURY,1,0,1,0,0,2,0,3,1,11,41.71154512,-87.53409751,POINT (-87.534097506568 41.711545120857),1
JA508584,,11/12/2017 3:30,30,NO CONTROLS,NO CONTROLS,SLEET/HAIL,"DARKNESS, LIGHTED ROAD",PARKED MOTOR VEHICLE,DIVIDED - W/MEDIAN (NOT RAISED),2,STRAIGHT AND LEVEL,WET,OTHER,ON SCENE,INJURY AND / OR TOW DUE TO CRASH,,,,"OVER $1,500",11/12/2017 3:38,PHYSICAL CONDITION OF DRIVER,NOT APPLICABLE,11614,S,STATE ST,522,,,,,,,2,NONINCAPACITATING INJURY,1,0,0,1,0,0,0,3,1,11,41.68211464,-87.62293714,POINT (-87.622937136136 41.682114643042),1
JA509156,,11/12/2017 3:30,30,NO CONTROLS,NO CONTROLS,RAIN,DAYLIGHT,PARKED MOTOR VEHICLE,OTHER,,STRAIGHT AND LEVEL,DRY,NO DEFECTS,NOT ON SCENE (DESK REPORT),NO INJURY / DRIVE AWAY,,,,"OVER $1,500",11/12/2017 15:46,NOT APPLICABLE,NOT APPLICABLE,5609,S,ST LOUIS AVE,822,,,,,,,3,NO INDICATION OF INJURY,0,0,0,0,0,1,0,3,1,11,41.79127137,-87.71069965,POINT (-87.710699646238 41.791271367238),1
JA508600,,11/12/2017 3:30,30,TRAFFIC SIGNAL,FUNCTIONING PROPERLY,RAIN,"DARKNESS, LIGHTED ROAD",ANGLE,DIVIDED - W/MEDIAN (NOT RAISED),,STRAIGHT AND LEVEL,WET,NO DEFECTS,ON SCENE,INJURY AND / OR TOW DUE TO CRASH,,,,"OVER $1,500",11/12/2017 3:30,DISREGARDING TRAFFIC SIGNALS,FAILING TO REDUCE SPEED TO AVOID CRASH,300,S,CICERO AVE,1533,,,,,,,2,NONINCAPACITATING INJURY,1,0,0,1,0,3,0,3,1,11,41.87676066,-87.74529167,POINT (-87.745291666388 41.876760654888),1
JA509273,,11/12/2017 3:40,30,TRAFFIC SIGNAL,FUNCTIONING PROPERLY,UNKNOWN,"DARKNESS, LIGHTED ROAD",PARKED MOTOR VEHICLE,DIVIDED - W/MEDIAN (NOT RAISED),2,STRAIGHT AND LEVEL,UNKNOWN,UNKNOWN,NOT ON SCENE (DESK REPORT),NO INJURY / DRIVE AWAY,,,Y,"OVER $1,500",11/12/2017 15:40,UNABLE TO DETERMINE,UNABLE TO DETERMINE,4000,N,SHERIDAN RD,1915,,,,,,,2,NO INDICATION OF INJURY,0,0,0,0,0,1,0,3,1,11,41.95453269,-87.65469303,POINT (-87.65469302487 41.954532688932),1
JA508593,,11/12/2017 3:42,30,NO CONTROLS,NO CONTROLS,RAIN,"DARKNESS, LIGHTED ROAD",PARKED MOTOR VEHICLE,PARKING LOT,,STRAIGHT AND LEVEL,WET,NO DEFECTS,NOT ON SCENE (DESK REPORT),NO INJURY / DRIVE AWAY,,,,"$501 - $1,500",11/12/2017 3:43,UNABLE TO DETERMINE,NOT APPLICABLE,1619,N,MILWAUKEE AVE,1434,,,,,,,2,NO INDICATION OF INJURY,0,0,0,0,0,2,0,3,1,11,41.91091067,-87.678064,POINT (-87.678063998445 41.910910665674),1
JA508591,,11/12/2017 3:42,20,NO CONTROLS,NO CONTROLS,CLEAR,"DARKNESS, LIGHTED ROAD",PARKED MOTOR VEHICLE,ONE-WAY,1,STRAIGHT AND LEVEL,WET,NO DEFECTS,ON SCENE,INJURY AND / OR TOW DUE TO CRASH,,,,"OVER $1,500",11/12/2017 3:45,UNDER THE INFLUENCE OF ALCOHOL/DRUGS (USE WHEN ARREST IS EFFECTED),UNDER THE INFLUENCE OF ALCOHOL/DRUGS (USE WHEN ARREST IS EFFECTED),2431,N,SPRINGFIELD AVE,2524,,,,,,,4,NO INDICATION OF INJURY,0,0,0,0,0,1,0,3,1,11,41.92546441,-87.72420705,POINT (-87.724207049285 41.925464410872),1
JA508585,,11/12/2017 3:45,30,TRAFFIC SIGNAL,FUNCTIONING PROPERLY,RAIN,DARKNESS,ANGLE,DIVIDED - W/MEDIAN BARRIER,6,STRAIGHT AND LEVEL,WET,NO DEFECTS,NOT ON SCENE (DESK REPORT),INJURY AND / OR TOW DUE TO CRASH,,,Y,"OVER $1,500",11/12/2017 4:00,DISREGARDING TRAFFIC SIGNALS,EXCEEDING SAFE SPEED FOR CONDITIONS,1600,W,WASHINGTON BLVD,1224,,,,,,,2,NO INDICATION OF INJURY,0,0,0,0,0,2,0,3,1,11,41.88340665,-87.666999,POINT (-87.666999003705 41.883406644592),1
JA508611,,11/12/2017 3:50,30,TRAFFIC SIGNAL,FUNCTIONING PROPERLY,RAIN,DARKNESS,REAR END,NOT DIVIDED,,STRAIGHT AND LEVEL,WET,NO DEFECTS,ON SCENE,NO INJURY / DRIVE AWAY,,,,"$501 - $1,500",11/12/2017 3:54,IMPROPER BACKING,UNABLE TO DETERMINE,3348,N,KIMBALL AVE,1732,,,,,,,2,NO INDICATION OF INJURY,0,0,0,0,0,2,0,3,1,11,41.94243212,-87.71274964,POINT (-87.712749638384 41.942432120709),1
JA508603,,11/12/2017 3:55,30,NO CONTROLS,NO CONTROLS,RAIN,"DARKNESS, LIGHTED ROAD",PARKED MOTOR VEHICLE,ONE-WAY,1,STRAIGHT AND LEVEL,WET,NO DEFECTS,ON SCENE,NO INJURY / DRIVE AWAY,,,Y,"OVER $1,500",11/12/2017 3:55,FAILING TO REDUCE SPEED TO AVOID CRASH,UNABLE TO DETERMINE,6222,S,MAJOR AVE,812,,,,,,,3,NO INDICATION OF INJURY,0,0,0,0,0,1,0,3,1,11,41.77911943,-87.7643587,POINT (-87.764358695682 41.779119430037),1
JA508607,,11/12/2017 3:56,30,TRAFFIC SIGNAL,UNKNOWN,RAIN,"DARKNESS, LIGHTED ROAD",SIDESWIPE SAME DIRECTION,DIVIDED - W/MEDIAN (NOT RAISED),2,STRAIGHT AND LEVEL,WET,UNKNOWN,ON SCENE,INJURY AND / OR TOW DUE TO CRASH,,,Y,"OVER $1,500",11/12/2017 4:07,UNABLE TO DETERMINE,UNABLE TO DETERMINE,1564,W,BELMONT AVE,1922,,,,,,,2,"REPORTED, NOT EVIDENT",1,0,0,0,1,2,0,3,1,11,41.93980784,-87.66854329,POINT (-87.66854329066 41.939807839766),1
JA508606,,11/12/2017 4:00,30,TRAFFIC SIGNAL,FUNCTIONING PROPERLY,RAIN,"DARKNESS, LIGHTED ROAD",TURNING,CENTER TURN LANE,,STRAIGHT AND LEVEL,WET,NO DEFECTS,ON SCENE,NO INJURY / DRIVE AWAY,,,Y,"OVER $1,500",11/12/2017 4:05,UNABLE TO DETERMINE,NOT APPLICABLE,10500,S,MUSKEGON AVE,434,,,,,,,2,NO INDICATION OF INJURY,0,0,0,0,0,2,0,4,1,11,41.70385173,-87.55507038,POINT (-87.555070376461 41.703851726153),1
JA508613,,11/12/2017 4:04,20,NO CONTROLS,NO CONTROLS,RAIN,"DARKNESS, LIGHTED ROAD",PARKED MOTOR VEHICLE,ONE-WAY,1,STRAIGHT AND LEVEL,WET,NO DEFECTS,ON SCENE,INJURY AND / OR TOW DUE TO CRASH,,,,"OVER $1,500",11/12/2017 4:07,FAILING TO REDUCE SPEED TO AVOID CRASH,EXCEEDING SAFE SPEED FOR CONDITIONS,5950,S,ARTESIAN AVE,824,,,,,,,3,NO INDICATION OF INJURY,0,0,0,0,0,1,0,4,1,11,41.78503453,-87.68516332,POINT (-87.685163316668 41.78503453063),1
JA508616,,11/12/2017 4:15,30,STOP SIGN/FLASHER,FUNCTIONING PROPERLY,UNKNOWN,"DARKNESS, LIGHTED ROAD",ANGLE,NOT DIVIDED,,STRAIGHT AND LEVEL,WET,NO DEFECTS,ON SCENE,INJURY AND / OR TOW DUE TO CRASH,Y,,,"OVER $1,500",11/12/2017 4:15,UNABLE TO DETERMINE,UNABLE TO DETERMINE,2726,W,55TH ST,923,,,,,,,2,NO INDICATION OF INJURY,0,0,0,0,0,3,0,4,1,11,41.79382488,-87.69252431,POINT (-87.692524310957 41.793824878229),1
JA508621,,11/12/2017 4:25,35,TRAFFIC SIGNAL,FUNCTIONING PROPERLY,RAIN,"DARKNESS, LIGHTED ROAD",TURNING,DIVIDED - W/MEDIAN (NOT RAISED),4,STRAIGHT AND LEVEL,WET,NO DEFECTS,ON SCENE,NO INJURY / DRIVE AWAY,N,,Y,"OVER $1,500",11/12/2017 4:29,FOLLOWING TOO CLOSELY,UNABLE TO DETERMINE,114,W,71ST ST,731,,,,,,,2,NO INDICATION OF INJURY,0,0,0,0,0,2,0,4,1,11,41.76556447,-87.62832857,POINT (-87.628328573462 41.765564467174),1
JA508637,Y,11/12/2017 4:27,30,NO CONTROLS,NO CONTROLS,CLEAR,"DARKNESS, LIGHTED ROAD",FIXED OBJECT,DIVIDED - W/MEDIAN BARRIER,2,STRAIGHT AND LEVEL,DRY,NO DEFECTS,ON SCENE,INJURY AND / OR TOW DUE TO CRASH,,,,"OVER $1,500",11/12/2017 5:04,UNABLE TO DETERMINE,NOT APPLICABLE,3601,S,CALIFORNIA AVE,911,,,,,,,1,FATAL,1,1,0,0,0,0,0,4,1,11,41.82822852,-87.69461616,POINT (-87.694616162959 41.828228522115),1
JA508864,,11/12/2017 4:30,30,TRAFFIC SIGNAL,FUNCTIONING PROPERLY,CLEAR,"DARKNESS, LIGHTED ROAD",REAR END,NOT DIVIDED,4,STRAIGHT AND LEVEL,WET,UNKNOWN,NOT ON SCENE (DESK REPORT),NO INJURY / DRIVE AWAY,,,,"$501 - $1,500",11/12/2017 11:30,UNABLE TO DETERMINE,UNABLE TO DETERMINE,2601,N,WESTERN AVE,1432,,,,,,,2,NO INDICATION OF INJURY,0,0,0,0,0,2,0,4,1,11,41.92867582,-87.68762837,POINT (-87.687628364786 41.92867582372),1
JA508626,,11/12/2017 4:50,35,NO CONTROLS,NO CONTROLS,RAIN,"DARKNESS, LIGHTED ROAD",PARKED MOTOR VEHICLE,NOT DIVIDED,,STRAIGHT AND LEVEL,WET,NO DEFECTS,ON SCENE,NO INJURY / DRIVE AWAY,,,,"OVER $1,500",11/12/2017 4:50,DRIVING SKILLS/KNOWLEDGE/EXPERIENCE,EXCEEDING AUTHORIZED SPEED LIMIT,6315,W,60TH ST,812,,,,,,,2,NO INDICATION OF INJURY,0,0,0,0,0,1,0,4,1,11,41.78310136,-87.77972457,POINT (-87.779724572756 41.783101360449),1
JA508640,,11/12/2017 5:00,30,NO CONTROLS,NO CONTROLS,RAIN,"DARKNESS, LIGHTED ROAD",FIXED OBJECT,DIVIDED - W/MEDIAN (NOT RAISED),2,STRAIGHT AND LEVEL,WET,NO DEFECTS,ON SCENE,INJURY AND / OR TOW DUE TO CRASH,,,N,"$501 - $1,500",11/12/2017 5:08,UNABLE TO DETERMINE,NOT APPLICABLE,5234,W,CHICAGO AVE,1524,,,,,,,2,NONINCAPACITATING INJURY,1,0,0,1,0,1,0,5,1,11,41.89502912,-87.7570456,POINT (-87.757045601308 41.895029124165),1
JA508644,,11/12/2017 5:26,30,TRAFFIC SIGNAL,FUNCTIONING PROPERLY,RAIN,"DARKNESS, LIGHTED ROAD",ANGLE,NOT DIVIDED,,STRAIGHT AND LEVEL,WET,NO DEFECTS,ON SCENE,NO INJURY / DRIVE AWAY,,Y,,"OVER $1,500",11/12/2017 5:35,DISREGARDING TRAFFIC SIGNALS,FAILING TO REDUCE SPEED TO AVOID CRASH,3400,W,ARMITAGE AVE,1413,,,,,,,2,NO INDICATION OF INJURY,0,0,0,0,0,2,0,5,1,11,41.91745099,-87.71198837,POINT (-87.711988372904 41.917450988693),1
JA508719,,11/12/2017 5:30,30,UNKNOWN,UNKNOWN,CLEAR,"DARKNESS, LIGHTED ROAD",FIXED OBJECT,NOT DIVIDED,2,STRAIGHT AND LEVEL,DRY,NO DEFECTS,NOT ON SCENE (DESK REPORT),NO INJURY / DRIVE AWAY,,,,$500 OR LESS,11/12/2017 8:22,UNABLE TO DETERMINE,UNABLE TO DETERMINE,2610,N,SPAULDING AVE,1412,,,,,,,1,NO INDICATION OF INJURY,0,0,0,0,0,1,0,5,1,11,41.92869636,-87.71101468,POINT (-87.711014684334 41.928696363293),1
JA508646,,11/12/2017 5:30,35,UNKNOWN,UNKNOWN,UNKNOWN,"DARKNESS, LIGHTED ROAD",PARKED MOTOR VEHICLE,NOT DIVIDED,,STRAIGHT AND LEVEL,UNKNOWN,UNKNOWN,ON SCENE,INJURY AND / OR TOW DUE TO CRASH,,,Y,"OVER $1,500",11/12/2017 5:37,NOT APPLICABLE,NOT APPLICABLE,4713,W,LE MOYNE ST,2533,,,,,,,2,NO INDICATION OF INJURY,0,0,0,0,0,1,0,5,1,11,41.90772546,-87.74419599,POINT (-87.744195990504 41.907725455497),1
JA508648,,11/12/2017 5:38,30,TRAFFIC SIGNAL,FUNCTIONING PROPERLY,CLOUDY/OVERCAST,"DARKNESS, LIGHTED ROAD",REAR END,NOT DIVIDED,4,STRAIGHT AND LEVEL,WET,UNKNOWN,NOT ON SCENE (DESK REPORT),NO INJURY / DRIVE AWAY,,,,"OVER $1,500",11/12/2017 5:50,UNABLE TO DETERMINE,UNABLE TO DETERMINE,1600,N,WESTERN AVE,1434,,,,,,,2,NO INDICATION OF INJURY,0,0,0,0,0,2,0,5,1,11,41.91040902,-87.68737027,POINT (-87.687370268401 41.910409023629),1
JA508682,,11/12/2017 5:45,30,NO CONTROLS,NO CONTROLS,CLEAR,DAYLIGHT,SIDESWIPE SAME DIRECTION,NOT DIVIDED,6,STRAIGHT AND LEVEL,WET,NO DEFECTS,NOT ON SCENE (DESK REPORT),NO INJURY / DRIVE AWAY,,,,"OVER $1,500",11/12/2017 7:00,IMPROPER LANE USAGE,FAILING TO YIELD RIGHT-OF-WAY,3935,S,CICERO AVE,1031,,,,,,,2,NO INDICATION OF INJURY,0,0,0,0,0,2,0,5,1,11,41.82108769,-87.74336998,POINT (-87.743369975044 41.821087690906),1
JA508660,,11/12/2017 6:01,30,NO CONTROLS,NO CONTROLS,RAIN,"DARKNESS, LIGHTED ROAD",PARKED MOTOR VEHICLE,DIVIDED - W/MEDIAN (NOT RAISED),,STRAIGHT AND LEVEL,WET,NO DEFECTS,ON SCENE,INJURY AND / OR TOW DUE TO CRASH,Y,,,"OVER $1,500",11/12/2017 6:01,UNABLE TO DETERMINE,WEATHER,4900,W,ADDISON ST,1634,,,,,,,4,NO INDICATION OF INJURY,0,0,0,0,0,1,0,6,1,11,41.94619929,-87.74977299,POINT (-87.749772988295 41.946199287471),1
JA508711,,11/12/2017 6:05,30,NO CONTROLS,NO CONTROLS,CLOUDY/OVERCAST,DAYLIGHT,PARKED MOTOR VEHICLE,DIVIDED - W/MEDIAN (NOT RAISED),2,STRAIGHT AND LEVEL,WET,NO DEFECTS,ON SCENE,INJURY AND / OR TOW DUE TO CRASH,,,,"OVER $1,500",11/12/2017 7:50,"OPERATING VEHICLE IN ERRATIC, RECKLESS, CARELESS, NEGLIGENT OR AGGRESSIVE MANNER",FAILING TO REDUCE SPEED TO AVOID CRASH,324,N,FRANCISCO AVE,1222,,,,,,,4,NO INDICATION OF INJURY,0,0,0,0,0,2,0,6,1,11,41.8873555,-87.69906621,POINT (-87.699066207858 41.887355503074),1
JA508692,,11/12/2017 6:10,30,NO CONTROLS,NO CONTROLS,CLEAR,DAWN,PARKED MOTOR VEHICLE,NOT DIVIDED,4,STRAIGHT AND LEVEL,WET,NO DEFECTS,ON SCENE,INJURY AND / OR TOW DUE TO CRASH,,,,"OVER $1,500",11/12/2017 7:32,EQUIPMENT - VEHICLE CONDITION,UNABLE TO DETERMINE,5928,W,WASHINGTON BLVD,1512,,,,,,,3,NO INDICATION OF INJURY,0,0,0,0,0,1,0,6,1,11,41.88223753,-87.77313485,POINT (-87.773134852853 41.882237528906),1
JA508663,,11/12/2017 6:18,40,NO CONTROLS,NO CONTROLS,RAIN,DAWN,FIXED OBJECT,DIVIDED - W/MEDIAN (NOT RAISED),4,STRAIGHT AND LEVEL,WET,NO DEFECTS,ON SCENE,INJURY AND / OR TOW DUE TO CRASH,,,,"OVER $1,500",11/12/2017 6:20,FAILING TO REDUCE SPEED TO AVOID CRASH,UNABLE TO DETERMINE,3650,N,LAKE SHORE DR NB,1925,,,,,,,1,NO INDICATION OF INJURY,0,0,0,0,0,1,0,6,1,11,41.95002106,-87.64401883,POINT (-87.644018826567 41.95002105841),1
JA508665,,11/12/2017 6:20,30,NO CONTROLS,NO CONTROLS,CLEAR,DAYLIGHT,PARKED MOTOR VEHICLE,NOT DIVIDED,,STRAIGHT AND LEVEL,WET,NO DEFECTS,ON SCENE,NO INJURY / DRIVE AWAY,,,,"$501 - $1,500",11/12/2017 6:30,NOT APPLICABLE,NOT APPLICABLE,14,S,KOSTNER AVE,1113,,,,,,,2,NO INDICATION OF INJURY,0,0,0,0,0,1,0,6,1,11,41.88012512,-87.73560628,POINT (-87.73560627466 41.88012511526),1
JA508668,,11/12/2017 6:20,30,TRAFFIC SIGNAL,FUNCTIONING PROPERLY,RAIN,"DARKNESS, LIGHTED ROAD",TURNING,DIVIDED - W/MEDIAN (NOT RAISED),4,STRAIGHT AND LEVEL,WET,NO DEFECTS,ON SCENE,NO INJURY / DRIVE AWAY,Y,,,"OVER $1,500",11/12/2017 6:20,FAILING TO YIELD RIGHT-OF-WAY,EXCEEDING SAFE SPEED FOR CONDITIONS,4801,W,LAWRENCE AVE,1623,,,,,,,2,NO INDICATION OF INJURY,0,0,0,0,0,2,0,6,1,11,41.96791346,-87.74804877,POINT (-87.748048773425 41.967913455117),1
JA510127,,11/12/2017 6:30,30,TRAFFIC SIGNAL,FUNCTIONING PROPERLY,RAIN,"DARKNESS, LIGHTED ROAD",TURNING,NOT DIVIDED,,STRAIGHT AND LEVEL,WET,NO DEFECTS,NOT ON SCENE (DESK REPORT),NO INJURY / DRIVE AWAY,,,,"OVER $1,500",11/13/2017 12:43,FAILING TO REDUCE SPEED TO AVOID CRASH,DRIVING SKILLS/KNOWLEDGE/EXPERIENCE,5576,W,FOSTER AVE,1623,,,,,,,2,NO INDICATION OF INJURY,0,0,0,0,0,2,0,6,1,11,41.97579268,-87.76844552,POINT (-87.768445516089 41.975792684482),1
JA508704,,11/12/2017 6:30,30,TRAFFIC SIGNAL,FUNCTIONING PROPERLY,RAIN,DAWN,FIXED OBJECT,DIVIDED - W/MEDIAN BARRIER,4,STRAIGHT AND LEVEL,WET,NO DEFECTS,ON SCENE,INJURY AND / OR TOW DUE TO CRASH,Y,,,"OVER $1,500",11/12/2017 6:30,FAILING TO REDUCE SPEED TO AVOID CRASH,UNABLE TO DETERMINE,400,E,26TH ST,133,,,,,,,1,"REPORTED, NOT EVIDENT",1,0,0,0,1,0,0,6,1,11,41.84576272,-87.61714775,POINT (-87.6171477508 41.845762721435),1
JA508688,,11/12/2017 6:40,30,TRAFFIC SIGNAL,FUNCTIONING PROPERLY,RAIN,DAYLIGHT,ANGLE,OTHER,4,STRAIGHT AND LEVEL,WET,NO DEFECTS,ON SCENE,INJURY AND / OR TOW DUE TO CRASH,Y,,,"OVER $1,500",11/12/2017 7:08,FAILING TO REDUCE SPEED TO AVOID CRASH,WEATHER,100,N,WACKER DR,122,,,,,,,2,NO INDICATION OF INJURY,0,0,0,0,0,2,0,6,1,11,41.88326168,-87.63719466,POINT (-87.637194664288 41.883261676997),1
JA508675,,11/12/2017 6:47,30,TRAFFIC SIGNAL,FUNCTIONING PROPERLY,RAIN,DAYLIGHT,ANGLE,ONE-WAY,0,STRAIGHT AND LEVEL,WET,NO DEFECTS,ON SCENE,INJURY AND / OR TOW DUE TO CRASH,Y,,,"OVER $1,500",11/12/2017 7:47,DISREGARDING TRAFFIC SIGNALS,FAILING TO YIELD RIGHT-OF-WAY,50,E,WASHINGTON ST,111,,,,Y,CONSTRUCTION,N,2,INCAPACITATING INJURY,1,0,1,0,0,2,0,6,1,11,41.88333091,-87.62603979,POINT (-87.626039789767 41.883330906895),1
JA508679,,11/12/2017 7:00,30,NO CONTROLS,NO CONTROLS,CLEAR,DAWN,ANGLE,NOT DIVIDED,4,STRAIGHT AND LEVEL,WET,NO DEFECTS,ON SCENE,INJURY AND / OR TOW DUE TO CRASH,,,,"OVER $1,500",11/12/2017 7:07,FAILING TO YIELD RIGHT-OF-WAY,NOT APPLICABLE,5757,N,SHERIDAN RD,2022,,,,,,,2,NO INDICATION OF INJURY,0,0,0,0,0,2,0,7,1,11,41.98721328,-87.65515073,POINT (-87.65515073432 41.987213278868),1
JA509093,,11/12/2017 7:00,30,UNKNOWN,UNKNOWN,RAIN,"DARKNESS, LIGHTED ROAD",PARKED MOTOR VEHICLE,ONE-WAY,,STRAIGHT AND LEVEL,WET,UNKNOWN,NOT ON SCENE (DESK REPORT),NO INJURY / DRIVE AWAY,,,Y,"$501 - $1,500",11/12/2017 15:15,UNABLE TO DETERMINE,UNABLE TO DETERMINE,2940,N,KILPATRICK AVE,2521,,,,,,,2,NO INDICATION OF INJURY,0,0,0,0,0,1,0,7,1,11,41.93461159,-87.74440688,POINT (-87.744406881923 41.93461159153),1
JA508683,,11/12/2017 7:07,30,NO CONTROLS,NO CONTROLS,CLOUDY/OVERCAST,DAYLIGHT,SIDESWIPE SAME DIRECTION,DIVIDED - W/MEDIAN (NOT RAISED),4,STRAIGHT AND LEVEL,WET,NO DEFECTS,ON SCENE,INJURY AND / OR TOW DUE TO CRASH,,,,"OVER $1,500",11/12/2017 7:08,IMPROPER OVERTAKING/PASSING,DRIVING SKILLS/KNOWLEDGE/EXPERIENCE,5757,N,BROADWAY,2022,,,,,,,2,NO INDICATION OF INJURY,0,0,0,0,0,2,0,7,1,11,41.98716055,-87.660031,POINT (-87.66003099584 41.987160550623),1
JA508702,,11/12/2017 7:10,30,TRAFFIC SIGNAL,FUNCTIONING PROPERLY,CLEAR,DAYLIGHT,REAR END,DIVIDED - W/MEDIAN (NOT RAISED),,STRAIGHT AND LEVEL,DRY,NO DEFECTS,NOT ON SCENE (DESK REPORT),NO INJURY / DRIVE AWAY,,,Y,$500 OR LESS,11/12/2017 7:55,UNABLE TO DETERMINE,UNABLE TO DETERMINE,4199,S,CICERO AVE,815,,,,,,,2,NO INDICATION OF INJURY,0,0,0,0,0,3,0,7,1,11,41.81676936,-87.74324506,POINT (-87.743245059168 41.816769360882),1
JA508710,,11/12/2017 7:40,30,TRAFFIC SIGNAL,FUNCTIONING PROPERLY,CLOUDY/OVERCAST,DAYLIGHT,REAR END,NOT DIVIDED,,STRAIGHT AND LEVEL,WET,NO DEFECTS,ON SCENE,NO INJURY / DRIVE AWAY,,,,"OVER $1,500",11/12/2017 7:47,UNABLE TO DETERMINE,UNABLE TO DETERMINE,747,W,63RD ST,723,,,,,,,2,NO INDICATION OF INJURY,0,0,0,0,0,2,0,7,1,11,41.77964365,-87.64452367,POINT (-87.644523669279 41.77964365419),1
JA508744,,11/12/2017 7:45,30,NO CONTROLS,NO CONTROLS,CLEAR,DAYLIGHT,PARKED MOTOR VEHICLE,ONE-WAY,3,STRAIGHT AND LEVEL,WET,UNKNOWN,NOT ON SCENE (DESK REPORT),NO INJURY / DRIVE AWAY,,,,"OVER $1,500",11/12/2017 9:15,IMPROPER OVERTAKING/PASSING,UNABLE TO DETERMINE,10000,W,OHARE ST,1651,,,,,,,2,NO INDICATION OF INJURY,0,0,0,0,0,1,0,7,1,11,41.97620114,-87.90530913,POINT (-87.905309125103 41.976201139024),1
JA508717,,11/12/2017 7:55,35,NO CONTROLS,NO CONTROLS,RAIN,DAYLIGHT,PARKED MOTOR VEHICLE,NOT DIVIDED,4,STRAIGHT AND LEVEL,WET,NO DEFECTS,ON SCENE,INJURY AND / OR TOW DUE TO CRASH,,,Y,"OVER $1,500",11/12/2017 8:03,UNABLE TO DETERMINE,UNABLE TO DETERMINE,5240,N,CICERO AVE,1621,,,,,,,3,NONINCAPACITATING INJURY,1,0,0,1,0,1,0,7,1,11,41.97648781,-87.74818205,POINT (-87.748182048211 41.976487810389),1