RD_NO,CRASH_DATE_EST_I,CRASH_DATE,POSTED_SPEED_LIMIT,TRAFFIC_CONTROL_DEVICE,DEVICE_CONDITION,WEATHER_CONDITION,LIGHTING_CONDITION,FIRST_CRASH_TYPE,TRAFFICWAY_TYPE,LANE_CNT,ALIGNMENT,ROADWAY_SURFACE_COND,ROAD_DEFECT,REPORT_TYPE,CRASH_TYPE,INTERSECTION_RELATED_I,NOT_RIGHT_OF_WAY_I,HIT_AND_RUN_I,DAMAGE,DATE_POLICE_NOTIFIED,PRIM_CONTRIBUTORY_CAUSE,SEC_CONTRIBUTORY_CAUSE,STREET_NO,STREET_DIRECTION,STREET_NAME,BEAT_OF_OCCURRENCE,PHOTOS_TAKEN_I,STATEMENTS_TAKEN_I,DOORING_I,WORK_ZONE_I,WORK_ZONE_TYPE,WORKERS_PRESENT_I,NUM_UNITS,MOST_SEVERE_INJURY,INJURIES_TOTAL,INJURIES_FATAL,INJURIES_INCAPACITATING,INJURIES_NON_INCAPACITATING,INJURIES_REPORTED_NOT_EVIDENT,INJURIES_NO_INDICATION,INJURIES_UNKNOWN,CRASH_HOUR,CRASH_DAY_OF_WEEK,CRASH_MONTH,LATITUDE,LONGITUDE,LOCATION,Join
JA508761,,11/12/2017 8:00,35,TRAFFIC SIGNAL,FUNCTIONING PROPERLY,RAIN,DAYLIGHT,REAR END,NOT DIVIDED,4,STRAIGHT AND LEVEL,WET,NO DEFECTS,NOT ON SCENE (DESK REPORT),NO INJURY / DRIVE AWAY,,,,"OVER $1,500",11/12/2017 9:15,FAILING TO REDUCE SPEED TO AVOID CRASH,FAILING TO REDUCE SPEED TO AVOID CRASH,3400,S,PULASKI RD,1031,,,,,,,3,NO INDICATION OF INJURY,0,0,0,0,0,3,0,8,1,11,41.83182619,-87.72438983,POINT (-87.724389831033 41.831826191067),1
JA508760,Y,11/12/2017 8:55,30,NO CONTROLS,NO CONTROLS,CLEAR,DAYLIGHT,FIXED OBJECT,ONE-WAY,2,STRAIGHT AND LEVEL,WET,NO DEFECTS,ON SCENE,INJURY AND / OR TOW DUE TO CRASH,,,N,"OVER $1,500",11/12/2017 9:00,UNABLE TO DETERMINE,UNABLE TO DETERMINE,178,N,WELLS ST,122,,,,,,,1,NO INDICATION OF INJURY,0,0,0,0,0,1,0,8,1,11,41.88529296,-87.63406461,POINT (-87.634064611122 41.885292963954),1
JA509073,,11/12/2017 8:55,15,NO CONTROLS,NO CONTROLS,RAIN,DAYLIGHT,SIDESWIPE SAME DIRECTION,ONE-WAY,1,STRAIGHT AND LEVEL,WET,NO DEFECTS,NOT ON SCENE (DESK REPORT),NO INJURY / DRIVE AWAY,,,,"$501 - $1,500",11/12/2017 14:55,FAILING TO YIELD RIGHT-OF-WAY,NOT APPLICABLE,3306,W,WARNER AVE,1724,,,,,,,2,NO INDICATION OF INJURY,0,0,0,0,0,2,0,8,1,11,41.95675413,-87.71089802,POINT (-87.710898015842 41.956754125631),1
JA508756,Y,11/12/2017 9:00,30,NO CONTROLS,NO CONTROLS,CLEAR,DAYLIGHT,ANGLE,DIVIDED - W/MEDIAN (NOT RAISED),4,STRAIGHT AND LEVEL,WET,NO DEFECTS,NOT ON SCENE (DESK REPORT),NO INJURY / DRIVE AWAY,Y,,Y,"OVER $1,500",11/12/2017 9:30,UNABLE TO DETERMINE,NOT APPLICABLE,5200,S,KOSTNER AVE,815,,,,,,,2,NO INDICATION OF INJURY,0,0,0,0,0,2,0,9,1,11,41.79851495,-87.73326262,POINT (-87.733262617493 41.798514949084),1
JA508766,,11/12/2017 9:00,30,NO CONTROLS,NO CONTROLS,CLEAR,DAYLIGHT,ANGLE,NOT DIVIDED,,STRAIGHT AND LEVEL,WET,NO DEFECTS,NOT ON SCENE (DESK REPORT),NO INJURY / DRIVE AWAY,,,,"OVER $1,500",11/12/2017 9:30,UNABLE TO DETERMINE,UNABLE TO DETERMINE,3228,W,59TH ST,822,,,,,,,2,NO INDICATION OF INJURY,0,0,0,0,0,2,0,9,1,11,41.78633839,-87.70451047,POINT (-87.704510471158 41.786338394359),1
JA523339,,11/12/2017 9:12,30,NO CONTROLS,NO CONTROLS,UNKNOWN,UNKNOWN,REAR END,PARKING LOT,,STRAIGHT AND LEVEL,UNKNOWN,UNKNOWN,NOT ON SCENE (DESK REPORT),NO INJURY / DRIVE AWAY,,Y,,$500 OR LESS,11/24/2017 10:00,UNABLE TO DETERMINE,NOT APPLICABLE,2401,W,OGDEN AVE,1023,,,,,,,2,NO INDICATION OF INJURY,0,0,0,0,0,2,0,9,1,11,41.86464673,-87.68600251,POINT (-87.686002512195 41.864646729616),1
JA508764,,11/12/2017 9:20,20,NO CONTROLS,NO CONTROLS,CLEAR,DAYLIGHT,PARKED MOTOR VEHICLE,ONE-WAY,,STRAIGHT AND LEVEL,DRY,NO DEFECTS,ON SCENE,NO INJURY / DRIVE AWAY,,,,"OVER $1,500",11/12/2017 9:20,PHYSICAL CONDITION OF DRIVER,UNABLE TO DETERMINE,2605,W,42ND ST,921,,,,,,,2,NO INDICATION OF INJURY,0,0,0,0,0,1,0,9,1,11,41.81732942,-87.68980934,POINT (-87.689809341274 41.817329421548),1
JA508792,,11/12/2017 9:26,30,TRAFFIC SIGNAL,FUNCTIONING PROPERLY,CLEAR,DAYLIGHT,REAR END,DIVIDED - W/MEDIAN (NOT RAISED),,STRAIGHT AND LEVEL,DRY,NO DEFECTS,,NO INJURY / DRIVE AWAY,Y,,Y,"OVER $1,500",11/12/2017 9:30,FAILING TO REDUCE SPEED TO AVOID CRASH,UNABLE TO DETERMINE,5857,N,SHERIDAN RD,2022,,,,,,,3,NO INDICATION OF INJURY,0,0,0,0,0,7,0,9,1,11,41.98895637,-87.65520433,POINT (-87.655204332351 41.988956370342),1
JA508793,,11/12/2017 9:29,30,TRAFFIC SIGNAL,FUNCTIONING PROPERLY,CLOUDY/OVERCAST,DAYLIGHT,TURNING,ONE-WAY,4,STRAIGHT AND LEVEL,DRY,NO DEFECTS,ON SCENE,NO INJURY / DRIVE AWAY,Y,,,"$501 - $1,500",11/12/2017 9:50,FOLLOWING TOO CLOSELY,UNABLE TO DETERMINE,8700,S,STATE ST,632,,,,,,,2,NO INDICATION OF INJURY,0,0,0,0,0,4,0,9,1,11,41.73620947,-87.62430552,POINT (-87.624305519124 41.736209469449),1
JA508794,,11/12/2017 9:29,10,NO CONTROLS,NO CONTROLS,CLEAR,DAYLIGHT,PEDESTRIAN,PARKING LOT,,STRAIGHT AND LEVEL,DRY,NO DEFECTS,ON SCENE,NO INJURY / DRIVE AWAY,,Y,,$500 OR LESS,11/12/2017 9:32,NOT APPLICABLE,NOT APPLICABLE,2367,W,LOGAN BLVD,1432,,,,,,,2,NO INDICATION OF INJURY,0,0,0,0,0,2,0,9,1,11,41.92899969,-87.68702434,POINT (-87.687024335923 41.928999687057),1
JA508866,,11/12/2017 9:30,30,TRAFFIC SIGNAL,FUNCTIONING PROPERLY,RAIN,DAYLIGHT,TURNING,DIVIDED - W/MEDIAN (NOT RAISED),4,STRAIGHT AND LEVEL,WET,NO DEFECTS,NOT ON SCENE (DESK REPORT),NO INJURY / DRIVE AWAY,,,Y,"OVER $1,500",11/12/2017 11:25,FAILING TO YIELD RIGHT-OF-WAY,UNABLE TO DETERMINE,4802,W,DIVERSEY AVE,2521,,,,,,,2,NO INDICATION OF INJURY,0,0,0,0,0,4,0,9,1,11,41.93164056,-87.7467963,POINT (-87.746796297552 41.931640556258),1
JA508781,,11/12/2017 9:30,30,NO CONTROLS,NO CONTROLS,CLOUDY/OVERCAST,DAYLIGHT,SIDESWIPE SAME DIRECTION,DIVIDED - W/MEDIAN (NOT RAISED),,STRAIGHT AND LEVEL,WET,NO DEFECTS,ON SCENE,NO INJURY / DRIVE AWAY,,,,"OVER $1,500",11/12/2017 9:34,UNABLE TO DETERMINE,NOT APPLICABLE,2850,N,SHERIDAN RD,1934,,,,,,,2,NO INDICATION OF INJURY,0,0,0,0,0,2,0,9,1,11,41.93427052,-87.63948843,POINT (-87.639488427471 41.934270519072),1
JA508791,,11/12/2017 9:40,30,NO CONTROLS,NO CONTROLS,CLOUDY/OVERCAST,DAYLIGHT,ANGLE,NOT DIVIDED,2,STRAIGHT AND LEVEL,WET,NO DEFECTS,ON SCENE,NO INJURY / DRIVE AWAY,,,,"$501 - $1,500",11/12/2017 9:48,FAILING TO YIELD RIGHT-OF-WAY,NOT APPLICABLE,2735,W,38TH ST,911,,N,,,,,2,NO INDICATION OF INJURY,0,0,0,0,0,2,0,9,1,11,41.82452466,-87.69362229,POINT (-87.693622287247 41.824524654676),1
JA508844,,11/12/2017 9:45,30,NO CONTROLS,NO CONTROLS,CLEAR,DAYLIGHT,SIDESWIPE SAME DIRECTION,NOT DIVIDED,4,STRAIGHT AND LEVEL,DRY,NO DEFECTS,NOT ON SCENE (DESK REPORT),NO INJURY / DRIVE AWAY,,,,"OVER $1,500",11/12/2017 11:00,FAILING TO YIELD RIGHT-OF-WAY,UNABLE TO DETERMINE,255,W,23RD PL,914,,,,,,,2,NO INDICATION OF INJURY,0,0,0,0,0,2,0,9,1,11,41.849927,-87.63408118,POINT (-87.634081182456 41.849926996583),1
JA508800,,11/12/2017 9:55,30,STOP SIGN/FLASHER,FUNCTIONING PROPERLY,RAIN,DAYLIGHT,REAR END,NOT DIVIDED,,STRAIGHT AND LEVEL,WET,NO DEFECTS,NOT ON SCENE (DESK REPORT),NO INJURY / DRIVE AWAY,,,,"$501 - $1,500",11/12/2017 10:15,FOLLOWING TOO CLOSELY,WEATHER,1600,W,CORNELIA AVE,1922,,,,,,,2,NO INDICATION OF INJURY,0,0,0,0,0,5,0,9,1,11,41.94527554,-87.66887718,POINT (-87.668877181607 41.945275542072),1
JA509460,,11/12/2017 10:00,10,NO CONTROLS,NO CONTROLS,CLEAR,DAYLIGHT,PARKED MOTOR VEHICLE,NOT DIVIDED,,STRAIGHT AND LEVEL,DRY,NO DEFECTS,NOT ON SCENE (DESK REPORT),NO INJURY / DRIVE AWAY,,,Y,"OVER $1,500",11/12/2017 21:38,UNABLE TO DETERMINE,UNABLE TO DETERMINE,7134,S,WASHTENAW AVE,831,,,,,,,2,NO INDICATION OF INJURY,0,0,0,0,0,1,0,10,1,11,41.76352201,-87.6907003,POINT (-87.690700295303 41.763522012359),1
JA508813,,11/12/2017 10:00,20,NO CONTROLS,NO CONTROLS,CLEAR,DAYLIGHT,ANGLE,PARKING LOT,,STRAIGHT AND LEVEL,WET,NO DEFECTS,NOT ON SCENE (DESK REPORT),NO INJURY / DRIVE AWAY,,,,$500 OR LESS,11/12/2017 10:29,IMPROPER BACKING,IMPROPER BACKING,6240,N,WESTERN AVE,2413,,,,,,,2,NO INDICATION OF INJURY,0,0,0,0,0,2,0,10,1,11,41.9953099,-87.6899511,POINT (-87.689951094893 41.99530989883),1
JA508808,,11/12/2017 10:10,30,NO CONTROLS,NO CONTROLS,CLOUDY/OVERCAST,DAYLIGHT,PARKED MOTOR VEHICLE,NOT DIVIDED,2,STRAIGHT AND LEVEL,WET,NO DEFECTS,ON SCENE,INJURY AND / OR TOW DUE TO CRASH,,,,"OVER $1,500",11/12/2017 10:15,EQUIPMENT - VEHICLE CONDITION,NOT APPLICABLE,730,W,WILLOW ST,1813,,,,,,,2,NO INDICATION OF INJURY,0,0,0,0,0,1,0,10,1,11,41.91395742,-87.64710075,POINT (-87.647100753976 41.913957415528),1
JA508891,,11/12/2017 10:20,30,NO CONTROLS,NO CONTROLS,UNKNOWN,UNKNOWN,PARKED MOTOR VEHICLE,NOT DIVIDED,,STRAIGHT AND LEVEL,UNKNOWN,NO DEFECTS,NOT ON SCENE (DESK REPORT),NO INJURY / DRIVE AWAY,,,Y,"$501 - $1,500",11/12/2017 12:14,UNABLE TO DETERMINE,UNABLE TO DETERMINE,10540,S,KEDZIE AVE,2211,,,,,,,2,NO INDICATION OF INJURY,0,0,0,0,0,1,0,10,1,11,41.70129332,-87.70131772,POINT (-87.701317717206 41.701293322857),1
JA508825,,11/12/2017 10:30,30,STOP SIGN/FLASHER,FUNCTIONING PROPERLY,RAIN,DAYLIGHT,ANGLE,NOT DIVIDED,4,STRAIGHT AND LEVEL,WET,NO DEFECTS,ON SCENE,INJURY AND / OR TOW DUE TO CRASH,Y,,,"OVER $1,500",11/12/2017 10:30,FAILING TO YIELD RIGHT-OF-WAY,FAILING TO REDUCE SPEED TO AVOID CRASH,3130,W,IRVING PARK RD,1724,,,,,,,2,NO INDICATION OF INJURY,0,0,0,0,0,2,0,10,1,11,41.9540376,-87.70685684,POINT (-87.706856842884 41.954037600857),1
JA508842,,11/12/2017 10:45,30,NO CONTROLS,NO CONTROLS,CLEAR,DAYLIGHT,REAR END,NOT DIVIDED,2,STRAIGHT AND LEVEL,WET,NO DEFECTS,NOT ON SCENE (DESK REPORT),NO INJURY / DRIVE AWAY,,,,"OVER $1,500",11/12/2017 10:55,IMPROPER BACKING,FAILING TO YIELD RIGHT-OF-WAY,3430,W,21ST ST,1024,,,,,,,2,NO INDICATION OF INJURY,0,0,0,0,0,2,0,10,1,11,41.85366847,-87.71135241,POINT (-87.71135240468 41.853668465554),1
JA508854,,11/12/2017 10:45,30,NO CONTROLS,NO CONTROLS,RAIN,DAYLIGHT,PARKED MOTOR VEHICLE,NOT DIVIDED,,STRAIGHT AND LEVEL,WET,NO DEFECTS,NOT ON SCENE (DESK REPORT),NO INJURY / DRIVE AWAY,,,Y,"$501 - $1,500",11/12/2017 11:15,UNABLE TO DETERMINE,UNABLE TO DETERMINE,4032,N,BROADWAY,1915,,,,,,,2,NO INDICATION OF INJURY,0,0,0,0,0,1,0,10,1,11,41.95537429,-87.65122649,POINT (-87.651226484558 41.955374291096),1
JA508849,,11/12/2017 10:50,30,TRAFFIC SIGNAL,NO CONTROLS,RAIN,DAYLIGHT,REAR END,DIVIDED - W/MEDIAN BARRIER,,STRAIGHT AND LEVEL,WET,NO DEFECTS,ON SCENE,NO INJURY / DRIVE AWAY,Y,,,"$501 - $1,500",11/12/2017 10:54,FOLLOWING TOO CLOSELY,FOLLOWING TOO CLOSELY,4400,W,CERMAK RD,1012,,,,,,,2,NO INDICATION OF INJURY,0,0,0,0,0,3,0,10,1,11,41.8515092,-87.73455933,POINT (-87.734559326014 41.851509196295),1
JA508863,,11/12/2017 10:50,35,NO CONTROLS,NO CONTROLS,RAIN,DAYLIGHT,SIDESWIPE OPPOSITE DIRECTION,OTHER,7,STRAIGHT AND LEVEL,WET,NO DEFECTS,ON SCENE,NO INJURY / DRIVE AWAY,,,Y,"OVER $1,500",11/12/2017 11:12,UNABLE TO DETERMINE,UNABLE TO DETERMINE,3957,S,CICERO AVE,1031,,,,,,,2,NO INDICATION OF INJURY,0,0,0,0,0,2,0,10,1,11,41.82067368,-87.74336243,POINT (-87.743362434409 41.820673678271),1
JA508857,N,11/12/2017 10:55,55,NO CONTROLS,NO CONTROLS,RAIN,DAWN,REAR END,OTHER,3,STRAIGHT AND LEVEL,WET,NO DEFECTS,ON SCENE,INJURY AND / OR TOW DUE TO CRASH,,,,"OVER $1,500",11/12/2017 11:00,UNABLE TO DETERMINE,UNABLE TO DETERMINE,300,E,18TH ST,132,,,,,,,2,NONINCAPACITATING INJURY,3,0,0,3,0,1,0,10,1,11,41.85803112,-87.62071056,POINT (-87.620710558611 41.85803111777),1
JA508845,,11/12/2017 10:57,35,NO CONTROLS,NO CONTROLS,RAIN,DAYLIGHT,REAR END,DIVIDED - W/MEDIAN (NOT RAISED),2,STRAIGHT AND LEVEL,WET,NO DEFECTS,ON SCENE,NO INJURY / DRIVE AWAY,,,,"OVER $1,500",11/12/2017 10:57,WEATHER,NOT APPLICABLE,6680,N,NORTHWEST HWY,1612,,Y,,,,,2,NO INDICATION OF INJURY,0,0,0,0,0,3,0,10,1,11,42.00229576,-87.81561966,POINT (-87.815619655609 42.002295760715),1
JA508912,,11/12/2017 11:00,25,STOP SIGN/FLASHER,FUNCTIONING PROPERLY,RAIN,DAYLIGHT,ANGLE,NOT DIVIDED,2,STRAIGHT AND LEVEL,WET,NO DEFECTS,NOT ON SCENE (DESK REPORT),INJURY AND / OR TOW DUE TO CRASH,Y,,,"OVER $1,500",11/12/2017 12:25,UNABLE TO DETERMINE,UNABLE TO DETERMINE,3900,W,JACKSON BLVD,1122,,,,,,,2,NO INDICATION OF INJURY,0,0,0,0,0,2,0,11,1,11,41.87722641,-87.72323068,POINT (-87.723230679316 41.877226407364),1
JA515075,Y,11/12/2017 11:00,30,NO CONTROLS,NO CONTROLS,RAIN,DAYLIGHT,TURNING,NOT DIVIDED,4,STRAIGHT AND LEVEL,WET,NO DEFECTS,NOT ON SCENE (DESK REPORT),NO INJURY / DRIVE AWAY,Y,,,"$501 - $1,500",11/17/2017 9:45,FAILING TO YIELD RIGHT-OF-WAY,NOT APPLICABLE,7100,N,WESTERN AVE,2411,,,,,,,2,NO INDICATION OF INJURY,0,0,0,0,0,2,0,11,1,11,42.01107597,-87.69036809,POINT (-87.690368093079 42.011075968029),1
JA508921,,11/12/2017 11:30,5,NO CONTROLS,NO CONTROLS,RAIN,DAYLIGHT,PARKED MOTOR VEHICLE,PARKING LOT,,STRAIGHT AND LEVEL,WET,NO DEFECTS,NOT ON SCENE (DESK REPORT),NO INJURY / DRIVE AWAY,,,Y,$500 OR LESS,11/12/2017 12:12,UNABLE TO DETERMINE,UNABLE TO DETERMINE,7230,S,EXCHANGE AVE,334,,,,,,,2,NO INDICATION OF INJURY,0,0,0,0,0,1,0,11,1,11,41.76361156,-87.56455812,POINT (-87.564558122394 41.76361155475),1
JA508893,,11/12/2017 11:30,25,NO CONTROLS,NO CONTROLS,RAIN,DAYLIGHT,SIDESWIPE SAME DIRECTION,NOT DIVIDED,1,STRAIGHT AND LEVEL,WET,NO DEFECTS,NOT ON SCENE (DESK REPORT),NO INJURY / DRIVE AWAY,,,,"$501 - $1,500",11/12/2017 12:10,NOT APPLICABLE,NOT APPLICABLE,2506,S,KEELER AVE,1013,,,,,,,2,NO INDICATION OF INJURY,0,0,0,0,0,3,0,11,1,11,41.84575961,-87.72960835,POINT (-87.72960834679 41.845759610231),1
JA509031,,11/12/2017 11:40,45,TRAFFIC SIGNAL,FUNCTIONING IMPROPERLY,RAIN,DAYLIGHT,PEDESTRIAN,DIVIDED - W/MEDIAN (NOT RAISED),10,STRAIGHT AND LEVEL,WET,NO DEFECTS,NOT ON SCENE (DESK REPORT),INJURY AND / OR TOW DUE TO CRASH,Y,,Y,"$501 - $1,500",11/12/2017 14:10,UNABLE TO DETERMINE,UNABLE TO DETERMINE,500,S,LAKE SHORE DR SB,114,,,,,,,2,NONINCAPACITATING INJURY,1,0,0,1,0,1,0,11,1,11,41.87575626,-87.61751568,POINT (-87.617515679751 41.875756255241),1
JA508895,,11/12/2017 11:45,30,NO CONTROLS,NO CONTROLS,RAIN,UNKNOWN,PEDALCYCLIST,NOT DIVIDED,2,STRAIGHT AND LEVEL,WET,NO DEFECTS,ON SCENE,NO INJURY / DRIVE AWAY,,,,"$501 - $1,500",11/12/2017 12:00,UNABLE TO DETERMINE,UNABLE TO DETERMINE,4040,N,KEDZIE AVE,1724,,N,Y,,,,2,NO INDICATION OF INJURY,0,0,0,0,0,2,0,11,1,11,41.95513627,-87.70819794,POINT (-87.7081979393 41.955136270354),1
JA508904,,11/12/2017 11:50,30,YIELD,UNKNOWN,RAIN,DAYLIGHT,ANGLE,NOT DIVIDED,,STRAIGHT AND LEVEL,WET,UNKNOWN,ON SCENE,NO INJURY / DRIVE AWAY,,,Y,"$501 - $1,500",11/12/2017 11:58,FAILING TO YIELD RIGHT-OF-WAY,NOT APPLICABLE,2831,N,CENTRAL PARK AVE,1412,,,,,,,2,NO INDICATION OF INJURY,0,0,0,0,0,3,0,11,1,11,41.93287547,-87.71706745,POINT (-87.717067446136 41.932875467823),1
JA510029,,11/12/2017 12:00,20,STOP SIGN/FLASHER,UNKNOWN,SLEET/HAIL,DAYLIGHT,PARKED MOTOR VEHICLE,PARKING LOT,,STRAIGHT AND LEVEL,WET,UNKNOWN,NOT ON SCENE (DESK REPORT),NO INJURY / DRIVE AWAY,,,Y,"$501 - $1,500",11/13/2017 11:43,UNABLE TO DETERMINE,UNABLE TO DETERMINE,10900,S,DOTY AVE E,513,,,,,,,2,NO INDICATION OF INJURY,0,0,0,0,0,1,0,12,1,11,41.69623253,-87.5958062,POINT (-87.59580619714 41.696232527674),1
JA509795,,11/12/2017 12:00,30,NO CONTROLS,NO CONTROLS,CLEAR,DARKNESS,SIDESWIPE SAME DIRECTION,DIVIDED - W/MEDIAN (NOT RAISED),2,STRAIGHT AND LEVEL,DRY,NO DEFECTS,NOT ON SCENE (DESK REPORT),NO INJURY / DRIVE AWAY,,,Y,"$501 - $1,500",11/13/2017 8:30,UNABLE TO DETERMINE,UNABLE TO DETERMINE,600,E,47TH ST,221,,,,,,,2,NO INDICATION OF INJURY,0,0,0,0,0,2,0,12,1,11,41.80957252,-87.61139462,POINT (-87.611394620986 41.809572516992),1
JA508965,,11/12/2017 12:00,30,TRAFFIC SIGNAL,FUNCTIONING PROPERLY,RAIN,DAYLIGHT,REAR END,DIVIDED - W/MEDIAN (NOT RAISED),2,STRAIGHT AND LEVEL,WET,UNKNOWN,NOT ON SCENE (DESK REPORT),INJURY AND / OR TOW DUE TO CRASH,Y,,,$500 OR LESS,11/12/2017 13:00,FOLLOWING TOO CLOSELY,WEATHER,1983,N,CLYBOURN AVE,1811,,,,,,,2,"REPORTED, NOT EVIDENT",1,0,0,0,1,1,0,12,1,11,41.91732376,-87.65824745,POINT (-87.65824745107 41.917323759052),1
JA510317,,11/12/2017 12:00,30,NO CONTROLS,NO CONTROLS,CLEAR,DAYLIGHT,PARKED MOTOR VEHICLE,NOT DIVIDED,,STRAIGHT AND LEVEL,DRY,NO DEFECTS,NOT ON SCENE (DESK REPORT),NO INJURY / DRIVE AWAY,,,Y,"OVER $1,500",11/13/2017 14:48,NOT APPLICABLE,NOT APPLICABLE,3421,N,KOLMAR AVE,1731,,,,,,,2,NO INDICATION OF INJURY,0,0,0,0,0,1,0,12,1,11,41.94323024,-87.74070453,POINT (-87.740704528859 41.943230244164),1
JA508894,,11/12/2017 12:00,30,NO CONTROLS,NO CONTROLS,CLOUDY/OVERCAST,DAYLIGHT,TURNING,NOT DIVIDED,,STRAIGHT AND LEVEL,WET,NO DEFECTS,NOT ON SCENE (DESK REPORT),NO INJURY / DRIVE AWAY,,,,"$501 - $1,500",11/12/2017 12:15,IMPROPER TURNING/NO SIGNAL,UNABLE TO DETERMINE,2700,N,CLARK ST,1935,,,,,,,2,NO INDICATION OF INJURY,0,0,0,0,0,3,0,12,1,11,41.93131828,-87.64442376,POINT (-87.644423758138 41.931318278588),1
JA508983,,11/12/2017 12:05,30,UNKNOWN,UNKNOWN,UNKNOWN,UNKNOWN,SIDESWIPE SAME DIRECTION,UNKNOWN,,STRAIGHT AND LEVEL,UNKNOWN,UNKNOWN,NOT ON SCENE (DESK REPORT),NO INJURY / DRIVE AWAY,,,,"OVER $1,500",11/12/2017 13:35,UNABLE TO DETERMINE,NOT APPLICABLE,1801,S,LAKE SHORE DR E,132,,,,,,,2,NO INDICATION OF INJURY,0,0,0,0,0,4,0,12,1,11,41.85798635,-87.61631898,POINT (-87.616318980105 41.857986350987),1
JA509172,,11/12/2017 12:09,35,TRAFFIC SIGNAL,FUNCTIONING PROPERLY,RAIN,DAYLIGHT,TURNING,NOT DIVIDED,2,STRAIGHT AND LEVEL,WET,NO DEFECTS,NOT ON SCENE (DESK REPORT),NO INJURY / DRIVE AWAY,Y,,Y,"OVER $1,500",11/12/2017 16:15,FOLLOWING TOO CLOSELY,NOT APPLICABLE,8700,S,HALSTED ST,2223,,,,,,,2,NO INDICATION OF INJURY,0,0,0,0,0,4,0,12,1,11,41.73578527,-87.64375883,POINT (-87.643758829628 41.735785266472),1
JA508914,,11/12/2017 12:10,30,NO CONTROLS,NO CONTROLS,RAIN,DAYLIGHT,TURNING,NOT DIVIDED,3,STRAIGHT AND LEVEL,WET,NO DEFECTS,NOT ON SCENE (DESK REPORT),NO INJURY / DRIVE AWAY,,,Y,"OVER $1,500",11/12/2017 12:24,IMPROPER TURNING/NO SIGNAL,NOT APPLICABLE,4799,W,AUGUSTA BLVD,1111,,,,,,,2,NO INDICATION OF INJURY,0,0,0,0,0,2,0,12,1,11,41.89858337,-87.7457668,POINT (-87.745766798567 41.898583368575),1
JA508966,,11/12/2017 12:14,30,NO CONTROLS,NO CONTROLS,RAIN,DUSK,TURNING,NOT DIVIDED,2,STRAIGHT AND LEVEL,WET,NO DEFECTS,NOT ON SCENE (DESK REPORT),NO INJURY / DRIVE AWAY,,,,"$501 - $1,500",11/12/2017 13:22,FAILING TO YIELD RIGHT-OF-WAY,NOT APPLICABLE,2206,S,WENTWORTH AVE,914,,,,,,,2,NO INDICATION OF INJURY,0,0,0,0,0,2,0,12,1,11,41.85281668,-87.63215529,POINT (-87.632155289181 41.852816681706),1
JA510227,,11/12/2017 12:15,30,NO CONTROLS,NO CONTROLS,RAIN,DAYLIGHT,SIDESWIPE SAME DIRECTION,NOT DIVIDED,,STRAIGHT AND LEVEL,WET,NO DEFECTS,NOT ON SCENE (DESK REPORT),NO INJURY / DRIVE AWAY,,,,"OVER $1,500",11/13/2017 13:40,NOT APPLICABLE,NOT APPLICABLE,525,N,CICERO AVE,1111,,,,,,,2,NO INDICATION OF INJURY,0,0,0,0,0,2,0,12,1,11,41.89043694,-87.74550023,POINT (-87.745500231224 41.890436936121),1
JA508948,,11/12/2017 12:16,30,TRAFFIC SIGNAL,FUNCTIONING PROPERLY,RAIN,DAYLIGHT,TURNING,NOT DIVIDED,,STRAIGHT ON GRADE,WET,UNKNOWN,ON SCENE,NO INJURY / DRIVE AWAY,Y,,Y,"OVER $1,500",11/12/2017 12:40,IMPROPER TURNING/NO SIGNAL,DRIVING SKILLS/KNOWLEDGE/EXPERIENCE,658,N,HALSTED ST,1214,,,,,,,2,NO INDICATION OF INJURY,0,0,0,0,0,2,0,12,1,11,41.89395876,-87.64784119,POINT (-87.647841187649 41.893958762604),1
JA508934,,11/12/2017 12:20,25,TRAFFIC SIGNAL,FUNCTIONING PROPERLY,RAIN,DAYLIGHT,REAR END,NOT DIVIDED,2,STRAIGHT AND LEVEL,WET,NO DEFECTS,ON SCENE,INJURY AND / OR TOW DUE TO CRASH,,,,"OVER $1,500",11/12/2017 12:24,WEATHER,NOT APPLICABLE,2332,W,PRATT BLVD,2411,,,,,,,2,"REPORTED, NOT EVIDENT",2,0,0,0,2,1,0,12,1,11,42.00515762,-87.68928774,POINT (-87.68928774192 42.005157620988),1
JA508960,,11/12/2017 12:22,15,NO CONTROLS,NO CONTROLS,RAIN,DAYLIGHT,HEAD ON,ALLEY,,STRAIGHT AND LEVEL,WET,NO DEFECTS,NOT ON SCENE (DESK REPORT),NO INJURY / DRIVE AWAY,,,,"OVER $1,500",11/12/2017 13:00,IMPROPER BACKING,UNABLE TO DETERMINE,2958,N,LUNA AVE,2514,,,,,,,2,NO INDICATION OF INJURY,0,0,0,0,0,4,0,12,1,11,41.93485037,-87.76528858,POINT (-87.765288574759 41.934850366664),1
JA509147,,11/12/2017 12:30,30,NO CONTROLS,NO CONTROLS,RAIN,DAYLIGHT,TURNING,NOT DIVIDED,,STRAIGHT AND LEVEL,WET,NO DEFECTS,NOT ON SCENE (DESK REPORT),NO INJURY / DRIVE AWAY,,,Y,"OVER $1,500",11/12/2017 15:55,IMPROPER TURNING/NO SIGNAL,UNABLE TO DETERMINE,4050,W,BELMONT AVE,1731,,,,,,,2,NO INDICATION OF INJURY,0,0,0,0,0,2,0,12,1,11,41.93917688,-87.72921825,POINT (-87.729218251106 41.939176878516),1