RD_NO,CRASH_DATE_EST_I,CRASH_DATE,POSTED_SPEED_LIMIT,TRAFFIC_CONTROL_DEVICE,DEVICE_CONDITION,WEATHER_CONDITION,LIGHTING_CONDITION,FIRST_CRASH_TYPE,TRAFFICWAY_TYPE,LANE_CNT,ALIGNMENT,ROADWAY_SURFACE_COND,ROAD_DEFECT,REPORT_TYPE,CRASH_TYPE,INTERSECTION_RELATED_I,NOT_RIGHT_OF_WAY_I,HIT_AND_RUN_I,DAMAGE,DATE_POLICE_NOTIFIED,PRIM_CONTRIBUTORY_CAUSE,SEC_CONTRIBUTORY_CAUSE,STREET_NO,STREET_DIRECTION,STREET_NAME,BEAT_OF_OCCURRENCE,PHOTOS_TAKEN_I,STATEMENTS_TAKEN_I,DOORING_I,WORK_ZONE_I,WORK_ZONE_TYPE,WORKERS_PRESENT_I,NUM_UNITS,MOST_SEVERE_INJURY,INJURIES_TOTAL,INJURIES_FATAL,INJURIES_INCAPACITATING,INJURIES_NON_INCAPACITATING,INJURIES_REPORTED_NOT_EVIDENT,INJURIES_NO_INDICATION,INJURIES_UNKNOWN,CRASH_HOUR,CRASH_DAY_OF_WEEK,CRASH_MONTH,LATITUDE,LONGITUDE,LOCATION,Join
JA509859,,11/12/2017 12:30,30,NO CONTROLS,NO CONTROLS,RAIN,DAYLIGHT,TURNING,NOT DIVIDED,2,STRAIGHT AND LEVEL,WET,NO DEFECTS,NOT ON SCENE (DESK REPORT),NO INJURY / DRIVE AWAY,,,Y,"OVER $1,500",11/13/2017 9:30,FAILING TO YIELD RIGHT-OF-WAY,CELL PHONE USE OTHER THAN TEXTING,2925,W,59TH ST,824,,,,,,,2,NO INDICATION OF INJURY,0,0,0,0,0,2,0,12,1,11,41.78623844,-87.69719004,POINT (-87.697190037676 41.786238442924),1
JA508944,,11/12/2017 12:30,20,NO CONTROLS,NO CONTROLS,RAIN,DAYLIGHT,PARKED MOTOR VEHICLE,ONE-WAY,1,STRAIGHT AND LEVEL,WET,WORN SURFACE,ON SCENE,NO INJURY / DRIVE AWAY,,,,"OVER $1,500",11/12/2017 12:50,UNABLE TO DETERMINE,UNABLE TO DETERMINE,6348,N,PAULINA ST,2433,,,,,,,2,NO INDICATION OF INJURY,0,0,0,0,0,1,0,12,1,11,41.997071,-87.67211021,POINT (-87.672110213217 41.99707099515),1
JA508947,,11/12/2017 12:30,30,NO CONTROLS,NO CONTROLS,RAIN,DAYLIGHT,ANGLE,DIVIDED - W/MEDIAN (NOT RAISED),2,STRAIGHT AND LEVEL,WET,NO DEFECTS,NOT ON SCENE (DESK REPORT),NO INJURY / DRIVE AWAY,,,,"OVER $1,500",11/12/2017 13:00,UNABLE TO DETERMINE,UNABLE TO DETERMINE,3158,N,LEAVITT ST,1931,,,,,,,2,NO INDICATION OF INJURY,0,0,0,0,0,2,0,12,1,11,41.93946536,-87.6833466,POINT (-87.683346597235 41.939465359849),1
JA508961,,11/12/2017 12:30,0,NO CONTROLS,NO CONTROLS,RAIN,DAYLIGHT,TURNING,NOT DIVIDED,4,STRAIGHT AND LEVEL,WET,NO DEFECTS,NOT ON SCENE (DESK REPORT),NO INJURY / DRIVE AWAY,,,,"OVER $1,500",11/12/2017 13:00,IMPROPER TURNING/NO SIGNAL,UNABLE TO DETERMINE,1501,W,119TH ST,524,,,,,,,2,NO INDICATION OF INJURY,0,0,0,0,0,2,0,12,1,11,41.67746555,-87.65901549,POINT (-87.659015489678 41.67746554641),1
JA508942,,11/12/2017 12:30,25,TRAFFIC SIGNAL,FUNCTIONING PROPERLY,RAIN,DAYLIGHT,TURNING,NOT DIVIDED,,STRAIGHT AND LEVEL,WET,NO DEFECTS,NOT ON SCENE (DESK REPORT),NO INJURY / DRIVE AWAY,Y,,,"$501 - $1,500",11/12/2017 12:55,FAILING TO YIELD RIGHT-OF-WAY,UNABLE TO DETERMINE,100,E,RANDOLPH ST,114,,,,,,,2,NO INDICATION OF INJURY,0,0,0,0,0,2,0,12,1,11,41.88457722,-87.62440363,POINT (-87.62440363391 41.884577219487),1
JA508952,,11/12/2017 12:30,30,UNKNOWN,UNKNOWN,RAIN,UNKNOWN,PARKED MOTOR VEHICLE,UNKNOWN,,STRAIGHT AND LEVEL,WET,UNKNOWN,NOT ON SCENE (DESK REPORT),NO INJURY / DRIVE AWAY,,,Y,"$501 - $1,500",11/12/2017 13:05,UNABLE TO DETERMINE,UNABLE TO DETERMINE,2601,N,SAYRE AVE,2512,,,,,,,2,NO INDICATION OF INJURY,0,0,0,0,0,1,0,12,1,11,41.9272791,-87.80070904,POINT (-87.800709043512 41.927279102537),1
JA508943,,11/12/2017 12:30,30,TRAFFIC SIGNAL,FUNCTIONING PROPERLY,RAIN,DAYLIGHT,ANGLE,PARKING LOT,,STRAIGHT AND LEVEL,WET,"RUT, HOLES",ON SCENE,NO INJURY / DRIVE AWAY,,,,"$501 - $1,500",11/12/2017 12:35,UNABLE TO DETERMINE,UNABLE TO DETERMINE,2001,N,PULASKI RD,2525,,,,,,,2,NO INDICATION OF INJURY,0,0,0,0,0,2,0,12,1,11,41.9172162,-87.72641457,POINT (-87.726414569839 41.917216200554),1
JA508930,,11/12/2017 12:40,30,NO CONTROLS,NO CONTROLS,RAIN,DAYLIGHT,SIDESWIPE SAME DIRECTION,NOT DIVIDED,4,STRAIGHT AND LEVEL,WET,NO DEFECTS,ON SCENE,INJURY AND / OR TOW DUE TO CRASH,,,Y,"OVER $1,500",11/12/2017 12:43,IMPROPER LANE USAGE,DRIVING SKILLS/KNOWLEDGE/EXPERIENCE,2745,W,DIVERSEY AVE,1411,,,,,,,2,NO INDICATION OF INJURY,0,0,0,0,0,2,0,12,1,11,41.93198631,-87.69707803,POINT (-87.697078027783 41.931986313683),1
JA508953,,11/12/2017 12:42,30,NO CONTROLS,NO CONTROLS,RAIN,DAYLIGHT,SIDESWIPE SAME DIRECTION,DIVIDED - W/MEDIAN (NOT RAISED),,STRAIGHT AND LEVEL,WET,NO DEFECTS,ON SCENE,INJURY AND / OR TOW DUE TO CRASH,,,,"OVER $1,500",11/12/2017 12:47,FAILING TO YIELD RIGHT-OF-WAY,"OPERATING VEHICLE IN ERRATIC, RECKLESS, CARELESS, NEGLIGENT OR AGGRESSIVE MANNER",440,E,18TH DR,132,,,,,,,2,NO INDICATION OF INJURY,0,0,0,0,0,5,0,12,1,11,41.85811386,-87.61655153,POINT (-87.616551533685 41.858113861821),1
JA508969,,11/12/2017 12:45,30,TRAFFIC SIGNAL,FUNCTIONING PROPERLY,RAIN,DAYLIGHT,REAR END,DIVIDED - W/MEDIAN (NOT RAISED),4,STRAIGHT AND LEVEL,WET,NO DEFECTS,ON SCENE,INJURY AND / OR TOW DUE TO CRASH,,,Y,"$501 - $1,500",11/12/2017 12:55,WEATHER,FAILING TO REDUCE SPEED TO AVOID CRASH,1805,S,WESTERN AVE,1234,,,,,,,3,NO INDICATION OF INJURY,0,0,0,0,0,3,0,12,1,11,41.85734003,-87.68565576,POINT (-87.685655758949 41.857340025242),1
JA509219,,11/12/2017 12:50,25,TRAFFIC SIGNAL,FUNCTIONING PROPERLY,RAIN,DUSK,REAR END,DIVIDED - W/MEDIAN (NOT RAISED),,STRAIGHT AND LEVEL,WET,NO DEFECTS,NOT ON SCENE (DESK REPORT),NO INJURY / DRIVE AWAY,,,,"OVER $1,500",11/12/2017 17:00,DRIVING SKILLS/KNOWLEDGE/EXPERIENCE,FOLLOWING TOO CLOSELY,3395,N,BROADWAY,1925,,,,,,,2,NO INDICATION OF INJURY,0,0,0,0,0,4,0,12,1,11,41.94334006,-87.64466387,POINT (-87.64466387045 41.943340055477),1
JA508973,,11/12/2017 13:00,35,NO CONTROLS,NO CONTROLS,RAIN,DAYLIGHT,TURNING,NOT DIVIDED,,STRAIGHT AND LEVEL,WET,NO DEFECTS,ON SCENE,NO INJURY / DRIVE AWAY,,,,"$501 - $1,500",11/12/2017 13:05,FAILING TO YIELD RIGHT-OF-WAY,IMPROPER TURNING/NO SIGNAL,11249,S,KEDZIE AVE,2211,,,,,,,2,NO INDICATION OF INJURY,0,0,0,0,0,2,0,13,1,11,41.68827294,-87.70055655,POINT (-87.700556548846 41.688272941143),1
JA509016,Y,11/12/2017 13:00,30,NO CONTROLS,NO CONTROLS,CLEAR,"DARKNESS, LIGHTED ROAD",PARKED MOTOR VEHICLE,NOT DIVIDED,2,STRAIGHT AND LEVEL,DRY,NO DEFECTS,NOT ON SCENE (DESK REPORT),NO INJURY / DRIVE AWAY,,,Y,"OVER $1,500",11/12/2017 14:10,FAILING TO REDUCE SPEED TO AVOID CRASH,DRIVING SKILLS/KNOWLEDGE/EXPERIENCE,5900,S,HAMLIN AVE,822,,,,,,,2,NO INDICATION OF INJURY,0,0,0,0,0,1,0,13,1,11,41.78596482,-87.71820213,POINT (-87.718202132975 41.785964816262),1
JA509748,,11/12/2017 13:00,40,TRAFFIC SIGNAL,FUNCTIONING PROPERLY,RAIN,DAYLIGHT,REAR END,ONE-WAY,2,STRAIGHT AND LEVEL,WET,NO DEFECTS,NOT ON SCENE (DESK REPORT),NO INJURY / DRIVE AWAY,Y,,Y,"OVER $1,500",11/13/2017 7:50,UNABLE TO DETERMINE,UNABLE TO DETERMINE,10,N,BESSIE COLEMAN DR,1654,Y,,,,,,2,NO INDICATION OF INJURY,0,0,0,0,0,3,0,13,1,11,,,,1
JA508984,,11/12/2017 13:05,30,TRAFFIC SIGNAL,FUNCTIONING PROPERLY,RAIN,DAYLIGHT,REAR END,NOT DIVIDED,2,STRAIGHT AND LEVEL,DRY,NO DEFECTS,NOT ON SCENE (DESK REPORT),NO INJURY / DRIVE AWAY,,,,"OVER $1,500",11/12/2017 13:40,FOLLOWING TOO CLOSELY,NOT APPLICABLE,7024,W,DEVON AVE,1611,,,,,,,2,NO INDICATION OF INJURY,0,0,0,0,0,3,0,13,1,11,41.99773062,-87.80390171,POINT (-87.803901709696 41.997730622251),1
JA509215,,11/12/2017 13:10,30,NO CONTROLS,NO CONTROLS,RAIN,DAYLIGHT,SIDESWIPE SAME DIRECTION,DIVIDED - W/MEDIAN (NOT RAISED),6,STRAIGHT AND LEVEL,WET,NO DEFECTS,NOT ON SCENE (DESK REPORT),NO INJURY / DRIVE AWAY,,,,"OVER $1,500",11/12/2017 14:50,FAILING TO YIELD RIGHT-OF-WAY,NOT APPLICABLE,804,N,MICHIGAN AVE,1833,,,,,,,2,NO INDICATION OF INJURY,0,0,0,0,0,3,0,13,1,11,41.89692836,-87.62435603,POINT (-87.624356032761 41.896928359971),1
JA509006,,11/12/2017 13:10,30,STOP SIGN/FLASHER,FUNCTIONING PROPERLY,RAIN,DAYLIGHT,ANGLE,OTHER,3,STRAIGHT AND LEVEL,WET,NO DEFECTS,NOT ON SCENE (DESK REPORT),NO INJURY / DRIVE AWAY,Y,,Y,"OVER $1,500",11/12/2017 14:00,FAILING TO YIELD RIGHT-OF-WAY,UNABLE TO DETERMINE,1132,W,RANDOLPH ST,1224,,,,,,,2,NO INDICATION OF INJURY,0,0,0,0,0,3,0,13,1,11,41.88437183,-87.65566578,POINT (-87.655665774601 41.884371830475),1
JA508982,,11/12/2017 13:13,35,STOP SIGN/FLASHER,WORN REFLECTIVE MATERIAL,RAIN,DAYLIGHT,TURNING,ONE-WAY,1,STRAIGHT AND LEVEL,WET,NO DEFECTS,ON SCENE,NO INJURY / DRIVE AWAY,Y,,,$500 OR LESS,11/12/2017 13:16,FAILING TO YIELD RIGHT-OF-WAY,FOLLOWING TOO CLOSELY,7300,S,CHAPPEL AVE,333,,,,,,,2,NO INDICATION OF INJURY,0,0,0,0,0,3,0,13,1,11,41.76243291,-87.57515632,POINT (-87.575156323346 41.762432912009),1
JA508972,,11/12/2017 13:15,30,TRAFFIC SIGNAL,FUNCTIONING PROPERLY,RAIN,DAYLIGHT,ANGLE,OTHER,0,STRAIGHT AND LEVEL,WET,NO DEFECTS,ON SCENE,INJURY AND / OR TOW DUE TO CRASH,Y,,,"OVER $1,500",11/12/2017 13:15,DISREGARDING TRAFFIC SIGNALS,DISTRACTION - FROM OUTSIDE VEHICLE,200,N,HOMAN AVE,1123,,,,,,,2,"REPORTED, NOT EVIDENT",1,0,0,0,1,1,0,13,1,11,41.88467072,-87.71126586,POINT (-87.711265855632 41.884670719661),1
JA509003,,11/12/2017 13:20,15,NO CONTROLS,NO CONTROLS,RAIN,DAYLIGHT,ANGLE,PARKING LOT,2,STRAIGHT AND LEVEL,WET,NO DEFECTS,NOT ON SCENE (DESK REPORT),NO INJURY / DRIVE AWAY,,,,$500 OR LESS,11/12/2017 14:00,UNABLE TO DETERMINE,UNABLE TO DETERMINE,2536,N,ELSTON AVE,1432,,,,,,,2,NO INDICATION OF INJURY,0,0,0,0,0,3,0,13,1,11,41.92757344,-87.68133884,POINT (-87.681338839401 41.927573440015),1
JA508993,,11/12/2017 13:29,35,STOP SIGN/FLASHER,NO CONTROLS,RAIN,DAYLIGHT,REAR END,NOT DIVIDED,2,STRAIGHT ON GRADE,WET,NO DEFECTS,NOT ON SCENE (DESK REPORT),NO INJURY / DRIVE AWAY,Y,,,"OVER $1,500",11/12/2017 13:50,FAILING TO REDUCE SPEED TO AVOID CRASH,DRIVING SKILLS/KNOWLEDGE/EXPERIENCE,11500,S,PRINCETON AVE,522,,,,,,,3,NO INDICATION OF INJURY,0,0,0,0,0,4,0,13,1,11,41.68513947,-87.63023184,POINT (-87.630231840142 41.685139465489),1
JA509102,,11/12/2017 13:30,30,STOP SIGN/FLASHER,FUNCTIONING PROPERLY,RAIN,DAYLIGHT,REAR END,ONE-WAY,1,STRAIGHT AND LEVEL,WET,UNKNOWN,NOT ON SCENE (DESK REPORT),NO INJURY / DRIVE AWAY,,,,"OVER $1,500",11/12/2017 15:10,FAILING TO REDUCE SPEED TO AVOID CRASH,WEATHER,668,W,OAKDALE AVE,1934,,,,,,,2,NO INDICATION OF INJURY,0,0,0,0,0,3,0,13,1,11,41.9356495,-87.64688999,POINT (-87.646889991742 41.935649494836),1
JA509078,,11/12/2017 13:30,30,TRAFFIC SIGNAL,FUNCTIONING PROPERLY,CLEAR,DAYLIGHT,TURNING,OTHER,,STRAIGHT AND LEVEL,WET,NO DEFECTS,NOT ON SCENE (DESK REPORT),NO INJURY / DRIVE AWAY,,,,"OVER $1,500",11/12/2017 15:03,IMPROPER TURNING/NO SIGNAL,NOT APPLICABLE,57,E,WACKER DR,111,,,,,,,2,NO INDICATION OF INJURY,0,0,0,0,0,2,0,13,1,11,41.88738991,-87.62589648,POINT (-87.625896483897 41.887389905246),1
JA508990,,11/12/2017 13:30,30,TRAFFIC SIGNAL,FUNCTIONING PROPERLY,RAIN,DAYLIGHT,PEDESTRIAN,DIVIDED - W/MEDIAN BARRIER,,STRAIGHT AND LEVEL,WET,NO DEFECTS,ON SCENE,INJURY AND / OR TOW DUE TO CRASH,,,Y,$500 OR LESS,11/12/2017 13:50,FAILING TO YIELD RIGHT-OF-WAY,IMPROPER TURNING/NO SIGNAL,400,E,GARFIELD BLVD,233,,,,,,,2,NONINCAPACITATING INJURY,1,0,0,1,0,1,0,13,1,11,41.79491006,-87.61591569,POINT (-87.615915687849 41.794910056687),1
JA509008,,11/12/2017 13:30,30,STOP SIGN/FLASHER,UNKNOWN,RAIN,DAYLIGHT,TURNING,OTHER,1,STRAIGHT AND LEVEL,WET,UNKNOWN,NOT ON SCENE (DESK REPORT),NO INJURY / DRIVE AWAY,Y,,,"OVER $1,500",11/12/2017 14:00,FAILING TO YIELD RIGHT-OF-WAY,NOT APPLICABLE,400,S,CICERO AVE,1533,,,,,,,2,NO INDICATION OF INJURY,0,0,0,0,0,4,0,13,1,11,41.8749523,-87.74521225,POINT (-87.745212246332 41.874952302696),1
JA509000,,11/12/2017 13:30,20,NO CONTROLS,NO CONTROLS,CLEAR,DAYLIGHT,FIXED OBJECT,ONE-WAY,1,STRAIGHT AND LEVEL,DRY,NO DEFECTS,ON SCENE,INJURY AND / OR TOW DUE TO CRASH,,Y,,"OVER $1,500",11/12/2017 13:45,UNABLE TO DETERMINE,UNABLE TO DETERMINE,7001,S,WASHTENAW AVE,831,,,,,,,1,NONINCAPACITATING INJURY,1,0,0,1,0,1,0,13,1,11,41.76630825,-87.69048211,POINT (-87.690482110889 41.766308254006),1
JA508988,,11/12/2017 13:30,35,STOP SIGN/FLASHER,FUNCTIONING PROPERLY,RAIN,DAYLIGHT,ANGLE,DIVIDED - W/MEDIAN BARRIER,4,STRAIGHT AND LEVEL,WET,NO DEFECTS,ON SCENE,INJURY AND / OR TOW DUE TO CRASH,Y,,,"OVER $1,500",11/12/2017 13:35,WEATHER,FAILING TO YIELD RIGHT-OF-WAY,5430,N,ASHLAND AVE,2012,,,,,,,2,NO INDICATION OF INJURY,0,0,0,0,0,2,0,13,1,11,41.98069038,-87.66988406,POINT (-87.669884061735 41.980690383903),1
JA509041,,11/12/2017 13:30,30,TRAFFIC SIGNAL,FUNCTIONING PROPERLY,RAIN,DAYLIGHT,REAR END,NOT DIVIDED,2,STRAIGHT AND LEVEL,WET,NO DEFECTS,NOT ON SCENE (DESK REPORT),NO INJURY / DRIVE AWAY,,,Y,"OVER $1,500",11/12/2017 14:15,UNABLE TO DETERMINE,UNABLE TO DETERMINE,300,N,CICERO AVE,1532,,,,,,,3,NO INDICATION OF INJURY,0,0,0,0,0,4,0,13,1,11,41.88574887,-87.74561598,POINT (-87.745615977086 41.885748869928),1
JA509109,,11/12/2017 13:30,30,NO CONTROLS,NO CONTROLS,RAIN,DAWN,TURNING,NOT DIVIDED,,STRAIGHT AND LEVEL,DRY,NO DEFECTS,NOT ON SCENE (DESK REPORT),NO INJURY / DRIVE AWAY,,,Y,"OVER $1,500",11/12/2017 15:19,NOT APPLICABLE,NOT APPLICABLE,5300,S,WESTERN AVE,923,,,,,,,2,NO INDICATION OF INJURY,0,0,0,0,0,2,0,13,1,11,41.79739475,-87.68427296,POINT (-87.684272963451 41.797394747543),1
JA509037,,11/12/2017 13:30,30,STOP SIGN/FLASHER,FUNCTIONING PROPERLY,RAIN,DAYLIGHT,TURNING,NOT DIVIDED,,STRAIGHT AND LEVEL,WET,NO DEFECTS,NOT ON SCENE (DESK REPORT),INJURY AND / OR TOW DUE TO CRASH,,,,"OVER $1,500",11/12/2017 14:14,NOT APPLICABLE,NOT APPLICABLE,5500,S,MERRIMAC AVE,811,,,,,,,2,NONINCAPACITATING INJURY,1,0,0,1,0,2,0,13,1,11,41.79232515,-87.77829789,POINT (-87.77829788486 41.792325147985),1
JA509060,,11/12/2017 13:30,30,NO CONTROLS,NO CONTROLS,RAIN,DAYLIGHT,SIDESWIPE SAME DIRECTION,NOT DIVIDED,,STRAIGHT AND LEVEL,WET,NO DEFECTS,NOT ON SCENE (DESK REPORT),NO INJURY / DRIVE AWAY,,,,"OVER $1,500",11/12/2017 14:39,NOT APPLICABLE,NOT APPLICABLE,6701,S,CICERO AVE,833,,,,,,,2,NO INDICATION OF INJURY,0,0,0,0,0,3,0,13,1,11,41.7710448,-87.74190563,POINT (-87.741905631651 41.771044801146),1
JA509012,,11/12/2017 13:35,30,NO CONTROLS,NO CONTROLS,RAIN,DAYLIGHT,SIDESWIPE SAME DIRECTION,DIVIDED - W/MEDIAN (NOT RAISED),2,STRAIGHT AND LEVEL,WET,NO DEFECTS,ON SCENE,NO INJURY / DRIVE AWAY,,,,"$501 - $1,500",11/12/2017 13:35,IMPROPER OVERTAKING/PASSING,UNABLE TO DETERMINE,5742,W,BELMONT AVE,1633,,,,,,,2,NO INDICATION OF INJURY,0,0,0,0,0,2,0,13,1,11,41.93862912,-87.77067407,POINT (-87.77067407171 41.93862911846),1
JA508995,,11/12/2017 13:40,30,TRAFFIC SIGNAL,FUNCTIONING PROPERLY,CLEAR,DAYLIGHT,SIDESWIPE SAME DIRECTION,DIVIDED - W/MEDIAN BARRIER,,STRAIGHT AND LEVEL,WET,NO DEFECTS,NOT ON SCENE (DESK REPORT),NO INJURY / DRIVE AWAY,,,,"OVER $1,500",11/12/2017 13:55,IMPROPER LANE USAGE,NOT APPLICABLE,700,S,COLUMBUS DR,114,,,,,,,2,NO INDICATION OF INJURY,0,0,0,0,0,2,0,13,1,11,41.87314833,-87.62073886,POINT (-87.620738859591 41.873148327225),1
JA509015,,11/12/2017 13:45,30,LANE USE MARKING,FUNCTIONING PROPERLY,RAIN,DAYLIGHT,ANGLE,NOT DIVIDED,4,STRAIGHT AND LEVEL,WET,NO DEFECTS,ON SCENE,INJURY AND / OR TOW DUE TO CRASH,,,,"OVER $1,500",11/12/2017 13:55,FAILING TO YIELD RIGHT-OF-WAY,UNABLE TO DETERMINE,5618,W,NORTH AVE,2531,,,,,,,2,NO INDICATION OF INJURY,0,0,0,0,0,2,0,13,1,11,41.90948083,-87.76641097,POINT (-87.766410970375 41.909480830157),1
JA509088,,11/12/2017 13:50,30,NO CONTROLS,NO CONTROLS,RAIN,DAYLIGHT,TURNING,DRIVEWAY,0,STRAIGHT AND LEVEL,WET,NO DEFECTS,ON SCENE,NO INJURY / DRIVE AWAY,,,,"OVER $1,500",11/12/2017 14:33,IMPROPER OVERTAKING/PASSING,WEATHER,7015,N,WESTERN AVE,2411,,,,,,,2,NO INDICATION OF INJURY,0,0,0,0,0,2,0,13,1,11,42.00910382,-87.69002531,POINT (-87.6900253078 42.009103815447),1
JA509064,,11/12/2017 13:55,30,TRAFFIC SIGNAL,FUNCTIONING PROPERLY,RAIN,DAYLIGHT,REAR END,CENTER TURN LANE,,STRAIGHT AND LEVEL,WET,NO DEFECTS,NOT ON SCENE (DESK REPORT),NO INJURY / DRIVE AWAY,,,,"OVER $1,500",11/12/2017 14:30,EQUIPMENT - VEHICLE CONDITION,UNABLE TO DETERMINE,6001,W,NORTH AVE,2531,,,,,,,2,NO INDICATION OF INJURY,0,0,0,0,0,5,0,13,1,11,41.90914329,-87.77563874,POINT (-87.775638739374 41.909143287683),1
JA509084,,11/12/2017 14:00,0,NO CONTROLS,NO CONTROLS,RAIN,DAYLIGHT,HEAD ON,PARKING LOT,0,STRAIGHT AND LEVEL,WET,NO DEFECTS,NOT ON SCENE (DESK REPORT),NO INJURY / DRIVE AWAY,,Y,,"OVER $1,500",11/12/2017 15:04,IMPROPER BACKING,DRIVING SKILLS/KNOWLEDGE/EXPERIENCE,4070,S,PULASKI RD,815,,,,,,,2,NO INDICATION OF INJURY,0,0,0,0,0,2,0,14,1,11,41.81862614,-87.72410506,POINT (-87.724105061765 41.818626138446),1
JA509014,,11/12/2017 14:00,30,NO CONTROLS,NO CONTROLS,RAIN,DAYLIGHT,PARKED MOTOR VEHICLE,DIVIDED - W/MEDIAN (NOT RAISED),4,"CURVE, LEVEL",WET,NO DEFECTS,ON SCENE,INJURY AND / OR TOW DUE TO CRASH,,,,"OVER $1,500",11/12/2017 14:06,WEATHER,UNABLE TO DETERMINE,7734,N,SHERIDAN RD,2422,,,,,,,2,NO INDICATION OF INJURY,0,0,0,0,0,1,0,14,1,11,42.0221835,-87.66700843,POINT (-87.667008431382 42.022183498769),1
JA509044,,11/12/2017 14:06,30,STOP SIGN/FLASHER,FUNCTIONING IMPROPERLY,RAIN,DAYLIGHT,TURNING,NOT DIVIDED,2,STRAIGHT AND LEVEL,WET,NO DEFECTS,ON SCENE,INJURY AND / OR TOW DUE TO CRASH,Y,,,"OVER $1,500",11/12/2017 14:07,DISREGARDING STOP SIGN,EXCEEDING SAFE SPEED FOR CONDITIONS,330,E,47TH ST,215,,,,,,,6,NONINCAPACITATING INJURY,3,0,0,3,0,3,0,14,1,11,41.80946708,-87.61822857,POINT (-87.618228567619 41.809467084317),1
JA511540,,11/12/2017 14:10,30,NO CONTROLS,NO CONTROLS,CLEAR,DAYLIGHT,PARKED MOTOR VEHICLE,ONE-WAY,2,STRAIGHT AND LEVEL,DRY,NO DEFECTS,NOT ON SCENE (DESK REPORT),NO INJURY / DRIVE AWAY,,,,"OVER $1,500",11/14/2017 14:30,UNABLE TO DETERMINE,NOT APPLICABLE,170,E,CHESTNUT ST,1833,,,,,,,2,NO INDICATION OF INJURY,0,0,0,0,0,2,0,14,1,11,41.89851019,-87.62306003,POINT (-87.623060034226 41.8985101908),1
JA509233,,11/12/2017 14:15,30,TRAFFIC SIGNAL,FUNCTIONING PROPERLY,RAIN,"DARKNESS, LIGHTED ROAD",REAR END,NOT DIVIDED,2,STRAIGHT ON GRADE,WET,NO DEFECTS,NOT ON SCENE (DESK REPORT),INJURY AND / OR TOW DUE TO CRASH,Y,,,"$501 - $1,500",11/12/2017 17:10,FAILING TO REDUCE SPEED TO AVOID CRASH,NOT APPLICABLE,8300,S,LAFAYETTE AVE,622,,,,,,,2,"REPORTED, NOT EVIDENT",1,0,0,0,1,1,0,14,1,11,41.74354185,-87.62577324,POINT (-87.625773241467 41.743541847975),1
JA509042,,11/12/2017 14:15,30,NO CONTROLS,NO CONTROLS,RAIN,DAYLIGHT,SIDESWIPE SAME DIRECTION,NOT DIVIDED,6,STRAIGHT AND LEVEL,WET,NO DEFECTS,NOT ON SCENE (DESK REPORT),NO INJURY / DRIVE AWAY,,,Y,"OVER $1,500",11/12/2017 14:16,IMPROPER OVERTAKING/PASSING,IMPROPER LANE USAGE,225,W,CERMAK RD,914,,,,,,,2,NO INDICATION OF INJURY,0,0,0,0,0,2,0,14,1,11,41.8527278,-87.63303884,POINT (-87.633038836846 41.85272780039),1
JA509262,,11/12/2017 14:20,30,NO CONTROLS,NO CONTROLS,RAIN,DAYLIGHT,SIDESWIPE SAME DIRECTION,ONE-WAY,4,STRAIGHT AND LEVEL,WET,"RUT, HOLES",NOT ON SCENE (DESK REPORT),NO INJURY / DRIVE AWAY,,,,"OVER $1,500",11/12/2017 17:40,DRIVING SKILLS/KNOWLEDGE/EXPERIENCE,IMPROPER OVERTAKING/PASSING,144,S,CLARK ST,122,,,,,,,2,NO INDICATION OF INJURY,0,0,0,0,0,2,0,14,1,11,41.87956873,-87.63097111,POINT (-87.630971113059 41.879568727752),1
JA509151,,11/12/2017 14:25,35,STOP SIGN/FLASHER,FUNCTIONING PROPERLY,RAIN,DAYLIGHT,TURNING,DIVIDED - W/MEDIAN (NOT RAISED),,STRAIGHT AND LEVEL,WET,NO DEFECTS,NOT ON SCENE (DESK REPORT),NO INJURY / DRIVE AWAY,,,,"$501 - $1,500",11/12/2017 15:55,FAILING TO YIELD RIGHT-OF-WAY,NOT APPLICABLE,3536,N,CICERO AVE,1634,,,,,,,2,NO INDICATION OF INJURY,0,0,0,0,0,2,0,14,1,11,41.94536662,-87.74718922,POINT (-87.747189220876 41.945366619053),1
JA509067,,11/12/2017 14:25,30,NO CONTROLS,NO CONTROLS,RAIN,DAYLIGHT,TURNING,NOT DIVIDED,4,STRAIGHT AND LEVEL,WET,NO DEFECTS,NOT ON SCENE (DESK REPORT),NO INJURY / DRIVE AWAY,,,,"OVER $1,500",11/12/2017 14:57,"OPERATING VEHICLE IN ERRATIC, RECKLESS, CARELESS, NEGLIGENT OR AGGRESSIVE MANNER",NOT APPLICABLE,1200,S,COLUMBUS DR,132,,,,,,,2,NO INDICATION OF INJURY,0,0,0,0,0,3,0,14,1,11,41.86738791,-87.62049103,POINT (-87.620491034097 41.867387913926),1
JA509107,,11/12/2017 14:25,30,TRAFFIC SIGNAL,FUNCTIONING PROPERLY,RAIN,DAYLIGHT,TURNING,NOT DIVIDED,4,STRAIGHT AND LEVEL,WET,NO DEFECTS,NOT ON SCENE (DESK REPORT),NO INJURY / DRIVE AWAY,Y,,,$500 OR LESS,11/12/2017 15:10,FOLLOWING TOO CLOSELY,WEATHER,100,E,MONROE DR,114,,,,,,,2,NO INDICATION OF INJURY,0,0,0,0,0,2,0,14,1,11,41.8809385,-87.62427131,POINT (-87.624271308291 41.880938503879),1