RD_NO,CRASH_DATE_EST_I,CRASH_DATE,POSTED_SPEED_LIMIT,TRAFFIC_CONTROL_DEVICE,DEVICE_CONDITION,WEATHER_CONDITION,LIGHTING_CONDITION,FIRST_CRASH_TYPE,TRAFFICWAY_TYPE,LANE_CNT,ALIGNMENT,ROADWAY_SURFACE_COND,ROAD_DEFECT,REPORT_TYPE,CRASH_TYPE,INTERSECTION_RELATED_I,NOT_RIGHT_OF_WAY_I,HIT_AND_RUN_I,DAMAGE,DATE_POLICE_NOTIFIED,PRIM_CONTRIBUTORY_CAUSE,SEC_CONTRIBUTORY_CAUSE,STREET_NO,STREET_DIRECTION,STREET_NAME,BEAT_OF_OCCURRENCE,PHOTOS_TAKEN_I,STATEMENTS_TAKEN_I,DOORING_I,WORK_ZONE_I,WORK_ZONE_TYPE,WORKERS_PRESENT_I,NUM_UNITS,MOST_SEVERE_INJURY,INJURIES_TOTAL,INJURIES_FATAL,INJURIES_INCAPACITATING,INJURIES_NON_INCAPACITATING,INJURIES_REPORTED_NOT_EVIDENT,INJURIES_NO_INDICATION,INJURIES_UNKNOWN,CRASH_HOUR,CRASH_DAY_OF_WEEK,CRASH_MONTH,LATITUDE,LONGITUDE,LOCATION,Join
JA509085,,11/12/2017 14:28,35,TRAFFIC SIGNAL,FUNCTIONING PROPERLY,RAIN,DAYLIGHT,TURNING,OTHER,,STRAIGHT AND LEVEL,WET,UNKNOWN,NOT ON SCENE (DESK REPORT),NO INJURY / DRIVE AWAY,,,Y,"OVER $1,500",11/12/2017 14:50,UNABLE TO DETERMINE,UNABLE TO DETERMINE,300,E,47TH ST,215,,,,,,,2,NO INDICATION OF INJURY,0,0,0,0,0,2,0,14,1,11,41.80944685,-87.61952409,POINT (-87.619524087226 41.809446853655),1
JA509101,,11/12/2017 14:30,10,NO CONTROLS,NO CONTROLS,RAIN,DAYLIGHT,ANGLE,PARKING LOT,,STRAIGHT AND LEVEL,WET,NO DEFECTS,NOT ON SCENE (DESK REPORT),NO INJURY / DRIVE AWAY,,Y,,$500 OR LESS,11/12/2017 15:00,IMPROPER BACKING,NOT APPLICABLE,5251,N,BROADWAY,2023,,,,,,,2,NO INDICATION OF INJURY,0,0,0,0,0,4,0,14,1,11,41.97782928,-87.65976171,POINT (-87.659761705114 41.977829281275),1
JA509074,,11/12/2017 14:30,30,NO CONTROLS,NO CONTROLS,RAIN,DAYLIGHT,PARKED MOTOR VEHICLE,NOT DIVIDED,1,STRAIGHT AND LEVEL,WET,NO DEFECTS,ON SCENE,INJURY AND / OR TOW DUE TO CRASH,,,Y,"OVER $1,500",11/12/2017 14:36,UNABLE TO DETERMINE,UNABLE TO DETERMINE,1145,W,71ST ST,733,,,,,,,2,NO INDICATION OF INJURY,0,0,0,0,0,1,0,14,1,11,41.76495568,-87.65346208,POINT (-87.653462080998 41.764955674634),1
JA509187,,11/12/2017 14:30,30,STOP SIGN/FLASHER,FUNCTIONING PROPERLY,RAIN,DAYLIGHT,ANGLE,DIVIDED - W/MEDIAN (NOT RAISED),4,STRAIGHT AND LEVEL,WET,NO DEFECTS,NOT ON SCENE (DESK REPORT),NO INJURY / DRIVE AWAY,,,,"OVER $1,500",11/12/2017 16:35,FAILING TO YIELD RIGHT-OF-WAY,DRIVING SKILLS/KNOWLEDGE/EXPERIENCE,4500,N,KEDZIE AVE,1724,,,,,,,2,NO INDICATION OF INJURY,0,0,0,0,0,4,0,14,1,11,41.96309461,-87.70845157,POINT (-87.708451565891 41.963094609686),1
JA509094,,11/12/2017 14:31,30,NO CONTROLS,NO CONTROLS,CLOUDY/OVERCAST,DAYLIGHT,ANGLE,NOT DIVIDED,,STRAIGHT ON GRADE,WET,NO DEFECTS,NOT ON SCENE (DESK REPORT),NO INJURY / DRIVE AWAY,,,,"$501 - $1,500",11/12/2017 15:25,DRIVING SKILLS/KNOWLEDGE/EXPERIENCE,UNABLE TO DETERMINE,1740,W,ESTES AVE,2423,,,,,,,2,NO INDICATION OF INJURY,0,0,0,0,0,2,0,14,1,11,42.01152972,-87.67401894,POINT (-87.674018935437 42.011529715135),1
JA509065,,11/12/2017 14:40,30,STOP SIGN/FLASHER,UNKNOWN,RAIN,DAYLIGHT,ANGLE,NOT DIVIDED,,STRAIGHT AND LEVEL,WET,NO DEFECTS,ON SCENE,INJURY AND / OR TOW DUE TO CRASH,Y,,,"OVER $1,500",11/12/2017 14:50,WEATHER,NOT APPLICABLE,5201,W,DICKENS AVE,2515,,,,,,,2,NO INDICATION OF INJURY,0,0,0,0,0,3,0,14,1,11,41.91854664,-87.75606487,POINT (-87.756064873511 41.918546641456),1
JA509083,,11/12/2017 14:40,30,NO CONTROLS,NO CONTROLS,RAIN,DAYLIGHT,TURNING,NOT DIVIDED,4,STRAIGHT AND LEVEL,WET,NO DEFECTS,NOT ON SCENE (DESK REPORT),NO INJURY / DRIVE AWAY,,,,"$501 - $1,500",11/12/2017 15:05,IMPROPER TURNING/NO SIGNAL,NOT APPLICABLE,2501,W,CERMAK RD,1034,,,,,,,2,NO INDICATION OF INJURY,0,0,0,0,0,2,0,14,1,11,41.85189893,-87.68800784,POINT (-87.688007842482 41.851898927195),1
JA510391,,11/12/2017 14:45,30,TRAFFIC SIGNAL,FUNCTIONING PROPERLY,CLEAR,DAYLIGHT,REAR END,DIVIDED - W/MEDIAN (NOT RAISED),2,STRAIGHT AND LEVEL,DRY,NO DEFECTS,NOT ON SCENE (DESK REPORT),NO INJURY / DRIVE AWAY,,,Y,"$501 - $1,500",11/13/2017 15:30,UNABLE TO DETERMINE,NOT APPLICABLE,6800,N,CLARK ST,2424,,,,,,,3,NO INDICATION OF INJURY,0,0,0,0,0,3,0,14,1,11,42.00536657,-87.67326201,POINT (-87.67326200571 42.005366572754),1
JA509136,,11/12/2017 14:47,30,TRAFFIC SIGNAL,FUNCTIONING PROPERLY,RAIN,DAYLIGHT,TURNING,DIVIDED - W/MEDIAN BARRIER,,STRAIGHT AND LEVEL,WET,NO DEFECTS,ON SCENE,INJURY AND / OR TOW DUE TO CRASH,Y,,,"OVER $1,500",11/12/2017 15:31,IMPROPER TURNING/NO SIGNAL,NOT APPLICABLE,1157,S,MICHIGAN AVE,114,,,,,,,2,NO INDICATION OF INJURY,0,0,0,0,0,2,0,14,1,11,41.86754571,-87.62397799,POINT (-87.623977993239 41.867545711037),1
JA509951,,11/12/2017 15:00,30,NO CONTROLS,NO CONTROLS,CLOUDY/OVERCAST,DAYLIGHT,SIDESWIPE SAME DIRECTION,DIVIDED - W/MEDIAN (NOT RAISED),2,STRAIGHT AND LEVEL,WET,NO DEFECTS,NOT ON SCENE (DESK REPORT),NO INJURY / DRIVE AWAY,,,,"$501 - $1,500",11/13/2017 10:40,UNABLE TO DETERMINE,UNABLE TO DETERMINE,550,N,KINGSBURY ST,1831,,,,,,,2,NO INDICATION OF INJURY,0,0,0,0,0,2,0,15,1,11,41.89181352,-87.64027938,POINT (-87.640279379111 41.89181351767),1
JA509116,,11/12/2017 15:00,30,TRAFFIC SIGNAL,FUNCTIONING PROPERLY,RAIN,DAYLIGHT,TURNING,NOT DIVIDED,2,STRAIGHT AND LEVEL,WET,NO DEFECTS,NOT ON SCENE (DESK REPORT),NO INJURY / DRIVE AWAY,Y,,,"$501 - $1,500",11/12/2017 15:40,FAILING TO YIELD RIGHT-OF-WAY,FAILING TO REDUCE SPEED TO AVOID CRASH,2125,N,CENTRAL AVE,2515,,,,,,,2,NO INDICATION OF INJURY,0,0,0,0,0,3,0,15,1,11,41.91888608,-87.76526616,POINT (-87.765266160193 41.918886081471),1
JA509225,,11/12/2017 15:00,30,NO CONTROLS,NO CONTROLS,RAIN,DAYLIGHT,REAR END,NOT DIVIDED,4,STRAIGHT AND LEVEL,WET,NO DEFECTS,NOT ON SCENE (DESK REPORT),NO INJURY / DRIVE AWAY,,,,"$501 - $1,500",11/12/2017 17:00,FAILING TO YIELD RIGHT-OF-WAY,UNABLE TO DETERMINE,100,W,71ST ST,731,,,,,,,2,NO INDICATION OF INJURY,0,0,0,0,0,2,0,15,1,11,41.76556378,-87.62793555,POINT (-87.627935550436 41.765563775096),1
JA509138,,11/12/2017 15:00,30,NO CONTROLS,NO CONTROLS,OTHER,DAYLIGHT,PARKED MOTOR VEHICLE,DIVIDED - W/MEDIAN (NOT RAISED),2,STRAIGHT AND LEVEL,WET,NO DEFECTS,NOT ON SCENE (DESK REPORT),NO INJURY / DRIVE AWAY,,,,$500 OR LESS,11/12/2017 15:30,DISTRACTION - FROM INSIDE VEHICLE,NOT APPLICABLE,1601,N,SEDGWICK ST,1814,,,,,,,2,,,,,,,,,15,1,11,41.91116562,-87.63844714,POINT (-87.638447139342 41.91116561817),1
JA509099,,11/12/2017 15:05,30,NO CONTROLS,NO CONTROLS,RAIN,DAYLIGHT,HEAD ON,DIVIDED - W/MEDIAN (NOT RAISED),,STRAIGHT AND LEVEL,WET,NO DEFECTS,ON SCENE,NO INJURY / DRIVE AWAY,,,,$500 OR LESS,11/12/2017 15:05,IMPROPER BACKING,NOT APPLICABLE,2743,W,55TH ST,824,,,,,,,2,NO INDICATION OF INJURY,0,0,0,0,0,3,0,15,1,11,41.79359381,-87.69305954,POINT (-87.693059542959 41.793593808605),1
JA509119,,11/12/2017 15:10,30,NO CONTROLS,NO CONTROLS,RAIN,DAWN,FIXED OBJECT,ONE-WAY,2,STRAIGHT AND LEVEL,WET,UNKNOWN,ON SCENE,NO INJURY / DRIVE AWAY,,,,"OVER $1,500",11/12/2017 15:13,IMPROPER OVERTAKING/PASSING,UNABLE TO DETERMINE,9400,S,LAFAYETTE AVE,634,,Y,,,,,2,NO INDICATION OF INJURY,0,0,0,0,0,2,0,15,1,11,41.72349618,-87.62522299,POINT (-87.625222991138 41.723496181638),1
JA509157,,11/12/2017 15:20,30,TRAFFIC SIGNAL,FUNCTIONING PROPERLY,RAIN,DAYLIGHT,REAR END,DIVIDED - W/MEDIAN (NOT RAISED),4,STRAIGHT AND LEVEL,WET,NO DEFECTS,NOT ON SCENE (DESK REPORT),NO INJURY / DRIVE AWAY,,,Y,"OVER $1,500",11/12/2017 16:02,FAILING TO REDUCE SPEED TO AVOID CRASH,DRIVING SKILLS/KNOWLEDGE/EXPERIENCE,5500,S,AUSTIN AVE,811,,,,,,,2,NO INDICATION OF INJURY,0,0,0,0,0,2,0,15,1,11,41.792448,-87.77220973,POINT (-87.772209725203 41.792447999377),1
JA509188,,11/12/2017 15:30,30,NO CONTROLS,NO CONTROLS,RAIN,DAYLIGHT,TURNING,NOT DIVIDED,2,STRAIGHT AND LEVEL,DRY,NO DEFECTS,NOT ON SCENE (DESK REPORT),NO INJURY / DRIVE AWAY,,,,"OVER $1,500",11/12/2017 16:40,FAILING TO YIELD RIGHT-OF-WAY,EXCEEDING AUTHORIZED SPEED LIMIT,3400,W,FOSTER AVE,1712,,,,,,,2,NO INDICATION OF INJURY,0,0,0,0,0,2,0,15,1,11,41.97579827,-87.71362075,POINT (-87.713620746098 41.975798273754),1
JA509137,,11/12/2017 15:30,30,TRAFFIC SIGNAL,FUNCTIONING PROPERLY,RAIN,DAYLIGHT,SIDESWIPE SAME DIRECTION,NOT DIVIDED,2,STRAIGHT AND LEVEL,WET,NO DEFECTS,ON SCENE,NO INJURY / DRIVE AWAY,,,,"OVER $1,500",11/12/2017 15:33,UNABLE TO DETERMINE,NOT APPLICABLE,7100,S,JEFFERY BLVD,333,,,,,,,2,NO INDICATION OF INJURY,0,0,0,0,0,4,0,15,1,11,41.76602778,-87.57644312,POINT (-87.576443122779 41.766027779516),1
JA509127,,11/12/2017 15:30,30,TRAFFIC SIGNAL,FUNCTIONING PROPERLY,RAIN,DAYLIGHT,REAR END,NOT DIVIDED,2,STRAIGHT AND LEVEL,WET,NO DEFECTS,NOT ON SCENE (DESK REPORT),NO INJURY / DRIVE AWAY,Y,,,"$501 - $1,500",11/12/2017 15:35,EQUIPMENT - VEHICLE CONDITION,FOLLOWING TOO CLOSELY,4648,S,CALIFORNIA AVE,922,,,,,,,2,NO INDICATION OF INJURY,0,0,0,0,0,3,0,15,1,11,41.80864678,-87.6943632,POINT (-87.694363204398 41.808646781253),1
JA509144,,11/12/2017 15:30,35,NO CONTROLS,NO CONTROLS,RAIN,DAYLIGHT,REAR END,NOT DIVIDED,4,STRAIGHT AND LEVEL,WET,NO DEFECTS,ON SCENE,NO INJURY / DRIVE AWAY,,,Y,"$501 - $1,500",11/12/2017 15:50,WEATHER,FOLLOWING TOO CLOSELY,7201,W,IRVING PARK RD,1631,,,,,,,3,NO INDICATION OF INJURY,0,0,0,0,0,4,0,15,1,11,41.95265541,-87.80733132,POINT (-87.807331324127 41.952655406155),1
JA510893,,11/12/2017 15:30,30,STOP SIGN/FLASHER,FUNCTIONING PROPERLY,RAIN,DAYLIGHT,REAR END,NOT DIVIDED,,STRAIGHT AND LEVEL,WET,UNKNOWN,NOT ON SCENE (DESK REPORT),NO INJURY / DRIVE AWAY,,,,"OVER $1,500",11/13/2017 22:15,UNABLE TO DETERMINE,UNABLE TO DETERMINE,2600,W,IRVING PARK RD,1911,,,,,,,2,NO INDICATION OF INJURY,0,0,0,0,0,2,0,15,1,11,41.95410572,-87.69329037,POINT (-87.693290369008 41.954105716988),1
JA509141,,11/12/2017 15:30,30,TRAFFIC SIGNAL,NOT FUNCTIONING,RAIN,DAYLIGHT,REAR END,NOT DIVIDED,,STRAIGHT AND LEVEL,WET,NO DEFECTS,NOT ON SCENE (DESK REPORT),NO INJURY / DRIVE AWAY,,,,"$501 - $1,500",11/12/2017 16:30,UNABLE TO DETERMINE,NOT APPLICABLE,1940,N,ASHLAND AVE,1433,,,,,,,2,NO INDICATION OF INJURY,0,0,0,0,0,2,0,15,1,11,41.91730622,-87.6679229,POINT (-87.667922898645 41.9173062158),1
JA509202,,11/12/2017 15:45,30,NO CONTROLS,NO CONTROLS,RAIN,DUSK,TURNING,NOT DIVIDED,2,STRAIGHT AND LEVEL,WET,NO DEFECTS,NOT ON SCENE (DESK REPORT),NO INJURY / DRIVE AWAY,,,,"$501 - $1,500",11/12/2017 16:52,FAILING TO YIELD RIGHT-OF-WAY,NOT APPLICABLE,1101,S,CANAL ST,124,,,,,,,2,NO INDICATION OF INJURY,0,0,0,0,0,3,0,15,1,11,41.86888971,-87.63909893,POINT (-87.639098928088 41.868889711112),1
JA509152,,11/12/2017 15:45,30,NO CONTROLS,NO CONTROLS,RAIN,DAYLIGHT,REAR END,NOT DIVIDED,2,STRAIGHT AND LEVEL,WET,NO DEFECTS,NOT ON SCENE (DESK REPORT),NO INJURY / DRIVE AWAY,,,,"OVER $1,500",11/12/2017 15:55,FOLLOWING TOO CLOSELY,NOT APPLICABLE,433,W,DIVISION ST,1823,,,,,,,2,NO INDICATION OF INJURY,0,0,0,0,0,2,0,15,1,11,41.90366339,-87.63951919,POINT (-87.639519190358 41.903663392235),1
JA509184,,11/12/2017 15:50,30,TRAFFIC SIGNAL,FUNCTIONING PROPERLY,RAIN,DAYLIGHT,SIDESWIPE SAME DIRECTION,NOT DIVIDED,,STRAIGHT AND LEVEL,WET,NO DEFECTS,ON SCENE,NO INJURY / DRIVE AWAY,,,,"OVER $1,500",11/12/2017 15:53,NOT APPLICABLE,NOT APPLICABLE,3302,N,CLARK ST,1924,,,,,,,2,NO INDICATION OF INJURY,0,0,0,0,0,3,0,15,1,11,41.94179351,-87.65233639,POINT (-87.652336388176 41.941793511746),1
JA509165,,11/12/2017 15:55,35,NO CONTROLS,NO CONTROLS,RAIN,DAYLIGHT,SIDESWIPE SAME DIRECTION,NOT DIVIDED,2,STRAIGHT AND LEVEL,WET,NO DEFECTS,ON SCENE,INJURY AND / OR TOW DUE TO CRASH,,,,"OVER $1,500",11/12/2017 16:00,IMPROPER LANE USAGE,UNABLE TO DETERMINE,1548,N,CLYBOURN AVE,1822,,,,,,,2,NO INDICATION OF INJURY,0,0,0,0,0,2,0,15,1,11,41.90951192,-87.64777803,POINT (-87.647778027718 41.909511922541),1
JA509207,,11/12/2017 16:00,30,NO CONTROLS,NO CONTROLS,RAIN,DUSK,REAR END,NOT DIVIDED,4,STRAIGHT AND LEVEL,WET,NO DEFECTS,NOT ON SCENE (DESK REPORT),NO INJURY / DRIVE AWAY,,,,"OVER $1,500",11/12/2017 16:56,FOLLOWING TOO CLOSELY,WEATHER,4530,W,26TH ST,1013,,,,,,,2,NO INDICATION OF INJURY,0,0,0,0,0,2,0,16,1,11,41.84417523,-87.73786356,POINT (-87.737863560553 41.84417523001),1
JA509205,,11/12/2017 16:00,30,UNKNOWN,UNKNOWN,UNKNOWN,DAYLIGHT,PARKED MOTOR VEHICLE,UNKNOWN,,STRAIGHT AND LEVEL,WET,UNKNOWN,NOT ON SCENE (DESK REPORT),NO INJURY / DRIVE AWAY,,,Y,"$501 - $1,500",11/12/2017 16:50,UNABLE TO DETERMINE,UNABLE TO DETERMINE,4723,W,WRIGHTWOOD AVE,2521,,,,,,,2,NO INDICATION OF INJURY,0,0,0,0,0,1,0,16,1,11,41.92810529,-87.74497062,POINT (-87.744970614866 41.928105290873),1
JA509123,,11/12/2017 16:00,30,NO CONTROLS,NO CONTROLS,RAIN,DUSK,PARKED MOTOR VEHICLE,ONE-WAY,1,STRAIGHT AND LEVEL,WET,NO DEFECTS,ON SCENE,INJURY AND / OR TOW DUE TO CRASH,,,,"OVER $1,500",11/12/2017 16:02,UNABLE TO DETERMINE,NOT APPLICABLE,1323,N,WASHTENAW AVE,1423,,,,,,,2,NO INDICATION OF INJURY,0,0,0,0,0,1,0,16,1,11,41.90557421,-87.69433645,POINT (-87.694336450666 41.905574205778),1
JA509198,,11/12/2017 16:00,30,NO CONTROLS,NO CONTROLS,RAIN,DUSK,REAR END,DIVIDED - W/MEDIAN (NOT RAISED),2,STRAIGHT AND LEVEL,WET,NO DEFECTS,NOT ON SCENE (DESK REPORT),NO INJURY / DRIVE AWAY,,,,"OVER $1,500",11/12/2017 16:48,FAILING TO REDUCE SPEED TO AVOID CRASH,EQUIPMENT - VEHICLE CONDITION,3350,S,KEDZIE AVE,1032,,,,,,,2,NO INDICATION OF INJURY,0,0,0,0,0,2,0,16,1,11,41.8319601,-87.7048204,POINT (-87.704820401057 41.831960102381),1
JA509328,,11/12/2017 16:00,25,NO CONTROLS,NO CONTROLS,RAIN,DUSK,PARKED MOTOR VEHICLE,NOT DIVIDED,2,STRAIGHT AND LEVEL,WET,NO DEFECTS,NOT ON SCENE (DESK REPORT),NO INJURY / DRIVE AWAY,,,,"OVER $1,500",11/12/2017 18:30,EXCEEDING AUTHORIZED SPEED LIMIT,NOT APPLICABLE,9544,S,CHARLES ST,2213,,,,,,,2,NO INDICATION OF INJURY,0,0,0,0,0,1,0,16,1,11,41.7199286,-87.66389534,POINT (-87.663895342285 41.719928603161),1
JA509208,,11/12/2017 16:00,25,NO CONTROLS,NO CONTROLS,RAIN,DUSK,REAR END,NOT DIVIDED,4,STRAIGHT AND LEVEL,WET,NO DEFECTS,NOT ON SCENE (DESK REPORT),NO INJURY / DRIVE AWAY,,,,"OVER $1,500",11/12/2017 16:50,FAILING TO REDUCE SPEED TO AVOID CRASH,WEATHER,1133,W,87TH ST,2222,,,,,,,2,NO INDICATION OF INJURY,0,0,0,0,0,3,0,16,1,11,41.73584123,-87.65226433,POINT (-87.65226432862 41.73584123166),1
JA509197,,11/12/2017 16:20,30,TRAFFIC SIGNAL,FUNCTIONING PROPERLY,CLOUDY/OVERCAST,DAYLIGHT,REAR END,DIVIDED - W/MEDIAN (NOT RAISED),,STRAIGHT AND LEVEL,WET,NO DEFECTS,NOT ON SCENE (DESK REPORT),NO INJURY / DRIVE AWAY,Y,,,"OVER $1,500",11/12/2017 16:35,FOLLOWING TOO CLOSELY,UNABLE TO DETERMINE,5450,W,DIVERSEY AVE,2514,,,,,,,2,NO INDICATION OF INJURY,0,0,0,0,0,9,0,16,1,11,41.93142489,-87.76341391,POINT (-87.763413906298 41.931424893872),1
JA509323,,11/12/2017 16:22,30,UNKNOWN,UNKNOWN,CLEAR,DAYLIGHT,REAR END,PARKING LOT,,STRAIGHT AND LEVEL,WET,UNKNOWN,NOT ON SCENE (DESK REPORT),NO INJURY / DRIVE AWAY,,,,"$501 - $1,500",11/12/2017 18:29,IMPROPER BACKING,IMPROPER BACKING,4400,W,DIVERSEY AVE,2523,,,,,,,2,NO INDICATION OF INJURY,0,0,0,0,0,2,0,16,1,11,41.93177005,-87.7368781,POINT (-87.736878102753 41.931770047674),1
JA529246,,11/12/2017 16:25,30,NO CONTROLS,NO CONTROLS,RAIN,DAYLIGHT,REAR END,NOT DIVIDED,4,STRAIGHT AND LEVEL,WET,NO DEFECTS,ON SCENE,INJURY AND / OR TOW DUE TO CRASH,,,,"OVER $1,500",11/12/2017 16:41,FOLLOWING TOO CLOSELY,CELL PHONE USE OTHER THAN TEXTING,3737,N,PULASKI RD,1732,,,,,,,3,NONINCAPACITATING INJURY,1,0,0,1,0,3,0,16,1,11,41.94929259,-87.72733818,POINT (-87.727338180874 41.949292593736),1
JA540130,,11/12/2017 16:30,30,NO CONTROLS,NO CONTROLS,CLEAR,DUSK,ANGLE,NOT DIVIDED,4,STRAIGHT AND LEVEL,DRY,NO DEFECTS,NOT ON SCENE (DESK REPORT),NO INJURY / DRIVE AWAY,,,,"OVER $1,500",12/7/2017 12:00,FAILING TO YIELD RIGHT-OF-WAY,UNABLE TO DETERMINE,1466,N,ASHLAND AVE,1433,,,,,,,2,NO INDICATION OF INJURY,0,0,0,0,0,2,0,16,1,11,41.90891862,-87.66779137,POINT (-87.667791365775 41.90891862032),1
JA509238,Y,11/12/2017 16:30,30,TRAFFIC SIGNAL,FUNCTIONING PROPERLY,CLEAR,DAYLIGHT,REAR END,NOT DIVIDED,,STRAIGHT AND LEVEL,WET,NO DEFECTS,NOT ON SCENE (DESK REPORT),NO INJURY / DRIVE AWAY,Y,,,"$501 - $1,500",11/12/2017 17:22,DRIVING SKILLS/KNOWLEDGE/EXPERIENCE,NOT APPLICABLE,5699,N,LAKE SHORE DR SB,2022,,,,,,,2,NO INDICATION OF INJURY,0,0,0,0,0,2,0,16,1,11,41.98542413,-87.6533569,POINT (-87.653356895505 41.985424127099),1
JA509223,,11/12/2017 16:30,30,NO CONTROLS,NO CONTROLS,RAIN,DARKNESS,SIDESWIPE SAME DIRECTION,NOT DIVIDED,2,STRAIGHT AND LEVEL,WET,NO DEFECTS,NOT ON SCENE (DESK REPORT),NO INJURY / DRIVE AWAY,,,,"OVER $1,500",11/12/2017 17:10,FAILING TO YIELD RIGHT-OF-WAY,EXCEEDING AUTHORIZED SPEED LIMIT,5400,N,CUMBERLAND AVE,1614,,,,,,,2,NO INDICATION OF INJURY,0,0,0,0,0,2,0,16,1,11,41.97750034,-87.83675449,POINT (-87.83675449392 41.977500342528),1
JA509212,,11/12/2017 16:30,30,NO CONTROLS,NO CONTROLS,RAIN,"DARKNESS, LIGHTED ROAD",TURNING,NOT DIVIDED,,STRAIGHT AND LEVEL,WET,NO DEFECTS,ON SCENE,INJURY AND / OR TOW DUE TO CRASH,Y,,,"OVER $1,500",11/12/2017 16:40,FAILING TO YIELD RIGHT-OF-WAY,NOT APPLICABLE,6227,N,MILWAUKEE AVE,1611,,,,,,,2,NO INDICATION OF INJURY,0,0,0,0,0,2,0,16,1,11,41.99452167,-87.78500832,POINT (-87.785008316075 41.994521669714),1
JA512614,,11/12/2017 16:30,35,STOP SIGN/FLASHER,NO CONTROLS,CLEAR,"DARKNESS, LIGHTED ROAD",PEDESTRIAN,DIVIDED - W/MEDIAN (NOT RAISED),4,STRAIGHT AND LEVEL,DRY,NO DEFECTS,NOT ON SCENE (DESK REPORT),INJURY AND / OR TOW DUE TO CRASH,,,,$500 OR LESS,11/15/2017 11:30,UNABLE TO DETERMINE,NOT APPLICABLE,2659,N,CENTRAL AVE,2514,,,,,,,2,"REPORTED, NOT EVIDENT",1,0,0,0,1,1,0,16,1,11,41.92940999,-87.76603316,POINT (-87.766033156437 41.929409987412),1
JA509280,,11/12/2017 16:38,30,NO CONTROLS,NO CONTROLS,RAIN,"DARKNESS, LIGHTED ROAD",SIDESWIPE SAME DIRECTION,DIVIDED - W/MEDIAN (NOT RAISED),4,STRAIGHT AND LEVEL,WET,NO DEFECTS,NOT ON SCENE (DESK REPORT),NO INJURY / DRIVE AWAY,,,,"OVER $1,500",11/12/2017 17:25,UNABLE TO DETERMINE,UNABLE TO DETERMINE,1843,S,HALSTED ST,1235,,,,,,,2,NO INDICATION OF INJURY,0,0,0,0,0,2,0,16,1,11,41.85677452,-87.64646624,POINT (-87.646466243966 41.856774518335),1
JA511311,,11/12/2017 16:40,30,NO CONTROLS,NO CONTROLS,RAIN,DAYLIGHT,SIDESWIPE SAME DIRECTION,DIVIDED - W/MEDIAN (NOT RAISED),4,STRAIGHT AND LEVEL,WET,NO DEFECTS,NOT ON SCENE (DESK REPORT),NO INJURY / DRIVE AWAY,,,,"$501 - $1,500",11/14/2017 11:10,IMPROPER OVERTAKING/PASSING,UNABLE TO DETERMINE,3451,S,CALIFORNIA AVE,911,,,,,,,2,NO INDICATION OF INJURY,0,0,0,0,0,3,0,16,1,11,41.83036608,-87.69465737,POINT (-87.694657371087 41.830366082892),1
JA509297,,11/12/2017 16:53,30,UNKNOWN,UNKNOWN,RAIN,"DARKNESS, LIGHTED ROAD",REAR END,UNKNOWN,,STRAIGHT AND LEVEL,WET,UNKNOWN,NOT ON SCENE (DESK REPORT),NO INJURY / DRIVE AWAY,,,,"$501 - $1,500",11/12/2017 18:05,FOLLOWING TOO CLOSELY,FOLLOWING TOO CLOSELY,5201,W,DIVERSEY AVE,2514,,,,,,,2,NO INDICATION OF INJURY,0,0,0,0,0,2,0,16,1,11,41.93128799,-87.75654007,POINT (-87.756540072827 41.93128798919),1
JA509257,,11/12/2017 16:57,30,TRAFFIC SIGNAL,FUNCTIONING PROPERLY,RAIN,"DARKNESS, LIGHTED ROAD",REAR END,NOT DIVIDED,4,STRAIGHT AND LEVEL,WET,NO DEFECTS,NOT ON SCENE (DESK REPORT),NO INJURY / DRIVE AWAY,Y,,,"OVER $1,500",11/12/2017 16:57,FOLLOWING TOO CLOSELY,NOT APPLICABLE,4559,N,DAMEN AVE,1912,,,,,,,2,NO INDICATION OF INJURY,0,0,0,0,0,2,0,16,1,11,41.96505418,-87.67893538,POINT (-87.678935380954 41.965054177773),1
JA509283,,11/12/2017 17:00,30,TRAFFIC SIGNAL,FUNCTIONING PROPERLY,RAIN,"DARKNESS, LIGHTED ROAD",TURNING,DIVIDED - W/MEDIAN (NOT RAISED),4,STRAIGHT AND LEVEL,WET,NO DEFECTS,ON SCENE,INJURY AND / OR TOW DUE TO CRASH,Y,,,"OVER $1,500",11/12/2017 17:04,FAILING TO YIELD RIGHT-OF-WAY,WEATHER,3700,S,ARCHER AVE,911,,,,,,,2,NO INDICATION OF INJURY,0,0,0,0,0,4,0,17,1,11,41.82634907,-87.6844724,POINT (-87.684472400749 41.826349067226),1