RD_NO,CRASH_DATE_EST_I,CRASH_DATE,POSTED_SPEED_LIMIT,TRAFFIC_CONTROL_DEVICE,DEVICE_CONDITION,WEATHER_CONDITION,LIGHTING_CONDITION,FIRST_CRASH_TYPE,TRAFFICWAY_TYPE,LANE_CNT,ALIGNMENT,ROADWAY_SURFACE_COND,ROAD_DEFECT,REPORT_TYPE,CRASH_TYPE,INTERSECTION_RELATED_I,NOT_RIGHT_OF_WAY_I,HIT_AND_RUN_I,DAMAGE,DATE_POLICE_NOTIFIED,PRIM_CONTRIBUTORY_CAUSE,SEC_CONTRIBUTORY_CAUSE,STREET_NO,STREET_DIRECTION,STREET_NAME,BEAT_OF_OCCURRENCE,PHOTOS_TAKEN_I,STATEMENTS_TAKEN_I,DOORING_I,WORK_ZONE_I,WORK_ZONE_TYPE,WORKERS_PRESENT_I,NUM_UNITS,MOST_SEVERE_INJURY,INJURIES_TOTAL,INJURIES_FATAL,INJURIES_INCAPACITATING,INJURIES_NON_INCAPACITATING,INJURIES_REPORTED_NOT_EVIDENT,INJURIES_NO_INDICATION,INJURIES_UNKNOWN,CRASH_HOUR,CRASH_DAY_OF_WEEK,CRASH_MONTH,LATITUDE,LONGITUDE,LOCATION,Join
JA520791,,11/12/2017 17:00,30,STOP SIGN/FLASHER,FUNCTIONING PROPERLY,CLEAR,DARKNESS,ANGLE,NOT DIVIDED,2,STRAIGHT AND LEVEL,UNKNOWN,UNKNOWN,NOT ON SCENE (DESK REPORT),NO INJURY / DRIVE AWAY,Y,,,"$501 - $1,500",11/21/2017 18:18,FAILING TO YIELD RIGHT-OF-WAY,FAILING TO YIELD RIGHT-OF-WAY,1500,W,WELLINGTON AVE,1932,,,,,,,2,NO INDICATION OF INJURY,0,0,0,0,0,3,0,17,1,11,41.93619083,-87.66623908,POINT (-87.666239082379 41.936190824525),1
JA509314,,11/12/2017 17:00,30,NO CONTROLS,NO CONTROLS,CLOUDY/OVERCAST,DUSK,REAR END,NOT DIVIDED,,STRAIGHT AND LEVEL,WET,NO DEFECTS,NOT ON SCENE (DESK REPORT),NO INJURY / DRIVE AWAY,,,,"OVER $1,500",11/12/2017 18:00,FOLLOWING TOO CLOSELY,UNABLE TO DETERMINE,2715,N,NARRAGANSETT AVE,2512,,,,,,,2,NO INDICATION OF INJURY,0,0,0,0,0,2,0,17,1,11,41.92966084,-87.78551464,POINT (-87.785514636829 41.929660839517),1
JA509242,,11/12/2017 17:03,30,NO CONTROLS,NO CONTROLS,RAIN,DARKNESS,PEDESTRIAN,NOT DIVIDED,2,STRAIGHT AND LEVEL,WET,NO DEFECTS,ON SCENE,INJURY AND / OR TOW DUE TO CRASH,N,,Y,"OVER $1,500",11/12/2017 17:04,UNABLE TO DETERMINE,NOT APPLICABLE,557,S,CENTRAL PARK AVE,1133,,,,,,,2,"REPORTED, NOT EVIDENT",1,0,0,0,1,1,0,17,1,11,41.87358252,-87.71551163,POINT (-87.715511626388 41.873582515618),1
JA509260,,11/12/2017 17:05,30,NO CONTROLS,NO CONTROLS,RAIN,DARKNESS,REAR END,DIVIDED - W/MEDIAN BARRIER,4,STRAIGHT AND LEVEL,WET,UNKNOWN,ON SCENE,INJURY AND / OR TOW DUE TO CRASH,,,,"OVER $1,500",11/12/2017 17:06,WEATHER,NOT APPLICABLE,2300,W,PETERSON AVE,2413,,,,,,,2,NO INDICATION OF INJURY,0,0,0,0,0,3,0,17,1,11,41.99065071,-87.68727132,POINT (-87.687271321139 41.990650711492),1
JA509252,,11/12/2017 17:08,30,NO CONTROLS,NO CONTROLS,CLEAR,"DARKNESS, LIGHTED ROAD",OTHER OBJECT,DIVIDED - W/MEDIAN BARRIER,4,STRAIGHT AND LEVEL,WET,UNKNOWN,ON SCENE,INJURY AND / OR TOW DUE TO CRASH,,,,"OVER $1,500",11/12/2017 17:11,EXCEEDING SAFE SPEED FOR CONDITIONS,IMPROPER TURNING/NO SIGNAL,400,E,130TH ST,532,,,,,,,1,INCAPACITATING INJURY,1,0,1,0,0,0,0,17,1,11,41.65923539,-87.61237052,POINT (-87.612370519749 41.659235388459),1
JA509325,,11/12/2017 17:10,30,STOP SIGN/FLASHER,FUNCTIONING PROPERLY,RAIN,"DARKNESS, LIGHTED ROAD",ANGLE,DIVIDED - W/MEDIAN (NOT RAISED),2,STRAIGHT AND LEVEL,WET,NO DEFECTS,ON SCENE,INJURY AND / OR TOW DUE TO CRASH,Y,,,"OVER $1,500",11/12/2017 17:10,FAILING TO YIELD RIGHT-OF-WAY,FAILING TO REDUCE SPEED TO AVOID CRASH,5200,N,NATOMA AVE,1613,,,,,,,2,NO INDICATION OF INJURY,0,0,0,0,0,2,0,17,1,11,41.97569489,-87.79286735,POINT (-87.792867345377 41.975694885883),1
JA509269,,11/12/2017 17:10,30,TRAFFIC SIGNAL,FUNCTIONING PROPERLY,RAIN,"DARKNESS, LIGHTED ROAD",REAR END,NOT DIVIDED,2,STRAIGHT AND LEVEL,WET,UNKNOWN,ON SCENE,NO INJURY / DRIVE AWAY,,,Y,$500 OR LESS,11/12/2017 17:14,FOLLOWING TOO CLOSELY,NOT APPLICABLE,2353,W,63RD ST,825,,Y,,,,,2,NO INDICATION OF INJURY,0,0,0,0,0,3,0,17,1,11,41.77907422,-87.68330337,POINT (-87.683303370959 41.779074223026),1
JA509266,,11/12/2017 17:10,35,TRAFFIC SIGNAL,FUNCTIONING PROPERLY,RAIN,"DARKNESS, LIGHTED ROAD",REAR END,DIVIDED - W/MEDIAN (NOT RAISED),,STRAIGHT AND LEVEL,WET,NO DEFECTS,ON SCENE,INJURY AND / OR TOW DUE TO CRASH,Y,,,"OVER $1,500",11/12/2017 17:21,WEATHER,UNABLE TO DETERMINE,2398,W,PETERSON AVE,2413,,,,,,,2,NO INDICATION OF INJURY,0,0,0,0,0,3,0,17,1,11,41.99061051,-87.68961315,POINT (-87.689613146859 41.990610512367),1
JA509229,,11/12/2017 17:10,25,NO CONTROLS,NO CONTROLS,CLEAR,DUSK,TURNING,NOT DIVIDED,2,STRAIGHT AND LEVEL,WET,NO DEFECTS,ON SCENE,NO INJURY / DRIVE AWAY,Y,,,"OVER $1,500",11/12/2017 17:12,IMPROPER OVERTAKING/PASSING,FOLLOWING TOO CLOSELY,2030,W,MADISON ST,1223,,,,,,,2,NO INDICATION OF INJURY,0,0,0,0,0,2,0,17,1,11,41.88141719,-87.67793459,POINT (-87.677934588682 41.881417193679),1
JA509261,,11/12/2017 17:10,30,TRAFFIC SIGNAL,FUNCTIONING PROPERLY,RAIN,DARKNESS,TURNING,NOT DIVIDED,2,STRAIGHT AND LEVEL,WET,NO DEFECTS,NOT ON SCENE (DESK REPORT),NO INJURY / DRIVE AWAY,Y,,,"$501 - $1,500",11/12/2017 17:33,IMPROPER OVERTAKING/PASSING,NOT APPLICABLE,2601,S,CALIFORNIA AVE,1034,,,,,,,2,NO INDICATION OF INJURY,0,0,0,0,0,2,0,17,1,11,,,,1
JA509292,,11/12/2017 17:15,30,NO CONTROLS,NO CONTROLS,RAIN,DAYLIGHT,REAR END,NOT DIVIDED,,STRAIGHT AND LEVEL,WET,NO DEFECTS,ON SCENE,NO INJURY / DRIVE AWAY,,,,"OVER $1,500",11/12/2017 17:40,FOLLOWING TOO CLOSELY,FOLLOWING TOO CLOSELY,7035,W,GRAND AVE,2512,,,,,,,2,NO INDICATION OF INJURY,0,0,0,0,0,4,0,17,1,11,41.92343444,-87.80223309,POINT (-87.802233092897 41.923434440384),1
JA509279,,11/12/2017 17:18,30,TRAFFIC SIGNAL,FUNCTIONING PROPERLY,RAIN,"DARKNESS, LIGHTED ROAD",REAR END,DIVIDED - W/MEDIAN (NOT RAISED),,STRAIGHT AND LEVEL,WET,NO DEFECTS,ON SCENE,NO INJURY / DRIVE AWAY,,,,"$501 - $1,500",11/12/2017 17:25,FAILING TO REDUCE SPEED TO AVOID CRASH,NOT APPLICABLE,5175,S,ARCHER AVE,815,,,,,,,2,NO INDICATION OF INJURY,0,0,0,0,0,4,0,17,1,11,41.80006237,-87.73330271,POINT (-87.733302712698 41.800062369647),1
JA509286,,11/12/2017 17:27,20,NO CONTROLS,NO CONTROLS,CLEAR,"DARKNESS, LIGHTED ROAD",HEAD ON,NOT DIVIDED,,STRAIGHT AND LEVEL,WET,NO DEFECTS,ON SCENE,NO INJURY / DRIVE AWAY,,,Y,"$501 - $1,500",11/12/2017 17:29,IMPROPER OVERTAKING/PASSING,IMPROPER OVERTAKING/PASSING,1619,W,HIGHLAND AVE,2433,,,,,,,3,NO INDICATION OF INJURY,0,0,0,0,0,3,0,17,1,11,41.99674724,-87.67111602,POINT (-87.671116022694 41.996747236013),1
JA510313,,11/12/2017 17:30,35,TRAFFIC SIGNAL,FUNCTIONING PROPERLY,CLOUDY/OVERCAST,"DARKNESS, LIGHTED ROAD",SIDESWIPE SAME DIRECTION,CENTER TURN LANE,6,STRAIGHT AND LEVEL,OTHER,NO DEFECTS,,NO INJURY / DRIVE AWAY,,,,"$501 - $1,500",11/13/2017 15:01,IMPROPER OVERTAKING/PASSING,UNABLE TO DETERMINE,4779,N,ASHLAND AVE,1912,,,,,,,2,NO INDICATION OF INJURY,0,0,0,0,0,2,0,17,1,11,41.96878808,-87.66928941,POINT (-87.669289405115 41.968788079883),1
JA509957,,11/12/2017 17:30,30,NO CONTROLS,NO CONTROLS,RAIN,"DARKNESS, LIGHTED ROAD",SIDESWIPE SAME DIRECTION,ONE-WAY,3,STRAIGHT AND LEVEL,WET,NO DEFECTS,NOT ON SCENE (DESK REPORT),NO INJURY / DRIVE AWAY,,,Y,"OVER $1,500",11/13/2017 10:45,UNABLE TO DETERMINE,NOT APPLICABLE,50,S,DEARBORN ST,112,,,,,,,2,NO INDICATION OF INJURY,0,0,0,0,0,3,0,17,1,11,41.88118519,-87.62952353,POINT (-87.629523531739 41.881185191317),1
JA510727,,11/12/2017 17:30,30,NO CONTROLS,NO CONTROLS,RAIN,DUSK,REAR END,NOT DIVIDED,2,STRAIGHT AND LEVEL,WET,NO DEFECTS,NOT ON SCENE (DESK REPORT),NO INJURY / DRIVE AWAY,,,,"$501 - $1,500",11/13/2017 19:20,FOLLOWING TOO CLOSELY,NOT APPLICABLE,6700,S,MORGAN ST,724,,,,,,,2,NO INDICATION OF INJURY,0,0,0,0,0,2,0,17,1,11,41.77231137,-87.64959928,POINT (-87.649599279329 41.77231136624),1
JA509291,,11/12/2017 17:30,35,NO CONTROLS,NO CONTROLS,RAIN,"DARKNESS, LIGHTED ROAD",REAR END,DIVIDED - W/MEDIAN BARRIER,3,STRAIGHT AND LEVEL,WET,NO DEFECTS,NOT ON SCENE (DESK REPORT),NO INJURY / DRIVE AWAY,,,,"OVER $1,500",11/12/2017 17:55,FOLLOWING TOO CLOSELY,WEATHER,701,N,LAKE SHORE DR NB,1834,,,,,,,3,NO INDICATION OF INJURY,0,0,0,0,0,4,0,17,1,11,41.89517866,-87.61538029,POINT (-87.615380290346 41.895178657868),1
JA509321,,11/12/2017 17:30,30,NO CONTROLS,NO CONTROLS,CLEAR,DAYLIGHT,SIDESWIPE SAME DIRECTION,NOT DIVIDED,2,STRAIGHT AND LEVEL,WET,NO DEFECTS,NOT ON SCENE (DESK REPORT),NO INJURY / DRIVE AWAY,,,Y,"$501 - $1,500",11/12/2017 18:30,IMPROPER OVERTAKING/PASSING,FAILING TO REDUCE SPEED TO AVOID CRASH,4658,W,GRAND AVE,2533,,,,,,,2,NO INDICATION OF INJURY,0,0,0,0,0,2,0,17,1,11,41.91293336,-87.74319222,POINT (-87.743192214645 41.912933360842),1
JA509304,,11/12/2017 17:42,30,NO CONTROLS,NO CONTROLS,CLEAR,"DARKNESS, LIGHTED ROAD",SIDESWIPE SAME DIRECTION,ONE-WAY,1,STRAIGHT AND LEVEL,DRY,NO DEFECTS,NOT ON SCENE (DESK REPORT),NO INJURY / DRIVE AWAY,Y,,,"OVER $1,500",11/12/2017 18:10,IMPROPER BACKING,NOT APPLICABLE,365,N,JEFFERSON ST,1214,,,,,,,2,NO INDICATION OF INJURY,0,0,0,0,0,2,0,17,1,11,41.88847788,-87.64272274,POINT (-87.642722736941 41.888477877571),1
JA510470,,11/12/2017 17:50,30,TRAFFIC SIGNAL,FUNCTIONING PROPERLY,RAIN,DARKNESS,TURNING,OTHER,,STRAIGHT AND LEVEL,WET,WORN SURFACE,NOT ON SCENE (DESK REPORT),NO INJURY / DRIVE AWAY,Y,,,"$501 - $1,500",11/13/2017 16:10,WEATHER,FAILING TO YIELD RIGHT-OF-WAY,2400,E,130TH ST,434,,,,,,,2,NO INDICATION OF INJURY,0,0,0,0,0,2,0,17,1,11,41.65928604,-87.56551786,POINT (-87.565517863218 41.659286039143),1
JA509317,,11/12/2017 17:53,30,NO CONTROLS,NO CONTROLS,RAIN,"DARKNESS, LIGHTED ROAD",REAR END,DIVIDED - W/MEDIAN (NOT RAISED),,STRAIGHT AND LEVEL,WET,NO DEFECTS,ON SCENE,NO INJURY / DRIVE AWAY,Y,,,"$501 - $1,500",11/12/2017 18:10,FAILING TO REDUCE SPEED TO AVOID CRASH,NOT APPLICABLE,5200,S,ARCHER AVE,815,,,,,,,2,NO INDICATION OF INJURY,0,0,0,0,0,4,0,17,1,11,41.80010754,-87.73446827,POINT (-87.734468273475 41.800107535416),1
JA509307,,11/12/2017 17:53,30,NO CONTROLS,NO CONTROLS,RAIN,DUSK,REAR END,NOT DIVIDED,4,STRAIGHT AND LEVEL,WET,NO DEFECTS,ON SCENE,INJURY AND / OR TOW DUE TO CRASH,,,,"OVER $1,500",11/12/2017 17:58,TEXTING,UNABLE TO DETERMINE,4201,W,FULLERTON AVE,2522,,,,,,,2,NO INDICATION OF INJURY,0,0,0,0,0,3,0,17,1,11,41.92431529,-87.73172602,POINT (-87.731726015949 41.924315288716),1
JA509332,,11/12/2017 17:55,25,NO CONTROLS,NO CONTROLS,RAIN,DARKNESS,SIDESWIPE OPPOSITE DIRECTION,NOT DIVIDED,2,STRAIGHT AND LEVEL,WET,NO DEFECTS,NOT ON SCENE (DESK REPORT),NO INJURY / DRIVE AWAY,,,Y,"$501 - $1,500",11/12/2017 18:50,UNABLE TO DETERMINE,UNABLE TO DETERMINE,3480,W,BELMONT AVE,1732,,,,,,,2,NO INDICATION OF INJURY,0,0,0,0,0,2,0,17,1,11,41.93935313,-87.7151587,POINT (-87.715158701388 41.939353126175),1
JA511853,,11/12/2017 18:00,30,TRAFFIC SIGNAL,FUNCTIONING IMPROPERLY,CLEAR,"DARKNESS, LIGHTED ROAD",REAR END,NOT DIVIDED,4,STRAIGHT AND LEVEL,DRY,UNKNOWN,NOT ON SCENE (DESK REPORT),NO INJURY / DRIVE AWAY,Y,,,"OVER $1,500",11/14/2017 17:54,FOLLOWING TOO CLOSELY,NOT APPLICABLE,1,N,CENTRAL AVE,1522,,,,,,,2,NO INDICATION OF INJURY,0,0,0,0,0,2,0,18,1,11,41.88034658,-87.76471758,POINT (-87.764717577803 41.880346578511),1
JA510256,,11/12/2017 18:00,30,UNKNOWN,UNKNOWN,UNKNOWN,"DARKNESS, LIGHTED ROAD",SIDESWIPE SAME DIRECTION,UNKNOWN,,STRAIGHT AND LEVEL,DRY,UNKNOWN,NOT ON SCENE (DESK REPORT),NO INJURY / DRIVE AWAY,,,,"$501 - $1,500",11/13/2017 14:08,FAILING TO YIELD RIGHT-OF-WAY,FAILING TO YIELD RIGHT-OF-WAY,1401,N,CENTRAL PARK AVE,1422,,,,,,,2,NO INDICATION OF INJURY,0,0,0,0,0,2,0,18,1,11,41.90642164,-87.7165368,POINT (-87.716536798869 41.906421638696),1
JA510723,,11/12/2017 18:00,25,TRAFFIC SIGNAL,FUNCTIONING PROPERLY,RAIN,DUSK,REAR END,NOT DIVIDED,2,STRAIGHT AND LEVEL,WET,NO DEFECTS,NOT ON SCENE (DESK REPORT),NO INJURY / DRIVE AWAY,,,,"OVER $1,500",11/13/2017 19:15,UNABLE TO DETERMINE,NOT APPLICABLE,7100,S,ASHLAND AVE,735,,,,,,,2,NO INDICATION OF INJURY,0,0,0,0,0,2,0,18,1,11,41.76485938,-87.66394018,POINT (-87.663940176305 41.764859382425),1
JA509815,,11/12/2017 18:00,30,NO CONTROLS,NO CONTROLS,RAIN,DARKNESS,PARKED MOTOR VEHICLE,DIVIDED - W/MEDIAN (NOT RAISED),,STRAIGHT AND LEVEL,WET,NO DEFECTS,NOT ON SCENE (DESK REPORT),NO INJURY / DRIVE AWAY,,,,"$501 - $1,500",11/13/2017 9:00,UNABLE TO DETERMINE,UNABLE TO DETERMINE,1708,S,ASHLAND AVE,1234,,,,,,,2,NO INDICATION OF INJURY,0,0,0,0,0,2,0,18,1,11,41.85840022,-87.66631242,POINT (-87.666312421594 41.85840021915),1
JA509896,,11/12/2017 18:00,35,NO CONTROLS,NO CONTROLS,CLEAR,DAYLIGHT,PARKED MOTOR VEHICLE,NOT DIVIDED,,STRAIGHT AND LEVEL,DRY,NO DEFECTS,NOT ON SCENE (DESK REPORT),NO INJURY / DRIVE AWAY,,,Y,"$501 - $1,500",11/13/2017 9:55,UNABLE TO DETERMINE,UNABLE TO DETERMINE,3935,N,CHRISTIANA AVE,1733,,,,,,,2,NO INDICATION OF INJURY,0,0,0,0,0,1,0,18,1,11,41.95310765,-87.71151124,POINT (-87.711511240267 41.953107647571),1
JA509351,,11/12/2017 18:01,10,NO CONTROLS,NO CONTROLS,CLEAR,"DARKNESS, LIGHTED ROAD",FIXED OBJECT,PARKING LOT,,STRAIGHT AND LEVEL,WET,NO DEFECTS,ON SCENE,NO INJURY / DRIVE AWAY,,Y,,"OVER $1,500",11/12/2017 18:34,DRIVING SKILLS/KNOWLEDGE/EXPERIENCE,UNABLE TO DETERMINE,3580,N,MILWAUKEE AVE,1731,,,,,,,1,NO INDICATION OF INJURY,0,0,0,0,0,1,0,18,1,11,41.94577431,-87.73504583,POINT (-87.735045831055 41.945774312556),1
JA509333,,11/12/2017 18:20,30,STOP SIGN/FLASHER,FUNCTIONING PROPERLY,CLEAR,"DARKNESS, LIGHTED ROAD",REAR END,DIVIDED - W/MEDIAN (NOT RAISED),4,STRAIGHT AND LEVEL,WET,NO DEFECTS,ON SCENE,NO INJURY / DRIVE AWAY,Y,,,"OVER $1,500",11/12/2017 18:45,FOLLOWING TOO CLOSELY,FAILING TO REDUCE SPEED TO AVOID CRASH,3601,S,WESTERN BLVD,912,,,,,,,2,NO INDICATION OF INJURY,0,0,0,0,0,2,0,18,1,11,41.82840746,-87.68425711,POINT (-87.684257109515 41.828407462065),1
JA509324,,11/12/2017 18:20,25,NO CONTROLS,NO CONTROLS,CLOUDY/OVERCAST,"DARKNESS, LIGHTED ROAD",SIDESWIPE OPPOSITE DIRECTION,NOT DIVIDED,,STRAIGHT AND LEVEL,WET,NO DEFECTS,ON SCENE,NO INJURY / DRIVE AWAY,Y,,,$500 OR LESS,11/12/2017 18:28,IMPROPER OVERTAKING/PASSING,UNABLE TO DETERMINE,1351,W,ALTGELD ST,1932,,,,,,,2,NO INDICATION OF INJURY,0,0,0,0,0,3,0,18,1,11,41.92693128,-87.66283315,POINT (-87.662833150978 41.926931277004),1
JA509445,,11/12/2017 18:28,30,TRAFFIC SIGNAL,FUNCTIONING PROPERLY,RAIN,"DARKNESS, LIGHTED ROAD",PARKED MOTOR VEHICLE,NOT DIVIDED,,STRAIGHT AND LEVEL,WET,NO DEFECTS,NOT ON SCENE (DESK REPORT),NO INJURY / DRIVE AWAY,Y,,Y,"OVER $1,500",11/12/2017 20:55,FOLLOWING TOO CLOSELY,NOT APPLICABLE,2341,S,WENTWORTH AVE,914,,,,,,,2,NO INDICATION OF INJURY,0,0,0,0,0,1,0,18,1,11,41.8497303,-87.63179623,POINT (-87.631796231157 41.849730298904),1
JA509311,Y,11/12/2017 18:30,30,NO CONTROLS,NO CONTROLS,RAIN,"DARKNESS, LIGHTED ROAD",PARKED MOTOR VEHICLE,NOT DIVIDED,,STRAIGHT AND LEVEL,WET,NO DEFECTS,NOT ON SCENE (DESK REPORT),NO INJURY / DRIVE AWAY,,,Y,"OVER $1,500",11/12/2017 18:30,UNABLE TO DETERMINE,NOT APPLICABLE,653,W,ELM ST,1822,,,,,,,4,NO INDICATION OF INJURY,0,0,0,0,0,1,0,18,1,11,41.90250737,-87.6452549,POINT (-87.645254900908 41.902507368539),1
JA509407,,11/12/2017 18:40,30,NO CONTROLS,NO CONTROLS,CLEAR,"DARKNESS, LIGHTED ROAD",TURNING,DIVIDED - W/MEDIAN (NOT RAISED),4,STRAIGHT AND LEVEL,DRY,NO DEFECTS,NOT ON SCENE (DESK REPORT),NO INJURY / DRIVE AWAY,N,,,"OVER $1,500",11/12/2017 20:20,IMPROPER TURNING/NO SIGNAL,DISTRACTION - FROM OUTSIDE VEHICLE,1255,W,NORTH AVE,1433,,,,,,,3,NO INDICATION OF INJURY,0,0,0,0,0,5,0,18,1,11,41.91065533,-87.65901742,POINT (-87.659017422338 41.91065532766),1
JA509350,,11/12/2017 18:45,25,NO CONTROLS,NO CONTROLS,RAIN,"DARKNESS, LIGHTED ROAD",PARKED MOTOR VEHICLE,ONE-WAY,,STRAIGHT AND LEVEL,WET,NO DEFECTS,ON SCENE,NO INJURY / DRIVE AWAY,,,Y,"OVER $1,500",11/12/2017 18:45,"OPERATING VEHICLE IN ERRATIC, RECKLESS, CARELESS, NEGLIGENT OR AGGRESSIVE MANNER",DRIVING SKILLS/KNOWLEDGE/EXPERIENCE,3326,N,KARLOV AVE,1731,,,,,,,2,NO INDICATION OF INJURY,0,0,0,0,0,1,0,18,1,11,41.94166323,-87.72986557,POINT (-87.729865570511 41.94166322766),1
JA509374,,11/12/2017 18:55,35,STOP SIGN/FLASHER,FUNCTIONING PROPERLY,CLOUDY/OVERCAST,"DARKNESS, LIGHTED ROAD",ANGLE,NOT DIVIDED,,STRAIGHT AND LEVEL,WET,NO DEFECTS,ON SCENE,INJURY AND / OR TOW DUE TO CRASH,Y,,,"OVER $1,500",11/12/2017 19:00,DISREGARDING STOP SIGN,WEATHER,3868,N,LINCOLN AVE,1922,,,,,,,2,NO INDICATION OF INJURY,0,0,0,0,0,2,0,18,1,11,41.95225388,-87.67759502,POINT (-87.677595022724 41.952253879424),1
JA515170,Y,11/12/2017 19:00,30,NO CONTROLS,NO CONTROLS,CLEAR,DAYLIGHT,PARKED MOTOR VEHICLE,NOT DIVIDED,2,STRAIGHT AND LEVEL,DRY,NO DEFECTS,,NO INJURY / DRIVE AWAY,,,Y,$500 OR LESS,11/17/2017 12:30,NOT APPLICABLE,NOT APPLICABLE,772,S,KENNETH AVE,1131,,,,,,,2,NO INDICATION OF INJURY,0,0,0,0,0,1,0,19,1,11,41.87029883,-87.73659245,POINT (-87.736592446737 41.870298832672),1
JA509363,,11/12/2017 19:15,30,STOP SIGN/FLASHER,UNKNOWN,RAIN,"DARKNESS, LIGHTED ROAD",PEDESTRIAN,NOT DIVIDED,2,STRAIGHT AND LEVEL,WET,NO DEFECTS,ON SCENE,INJURY AND / OR TOW DUE TO CRASH,Y,,Y,$500 OR LESS,11/12/2017 19:16,UNABLE TO DETERMINE,UNABLE TO DETERMINE,2659,S,KEDZIE AVE,1033,,,,,,,2,NONINCAPACITATING INJURY,1,0,0,1,0,1,0,19,1,11,41.84279065,-87.7048411,POINT (-87.704841098621 41.842790644961),1
JA509383,,11/12/2017 19:15,30,TRAFFIC SIGNAL,FUNCTIONING PROPERLY,CLEAR,"DARKNESS, LIGHTED ROAD",TURNING,DIVIDED - W/MEDIAN (NOT RAISED),4,STRAIGHT AND LEVEL,WET,NO DEFECTS,ON SCENE,INJURY AND / OR TOW DUE TO CRASH,Y,,,"OVER $1,500",11/12/2017 19:22,FAILING TO YIELD RIGHT-OF-WAY,FAILING TO REDUCE SPEED TO AVOID CRASH,1501,E,103RD ST,512,,,,,,,2,INCAPACITATING INJURY,2,0,1,1,0,0,0,19,1,11,41.70763829,-87.58723262,POINT (-87.587232616965 41.707638288511),1
JA509402,,11/12/2017 19:15,30,NO CONTROLS,NO CONTROLS,CLEAR,"DARKNESS, LIGHTED ROAD",REAR END,DIVIDED - W/MEDIAN (NOT RAISED),4,STRAIGHT AND LEVEL,DRY,NO DEFECTS,NOT ON SCENE (DESK REPORT),NO INJURY / DRIVE AWAY,,,,"OVER $1,500",11/12/2017 20:15,FAILING TO REDUCE SPEED TO AVOID CRASH,DRIVING SKILLS/KNOWLEDGE/EXPERIENCE,6030,S,PULASKI RD,813,,,,,,,2,NO INDICATION OF INJURY,0,0,0,0,0,2,0,19,1,11,41.78324647,-87.72303593,POINT (-87.72303593075 41.78324646629),1
JA509382,N,11/12/2017 19:25,30,NO CONTROLS,NO CONTROLS,CLEAR,"DARKNESS, LIGHTED ROAD",FIXED OBJECT,NOT DIVIDED,2,STRAIGHT AND LEVEL,WET,NO DEFECTS,ON SCENE,INJURY AND / OR TOW DUE TO CRASH,,,,"OVER $1,500",11/12/2017 19:30,UNABLE TO DETERMINE,UNABLE TO DETERMINE,6250,S,HALSTED ST,712,,,,,,,1,NONINCAPACITATING INJURY,1,0,0,1,0,1,0,19,1,11,41.77998807,-87.64493871,POINT (-87.644938712941 41.779988066546),1
JA509415,,11/12/2017 19:30,30,NO CONTROLS,NO CONTROLS,OTHER,"DARKNESS, LIGHTED ROAD",PARKED MOTOR VEHICLE,PARKING LOT,,STRAIGHT AND LEVEL,WET,NO DEFECTS,ON SCENE,NO INJURY / DRIVE AWAY,,Y,Y,"OVER $1,500",11/12/2017 20:26,FAILING TO REDUCE SPEED TO AVOID CRASH,EXCEEDING SAFE SPEED FOR CONDITIONS,5600,N,CLARK ST,2012,,,,,,,2,NO INDICATION OF INJURY,0,0,0,0,0,1,0,19,1,11,41.98352014,-87.66891302,POINT (-87.66891302317 41.983520143422),1
JA510674,,11/12/2017 19:30,30,NO CONTROLS,NO CONTROLS,UNKNOWN,DARKNESS,REAR END,DIVIDED - W/MEDIAN (NOT RAISED),4,STRAIGHT AND LEVEL,UNKNOWN,NO DEFECTS,NOT ON SCENE (DESK REPORT),NO INJURY / DRIVE AWAY,,,,"OVER $1,500",11/13/2017 18:40,FOLLOWING TOO CLOSELY,FAILING TO REDUCE SPEED TO AVOID CRASH,3902,W,MONTROSE AVE,1723,,,,,,,2,NO INDICATION OF INJURY,0,0,0,0,0,2,0,19,1,11,41.96108579,-87.7255285,POINT (-87.72552849627 41.961085785204),1
JA511075,,11/12/2017 19:30,30,STOP SIGN/FLASHER,FUNCTIONING PROPERLY,RAIN,"DARKNESS, LIGHTED ROAD",TURNING,NOT DIVIDED,4,STRAIGHT AND LEVEL,WET,NO DEFECTS,NOT ON SCENE (DESK REPORT),NO INJURY / DRIVE AWAY,Y,,Y,"OVER $1,500",11/14/2017 7:45,IMPROPER TURNING/NO SIGNAL,IMPROPER OVERTAKING/PASSING,506,W,45TH ST,925,,,,,,,3,NO INDICATION OF INJURY,0,0,0,0,0,2,0,19,1,11,41.81275751,-87.63869568,POINT (-87.638695682695 41.812757506359),1
JA509384,,11/12/2017 19:30,30,UNKNOWN,UNKNOWN,CLEAR,"DARKNESS, LIGHTED ROAD",REAR END,UNKNOWN,,STRAIGHT AND LEVEL,UNKNOWN,UNKNOWN,NOT ON SCENE (DESK REPORT),NO INJURY / DRIVE AWAY,,,,$500 OR LESS,11/12/2017 19:55,FOLLOWING TOO CLOSELY,FOLLOWING TOO CLOSELY,3232,N,HARLEM AVE,1631,,,,,,,2,NO INDICATION OF INJURY,0,0,0,0,0,2,0,19,1,11,41.93898597,-87.80692907,POINT (-87.806929064795 41.93898596894),1