RD_NO,CRASH_DATE_EST_I,CRASH_DATE,POSTED_SPEED_LIMIT,TRAFFIC_CONTROL_DEVICE,DEVICE_CONDITION,WEATHER_CONDITION,LIGHTING_CONDITION,FIRST_CRASH_TYPE,TRAFFICWAY_TYPE,LANE_CNT,ALIGNMENT,ROADWAY_SURFACE_COND,ROAD_DEFECT,REPORT_TYPE,CRASH_TYPE,INTERSECTION_RELATED_I,NOT_RIGHT_OF_WAY_I,HIT_AND_RUN_I,DAMAGE,DATE_POLICE_NOTIFIED,PRIM_CONTRIBUTORY_CAUSE,SEC_CONTRIBUTORY_CAUSE,STREET_NO,STREET_DIRECTION,STREET_NAME,BEAT_OF_OCCURRENCE,PHOTOS_TAKEN_I,STATEMENTS_TAKEN_I,DOORING_I,WORK_ZONE_I,WORK_ZONE_TYPE,WORKERS_PRESENT_I,NUM_UNITS,MOST_SEVERE_INJURY,INJURIES_TOTAL,INJURIES_FATAL,INJURIES_INCAPACITATING,INJURIES_NON_INCAPACITATING,INJURIES_REPORTED_NOT_EVIDENT,INJURIES_NO_INDICATION,INJURIES_UNKNOWN,CRASH_HOUR,CRASH_DAY_OF_WEEK,CRASH_MONTH,LATITUDE,LONGITUDE,LOCATION,Join
JA509395,,11/12/2017 19:47,35,TRAFFIC SIGNAL,FUNCTIONING PROPERLY,CLEAR,"DARKNESS, LIGHTED ROAD",PEDESTRIAN,DIVIDED - W/MEDIAN (NOT RAISED),4,STRAIGHT AND LEVEL,DRY,NO DEFECTS,ON SCENE,INJURY AND / OR TOW DUE TO CRASH,Y,,,$500 OR LESS,11/12/2017 19:49,"VISION OBSCURED (SIGNS, TREE LIMBS, BUILDINGS, ETC.)",UNABLE TO DETERMINE,6889,N,SHERIDAN RD,2431,,,,,,,2,NONINCAPACITATING INJURY,1,0,0,1,0,1,0,19,1,11,42.00673143,-87.66113212,POINT (-87.661132123251 42.006731432834),1
JA517703,Y,11/12/2017 20:00,30,NO CONTROLS,NO CONTROLS,UNKNOWN,"DARKNESS, LIGHTED ROAD",PARKED MOTOR VEHICLE,DIVIDED - W/MEDIAN (NOT RAISED),2,STRAIGHT AND LEVEL,UNKNOWN,NO DEFECTS,NOT ON SCENE (DESK REPORT),NO INJURY / DRIVE AWAY,,,Y,"OVER $1,500",11/19/2017 10:30,UNABLE TO DETERMINE,UNABLE TO DETERMINE,2544,N,KIMBALL AVE,1413,,,,,,,2,NO INDICATION OF INJURY,0,0,0,0,0,1,0,20,1,11,41.92782359,-87.71234274,POINT (-87.71234274053 41.92782358779),1
JA509669,N,11/12/2017 20:00,25,NO CONTROLS,NO CONTROLS,CLEAR,"DARKNESS, LIGHTED ROAD",PARKED MOTOR VEHICLE,NOT DIVIDED,,STRAIGHT AND LEVEL,DRY,NO DEFECTS,ON SCENE,NO INJURY / DRIVE AWAY,,,Y,"OVER $1,500",11/13/2017 5:28,UNABLE TO DETERMINE,NOT APPLICABLE,3752,W,HAYFORD ST,833,,,,,,,2,NO INDICATION OF INJURY,0,0,0,0,0,1,0,20,1,11,41.75585887,-87.71653359,POINT (-87.716533591751 41.755858867418),1
JA509420,,11/12/2017 20:00,30,NO CONTROLS,NO CONTROLS,CLEAR,DAYLIGHT,ANGLE,OTHER,0,STRAIGHT AND LEVEL,DRY,NO DEFECTS,NOT ON SCENE (DESK REPORT),NO INJURY / DRIVE AWAY,,,,"OVER $1,500",11/12/2017 20:35,FAILING TO REDUCE SPEED TO AVOID CRASH,DRIVING SKILLS/KNOWLEDGE/EXPERIENCE,3144,W,55TH ST,923,,,,,,,2,NO INDICATION OF INJURY,0,0,0,0,0,2,0,20,1,11,41.7936346,-87.70298619,POINT (-87.702986185981 41.793634596387),1
JA511392,,11/12/2017 20:00,30,NO CONTROLS,NO CONTROLS,CLEAR,DAYLIGHT,SIDESWIPE SAME DIRECTION,OTHER,4,STRAIGHT AND LEVEL,DRY,NO DEFECTS,NOT ON SCENE (DESK REPORT),NO INJURY / DRIVE AWAY,,,,$500 OR LESS,11/14/2017 12:37,FAILING TO YIELD RIGHT-OF-WAY,FAILING TO YIELD RIGHT-OF-WAY,10000,W,OHARE ST,1651,,,,,,,2,NO INDICATION OF INJURY,0,0,0,0,0,2,0,20,1,11,41.97620114,-87.90530913,POINT (-87.905309125103 41.976201139024),1
JA509431,,11/12/2017 20:05,30,TRAFFIC SIGNAL,FUNCTIONING PROPERLY,RAIN,"DARKNESS, LIGHTED ROAD",TURNING,NOT DIVIDED,2,STRAIGHT AND LEVEL,WET,NO DEFECTS,ON SCENE,NO INJURY / DRIVE AWAY,N,,,"OVER $1,500",11/12/2017 20:06,WEATHER,NOT APPLICABLE,2100,N,NARRAGANSETT AVE,2512,,,,,,,2,NO INDICATION OF INJURY,0,0,0,0,0,2,0,20,1,11,41.9183169,-87.78542577,POINT (-87.78542577051 41.918316896875),1
JA509412,,11/12/2017 20:10,30,TRAFFIC SIGNAL,FUNCTIONING PROPERLY,CLEAR,"DARKNESS, LIGHTED ROAD",REAR END,NOT DIVIDED,4,STRAIGHT AND LEVEL,DRY,NO DEFECTS,NOT ON SCENE (DESK REPORT),NO INJURY / DRIVE AWAY,Y,,,"OVER $1,500",11/12/2017 20:35,FOLLOWING TOO CLOSELY,NOT APPLICABLE,800,N,HALSTED ST,1213,,,,,,,2,NO INDICATION OF INJURY,0,0,0,0,0,2,0,20,1,11,41.89647402,-87.64789499,POINT (-87.647894992663 41.896474017804),1
JA509433,,11/12/2017 20:10,30,NO CONTROLS,NO CONTROLS,CLEAR,"DARKNESS, LIGHTED ROAD",SIDESWIPE SAME DIRECTION,NOT DIVIDED,2,STRAIGHT AND LEVEL,WET,NO DEFECTS,ON SCENE,NO INJURY / DRIVE AWAY,,,,"OVER $1,500",11/12/2017 20:30,FAILING TO YIELD RIGHT-OF-WAY,NOT APPLICABLE,2225,N,LINCOLN AVE,1812,,,,,,,2,NO INDICATION OF INJURY,0,0,0,0,0,2,0,20,1,11,41.92256239,-87.64451676,POINT (-87.64451676225 41.922562392067),1
JA509423,,11/12/2017 20:14,30,TRAFFIC SIGNAL,FUNCTIONING PROPERLY,UNKNOWN,"DARKNESS, LIGHTED ROAD",SIDESWIPE OPPOSITE DIRECTION,NOT DIVIDED,2,STRAIGHT AND LEVEL,WET,UNKNOWN,NOT ON SCENE (DESK REPORT),INJURY AND / OR TOW DUE TO CRASH,,Y,,"OVER $1,500",11/12/2017 20:14,EXCEEDING AUTHORIZED SPEED LIMIT,EXCEEDING SAFE SPEED FOR CONDITIONS,610,E,79TH ST,624,N,Y,,,,,2,INCAPACITATING INJURY,2,0,2,0,0,1,0,20,1,11,41.75131758,-87.60960617,POINT (-87.60960617336 41.751317584279),1
JA509418,,11/12/2017 20:20,30,TRAFFIC SIGNAL,FUNCTIONING PROPERLY,RAIN,DARKNESS,TURNING,NOT DIVIDED,4,STRAIGHT AND LEVEL,WET,NO DEFECTS,ON SCENE,INJURY AND / OR TOW DUE TO CRASH,Y,,,"OVER $1,500",11/12/2017 20:25,FAILING TO YIELD RIGHT-OF-WAY,NOT APPLICABLE,5500,S,PULASKI RD,813,,,,,,,2,NO INDICATION OF INJURY,0,0,0,0,0,5,0,20,1,11,41.79315506,-87.72330377,POINT (-87.723303764642 41.793155060731),1
JA509411,,11/12/2017 20:25,30,NO CONTROLS,NO CONTROLS,CLEAR,DARKNESS,SIDESWIPE SAME DIRECTION,NOT DIVIDED,2,STRAIGHT AND LEVEL,WET,NO DEFECTS,NOT ON SCENE (DESK REPORT),NO INJURY / DRIVE AWAY,,,,"$501 - $1,500",11/12/2017 20:35,IMPROPER OVERTAKING/PASSING,NOT APPLICABLE,2525,S,DR MARTIN LUTHER KING JR DR,133,,,,,,,2,NO INDICATION OF INJURY,0,0,0,0,0,2,0,20,1,11,41.84676661,-87.61717578,POINT (-87.61717577755 41.846766610919),1
JA509437,,11/12/2017 20:30,25,UNKNOWN,UNKNOWN,UNKNOWN,"DARKNESS, LIGHTED ROAD",PARKED MOTOR VEHICLE,DIVIDED - W/MEDIAN (NOT RAISED),,STRAIGHT AND LEVEL,WET,UNKNOWN,NOT ON SCENE (DESK REPORT),NO INJURY / DRIVE AWAY,,,,"OVER $1,500",11/12/2017 20:45,UNABLE TO DETERMINE,UNABLE TO DETERMINE,2503,W,FLOURNOY ST,1135,,,,,,,2,NO INDICATION OF INJURY,0,0,0,0,0,1,0,20,1,11,41.87284553,-87.68878825,POINT (-87.688788250893 41.872845526054),1
JA509512,,11/12/2017 20:30,30,NO CONTROLS,NO CONTROLS,CLEAR,"DARKNESS, LIGHTED ROAD",PARKED MOTOR VEHICLE,NOT DIVIDED,2,STRAIGHT AND LEVEL,DRY,NO DEFECTS,ON SCENE,NO INJURY / DRIVE AWAY,,,Y,"$501 - $1,500",11/12/2017 22:00,UNABLE TO DETERMINE,UNABLE TO DETERMINE,4248,W,BELDEN AVE,2522,,,,,,,2,NO INDICATION OF INJURY,0,0,0,0,0,1,0,20,1,11,41.92268069,-87.73357277,POINT (-87.73357276939 41.922680692076),1
JA511359,,11/12/2017 20:41,0,NO CONTROLS,NO CONTROLS,CLEAR,"DARKNESS, LIGHTED ROAD",SIDESWIPE SAME DIRECTION,ONE-WAY,5,STRAIGHT AND LEVEL,DRY,NO DEFECTS,NOT ON SCENE (DESK REPORT),NO INJURY / DRIVE AWAY,,,,"OVER $1,500",11/14/2017 12:10,FAILING TO YIELD RIGHT-OF-WAY,UNABLE TO DETERMINE,10000,W,OHARE ST,1651,,,,,,,2,NO INDICATION OF INJURY,0,0,0,0,0,4,0,20,1,11,41.97620114,-87.90530913,POINT (-87.905309125103 41.976201139024),1
JA509439,,11/12/2017 20:42,30,TRAFFIC SIGNAL,FUNCTIONING PROPERLY,CLEAR,"DARKNESS, LIGHTED ROAD",REAR END,NOT DIVIDED,4,STRAIGHT AND LEVEL,WET,NO DEFECTS,NOT ON SCENE (DESK REPORT),NO INJURY / DRIVE AWAY,Y,,,"$501 - $1,500",11/12/2017 21:07,FAILING TO YIELD RIGHT-OF-WAY,UNABLE TO DETERMINE,202,W,51ST ST,224,,,,,,,2,NO INDICATION OF INJURY,0,0,0,0,0,3,0,20,1,11,41.80193582,-87.63083902,POINT (-87.630839014849 41.801935815859),1
JA509425,,11/12/2017 20:45,30,TRAFFIC SIGNAL,FUNCTIONING PROPERLY,CLEAR,"DARKNESS, LIGHTED ROAD",FIXED OBJECT,DIVIDED - W/MEDIAN BARRIER,3,STRAIGHT AND LEVEL,WET,NO DEFECTS,ON SCENE,INJURY AND / OR TOW DUE TO CRASH,Y,,,"OVER $1,500",11/12/2017 20:47,UNABLE TO DETERMINE,UNABLE TO DETERMINE,2605,S,WENTWORTH AVE,914,,,,,,,2,NO INDICATION OF INJURY,0,0,0,0,0,4,0,20,1,11,41.84537425,-87.63167528,POINT (-87.631675284056 41.845374253795),1
JA509432,,11/12/2017 20:50,30,NO CONTROLS,NO CONTROLS,CLEAR,"DARKNESS, LIGHTED ROAD",SIDESWIPE SAME DIRECTION,DIVIDED - W/MEDIAN (NOT RAISED),2,STRAIGHT AND LEVEL,DRY,NO DEFECTS,NOT ON SCENE (DESK REPORT),NO INJURY / DRIVE AWAY,,,,"$501 - $1,500",11/12/2017 21:00,IMPROPER OVERTAKING/PASSING,IMPROPER OVERTAKING/PASSING,1711,W,PETERSON AVE,2012,,,,,,,2,NO INDICATION OF INJURY,0,0,0,0,0,2,0,20,1,11,41.99067083,-87.67213596,POINT (-87.672135960369 41.990670826023),1
JA509441,,11/12/2017 20:52,30,TRAFFIC SIGNAL,UNKNOWN,CLOUDY/OVERCAST,"DARKNESS, LIGHTED ROAD",REAR END,NOT DIVIDED,,STRAIGHT AND LEVEL,UNKNOWN,UNKNOWN,ON SCENE,INJURY AND / OR TOW DUE TO CRASH,,,N,"OVER $1,500",11/12/2017 21:01,FAILING TO REDUCE SPEED TO AVOID CRASH,NOT APPLICABLE,3600,N,DAMEN AVE,1921,,,,,,,2,NO INDICATION OF INJURY,0,0,0,0,0,2,0,20,1,11,41.9469085,-87.67870055,POINT (-87.678700554355 41.946908500357),1
JA509465,,11/12/2017 20:58,30,TRAFFIC SIGNAL,FUNCTIONING PROPERLY,CLEAR,"DARKNESS, LIGHTED ROAD",PEDESTRIAN,NOT DIVIDED,2,STRAIGHT AND LEVEL,DRY,NO DEFECTS,ON SCENE,NO INJURY / DRIVE AWAY,,,Y,$500 OR LESS,11/12/2017 21:30,UNABLE TO DETERMINE,UNABLE TO DETERMINE,1700,W,MONROE ST,1224,,,,,,,2,NO INDICATION OF INJURY,0,0,0,0,0,2,0,20,1,11,41.88023577,-87.6693111,POINT (-87.669311102631 41.880235773701),1
JA509457,,11/12/2017 21:10,30,NO CONTROLS,NO CONTROLS,CLEAR,"DARKNESS, LIGHTED ROAD",ANGLE,DIVIDED - W/MEDIAN (NOT RAISED),2,STRAIGHT AND LEVEL,WET,NO DEFECTS,ON SCENE,INJURY AND / OR TOW DUE TO CRASH,Y,,,"OVER $1,500",11/12/2017 21:31,FAILING TO YIELD RIGHT-OF-WAY,UNABLE TO DETERMINE,3013,S,BROAD ST,913,,,,,,,2,NO INDICATION OF INJURY,0,0,0,0,0,3,0,21,1,11,41.83932081,-87.66171525,POINT (-87.661715253032 41.839320809492),1
JA509452,,11/12/2017 21:20,30,NO CONTROLS,NO CONTROLS,CLEAR,"DARKNESS, LIGHTED ROAD",TURNING,DIVIDED - W/MEDIAN (NOT RAISED),4,STRAIGHT AND LEVEL,WET,NO DEFECTS,ON SCENE,INJURY AND / OR TOW DUE TO CRASH,,,,"OVER $1,500",11/12/2017 21:24,UNABLE TO DETERMINE,UNABLE TO DETERMINE,6018,S,KEDZIE AVE,823,,,,,,,2,NO INDICATION OF INJURY,0,0,0,0,0,2,0,21,1,11,41.78382495,-87.7034203,POINT (-87.703420303956 41.783824947708),1
JA509466,,11/12/2017 21:20,10,NO CONTROLS,NO CONTROLS,RAIN,DARKNESS,PARKED MOTOR VEHICLE,NOT DIVIDED,,STRAIGHT AND LEVEL,WET,NO DEFECTS,NOT ON SCENE (DESK REPORT),NO INJURY / DRIVE AWAY,,,Y,"OVER $1,500",11/12/2017 21:43,UNABLE TO DETERMINE,UNABLE TO DETERMINE,7098,S,HAMLIN AVE,833,,,,,,,2,NO INDICATION OF INJURY,0,0,0,0,0,1,0,21,1,11,41.76420983,-87.71764178,POINT (-87.717641777577 41.764209831125),1
JA509455,,11/12/2017 21:30,30,TRAFFIC SIGNAL,FUNCTIONING PROPERLY,CLEAR,"DARKNESS, LIGHTED ROAD",ANGLE,NOT DIVIDED,4,STRAIGHT AND LEVEL,DRY,NO DEFECTS,NOT ON SCENE (DESK REPORT),NO INJURY / DRIVE AWAY,Y,,Y,$500 OR LESS,11/12/2017 21:40,DISREGARDING TRAFFIC SIGNALS,UNABLE TO DETERMINE,2000,N,HUMBOLDT BLVD,1414,,,,,,,2,NO INDICATION OF INJURY,0,0,0,0,0,2,0,21,1,11,41.91749327,-87.70223758,POINT (-87.702237576249 41.917493265457),1
JA514552,,11/12/2017 21:30,0,TRAFFIC SIGNAL,FUNCTIONING PROPERLY,CLEAR,"DARKNESS, LIGHTED ROAD",REAR END,OTHER,0,STRAIGHT AND LEVEL,DRY,NO DEFECTS,NOT ON SCENE (DESK REPORT),INJURY AND / OR TOW DUE TO CRASH,Y,,Y,"OVER $1,500",11/16/2017 19:10,UNABLE TO DETERMINE,UNABLE TO DETERMINE,6900,S,WESTERN AVE,832,,,,,,,3,"REPORTED, NOT EVIDENT",2,0,0,0,2,3,0,21,1,11,41.76823848,-87.68348696,POINT (-87.68348695709 41.76823847692),1
JA509461,,11/12/2017 21:30,30,NO CONTROLS,NO CONTROLS,CLEAR,"DARKNESS, LIGHTED ROAD",SIDESWIPE SAME DIRECTION,NOT DIVIDED,2,STRAIGHT AND LEVEL,DRY,UNKNOWN,NOT ON SCENE (DESK REPORT),NO INJURY / DRIVE AWAY,,,,"$501 - $1,500",11/12/2017 21:40,UNABLE TO DETERMINE,UNABLE TO DETERMINE,3200,W,LAWRENCE AVE,1713,,,,,,,2,NO INDICATION OF INJURY,0,0,0,0,0,4,0,21,1,11,41.96856056,-87.70853637,POINT (-87.708536374456 41.968560560641),1
JA509488,,11/12/2017 21:40,35,TRAFFIC SIGNAL,FUNCTIONING PROPERLY,UNKNOWN,DUSK,ANGLE,NOT DIVIDED,,STRAIGHT AND LEVEL,UNKNOWN,NO DEFECTS,ON SCENE,INJURY AND / OR TOW DUE TO CRASH,Y,,N,"OVER $1,500",11/12/2017 21:40,DISREGARDING TRAFFIC SIGNALS,EXCEEDING AUTHORIZED SPEED LIMIT,100,N,KILBOURN AVE,1113,,,,,,,2,NONINCAPACITATING INJURY,4,0,0,4,0,1,0,21,1,11,41.8819631,-87.73811909,POINT (-87.73811908572 41.881963097276),1
JA509901,,11/12/2017 21:40,30,NO CONTROLS,NO CONTROLS,CLEAR,"DARKNESS, LIGHTED ROAD",REAR END,ONE-WAY,3,STRAIGHT AND LEVEL,WET,UNKNOWN,,NO INJURY / DRIVE AWAY,,,Y,"OVER $1,500",11/13/2017 10:00,FAILING TO REDUCE SPEED TO AVOID CRASH,DISTRACTION - FROM OUTSIDE VEHICLE,10000,W,OHARE ST,1651,,,,,,,2,NO INDICATION OF INJURY,0,0,0,0,0,2,0,21,1,11,41.97620114,-87.90530913,POINT (-87.905309125103 41.976201139024),1
JA510480,Y,11/12/2017 21:40,10,NO CONTROLS,NO CONTROLS,CLEAR,"DARKNESS, LIGHTED ROAD",REAR END,ONE-WAY,3,STRAIGHT AND LEVEL,DRY,NO DEFECTS,,NO INJURY / DRIVE AWAY,,,Y,"OVER $1,500",11/13/2017 16:35,IMPROPER OVERTAKING/PASSING,NOT APPLICABLE,10000,W,OHARE ST,1651,,,,,,,2,NO INDICATION OF INJURY,0,0,0,0,0,2,0,21,1,11,41.97620114,-87.90530913,POINT (-87.905309125103 41.976201139024),1
JA509482,Y,11/12/2017 21:45,30,STOP SIGN/FLASHER,NO CONTROLS,CLEAR,"DARKNESS, LIGHTED ROAD",REAR END,NOT DIVIDED,2,STRAIGHT AND LEVEL,WET,NO DEFECTS,ON SCENE,NO INJURY / DRIVE AWAY,,,Y,$500 OR LESS,11/12/2017 21:50,FAILING TO REDUCE SPEED TO AVOID CRASH,"OPERATING VEHICLE IN ERRATIC, RECKLESS, CARELESS, NEGLIGENT OR AGGRESSIVE MANNER",5001,W,HARRISON ST,1533,,,,,,,2,NO INDICATION OF INJURY,0,0,0,0,0,5,0,21,1,11,41.87290925,-87.74934411,POINT (-87.749344109081 41.872909249708),1
JA509476,,11/12/2017 21:45,30,NO CONTROLS,NO CONTROLS,RAIN,"DARKNESS, LIGHTED ROAD",PEDESTRIAN,NOT DIVIDED,2,STRAIGHT AND LEVEL,WET,NO DEFECTS,ON SCENE,INJURY AND / OR TOW DUE TO CRASH,,,Y,"OVER $1,500",11/12/2017 21:49,UNABLE TO DETERMINE,UNABLE TO DETERMINE,3312,W,LAKE ST,1123,,,,,,,2,INCAPACITATING INJURY,1,0,1,0,0,1,0,21,1,11,41.8846426,-87.70934058,POINT (-87.709340583864 41.884642599599),1
JA509504,,11/12/2017 21:47,5,NO CONTROLS,NO CONTROLS,CLOUDY/OVERCAST,"DARKNESS, LIGHTED ROAD",FIXED OBJECT,ALLEY,1,STRAIGHT AND LEVEL,WET,"RUT, HOLES",ON SCENE,NO INJURY / DRIVE AWAY,,Y,Y,"OVER $1,500",11/12/2017 21:50,UNABLE TO DETERMINE,UNABLE TO DETERMINE,4644,W,GLADYS AVE,1131,,,,,,,1,NO INDICATION OF INJURY,0,0,0,0,0,1,0,21,1,11,41.87607128,-87.7420754,POINT (-87.742075400045 41.876071280349),1
JA509474,,11/12/2017 21:48,30,TRAFFIC SIGNAL,FUNCTIONING PROPERLY,CLEAR,"DARKNESS, LIGHTED ROAD",PARKED MOTOR VEHICLE,DIVIDED - W/MEDIAN (NOT RAISED),2,STRAIGHT AND LEVEL,WET,NO DEFECTS,ON SCENE,INJURY AND / OR TOW DUE TO CRASH,,,Y,"OVER $1,500",11/12/2017 21:48,EXCEEDING AUTHORIZED SPEED LIMIT,EXCEEDING SAFE SPEED FOR CONDITIONS,5005,N,KEDZIE AVE,1713,,,,,,,7,,,,,,,,,21,1,11,41.97229771,-87.70843909,POINT (-87.708439085739 41.972297711442),1
JA509708,Y,11/12/2017 22:00,25,NO CONTROLS,NO CONTROLS,CLEAR,DAYLIGHT,PARKED MOTOR VEHICLE,ONE-WAY,1,STRAIGHT AND LEVEL,WET,NO DEFECTS,ON SCENE,NO INJURY / DRIVE AWAY,,,Y,"$501 - $1,500",11/13/2017 7:00,UNABLE TO DETERMINE,UNABLE TO DETERMINE,1317,N,WASHTENAW AVE,1423,,,,,,,2,NO INDICATION OF INJURY,0,0,0,0,0,1,0,22,1,11,41.90536885,-87.69433057,POINT (-87.694330569166 41.905368852371),1
JA509539,,11/12/2017 22:00,35,NO CONTROLS,NO CONTROLS,CLEAR,"DARKNESS, LIGHTED ROAD",REAR END,PARKING LOT,0,STRAIGHT AND LEVEL,WET,NO DEFECTS,NOT ON SCENE (DESK REPORT),NO INJURY / DRIVE AWAY,,Y,,"OVER $1,500",11/12/2017 23:30,DISTRACTION - FROM OUTSIDE VEHICLE,NOT APPLICABLE,2525,S,MICHIGAN AVE,133,,,,,,,2,NO INDICATION OF INJURY,0,0,0,0,0,2,0,22,1,11,41.84671696,-87.62336973,POINT (-87.623369727612 41.846716956646),1
JA509502,,11/12/2017 22:20,30,NO CONTROLS,NO CONTROLS,RAIN,"DARKNESS, LIGHTED ROAD",SIDESWIPE SAME DIRECTION,NOT DIVIDED,2,STRAIGHT AND LEVEL,WET,NO DEFECTS,ON SCENE,NO INJURY / DRIVE AWAY,,,Y,"OVER $1,500",11/12/2017 22:23,DISTRACTION - FROM INSIDE VEHICLE,IMPROPER LANE USAGE,1258,W,FLOURNOY ST,1231,Y,Y,,,,,3,NO INDICATION OF INJURY,0,0,0,0,0,5,0,22,1,11,41.87330986,-87.65904325,POINT (-87.659043253341 41.873309857526),1
JA510667,,11/12/2017 22:30,30,NO CONTROLS,NO CONTROLS,RAIN,"DARKNESS, LIGHTED ROAD",PARKED MOTOR VEHICLE,NOT DIVIDED,,STRAIGHT AND LEVEL,WET,NO DEFECTS,NOT ON SCENE (DESK REPORT),NO INJURY / DRIVE AWAY,,,,"OVER $1,500",11/13/2017 19:30,NOT APPLICABLE,NOT APPLICABLE,4542,N,MARIA CT,1614,,,,,,,2,NO INDICATION OF INJURY,0,0,0,0,0,1,0,22,1,11,41.96232919,-87.83987849,POINT (-87.839878487126 41.962329190514),1
JA509525,,11/12/2017 22:35,30,TRAFFIC SIGNAL,FUNCTIONING PROPERLY,CLEAR,"DARKNESS, LIGHTED ROAD",REAR END,NOT DIVIDED,6,STRAIGHT AND LEVEL,WET,NO DEFECTS,NOT ON SCENE (DESK REPORT),NO INJURY / DRIVE AWAY,,,Y,"$501 - $1,500",11/12/2017 22:59,UNABLE TO DETERMINE,NOT APPLICABLE,5420,S,CICERO AVE,815,,,,,,,3,NO INDICATION OF INJURY,0,0,0,0,0,4,0,22,1,11,41.79401834,-87.74263793,POINT (-87.742637933686 41.794018340188),1
JA509522,,11/12/2017 22:53,30,NO CONTROLS,NO CONTROLS,RAIN,"DARKNESS, LIGHTED ROAD",FIXED OBJECT,NOT DIVIDED,2,STRAIGHT AND LEVEL,WET,NO DEFECTS,ON SCENE,INJURY AND / OR TOW DUE TO CRASH,,Y,,"OVER $1,500",11/12/2017 22:55,WEATHER,UNABLE TO DETERMINE,9618,S,LOOMIS ST,2213,,,,,,,1,NO INDICATION OF INJURY,0,0,0,0,0,1,0,22,1,11,41.71881245,-87.65777777,POINT (-87.657777765606 41.718812451909),1
JA509521,,11/12/2017 23:00,30,NO CONTROLS,NO CONTROLS,RAIN,"DARKNESS, LIGHTED ROAD",PARKED MOTOR VEHICLE,NOT DIVIDED,2,STRAIGHT AND LEVEL,WET,NO DEFECTS,ON SCENE,INJURY AND / OR TOW DUE TO CRASH,,,Y,"OVER $1,500",11/12/2017 23:05,UNABLE TO DETERMINE,UNABLE TO DETERMINE,12100,S,FRONT AVE,532,,,,,,,2,NO INDICATION OF INJURY,0,0,0,0,0,1,0,23,1,11,41.67443218,-87.6151184,POINT (-87.615118397548 41.674432184058),1
JA509528,,11/12/2017 23:00,30,NO CONTROLS,NO CONTROLS,CLEAR,"DARKNESS, LIGHTED ROAD",PARKED MOTOR VEHICLE,NOT DIVIDED,2,STRAIGHT AND LEVEL,DRY,NO DEFECTS,NOT ON SCENE (DESK REPORT),NO INJURY / DRIVE AWAY,,,N,"$501 - $1,500",11/12/2017 23:15,IMPROPER OVERTAKING/PASSING,IMPROPER OVERTAKING/PASSING,1599,N,KEELER AVE,2534,,,,,,,2,NO INDICATION OF INJURY,0,0,0,0,0,1,0,23,1,11,41.90973577,-87.73127155,POINT (-87.731271548697 41.909735772669),1
JA509569,,11/12/2017 23:45,30,NO CONTROLS,NO CONTROLS,CLEAR,DUSK,TURNING,NOT DIVIDED,2,STRAIGHT AND LEVEL,DRY,NO DEFECTS,ON SCENE,NO INJURY / DRIVE AWAY,,,Y,"$501 - $1,500",11/13/2017 0:14,DRIVING ON WRONG SIDE/WRONG WAY,UNABLE TO DETERMINE,2300,N,PULASKI RD,2525,,,,,,,2,NO INDICATION OF INJURY,0,0,0,0,0,2,0,23,1,11,41.9227039,-87.72662232,POINT (-87.726622314817 41.922703899949),1
JA509561,,11/12/2017 23:50,30,TRAFFIC SIGNAL,FUNCTIONING PROPERLY,RAIN,"DARKNESS, LIGHTED ROAD",TURNING,NOT DIVIDED,4,STRAIGHT AND LEVEL,WET,NO DEFECTS,ON SCENE,INJURY AND / OR TOW DUE TO CRASH,Y,,Y,"OVER $1,500",11/12/2017 23:50,FAILING TO YIELD RIGHT-OF-WAY,TURNING RIGHT ON RED,3900,S,WOOD ST,924,,,,,,,2,NO INDICATION OF INJURY,0,0,0,0,0,2,0,23,1,11,41.82322551,-87.67035996,POINT (-87.670359960589 41.823225512749),1
JA510135,Y,11/13/2017 0:00,30,NO CONTROLS,NO CONTROLS,UNKNOWN,UNKNOWN,PARKED MOTOR VEHICLE,NOT DIVIDED,2,STRAIGHT AND LEVEL,UNKNOWN,NO DEFECTS,ON SCENE,NO INJURY / DRIVE AWAY,,,Y,"$501 - $1,500",11/13/2017 12:33,UNABLE TO DETERMINE,NOT APPLICABLE,5615,W,LAWRENCE AVE,1622,,,,,,,2,NO INDICATION OF INJURY,0,0,0,0,0,1,0,0,2,11,41.96766531,-87.76811192,POINT (-87.768111915531 41.967665308451),1
JA509583,,11/13/2017 0:10,30,TRAFFIC SIGNAL,FUNCTIONING PROPERLY,CLEAR,"DARKNESS, LIGHTED ROAD",REAR END,NOT DIVIDED,2,STRAIGHT AND LEVEL,DRY,NO DEFECTS,ON SCENE,INJURY AND / OR TOW DUE TO CRASH,Y,,Y,"OVER $1,500",11/13/2017 0:13,FOLLOWING TOO CLOSELY,NOT APPLICABLE,4200,N,NARRAGANSETT AVE,1632,,,,,,,2,NO INDICATION OF INJURY,0,0,0,0,0,2,0,0,2,11,41.95665862,-87.78684941,POINT (-87.786849405374 41.956658620002),1