RD_NO,CRASH_DATE_EST_I,CRASH_DATE,POSTED_SPEED_LIMIT,TRAFFIC_CONTROL_DEVICE,DEVICE_CONDITION,WEATHER_CONDITION,LIGHTING_CONDITION,FIRST_CRASH_TYPE,TRAFFICWAY_TYPE,LANE_CNT,ALIGNMENT,ROADWAY_SURFACE_COND,ROAD_DEFECT,REPORT_TYPE,CRASH_TYPE,INTERSECTION_RELATED_I,NOT_RIGHT_OF_WAY_I,HIT_AND_RUN_I,DAMAGE,DATE_POLICE_NOTIFIED,PRIM_CONTRIBUTORY_CAUSE,SEC_CONTRIBUTORY_CAUSE,STREET_NO,STREET_DIRECTION,STREET_NAME,BEAT_OF_OCCURRENCE,PHOTOS_TAKEN_I,STATEMENTS_TAKEN_I,DOORING_I,WORK_ZONE_I,WORK_ZONE_TYPE,WORKERS_PRESENT_I,NUM_UNITS,MOST_SEVERE_INJURY,INJURIES_TOTAL,INJURIES_FATAL,INJURIES_INCAPACITATING,INJURIES_NON_INCAPACITATING,INJURIES_REPORTED_NOT_EVIDENT,INJURIES_NO_INDICATION,INJURIES_UNKNOWN,CRASH_HOUR,CRASH_DAY_OF_WEEK,CRASH_MONTH,LATITUDE,LONGITUDE,LOCATION,Join
JA509598,,11/13/2017 0:49,30,STOP SIGN/FLASHER,FUNCTIONING PROPERLY,CLEAR,"DARKNESS, LIGHTED ROAD",FIXED OBJECT,DIVIDED - W/MEDIAN (NOT RAISED),,STRAIGHT AND LEVEL,UNKNOWN,NO DEFECTS,ON SCENE,INJURY AND / OR TOW DUE TO CRASH,Y,,,"OVER $1,500",11/13/2017 0:49,EXCEEDING AUTHORIZED SPEED LIMIT,UNDER THE INFLUENCE OF ALCOHOL/DRUGS (USE WHEN ARREST IS EFFECTED),4701,S,PULASKI RD,821,,,,,,,1,NONINCAPACITATING INJURY,1,0,0,1,0,0,0,0,2,11,41.80779403,-87.72343699,POINT (-87.723436986264 41.807794030632),1
JA510046,,11/13/2017 1:00,30,NO CONTROLS,NO CONTROLS,UNKNOWN,DARKNESS,PARKED MOTOR VEHICLE,ONE-WAY,1,STRAIGHT AND LEVEL,DRY,NO DEFECTS,ON SCENE,INJURY AND / OR TOW DUE TO CRASH,,,Y,"OVER $1,500",11/13/2017 11:29,UNABLE TO DETERMINE,UNABLE TO DETERMINE,5130,W,OHIO ST,1532,,,,,,,2,NO INDICATION OF INJURY,0,0,0,0,0,1,0,1,2,11,41.89142815,-87.75418486,POINT (-87.754184862021 41.891428149629),1
JA509617,,11/13/2017 1:00,25,NO CONTROLS,NO CONTROLS,CLEAR,DARKNESS,REAR END,PARKING LOT,0,STRAIGHT AND LEVEL,WET,UNKNOWN,NOT ON SCENE (DESK REPORT),NO INJURY / DRIVE AWAY,,,,"OVER $1,500",11/13/2017 2:15,FOLLOWING TOO CLOSELY,UNABLE TO DETERMINE,10000,W,OHARE ST,1651,,,,,,,2,NO INDICATION OF INJURY,0,0,0,0,0,2,0,1,2,11,41.97620114,-87.90530913,POINT (-87.905309125103 41.976201139024),1
JA509597,,11/13/2017 1:30,35,STOP SIGN/FLASHER,FUNCTIONING PROPERLY,RAIN,"DARKNESS, LIGHTED ROAD",REAR END,OTHER,2,STRAIGHT AND LEVEL,WET,NO DEFECTS,ON SCENE,NO INJURY / DRIVE AWAY,Y,,,"OVER $1,500",11/13/2017 1:35,DISREGARDING STOP SIGN,FAILING TO YIELD RIGHT-OF-WAY,10900,S,EBERHART AVE,513,,,,,,,3,NO INDICATION OF INJURY,0,0,0,0,0,2,0,1,2,11,41.69630974,-87.61117648,POINT (-87.611176480309 41.696309742749),1
JA509614,,11/13/2017 1:45,40,TRAFFIC SIGNAL,FUNCTIONING PROPERLY,RAIN,"DARKNESS, LIGHTED ROAD",FIXED OBJECT,NOT DIVIDED,2,STRAIGHT AND LEVEL,WET,NO DEFECTS,ON SCENE,INJURY AND / OR TOW DUE TO CRASH,,,,"OVER $1,500",11/13/2017 1:45,EXCEEDING SAFE SPEED FOR CONDITIONS,FAILING TO REDUCE SPEED TO AVOID CRASH,4800,W,AUGUSTA BLVD,1531,,,,,,,1,NONINCAPACITATING INJURY,1,0,0,1,0,2,0,1,2,11,41.89878961,-87.74602339,POINT (-87.746023390048 41.898789613754),1
JA509608,,11/13/2017 1:48,30,NO CONTROLS,NO CONTROLS,CLEAR,"DARKNESS, LIGHTED ROAD",OTHER OBJECT,ONE-WAY,1,STRAIGHT AND LEVEL,WET,NO DEFECTS,ON SCENE,NO INJURY / DRIVE AWAY,,,N,$500 OR LESS,11/13/2017 1:59,HAD BEEN DRINKING (USE WHEN ARREST IS NOT MADE),NOT APPLICABLE,3253,W,GRACE ST,1733,,,,,,,1,NO INDICATION OF INJURY,0,0,0,0,0,1,0,1,2,11,41.9501428,-87.71006414,POINT (-87.710064138972 41.95014279468),1
JA509616,,11/13/2017 2:00,35,NO CONTROLS,NO CONTROLS,CLOUDY/OVERCAST,"DARKNESS, LIGHTED ROAD",PARKED MOTOR VEHICLE,DIVIDED - W/MEDIAN (NOT RAISED),4,STRAIGHT AND LEVEL,DRY,NO DEFECTS,ON SCENE,INJURY AND / OR TOW DUE TO CRASH,,,,"OVER $1,500",11/13/2017 2:02,FAILING TO REDUCE SPEED TO AVOID CRASH,IMPROPER LANE USAGE,7948,S,WESTERN AVE,835,,,,,,,2,NO INDICATION OF INJURY,0,0,0,0,0,1,0,2,2,11,41.74862501,-87.6829585,POINT (-87.68295849515 41.748625009698),1
JA516936,,11/13/2017 2:00,0,NO CONTROLS,NO CONTROLS,CLEAR,"DARKNESS, LIGHTED ROAD",REAR END,PARKING LOT,1,STRAIGHT AND LEVEL,DRY,NO DEFECTS,NOT ON SCENE (DESK REPORT),NO INJURY / DRIVE AWAY,,,,"$501 - $1,500",11/18/2017 16:40,UNABLE TO DETERMINE,UNABLE TO DETERMINE,4200,S,HALSTED ST,925,,,,,,,2,NO INDICATION OF INJURY,0,0,0,0,0,2,0,2,2,11,41.81749336,-87.6459092,POINT (-87.645909195444 41.81749335684),1
JA519817,,11/13/2017 2:50,30,LANE USE MARKING,FUNCTIONING PROPERLY,CLEAR,"DARKNESS, LIGHTED ROAD",FIXED OBJECT,ONE-WAY,4,STRAIGHT AND LEVEL,DRY,NO DEFECTS,NOT ON SCENE (DESK REPORT),NO INJURY / DRIVE AWAY,Y,Y,Y,"OVER $1,500",11/20/2017 23:30,UNABLE TO DETERMINE,UNABLE TO DETERMINE,222,W,ONTARIO ST,1831,Y,,,,,,1,NO INDICATION OF INJURY,0,0,0,0,0,1,0,2,2,11,41.89328327,-87.63511922,POINT (-87.635119224306 41.893283273326),1
JA509631,N,11/13/2017 3:10,35,NO CONTROLS,NO CONTROLS,RAIN,"DARKNESS, LIGHTED ROAD",OTHER NONCOLLISION,NOT DIVIDED,2,STRAIGHT AND LEVEL,OTHER,OTHER,ON SCENE,INJURY AND / OR TOW DUE TO CRASH,,,,"OVER $1,500",11/13/2017 3:12,ROAD ENGINEERING/SURFACE/MARKING DEFECTS,ROAD CONSTRUCTION/MAINTENANCE,3232,W,111TH ST,2211,,,,Y,MAINTENANCE,,1,NO INDICATION OF INJURY,0,0,0,0,0,1,0,3,2,11,41.69166148,-87.70201202,POINT (-87.702012016476 41.691661474609),1
JA509652,,11/13/2017 3:30,25,NO CONTROLS,NO CONTROLS,CLEAR,"DARKNESS, LIGHTED ROAD",PARKED MOTOR VEHICLE,ONE-WAY,,STRAIGHT AND LEVEL,DRY,NO DEFECTS,ON SCENE,INJURY AND / OR TOW DUE TO CRASH,,,,"OVER $1,500",11/13/2017 3:35,"EVASIVE ACTION DUE TO ANIMAL, OBJECT, NONMOTORIST",NOT APPLICABLE,3643,N,HAMLIN AVE,1732,,,,,,,3,NO INDICATION OF INJURY,0,0,0,0,0,6,0,3,2,11,41.9477482,-87.72239468,POINT (-87.722394678158 41.947748196427),1
JA509659,,11/13/2017 4:00,30,NO CONTROLS,NO CONTROLS,CLEAR,"DARKNESS, LIGHTED ROAD",PARKED MOTOR VEHICLE,NOT DIVIDED,4,STRAIGHT AND LEVEL,DRY,NO DEFECTS,ON SCENE,NO INJURY / DRIVE AWAY,,,Y,"OVER $1,500",11/13/2017 4:05,PHYSICAL CONDITION OF DRIVER,IMPROPER BACKING,5366,N,MILWAUKEE AVE,1622,,,,,,,2,NO INDICATION OF INJURY,0,0,0,0,0,1,0,4,2,11,41.97830937,-87.77032743,POINT (-87.770327431324 41.978309368832),1
JA509645,,11/13/2017 4:05,30,NO CONTROLS,NO CONTROLS,CLEAR,"DARKNESS, LIGHTED ROAD",PARKED MOTOR VEHICLE,NOT DIVIDED,,STRAIGHT AND LEVEL,WET,NO DEFECTS,ON SCENE,INJURY AND / OR TOW DUE TO CRASH,,,,"OVER $1,500",11/13/2017 4:06,UNDER THE INFLUENCE OF ALCOHOL/DRUGS (USE WHEN ARREST IS EFFECTED),NOT APPLICABLE,5337,N,CENTRAL AVE,1623,,,,,,,3,NO INDICATION OF INJURY,0,0,0,0,0,1,0,4,2,11,41.97846195,-87.76827984,POINT (-87.768279843481 41.978461951627),1
JA509657,,11/13/2017 4:20,35,TRAFFIC SIGNAL,FUNCTIONING PROPERLY,CLEAR,"DARKNESS, LIGHTED ROAD",REAR END,DIVIDED - W/MEDIAN BARRIER,,STRAIGHT AND LEVEL,DRY,NO DEFECTS,NOT ON SCENE (DESK REPORT),NO INJURY / DRIVE AWAY,,,,"$501 - $1,500",11/13/2017 5:00,FOLLOWING TOO CLOSELY,FOLLOWING TOO CLOSELY,9300,S,STONY ISLAND AVE,413,,,,,,,2,NO INDICATION OF INJURY,0,0,0,0,0,2,0,4,2,11,41.7258881,-87.58555879,POINT (-87.585558785787 41.725888099989),1
JA509672,,11/13/2017 4:45,30,NO CONTROLS,NO CONTROLS,CLEAR,"DARKNESS, LIGHTED ROAD",PARKED MOTOR VEHICLE,NOT DIVIDED,2,STRAIGHT AND LEVEL,ICE,NO DEFECTS,ON SCENE,INJURY AND / OR TOW DUE TO CRASH,,,Y,"OVER $1,500",11/13/2017 4:52,UNABLE TO DETERMINE,UNABLE TO DETERMINE,1722,W,WOLFRAM ST,1931,,,,,,,3,NO INDICATION OF INJURY,0,0,0,0,0,1,0,4,2,11,41.93336588,-87.67190742,POINT (-87.671907420135 41.933365876143),1
JA509842,,11/13/2017 5:00,30,NO CONTROLS,NO CONTROLS,CLEAR,DAWN,PARKED MOTOR VEHICLE,NOT DIVIDED,,STRAIGHT AND LEVEL,DRY,NO DEFECTS,NOT ON SCENE (DESK REPORT),NO INJURY / DRIVE AWAY,,,Y,"$501 - $1,500",11/13/2017 9:13,UNABLE TO DETERMINE,UNABLE TO DETERMINE,2606,W,GRANVILLE AVE,2413,,,,,,,2,NO INDICATION OF INJURY,0,0,0,0,0,1,0,5,2,11,41.9941407,-87.69498325,POINT (-87.694983251345 41.994140701883),1
JA509706,,11/13/2017 5:12,0,NO CONTROLS,NO CONTROLS,CLEAR,DAYLIGHT,PARKED MOTOR VEHICLE,ONE-WAY,1,STRAIGHT AND LEVEL,DRY,NO DEFECTS,NOT ON SCENE (DESK REPORT),NO INJURY / DRIVE AWAY,,,,"OVER $1,500",11/13/2017 7:05,IMPROPER LANE USAGE,UNABLE TO DETERMINE,11257,S,BISHOP ST,2234,,,,,,,2,NO INDICATION OF INJURY,0,0,0,0,0,1,0,5,2,11,41.68879539,-87.65834333,POINT (-87.658343325222 41.688795392631),1
JA509668,,11/13/2017 5:25,30,TRAFFIC SIGNAL,FUNCTIONING PROPERLY,CLEAR,"DARKNESS, LIGHTED ROAD",PEDESTRIAN,NOT DIVIDED,3,STRAIGHT AND LEVEL,DRY,NO DEFECTS,ON SCENE,INJURY AND / OR TOW DUE TO CRASH,,,Y,"OVER $1,500",11/13/2017 5:29,UNABLE TO DETERMINE,NOT APPLICABLE,10300,S,LONGWOOD DR,2212,,,,,,,2,INCAPACITATING INJURY,1,0,1,0,0,1,0,5,2,11,41.70648316,-87.67086229,POINT (-87.670862286012 41.706483159216),1
JA509675,,11/13/2017 5:35,30,OTHER,OTHER,CLEAR,"DARKNESS, LIGHTED ROAD",REAR END,NOT DIVIDED,2,STRAIGHT AND LEVEL,DRY,UNKNOWN,ON SCENE,NO INJURY / DRIVE AWAY,,,Y,"OVER $1,500",11/13/2017 5:36,NOT APPLICABLE,NOT APPLICABLE,2400,S,DRAKE AVE,1024,,,,,,,2,NO INDICATION OF INJURY,0,0,0,0,0,3,0,5,2,11,41.84795117,-87.71381963,POINT (-87.713819634342 41.847951171837),1
JA509680,,11/13/2017 5:45,30,NO CONTROLS,NO CONTROLS,CLEAR,"DARKNESS, LIGHTED ROAD",PEDESTRIAN,NOT DIVIDED,,STRAIGHT AND LEVEL,DRY,NO DEFECTS,ON SCENE,INJURY AND / OR TOW DUE TO CRASH,Y,,,"OVER $1,500",11/13/2017 6:13,UNABLE TO DETERMINE,UNABLE TO DETERMINE,2400,W,CORTLAND ST,1434,,,,,,,2,NONINCAPACITATING INJURY,1,0,0,1,0,1,0,5,2,11,41.91587018,-87.68748659,POINT (-87.687486588241 41.915870182139),1
JA509689,,11/13/2017 5:50,40,NO CONTROLS,NO CONTROLS,CLEAR,"DARKNESS, LIGHTED ROAD",SIDESWIPE SAME DIRECTION,DIVIDED - W/MEDIAN BARRIER,8,STRAIGHT AND LEVEL,DRY,NO DEFECTS,NOT ON SCENE (DESK REPORT),NO INJURY / DRIVE AWAY,,,,"OVER $1,500",11/13/2017 6:30,IMPROPER LANE USAGE,IMPROPER OVERTAKING/PASSING,4000,N,LAKE SHORE DR SB,1915,,,,,,,2,NO INDICATION OF INJURY,0,0,0,0,0,2,0,5,2,11,41.95468924,-87.64497464,POINT (-87.644974644209 41.954689241342),1
JA511047,,11/13/2017 6:00,30,TRAFFIC SIGNAL,FUNCTIONING PROPERLY,CLEAR,DARKNESS,TURNING,NOT DIVIDED,,STRAIGHT AND LEVEL,DRY,NO DEFECTS,NOT ON SCENE (DESK REPORT),NO INJURY / DRIVE AWAY,,,,"$501 - $1,500",11/14/2017 7:00,IMPROPER TURNING/NO SIGNAL,NOT APPLICABLE,100,W,CERMAK RD,131,,,,,,,2,NO INDICATION OF INJURY,0,0,0,0,0,2,0,6,2,11,41.85299122,-87.62938693,POINT (-87.629386933044 41.852991219253),1
JA509681,,11/13/2017 6:05,30,TRAFFIC SIGNAL,FUNCTIONING PROPERLY,CLEAR,DAWN,REAR END,DIVIDED - W/MEDIAN (NOT RAISED),,STRAIGHT AND LEVEL,WET,NO DEFECTS,ON SCENE,INJURY AND / OR TOW DUE TO CRASH,,,Y,"OVER $1,500",11/13/2017 6:06,FOLLOWING TOO CLOSELY,NOT APPLICABLE,5858,S,PULASKI RD,813,,,,,,,2,NO INDICATION OF INJURY,0,0,0,0,0,3,0,6,2,11,41.78597932,-87.72310958,POINT (-87.723109578319 41.785979319023),1
JA509679,,11/13/2017 6:05,20,STOP SIGN/FLASHER,FUNCTIONING PROPERLY,FOG/SMOKE/HAZE,DUSK,REAR END,NOT DIVIDED,2,STRAIGHT AND LEVEL,WET,NO DEFECTS,ON SCENE,NO INJURY / DRIVE AWAY,Y,,Y,"OVER $1,500",11/13/2017 6:07,FAILING TO REDUCE SPEED TO AVOID CRASH,NOT APPLICABLE,3331,W,71ST ST,831,,,,,,,2,NO INDICATION OF INJURY,0,0,0,0,0,2,0,6,2,11,41.76421533,-87.70641579,POINT (-87.706415792885 41.764215326155),1
JB121338,,11/13/2017 6:10,30,NO CONTROLS,NO CONTROLS,CLEAR,DARKNESS,FIXED OBJECT,DIVIDED - W/MEDIAN (NOT RAISED),2,STRAIGHT AND LEVEL,DRY,"RUT, HOLES",NOT ON SCENE (DESK REPORT),NO INJURY / DRIVE AWAY,,,,"$501 - $1,500",1/19/2018 6:25,ROAD CONSTRUCTION/MAINTENANCE,NOT APPLICABLE,645,S,CLARK ST,123,,,,,,,1,NO INDICATION OF INJURY,0,0,0,0,0,1,0,6,2,11,41.8736798,-87.63050239,POINT (-87.630502387605 41.873679799717),1
JA509698,,11/13/2017 6:15,30,NO CONTROLS,NO CONTROLS,CLEAR,DAYLIGHT,TURNING,DIVIDED - W/MEDIAN (NOT RAISED),,STRAIGHT AND LEVEL,DRY,NO DEFECTS,ON SCENE,INJURY AND / OR TOW DUE TO CRASH,Y,,,"OVER $1,500",11/13/2017 6:25,IMPROPER LANE USAGE,NOT APPLICABLE,6400,S,PULASKI RD,813,,,,,,,2,"REPORTED, NOT EVIDENT",2,0,0,0,2,0,0,6,2,11,41.77677818,-87.72285872,POINT (-87.722858718441 41.77677817895),1
JA509699,,11/13/2017 6:38,35,POLICE/FLAGMAN,FUNCTIONING PROPERLY,CLEAR,DAYLIGHT,REAR END,DIVIDED - W/MEDIAN BARRIER,4,STRAIGHT AND LEVEL,WET,NO DEFECTS,ON SCENE,INJURY AND / OR TOW DUE TO CRASH,,,,"$501 - $1,500",11/13/2017 6:39,IMPROPER LANE USAGE,FAILING TO REDUCE SPEED TO AVOID CRASH,6675,S,JEFFERY DR,331,,,,,,,3,NO INDICATION OF INJURY,0,0,0,0,0,3,0,6,2,11,41.77356057,-87.576335,POINT (-87.576335001768 41.773560573897),1
JA509702,,11/13/2017 6:50,30,TRAFFIC SIGNAL,FUNCTIONING PROPERLY,CLEAR,DAYLIGHT,SIDESWIPE SAME DIRECTION,DIVIDED - W/MEDIAN (NOT RAISED),,STRAIGHT AND LEVEL,DRY,NO DEFECTS,NOT ON SCENE (DESK REPORT),NO INJURY / DRIVE AWAY,,,Y,"OVER $1,500",11/13/2017 7:15,IMPROPER OVERTAKING/PASSING,UNABLE TO DETERMINE,1554,W,ADAMS ST,1224,,,,,,,2,NO INDICATION OF INJURY,0,0,0,0,0,2,0,6,2,11,41.87900723,-87.66663602,POINT (-87.666636018038 41.879007230583),1
JA509711,,11/13/2017 6:55,30,NO CONTROLS,NO CONTROLS,CLEAR,DAYLIGHT,SIDESWIPE SAME DIRECTION,NOT DIVIDED,2,STRAIGHT AND LEVEL,DRY,NO DEFECTS,ON SCENE,INJURY AND / OR TOW DUE TO CRASH,,,,"OVER $1,500",11/13/2017 7:00,IMPROPER LANE USAGE,UNABLE TO DETERMINE,4400,W,ROOSEVELT RD,1131,,Y,,,,,2,NO INDICATION OF INJURY,0,0,0,0,0,3,0,6,2,11,41.86614087,-87.73508956,POINT (-87.735089560082 41.866140867642),1
JA509722,,11/13/2017 6:55,30,TRAFFIC SIGNAL,FUNCTIONING PROPERLY,CLEAR,DAYLIGHT,REAR END,CENTER TURN LANE,0,STRAIGHT AND LEVEL,DRY,NO DEFECTS,NOT ON SCENE (DESK REPORT),NO INJURY / DRIVE AWAY,Y,,,"$501 - $1,500",11/13/2017 7:20,UNABLE TO DETERMINE,UNABLE TO DETERMINE,4000,W,IRVING PARK RD,1722,,,,,,,2,NO INDICATION OF INJURY,0,0,0,0,0,2,0,6,2,11,41.95375687,-87.72769851,POINT (-87.727698513129 41.953756874475),1
JA509790,,11/13/2017 7:00,30,NO CONTROLS,NO CONTROLS,CLEAR,DAYLIGHT,TURNING,DIVIDED - W/MEDIAN (NOT RAISED),2,STRAIGHT AND LEVEL,ICE,NO DEFECTS,NOT ON SCENE (DESK REPORT),NO INJURY / DRIVE AWAY,N,,,"$501 - $1,500",11/13/2017 8:35,IMPROPER LANE USAGE,UNABLE TO DETERMINE,4950,N,KIMBALL AVE,1712,,,,,,,2,NO INDICATION OF INJURY,0,0,0,0,0,3,0,7,2,11,41.97159233,-87.71360194,POINT (-87.713601939243 41.971592325855),1
JA509728,,11/13/2017 7:00,25,TRAFFIC SIGNAL,FUNCTIONING PROPERLY,CLEAR,DAYLIGHT,REAR END,NOT DIVIDED,,STRAIGHT AND LEVEL,DRY,NO DEFECTS,NOT ON SCENE (DESK REPORT),NO INJURY / DRIVE AWAY,,,,"$501 - $1,500",11/13/2017 7:30,FOLLOWING TOO CLOSELY,UNABLE TO DETERMINE,755,N,LA SALLE DR,1832,,,,,,,2,NO INDICATION OF INJURY,0,0,0,0,0,2,0,7,2,11,41.89615246,-87.63255401,POINT (-87.632554013129 41.89615245746),1
JA509713,,11/13/2017 7:01,30,NO CONTROLS,NO CONTROLS,CLEAR,DAYLIGHT,SIDESWIPE SAME DIRECTION,NOT DIVIDED,,STRAIGHT AND LEVEL,WET,NO DEFECTS,ON SCENE,INJURY AND / OR TOW DUE TO CRASH,,,,$500 OR LESS,11/13/2017 7:05,UNABLE TO DETERMINE,IMPROPER OVERTAKING/PASSING,5031,N,MARINE DR,2024,,,,,,,2,NO INDICATION OF INJURY,0,0,0,0,0,2,0,7,2,11,41.97432927,-87.65121176,POINT (-87.651211761844 41.97432926911),1
JA509716,,11/13/2017 7:10,30,NO CONTROLS,NO CONTROLS,CLEAR,DAYLIGHT,REAR END,NOT DIVIDED,4,STRAIGHT AND LEVEL,DRY,NO DEFECTS,ON SCENE,INJURY AND / OR TOW DUE TO CRASH,,,,"OVER $1,500",11/13/2017 7:15,FOLLOWING TOO CLOSELY,NOT APPLICABLE,3650,N,HARLEM AVE,1631,,,,,,,3,"REPORTED, NOT EVIDENT",1,0,0,0,1,2,0,7,2,11,41.94670485,-87.807203,POINT (-87.807203000809 41.946704846975),1
JA509714,,11/13/2017 7:11,30,TRAFFIC SIGNAL,FUNCTIONING PROPERLY,CLEAR,DAYLIGHT,PEDESTRIAN,DIVIDED - W/MEDIAN (NOT RAISED),0,STRAIGHT AND LEVEL,DRY,NO DEFECTS,ON SCENE,INJURY AND / OR TOW DUE TO CRASH,Y,,,$500 OR LESS,11/13/2017 7:13,FAILING TO YIELD RIGHT-OF-WAY,FAILING TO REDUCE SPEED TO AVOID CRASH,5500,S,HOMAN AVE,822,,,,,,,2,NONINCAPACITATING INJURY,1,0,0,1,0,1,0,7,2,11,41.79334892,-87.70860226,POINT (-87.708602263589 41.793348923517),1
JA509763,,11/13/2017 7:16,30,NO CONTROLS,NO CONTROLS,CLEAR,DAWN,ANGLE,NOT DIVIDED,1,STRAIGHT AND LEVEL,WET,NO DEFECTS,NOT ON SCENE (DESK REPORT),NO INJURY / DRIVE AWAY,,,Y,"$501 - $1,500",11/13/2017 8:00,FAILING TO YIELD RIGHT-OF-WAY,UNABLE TO DETERMINE,1618,N,LAMON AVE,2533,,,,,,,2,NO INDICATION OF INJURY,0,0,0,0,0,6,0,7,2,11,41.91024785,-87.74937331,POINT (-87.749373309431 41.91024785028),1
JA509744,,11/13/2017 7:17,30,STOP SIGN/FLASHER,NO CONTROLS,CLEAR,DAYLIGHT,ANGLE,NOT DIVIDED,2,STRAIGHT ON GRADE,DRY,UNKNOWN,NOT ON SCENE (DESK REPORT),NO INJURY / DRIVE AWAY,Y,,N,"$501 - $1,500",11/13/2017 7:38,UNABLE TO DETERMINE,UNABLE TO DETERMINE,11900,S,EMERALD AVE,524,Y,,,,,,2,NO INDICATION OF INJURY,0,0,0,0,0,3,0,7,2,11,41.67773244,-87.64084791,POINT (-87.640847905453 41.677732443402),1
JA509750,,11/13/2017 7:20,30,OTHER WARNING SIGN,FUNCTIONING PROPERLY,CLEAR,DAYLIGHT,ANGLE,NOT DIVIDED,2,STRAIGHT AND LEVEL,WET,NO DEFECTS,ON SCENE,INJURY AND / OR TOW DUE TO CRASH,Y,,,"OVER $1,500",11/13/2017 7:21,DISREGARDING STOP SIGN,NOT APPLICABLE,4100,W,ARMITAGE AVE,2525,,,,,,,2,NO INDICATION OF INJURY,0,0,0,0,0,4,0,7,2,11,41.91724397,-87.72906372,POINT (-87.729063715517 41.917243973804),1
JA509773,,11/13/2017 7:28,30,LANE USE MARKING,FUNCTIONING PROPERLY,CLEAR,DAYLIGHT,SIDESWIPE SAME DIRECTION,NOT DIVIDED,4,STRAIGHT AND LEVEL,DRY,UNKNOWN,ON SCENE,NO INJURY / DRIVE AWAY,,,,"OVER $1,500",11/13/2017 8:03,IMPROPER OVERTAKING/PASSING,DRIVING SKILLS/KNOWLEDGE/EXPERIENCE,1102,E,47TH ST,222,,,,,,,2,NO INDICATION OF INJURY,0,0,0,0,0,2,0,7,2,11,41.80972595,-87.59907029,POINT (-87.599070285972 41.80972594455),1
JA509789,,11/13/2017 7:30,30,NO CONTROLS,NO CONTROLS,CLEAR,DAYLIGHT,SIDESWIPE SAME DIRECTION,DIVIDED - W/MEDIAN (NOT RAISED),,STRAIGHT AND LEVEL,DRY,NO DEFECTS,NOT ON SCENE (DESK REPORT),NO INJURY / DRIVE AWAY,,,,"OVER $1,500",11/13/2017 8:35,UNABLE TO DETERMINE,UNABLE TO DETERMINE,4334,N,PULASKI RD,1722,,,,,,,2,NO INDICATION OF INJURY,0,0,0,0,0,3,0,7,2,11,41.96007786,-87.72794942,POINT (-87.727949416919 41.96007786127),1
JA509742,,11/13/2017 7:30,30,NO CONTROLS,NO CONTROLS,CLEAR,DAYLIGHT,SIDESWIPE SAME DIRECTION,DIVIDED - W/MEDIAN (NOT RAISED),4,STRAIGHT AND LEVEL,DRY,NO DEFECTS,NOT ON SCENE (DESK REPORT),NO INJURY / DRIVE AWAY,,,,"$501 - $1,500",11/13/2017 7:50,UNABLE TO DETERMINE,NOT APPLICABLE,1207,E,47TH ST,222,,,,,,,2,NO INDICATION OF INJURY,0,0,0,0,0,3,0,7,2,11,41.80953509,-87.596496,POINT (-87.596496002482 41.809535087265),1
JA509805,,11/13/2017 7:30,30,NO CONTROLS,NO CONTROLS,CLEAR,DAWN,SIDESWIPE SAME DIRECTION,DIVIDED - W/MEDIAN (NOT RAISED),2,STRAIGHT AND LEVEL,DRY,NO DEFECTS,NOT ON SCENE (DESK REPORT),NO INJURY / DRIVE AWAY,,,,"OVER $1,500",11/13/2017 8:41,FAILING TO YIELD RIGHT-OF-WAY,UNABLE TO DETERMINE,1638,N,AUSTIN AVE,2513,,,,,,,2,NO INDICATION OF INJURY,0,0,0,0,0,2,0,7,2,11,41.91039394,-87.77540551,POINT (-87.775405510729 41.91039393659),1
JA510892,,11/13/2017 7:30,30,TRAFFIC SIGNAL,FUNCTIONING PROPERLY,CLEAR,DAYLIGHT,REAR END,NOT DIVIDED,,STRAIGHT AND LEVEL,DRY,NO DEFECTS,NOT ON SCENE (DESK REPORT),NO INJURY / DRIVE AWAY,,,,"$501 - $1,500",11/13/2017 22:08,FOLLOWING TOO CLOSELY,NOT APPLICABLE,4800,W,ADDISON ST,1634,,,,,,,2,NO INDICATION OF INJURY,0,0,0,0,0,2,0,7,2,11,41.94623183,-87.74719769,POINT (-87.747197692752 41.946231828075),1
JA509997,,11/13/2017 7:30,30,STOP SIGN/FLASHER,NO CONTROLS,CLEAR,DAYLIGHT,REAR END,NOT DIVIDED,2,STRAIGHT AND LEVEL,DRY,NO DEFECTS,NOT ON SCENE (DESK REPORT),NO INJURY / DRIVE AWAY,,,,"OVER $1,500",11/13/2017 11:12,FOLLOWING TOO CLOSELY,NOT APPLICABLE,3500,W,MONTROSE AVE,1723,,,,,,,2,NO INDICATION OF INJURY,0,0,0,0,0,4,0,7,2,11,41.96120811,-87.71565027,POINT (-87.715650272903 41.961208104754),1
JA509752,,11/13/2017 7:30,30,STOP SIGN/FLASHER,FUNCTIONING PROPERLY,CLEAR,DAYLIGHT,TURNING,NOT DIVIDED,2,STRAIGHT AND LEVEL,DRY,NO DEFECTS,ON SCENE,INJURY AND / OR TOW DUE TO CRASH,Y,,N,"OVER $1,500",11/13/2017 7:35,FAILING TO YIELD RIGHT-OF-WAY,NOT APPLICABLE,634,E,115TH ST,531,,,,,,,2,NONINCAPACITATING INJURY,1,0,0,1,0,1,0,7,2,11,41.68559188,-87.60697253,POINT (-87.606972530772 41.685591878832),1