RD_NO,CRASH_DATE_EST_I,CRASH_DATE,POSTED_SPEED_LIMIT,TRAFFIC_CONTROL_DEVICE,DEVICE_CONDITION,WEATHER_CONDITION,LIGHTING_CONDITION,FIRST_CRASH_TYPE,TRAFFICWAY_TYPE,LANE_CNT,ALIGNMENT,ROADWAY_SURFACE_COND,ROAD_DEFECT,REPORT_TYPE,CRASH_TYPE,INTERSECTION_RELATED_I,NOT_RIGHT_OF_WAY_I,HIT_AND_RUN_I,DAMAGE,DATE_POLICE_NOTIFIED,PRIM_CONTRIBUTORY_CAUSE,SEC_CONTRIBUTORY_CAUSE,STREET_NO,STREET_DIRECTION,STREET_NAME,BEAT_OF_OCCURRENCE,PHOTOS_TAKEN_I,STATEMENTS_TAKEN_I,DOORING_I,WORK_ZONE_I,WORK_ZONE_TYPE,WORKERS_PRESENT_I,NUM_UNITS,MOST_SEVERE_INJURY,INJURIES_TOTAL,INJURIES_FATAL,INJURIES_INCAPACITATING,INJURIES_NON_INCAPACITATING,INJURIES_REPORTED_NOT_EVIDENT,INJURIES_NO_INDICATION,INJURIES_UNKNOWN,CRASH_HOUR,CRASH_DAY_OF_WEEK,CRASH_MONTH,LATITUDE,LONGITUDE,LOCATION,Join
JA509814,,11/13/2017 7:30,20,NO CONTROLS,NO CONTROLS,CLEAR,DAYLIGHT,PARKED MOTOR VEHICLE,NOT DIVIDED,2,STRAIGHT AND LEVEL,DRY,NO DEFECTS,ON SCENE,NO INJURY / DRIVE AWAY,,,,"OVER $1,500",11/13/2017 8:00,DRIVING SKILLS/KNOWLEDGE/EXPERIENCE,PHYSICAL CONDITION OF DRIVER,13245,S,LANGLEY AVE,533,,,,,,,2,NO INDICATION OF INJURY,0,0,0,0,0,1,0,7,2,11,41.65504929,-87.60496856,POINT (-87.604968563945 41.655049291296),1
JA510298,,11/13/2017 7:34,15,STOP SIGN/FLASHER,NO CONTROLS,CLEAR,DAYLIGHT,TURNING,NOT DIVIDED,1,STRAIGHT ON GRADE,DRY,NO DEFECTS,NOT ON SCENE (DESK REPORT),NO INJURY / DRIVE AWAY,Y,,,$500 OR LESS,11/13/2017 14:35,FAILING TO REDUCE SPEED TO AVOID CRASH,"OPERATING VEHICLE IN ERRATIC, RECKLESS, CARELESS, NEGLIGENT OR AGGRESSIVE MANNER",8800,S,JUSTINE ST,2221,,,,,,,2,NO INDICATION OF INJURY,0,0,0,0,0,2,0,7,2,11,41.73390054,-87.66194091,POINT (-87.661940906642 41.733900538064),1
JA509751,,11/13/2017 7:40,30,STOP SIGN/FLASHER,NO CONTROLS,CLEAR,DAYLIGHT,ANGLE,NOT DIVIDED,3,STRAIGHT AND LEVEL,DRY,NO DEFECTS,ON SCENE,INJURY AND / OR TOW DUE TO CRASH,Y,,,"OVER $1,500",11/13/2017 7:47,FAILING TO YIELD RIGHT-OF-WAY,FAILING TO REDUCE SPEED TO AVOID CRASH,4600,S,INDIANA AVE,215,,,,,,,4,NONINCAPACITATING INJURY,3,0,0,2,1,0,0,7,2,11,41.81103208,-87.62140462,POINT (-87.62140462327 41.811032083875),1
JA509754,,11/13/2017 7:40,0,NO CONTROLS,NO CONTROLS,OTHER,DAYLIGHT,TURNING,OTHER,0,STRAIGHT AND LEVEL,WET,NO DEFECTS,ON SCENE,INJURY AND / OR TOW DUE TO CRASH,Y,,,"OVER $1,500",11/13/2017 7:51,"VISION OBSCURED (SIGNS, TREE LIMBS, BUILDINGS, ETC.)",UNABLE TO DETERMINE,6500,N,NEVA AVE,1611,,,,,,,2,NO INDICATION OF INJURY,0,0,0,0,0,2,0,7,2,11,42.00002266,-87.80554316,POINT (-87.805543163751 42.000022662063),1
JA509939,,11/13/2017 7:40,20,TRAFFIC SIGNAL,FUNCTIONING PROPERLY,CLEAR,DUSK,PEDESTRIAN,NOT DIVIDED,2,STRAIGHT AND LEVEL,DRY,NO DEFECTS,NOT ON SCENE (DESK REPORT),NO INJURY / DRIVE AWAY,Y,,,$500 OR LESS,11/13/2017 10:15,FAILING TO YIELD RIGHT-OF-WAY,UNABLE TO DETERMINE,4601,N,CLARENDON AVE,1914,,,,,,,2,NO INDICATION OF INJURY,0,0,0,0,0,2,0,7,2,11,41.96553747,-87.64987305,POINT (-87.649873050321 41.965537465093),1
JA510629,,11/13/2017 7:40,30,TRAFFIC SIGNAL,FUNCTIONING PROPERLY,CLEAR,DAYLIGHT,REAR END,NOT DIVIDED,,STRAIGHT AND LEVEL,DRY,NO DEFECTS,NOT ON SCENE (DESK REPORT),INJURY AND / OR TOW DUE TO CRASH,,,,"OVER $1,500",11/13/2017 18:15,FOLLOWING TOO CLOSELY,UNABLE TO DETERMINE,4000,N,LARAMIE AVE,1624,,,,,,,2,"REPORTED, NOT EVIDENT",1,0,0,0,1,1,0,7,2,11,41.95334314,-87.75729593,POINT (-87.757295931494 41.953343139922),1
JA513397,,11/13/2017 7:45,30,STOP SIGN/FLASHER,NO CONTROLS,CLEAR,DAYLIGHT,ANGLE,NOT DIVIDED,2,STRAIGHT AND LEVEL,DRY,UNKNOWN,NOT ON SCENE (DESK REPORT),NO INJURY / DRIVE AWAY,,,,"$501 - $1,500",11/15/2017 21:08,FAILING TO YIELD RIGHT-OF-WAY,NOT APPLICABLE,4452,W,BELMONT AVE,1731,,,,,,,2,NO INDICATION OF INJURY,0,0,0,0,0,2,0,7,2,11,41.93904216,-87.73920127,POINT (-87.739201273143 41.939042157379),1
JA509743,,11/13/2017 7:45,25,NO CONTROLS,NO CONTROLS,CLEAR,DAYLIGHT,SIDESWIPE SAME DIRECTION,DIVIDED - W/MEDIAN (NOT RAISED),4,STRAIGHT AND LEVEL,DRY,NO DEFECTS,NOT ON SCENE (DESK REPORT),NO INJURY / DRIVE AWAY,,,,"$501 - $1,500",11/13/2017 8:00,IMPROPER LANE USAGE,FAILING TO YIELD RIGHT-OF-WAY,6410,N,RIDGE BLVD,2412,,,,,,,2,NO INDICATION OF INJURY,0,0,0,0,0,2,0,7,2,11,41.99827739,-87.67713583,POINT (-87.677135827662 41.998277392864),1
JA509782,Y,11/13/2017 7:45,35,NO CONTROLS,NO CONTROLS,CLEAR,DAYLIGHT,REAR END,DIVIDED - W/MEDIAN (NOT RAISED),2,STRAIGHT AND LEVEL,DRY,NO DEFECTS,ON SCENE,INJURY AND / OR TOW DUE TO CRASH,,,,"OVER $1,500",11/13/2017 7:50,DISTRACTION - FROM INSIDE VEHICLE,FOLLOWING TOO CLOSELY,7541,W,TOUHY AVE,1611,,,,,,,4,NO INDICATION OF INJURY,0,0,0,0,0,5,0,7,2,11,42.01137467,-87.81528228,POINT (-87.815282280861 42.011374668581),1
JA509801,,11/13/2017 7:45,30,STOP SIGN/FLASHER,FUNCTIONING PROPERLY,CLEAR,DAYLIGHT,ANGLE,DIVIDED - W/MEDIAN (NOT RAISED),4,STRAIGHT AND LEVEL,DRY,NO DEFECTS,NOT ON SCENE (DESK REPORT),NO INJURY / DRIVE AWAY,Y,,Y,"$501 - $1,500",11/13/2017 8:40,DISREGARDING STOP SIGN,NOT APPLICABLE,3500,S,HONORE ST,912,,,,,,,2,NO INDICATION OF INJURY,0,0,0,0,0,2,0,7,2,11,41.83033887,-87.67176821,POINT (-87.671768212105 41.830338871099),1
JA509853,,11/13/2017 7:45,20,NO CONTROLS,NO CONTROLS,CLEAR,DAYLIGHT,PARKED MOTOR VEHICLE,ONE-WAY,,STRAIGHT AND LEVEL,DRY,NO DEFECTS,NOT ON SCENE (DESK REPORT),NO INJURY / DRIVE AWAY,,,,"$501 - $1,500",11/13/2017 9:30,NOT APPLICABLE,NOT APPLICABLE,6239,N,LEAVITT ST,2413,,,,,,,2,NO INDICATION OF INJURY,0,0,0,0,0,1,0,7,2,11,41.99536777,-87.68475636,POINT (-87.684756363128 41.995367765144),1
JA509852,,11/13/2017 7:45,30,TRAFFIC SIGNAL,FUNCTIONING PROPERLY,CLEAR,DAYLIGHT,REAR END,NOT DIVIDED,,STRAIGHT AND LEVEL,DRY,NO DEFECTS,NOT ON SCENE (DESK REPORT),NO INJURY / DRIVE AWAY,,,,$500 OR LESS,11/13/2017 9:15,FOLLOWING TOO CLOSELY,NOT APPLICABLE,800,N,KILBOURN AVE,1111,,,,,,,3,NO INDICATION OF INJURY,0,0,0,0,0,3,0,7,2,11,41.89518584,-87.73856106,POINT (-87.738561061707 41.895185838604),1
JA509941,,11/13/2017 7:50,30,NO CONTROLS,NO CONTROLS,CLEAR,DAYLIGHT,SIDESWIPE SAME DIRECTION,NOT DIVIDED,4,STRAIGHT AND LEVEL,DRY,NO DEFECTS,NOT ON SCENE (DESK REPORT),NO INJURY / DRIVE AWAY,,,Y,"$501 - $1,500",11/13/2017 10:36,IMPROPER OVERTAKING/PASSING,NOT APPLICABLE,5696,W,FOSTER AVE,1622,,,,,,,2,NO INDICATION OF INJURY,0,0,0,0,0,2,0,7,2,11,41.97578984,-87.77118936,POINT (-87.771189355043 41.975789839215),1
JA509770,,11/13/2017 7:50,30,NO CONTROLS,NO CONTROLS,CLEAR,DAYLIGHT,SIDESWIPE SAME DIRECTION,NOT DIVIDED,4,STRAIGHT AND LEVEL,DRY,NO DEFECTS,ON SCENE,NO INJURY / DRIVE AWAY,,,,"OVER $1,500",11/13/2017 8:04,UNABLE TO DETERMINE,UNABLE TO DETERMINE,5305,S,WESTERN BLVD,932,,,,,,,2,NO INDICATION OF INJURY,0,0,0,0,0,4,0,7,2,11,41.79731256,-87.6834148,POINT (-87.683414798906 41.797312563355),1
JA509757,,11/13/2017 7:53,0,NO CONTROLS,FUNCTIONING PROPERLY,CLEAR,DAYLIGHT,REAR END,NOT DIVIDED,4,STRAIGHT AND LEVEL,DRY,NO DEFECTS,NOT ON SCENE (DESK REPORT),NO INJURY / DRIVE AWAY,,,,"OVER $1,500",11/13/2017 8:05,IMPROPER LANE USAGE,UNABLE TO DETERMINE,1040,W,95TH ST,2223,,,,,,,2,NO INDICATION OF INJURY,0,0,0,0,0,2,0,7,2,11,41.72148925,-87.64969661,POINT (-87.649696606023 41.72148924475),1
JA510639,,11/13/2017 7:55,30,NO CONTROLS,NO CONTROLS,CLEAR,DAYLIGHT,SIDESWIPE SAME DIRECTION,DIVIDED - W/MEDIAN (NOT RAISED),,STRAIGHT AND LEVEL,DRY,UNKNOWN,NOT ON SCENE (DESK REPORT),NO INJURY / DRIVE AWAY,,,,"OVER $1,500",11/13/2017 18:20,UNABLE TO DETERMINE,UNABLE TO DETERMINE,5547,S,DR MARTIN LUTHER KING JR DR,233,,,,,,,2,NO INDICATION OF INJURY,0,0,0,0,0,3,0,7,2,11,41.79304986,-87.61579012,POINT (-87.61579012271 41.793049863675),1
JA509778,,11/13/2017 8:00,35,NO CONTROLS,NO CONTROLS,CLEAR,DAYLIGHT,REAR END,NOT DIVIDED,2,STRAIGHT AND LEVEL,DRY,NO DEFECTS,NOT ON SCENE (DESK REPORT),NO INJURY / DRIVE AWAY,,,,"OVER $1,500",11/13/2017 8:00,FOLLOWING TOO CLOSELY,FOLLOWING TOO CLOSELY,3231,S,PULASKI RD,1031,,,,,,,2,NO INDICATION OF INJURY,0,0,0,0,0,3,0,8,2,11,41.83414855,-87.72414632,POINT (-87.724146314614 41.834148547725),1
JA509817,,11/13/2017 8:00,25,NO CONTROLS,NO CONTROLS,CLEAR,DAYLIGHT,PARKED MOTOR VEHICLE,NOT DIVIDED,,STRAIGHT AND LEVEL,DRY,NO DEFECTS,NOT ON SCENE (DESK REPORT),NO INJURY / DRIVE AWAY,,,Y,"OVER $1,500",11/13/2017 8:56,UNABLE TO DETERMINE,UNABLE TO DETERMINE,110,N,HAMLIN BLVD,1122,,,,,,,2,NO INDICATION OF INJURY,0,0,0,0,0,1,0,8,2,11,41.88225863,-87.72098107,POINT (-87.720981068678 41.882258632428),1
JA509950,,11/13/2017 8:00,25,TRAFFIC SIGNAL,FUNCTIONING PROPERLY,CLEAR,DAYLIGHT,PEDESTRIAN,NOT DIVIDED,2,STRAIGHT AND LEVEL,DRY,NO DEFECTS,NOT ON SCENE (DESK REPORT),INJURY AND / OR TOW DUE TO CRASH,Y,,,$500 OR LESS,11/13/2017 10:00,UNABLE TO DETERMINE,HAD BEEN DRINKING (USE WHEN ARREST IS NOT MADE),4559,N,CLARENDON AVE,1914,,,,,,,2,NONINCAPACITATING INJURY,1,0,0,1,0,1,0,8,2,11,41.96544078,-87.64987115,POINT (-87.64987115066 41.96544077552),1
JA509866,,11/13/2017 8:00,25,TRAFFIC SIGNAL,FUNCTIONING PROPERLY,CLEAR,DAYLIGHT,REAR END,NOT DIVIDED,2,STRAIGHT AND LEVEL,DRY,NO DEFECTS,NOT ON SCENE (DESK REPORT),NO INJURY / DRIVE AWAY,Y,,,"OVER $1,500",11/13/2017 8:45,FOLLOWING TOO CLOSELY,NOT APPLICABLE,1124,W,BRYN MAWR AVE,2022,Y,,,,,,2,NO INDICATION OF INJURY,0,0,0,0,0,2,0,8,2,11,41.98375013,-87.65908171,POINT (-87.659081711945 41.983750126182),1
JA509806,,11/13/2017 8:00,20,NO CONTROLS,NO CONTROLS,CLEAR,DAYLIGHT,TURNING,ALLEY,1,STRAIGHT AND LEVEL,DRY,OTHER,ON SCENE,NO INJURY / DRIVE AWAY,,,,"$501 - $1,500",11/13/2017 8:30,"VISION OBSCURED (SIGNS, TREE LIMBS, BUILDINGS, ETC.)",DISTRACTION - FROM INSIDE VEHICLE,8743,S,COTTAGE GROVE AVE,632,,,,,,,2,NO INDICATION OF INJURY,0,0,0,0,0,2,0,8,2,11,41.73537814,-87.60464462,POINT (-87.604644617927 41.735378137394),1
JA509783,,11/13/2017 8:00,30,NO CONTROLS,NO CONTROLS,CLEAR,DAYLIGHT,SIDESWIPE SAME DIRECTION,DIVIDED - W/MEDIAN (NOT RAISED),4,STRAIGHT AND LEVEL,DRY,NO DEFECTS,NOT ON SCENE (DESK REPORT),NO INJURY / DRIVE AWAY,,,Y,"OVER $1,500",11/13/2017 8:25,UNABLE TO DETERMINE,UNABLE TO DETERMINE,7040,N,ASHLAND BLVD,2423,,,,,,,2,NO INDICATION OF INJURY,0,0,0,0,0,2,0,8,2,11,42.01021159,-87.67026263,POINT (-87.67026262535 42.010211588321),1
JA522257,,11/13/2017 8:00,30,NO CONTROLS,NO CONTROLS,CLEAR,DAYLIGHT,PARKED MOTOR VEHICLE,PARKING LOT,,STRAIGHT AND LEVEL,DRY,NO DEFECTS,NOT ON SCENE (DESK REPORT),NO INJURY / DRIVE AWAY,,,,"$501 - $1,500",11/22/2017 21:15,UNABLE TO DETERMINE,UNABLE TO DETERMINE,4234,N,KEDZIE AVE,1724,,,,,,,2,NO INDICATION OF INJURY,0,0,0,0,0,1,0,8,2,11,41.95859673,-87.70830958,POINT (-87.708309575895 41.958596724683),1
JA509767,,11/13/2017 8:05,25,STOP SIGN/FLASHER,FUNCTIONING PROPERLY,CLEAR,DAYLIGHT,ANGLE,NOT DIVIDED,2,STRAIGHT AND LEVEL,DRY,NO DEFECTS,NOT ON SCENE (DESK REPORT),NO INJURY / DRIVE AWAY,Y,,Y,"$501 - $1,500",11/13/2017 8:10,DISREGARDING STOP SIGN,NOT APPLICABLE,3800,S,WALLACE ST,915,,,,,,,2,NO INDICATION OF INJURY,0,0,0,0,0,3,0,8,2,11,41.82525156,-87.64124746,POINT (-87.641247458239 41.825251562254),1
JA509787,,11/13/2017 8:05,30,NO CONTROLS,NO CONTROLS,CLEAR,DAYLIGHT,ANGLE,DIVIDED - W/MEDIAN (NOT RAISED),2,STRAIGHT AND LEVEL,DRY,NO DEFECTS,ON SCENE,NO INJURY / DRIVE AWAY,,,,"$501 - $1,500",11/13/2017 8:09,DISTRACTION - FROM INSIDE VEHICLE,UNABLE TO DETERMINE,2300,W,ERIE ST,1221,,,,,,,2,NO INDICATION OF INJURY,0,0,0,0,0,2,0,8,2,11,41.89316707,-87.68444438,POINT (-87.68444437524 41.893167073875),1
JA509775,,11/13/2017 8:05,30,TRAFFIC SIGNAL,FUNCTIONING PROPERLY,CLEAR,DAYLIGHT,PEDALCYCLIST,NOT DIVIDED,4,STRAIGHT AND LEVEL,DRY,NO DEFECTS,ON SCENE,INJURY AND / OR TOW DUE TO CRASH,Y,,,$500 OR LESS,11/13/2017 8:10,FAILING TO YIELD RIGHT-OF-WAY,FAILING TO YIELD RIGHT-OF-WAY,1200,S,WABASH AVE,131,,,,,,,2,"REPORTED, NOT EVIDENT",1,0,0,0,1,1,0,8,2,11,41.86734642,-87.62597476,POINT (-87.625974764137 41.86734641752),1
JA509811,,11/13/2017 8:10,25,NO CONTROLS,NO CONTROLS,CLEAR,DAYLIGHT,ANGLE,OTHER,,STRAIGHT AND LEVEL,DRY,NO DEFECTS,NOT ON SCENE (DESK REPORT),NO INJURY / DRIVE AWAY,Y,,,"$501 - $1,500",11/13/2017 8:15,FAILING TO YIELD RIGHT-OF-WAY,NOT APPLICABLE,6415,N,CLAREMONT AVE,2412,,,,,,,2,NO INDICATION OF INJURY,0,0,0,0,0,2,0,8,2,11,41.9982369,-87.68853016,POINT (-87.688530163636 41.998236899768),1
JA509836,,11/13/2017 8:15,30,NO CONTROLS,NO CONTROLS,CLEAR,DAYLIGHT,PARKED MOTOR VEHICLE,NOT DIVIDED,,STRAIGHT AND LEVEL,DRY,NO DEFECTS,ON SCENE,NO INJURY / DRIVE AWAY,,,Y,"$501 - $1,500",11/13/2017 8:27,IMPROPER OVERTAKING/PASSING,IMPROPER OVERTAKING/PASSING,816,E,132ND ST,533,,,,,,,2,NO INDICATION OF INJURY,0,0,0,0,0,2,0,8,2,11,41.65591545,-87.60181208,POINT (-87.601812084335 41.655915445425),1
JA509776,,11/13/2017 8:15,30,NO CONTROLS,NO CONTROLS,CLEAR,DAYLIGHT,PARKED MOTOR VEHICLE,NOT DIVIDED,2,STRAIGHT AND LEVEL,DRY,NO DEFECTS,ON SCENE,INJURY AND / OR TOW DUE TO CRASH,,,,"OVER $1,500",11/13/2017 8:15,UNABLE TO DETERMINE,UNABLE TO DETERMINE,6663,W,DEVON AVE,1611,,,,,,,2,INCAPACITATING INJURY,1,0,1,0,0,0,0,8,2,11,41.99720737,-87.79480073,POINT (-87.794800729524 41.997207373213),1
JA509792,,11/13/2017 8:15,30,TRAFFIC SIGNAL,FUNCTIONING PROPERLY,CLEAR,DAYLIGHT,PEDESTRIAN,DIVIDED - W/MEDIAN (NOT RAISED),4,STRAIGHT AND LEVEL,DRY,NO DEFECTS,ON SCENE,INJURY AND / OR TOW DUE TO CRASH,Y,,,$500 OR LESS,11/13/2017 8:30,"VISION OBSCURED (SIGNS, TREE LIMBS, BUILDINGS, ETC.)",DRIVING SKILLS/KNOWLEDGE/EXPERIENCE,3579,W,FULLERTON AVE,1413,,,,,,,2,NONINCAPACITATING INJURY,1,0,0,1,0,1,0,8,2,11,41.92449531,-87.71685184,POINT (-87.716851839978 41.924495310398),1
JA509794,,11/13/2017 8:15,30,STOP SIGN/FLASHER,FUNCTIONING PROPERLY,CLEAR,DAYLIGHT,PEDALCYCLIST,NOT DIVIDED,,STRAIGHT AND LEVEL,WET,OTHER,ON SCENE,NO INJURY / DRIVE AWAY,Y,,,$500 OR LESS,11/13/2017 8:17,UNABLE TO DETERMINE,DISTRACTION - FROM OUTSIDE VEHICLE,2900,W,42ND ST,921,,,,,,,2,NO INDICATION OF INJURY,0,0,0,0,0,2,0,8,2,11,41.81742025,-87.69699777,POINT (-87.696997769238 41.817420245372),1
JA511995,,11/13/2017 8:15,30,NO CONTROLS,NO CONTROLS,CLEAR,DAYLIGHT,SIDESWIPE SAME DIRECTION,NOT DIVIDED,,STRAIGHT AND LEVEL,DRY,NO DEFECTS,NOT ON SCENE (DESK REPORT),NO INJURY / DRIVE AWAY,,,Y,"OVER $1,500",11/14/2017 19:21,NOT APPLICABLE,NOT APPLICABLE,7600,S,KEDZIE AVE,835,,,,,,,2,NO INDICATION OF INJURY,0,0,0,0,0,2,0,8,2,11,41.75517853,-87.70269571,POINT (-87.702695710502 41.755178528007),1
JA509812,,11/13/2017 8:20,35,STOP SIGN/FLASHER,FUNCTIONING PROPERLY,CLEAR,DAYLIGHT,HEAD ON,NOT DIVIDED,2,STRAIGHT AND LEVEL,DRY,NO DEFECTS,ON SCENE,NO INJURY / DRIVE AWAY,,,,"$501 - $1,500",11/13/2017 8:25,IMPROPER BACKING,FAILING TO REDUCE SPEED TO AVOID CRASH,9501,S,RACINE AVE,2213,,,,,,,2,NO INDICATION OF INJURY,0,0,0,0,0,2,0,8,2,11,41.72128641,-87.6527994,POINT (-87.652799395889 41.721286408926),1
JA509910,,11/13/2017 8:20,25,NO CONTROLS,NO CONTROLS,CLEAR,DAYLIGHT,SIDESWIPE SAME DIRECTION,ONE-WAY,,STRAIGHT AND LEVEL,DRY,NO DEFECTS,NOT ON SCENE (DESK REPORT),NO INJURY / DRIVE AWAY,,,Y,$500 OR LESS,11/13/2017 10:00,UNABLE TO DETERMINE,UNABLE TO DETERMINE,100,N,CANAL ST,121,,,,,,,2,NO INDICATION OF INJURY,0,0,0,0,0,2,0,8,2,11,41.88323388,-87.639896,POINT (-87.639895998869 41.883233882356),1
JA509841,,11/13/2017 8:22,30,NO CONTROLS,NO CONTROLS,CLEAR,DAYLIGHT,SIDESWIPE SAME DIRECTION,DIVIDED - W/MEDIAN (NOT RAISED),2,STRAIGHT AND LEVEL,DRY,NO DEFECTS,ON SCENE,NO INJURY / DRIVE AWAY,,,,"$501 - $1,500",11/13/2017 8:39,IMPROPER LANE USAGE,IMPROPER LANE USAGE,2347,W,FULLERTON AVE,1432,,,,,,,2,NO INDICATION OF INJURY,0,0,0,0,0,2,0,8,2,11,41.92479683,-87.68702846,POINT (-87.687028459097 41.924796830178),1
JA509807,,11/13/2017 8:25,30,TRAFFIC SIGNAL,FUNCTIONING PROPERLY,CLEAR,DAYLIGHT,REAR END,ONE-WAY,3,STRAIGHT AND LEVEL,DRY,NO DEFECTS,NOT ON SCENE (DESK REPORT),NO INJURY / DRIVE AWAY,Y,,,"OVER $1,500",11/13/2017 8:50,FAILING TO REDUCE SPEED TO AVOID CRASH,NOT APPLICABLE,804,N,CLARK ST,1832,,,,,,,2,NO INDICATION OF INJURY,0,0,0,0,0,2,0,8,2,11,41.89682028,-87.63139509,POINT (-87.631395089207 41.896820280025),1
JA509818,,11/13/2017 8:30,30,NO CONTROLS,NO CONTROLS,CLEAR,DAYLIGHT,SIDESWIPE SAME DIRECTION,ONE-WAY,,STRAIGHT AND LEVEL,DRY,NO DEFECTS,NOT ON SCENE (DESK REPORT),NO INJURY / DRIVE AWAY,,,,"$501 - $1,500",11/13/2017 8:55,FAILING TO YIELD RIGHT-OF-WAY,UNABLE TO DETERMINE,2413,N,AVERS AVE,2524,,,,,,,2,NO INDICATION OF INJURY,0,0,0,0,0,2,0,8,2,11,41.92496474,-87.72297046,POINT (-87.722970459592 41.92496474119),1
JA510540,,11/13/2017 8:30,15,NO CONTROLS,NO CONTROLS,CLEAR,DAYLIGHT,PARKED MOTOR VEHICLE,PARKING LOT,0,STRAIGHT AND LEVEL,DRY,NO DEFECTS,NOT ON SCENE (DESK REPORT),NO INJURY / DRIVE AWAY,,,Y,"OVER $1,500",11/13/2017 15:00,UNABLE TO DETERMINE,UNABLE TO DETERMINE,6958,S,STONY ISLAND AVE,332,,,,,,,2,NO INDICATION OF INJURY,0,0,0,0,0,1,0,8,2,11,41.76792288,-87.58651786,POINT (-87.58651786409 41.767922874782),1
JA511823,,11/13/2017 8:30,30,NO CONTROLS,NO CONTROLS,UNKNOWN,DAYLIGHT,PARKED MOTOR VEHICLE,ONE-WAY,1,STRAIGHT AND LEVEL,UNKNOWN,UNKNOWN,NOT ON SCENE (DESK REPORT),NO INJURY / DRIVE AWAY,,,Y,"OVER $1,500",11/14/2017 17:28,UNABLE TO DETERMINE,NOT APPLICABLE,3907,N,JANSSEN AVE,1922,,,,,,,2,NO INDICATION OF INJURY,0,0,0,0,0,1,0,8,2,11,41.95277382,-87.66565897,POINT (-87.665658970144 41.952773819415),1
JA510116,,11/13/2017 8:30,30,TRAFFIC SIGNAL,FUNCTIONING IMPROPERLY,CLEAR,DAYLIGHT,ANGLE,DIVIDED - W/MEDIAN (NOT RAISED),1,STRAIGHT AND LEVEL,DRY,NO DEFECTS,NOT ON SCENE (DESK REPORT),INJURY AND / OR TOW DUE TO CRASH,Y,,,"OVER $1,500",11/13/2017 11:52,DISREGARDING TRAFFIC SIGNALS,UNABLE TO DETERMINE,17,N,CENTRAL PARK DR,1123,,,,,,,2,NONINCAPACITATING INJURY,2,0,0,2,0,6,0,8,2,11,41.88147905,-87.7157181,POINT (-87.715718103529 41.881479045967),1
JA517118,,11/13/2017 8:30,30,TRAFFIC SIGNAL,FUNCTIONING PROPERLY,CLEAR,DAYLIGHT,REAR END,NOT DIVIDED,,STRAIGHT AND LEVEL,DRY,NO DEFECTS,NOT ON SCENE (DESK REPORT),NO INJURY / DRIVE AWAY,,,,"$501 - $1,500",11/18/2017 19:00,FOLLOWING TOO CLOSELY,NOT APPLICABLE,6256,S,STATE ST,311,,,,,,,2,NO INDICATION OF INJURY,0,0,0,0,0,2,0,8,2,11,41.78015117,-87.62551967,POINT (-87.625519665365 41.780151169818),1
JA509820,,11/13/2017 8:30,30,TRAFFIC SIGNAL,FUNCTIONING PROPERLY,CLEAR,DAYLIGHT,TURNING,NOT DIVIDED,,STRAIGHT AND LEVEL,DRY,NO DEFECTS,ON SCENE,INJURY AND / OR TOW DUE TO CRASH,Y,,,"OVER $1,500",11/13/2017 8:35,IMPROPER TURNING/NO SIGNAL,"VISION OBSCURED (SIGNS, TREE LIMBS, BUILDINGS, ETC.)",4000,W,BRYN MAWR AVE,1711,,,,,,,2,NO INDICATION OF INJURY,0,0,0,0,0,2,0,8,2,11,41.98294192,-87.7284913,POINT (-87.728491298242 41.982941918691),1
JA509826,,11/13/2017 8:35,30,NO CONTROLS,NO CONTROLS,CLEAR,DAYLIGHT,ANGLE,DIVIDED - W/MEDIAN (NOT RAISED),,STRAIGHT AND LEVEL,DRY,NO DEFECTS,NOT ON SCENE (DESK REPORT),NO INJURY / DRIVE AWAY,,,,"OVER $1,500",11/13/2017 9:00,UNABLE TO DETERMINE,UNABLE TO DETERMINE,701,W,SHERIDAN RD,1925,,,,Y,CONSTRUCTION,,2,NO INDICATION OF INJURY,0,0,0,0,0,2,0,8,2,11,41.95273444,-87.64797207,POINT (-87.647972068845 41.952734435416),1
JA509838,,11/13/2017 8:36,30,TRAFFIC SIGNAL,FUNCTIONING PROPERLY,CLEAR,DAYLIGHT,REAR END,NOT DIVIDED,2,STRAIGHT AND LEVEL,DRY,NO DEFECTS,ON SCENE,INJURY AND / OR TOW DUE TO CRASH,Y,,,"OVER $1,500",11/13/2017 8:55,FOLLOWING TOO CLOSELY,UNABLE TO DETERMINE,200,W,79TH ST,623,,,,,,,2,NONINCAPACITATING INJURY,1,0,0,1,0,2,0,8,2,11,41.75097347,-87.62955631,POINT (-87.629556305941 41.750973465006),1
JA509846,,11/13/2017 8:40,30,STOP SIGN/FLASHER,FUNCTIONING PROPERLY,CLEAR,DAYLIGHT,ANGLE,DIVIDED - W/MEDIAN (NOT RAISED),3,STRAIGHT AND LEVEL,DRY,NO DEFECTS,NOT ON SCENE (DESK REPORT),NO INJURY / DRIVE AWAY,,,,"$501 - $1,500",11/13/2017 8:40,UNABLE TO DETERMINE,UNABLE TO DETERMINE,201,E,46TH ST,215,,,,,,,2,NO INDICATION OF INJURY,0,0,0,0,0,2,0,8,2,11,41.81101665,-87.62117611,POINT (-87.621176107755 41.811016646447),1
JA509884,,11/13/2017 8:40,30,TRAFFIC SIGNAL,FUNCTIONING PROPERLY,CLEAR,DAYLIGHT,REAR END,NOT DIVIDED,,STRAIGHT AND LEVEL,DRY,NO DEFECTS,NOT ON SCENE (DESK REPORT),NO INJURY / DRIVE AWAY,,,Y,$500 OR LESS,11/13/2017 9:45,FOLLOWING TOO CLOSELY,NOT APPLICABLE,2931,N,ASHLAND AVE,1932,,,,,,,2,NO INDICATION OF INJURY,0,0,0,0,0,2,0,8,2,11,41.93509396,-87.66834603,POINT (-87.668346024673 41.935093957538),1