RD_NO,CRASH_DATE_EST_I,CRASH_DATE,POSTED_SPEED_LIMIT,TRAFFIC_CONTROL_DEVICE,DEVICE_CONDITION,WEATHER_CONDITION,LIGHTING_CONDITION,FIRST_CRASH_TYPE,TRAFFICWAY_TYPE,LANE_CNT,ALIGNMENT,ROADWAY_SURFACE_COND,ROAD_DEFECT,REPORT_TYPE,CRASH_TYPE,INTERSECTION_RELATED_I,NOT_RIGHT_OF_WAY_I,HIT_AND_RUN_I,DAMAGE,DATE_POLICE_NOTIFIED,PRIM_CONTRIBUTORY_CAUSE,SEC_CONTRIBUTORY_CAUSE,STREET_NO,STREET_DIRECTION,STREET_NAME,BEAT_OF_OCCURRENCE,PHOTOS_TAKEN_I,STATEMENTS_TAKEN_I,DOORING_I,WORK_ZONE_I,WORK_ZONE_TYPE,WORKERS_PRESENT_I,NUM_UNITS,MOST_SEVERE_INJURY,INJURIES_TOTAL,INJURIES_FATAL,INJURIES_INCAPACITATING,INJURIES_NON_INCAPACITATING,INJURIES_REPORTED_NOT_EVIDENT,INJURIES_NO_INDICATION,INJURIES_UNKNOWN,CRASH_HOUR,CRASH_DAY_OF_WEEK,CRASH_MONTH,LATITUDE,LONGITUDE,LOCATION,Join
JA509829,,11/13/2017 8:45,30,TRAFFIC SIGNAL,FUNCTIONING PROPERLY,CLEAR,DAYLIGHT,REAR END,NOT DIVIDED,4,STRAIGHT AND LEVEL,DRY,NO DEFECTS,ON SCENE,INJURY AND / OR TOW DUE TO CRASH,,,,"OVER $1,500",11/13/2017 8:47,FOLLOWING TOO CLOSELY,UNABLE TO DETERMINE,6101,S,CICERO AVE,813,,,,,,,2,NONINCAPACITATING INJURY,1,0,0,1,0,1,0,8,2,11,41.78199438,-87.74226184,POINT (-87.742261836888 41.781994378524),1
JA509844,,11/13/2017 8:45,15,NO CONTROLS,NO CONTROLS,CLEAR,DAYLIGHT,TURNING,PARKING LOT,1,STRAIGHT AND LEVEL,DRY,NO DEFECTS,NOT ON SCENE (DESK REPORT),NO INJURY / DRIVE AWAY,,Y,,"OVER $1,500",11/13/2017 9:20,FAILING TO YIELD RIGHT-OF-WAY,NOT APPLICABLE,5656,W,IRVING PARK RD,1624,,,,,,,2,NO INDICATION OF INJURY,0,0,0,0,0,2,0,8,2,11,41.95326311,-87.76931122,POINT (-87.769311222601 41.95326311074),1
JA509890,,11/13/2017 8:45,30,NO CONTROLS,NO CONTROLS,CLEAR,DAYLIGHT,PARKED MOTOR VEHICLE,PARKING LOT,,STRAIGHT AND LEVEL,DRY,NO DEFECTS,ON SCENE,NO INJURY / DRIVE AWAY,,,,"$501 - $1,500",11/13/2017 9:30,UNABLE TO DETERMINE,NOT APPLICABLE,5046,N,DAMEN AVE,2032,,,,,,,2,NO INDICATION OF INJURY,0,0,0,0,0,1,0,8,2,11,41.97375486,-87.67948357,POINT (-87.679483567959 41.973754859563),1
JA510768,,11/13/2017 8:45,30,NO CONTROLS,NO CONTROLS,CLEAR,DAYLIGHT,SIDESWIPE SAME DIRECTION,ONE-WAY,3,STRAIGHT AND LEVEL,DRY,NO DEFECTS,NOT ON SCENE (DESK REPORT),NO INJURY / DRIVE AWAY,Y,,,"OVER $1,500",11/13/2017 19:30,FAILING TO YIELD RIGHT-OF-WAY,UNABLE TO DETERMINE,4600,S,INDIANA AVE,215,,,,,,,2,NO INDICATION OF INJURY,0,0,0,0,0,2,0,8,2,11,41.81103208,-87.62140462,POINT (-87.62140462327 41.811032083875),1
JA509863,,11/13/2017 8:50,35,TRAFFIC SIGNAL,FUNCTIONING PROPERLY,CLEAR,DAYLIGHT,TURNING,NOT DIVIDED,2,STRAIGHT AND LEVEL,DRY,NO DEFECTS,NOT ON SCENE (DESK REPORT),NO INJURY / DRIVE AWAY,,,,"$501 - $1,500",11/13/2017 9:38,IMPROPER OVERTAKING/PASSING,IMPROPER OVERTAKING/PASSING,1600,W,GARFIELD BLVD,932,,,,,,,2,NO INDICATION OF INJURY,0,0,0,0,0,2,0,8,2,11,41.79413322,-87.66464526,POINT (-87.664645263203 41.794133220224),1
JA509873,,11/13/2017 8:50,30,NO CONTROLS,NO CONTROLS,CLEAR,DAYLIGHT,PARKED MOTOR VEHICLE,NOT DIVIDED,4,STRAIGHT AND LEVEL,DRY,UNKNOWN,NOT ON SCENE (DESK REPORT),NO INJURY / DRIVE AWAY,,,,"OVER $1,500",11/13/2017 9:15,UNABLE TO DETERMINE,UNABLE TO DETERMINE,8500,S,VINCENNES AVE,622,,,,,,,2,NO INDICATION OF INJURY,0,0,0,0,0,1,0,8,2,11,41.73993499,-87.63969116,POINT (-87.639691155913 41.739934989149),1
JA509867,,11/13/2017 8:55,30,TRAFFIC SIGNAL,FUNCTIONING PROPERLY,CLEAR,DAYLIGHT,REAR END,ONE-WAY,4,STRAIGHT AND LEVEL,DRY,NO DEFECTS,ON SCENE,INJURY AND / OR TOW DUE TO CRASH,Y,,,"OVER $1,500",11/13/2017 8:59,FOLLOWING TOO CLOSELY,FAILING TO REDUCE SPEED TO AVOID CRASH,2001,W,CONGRESS PKWY,1225,,,,,,,2,NO INDICATION OF INJURY,0,0,0,0,0,2,0,8,2,11,41.87491147,-87.67650709,POINT (-87.676507091376 41.874911464784),1
JA509882,,11/13/2017 8:55,30,NO CONTROLS,NO CONTROLS,CLEAR,DAYLIGHT,TURNING,DIVIDED - W/MEDIAN (NOT RAISED),2,STRAIGHT AND LEVEL,DRY,"RUT, HOLES",NOT ON SCENE (DESK REPORT),NO INJURY / DRIVE AWAY,Y,,,"$501 - $1,500",11/13/2017 9:40,FOLLOWING TOO CLOSELY,UNABLE TO DETERMINE,2600,W,DEVON AVE,2412,,,,,,,2,NO INDICATION OF INJURY,0,0,0,0,0,2,0,8,2,11,41.99775479,-87.69482972,POINT (-87.694829722211 41.997754789249),1
JA509845,,11/13/2017 9:00,30,NO CONTROLS,NO CONTROLS,CLEAR,DAYLIGHT,REAR END,NOT DIVIDED,,STRAIGHT AND LEVEL,DRY,NO DEFECTS,NOT ON SCENE (DESK REPORT),NO INJURY / DRIVE AWAY,,,,"$501 - $1,500",11/13/2017 9:22,UNABLE TO DETERMINE,UNABLE TO DETERMINE,5265,S,CICERO AVE,815,,,,,,,2,NO INDICATION OF INJURY,0,0,0,0,0,2,0,9,2,11,41.79677719,-87.74271809,POINT (-87.742718089897 41.796777192444),1
JA510245,,11/13/2017 9:00,30,OTHER,NO CONTROLS,CLEAR,DAWN,REAR END,PARKING LOT,,STRAIGHT AND LEVEL,DRY,NO DEFECTS,NOT ON SCENE (DESK REPORT),NO INJURY / DRIVE AWAY,,,,"OVER $1,500",11/13/2017 13:50,FOLLOWING TOO CLOSELY,FOLLOWING TOO CLOSELY,6925,S,PULASKI RD,833,,,,,,,2,NO INDICATION OF INJURY,0,0,0,0,0,3,0,9,2,11,41.76687145,-87.72231684,POINT (-87.722316839225 41.7668714494),1
JA510583,,11/13/2017 9:00,30,UNKNOWN,UNKNOWN,UNKNOWN,UNKNOWN,PARKED MOTOR VEHICLE,UNKNOWN,,STRAIGHT AND LEVEL,UNKNOWN,UNKNOWN,NOT ON SCENE (DESK REPORT),NO INJURY / DRIVE AWAY,,,Y,"$501 - $1,500",11/13/2017 17:48,UNABLE TO DETERMINE,UNABLE TO DETERMINE,2508,N,LAVERGNE AVE,2521,,,,,,,2,NO INDICATION OF INJURY,0,0,0,0,0,1,0,9,2,11,41.9263449,-87.7514523,POINT (-87.751452299932 41.926344900875),1
JA509870,,11/13/2017 9:05,30,STOP SIGN/FLASHER,NO CONTROLS,CLEAR,DAYLIGHT,REAR END,DIVIDED - W/MEDIAN (NOT RAISED),,STRAIGHT AND LEVEL,DRY,NO DEFECTS,NOT ON SCENE (DESK REPORT),NO INJURY / DRIVE AWAY,,,,"OVER $1,500",11/13/2017 9:30,FOLLOWING TOO CLOSELY,UNABLE TO DETERMINE,1110,S,LOOMIS ST,1231,,,,,,,2,NO INDICATION OF INJURY,0,0,0,0,0,3,0,9,2,11,41.86821458,-87.66175395,POINT (-87.661753950504 41.868214574529),1
JA509849,,11/13/2017 9:15,30,TRAFFIC SIGNAL,FUNCTIONING PROPERLY,CLEAR,DAYLIGHT,REAR END,DIVIDED - W/MEDIAN (NOT RAISED),,STRAIGHT AND LEVEL,DRY,NO DEFECTS,NOT ON SCENE (DESK REPORT),NO INJURY / DRIVE AWAY,,,,"OVER $1,500",11/13/2017 9:20,DRIVING SKILLS/KNOWLEDGE/EXPERIENCE,NOT APPLICABLE,6301,S,PULASKI RD,823,,,,,,,2,NO INDICATION OF INJURY,0,0,0,0,0,2,0,9,2,11,41.7786395,-87.72261309,POINT (-87.722613087091 41.778639504347),1
JA509856,,11/13/2017 9:15,25,NO CONTROLS,NO CONTROLS,CLEAR,DAYLIGHT,REAR END,NOT DIVIDED,2,STRAIGHT AND LEVEL,DRY,NO DEFECTS,ON SCENE,INJURY AND / OR TOW DUE TO CRASH,,,,"OVER $1,500",11/13/2017 9:20,UNABLE TO DETERMINE,UNABLE TO DETERMINE,1212,N,KEDZIE AVE,1422,,,,,,,2,"REPORTED, NOT EVIDENT",2,0,0,0,2,1,0,9,2,11,41.9032928,-87.7069504,POINT (-87.706950402067 41.903292796556),1
JA509881,,11/13/2017 9:15,30,NO CONTROLS,NO CONTROLS,CLEAR,DAYLIGHT,REAR END,ONE-WAY,2,STRAIGHT AND LEVEL,DRY,NO DEFECTS,NOT ON SCENE (DESK REPORT),NO INJURY / DRIVE AWAY,,,,"OVER $1,500",11/13/2017 9:57,FOLLOWING TOO CLOSELY,UNABLE TO DETERMINE,30,E,LAKE ST,111,,,,,,,2,NO INDICATION OF INJURY,0,0,0,0,0,2,0,9,2,11,41.88586211,-87.62685865,POINT (-87.626858645214 41.885862105116),1
JA510000,Y,11/13/2017 9:15,30,NO CONTROLS,NO CONTROLS,CLEAR,DAYLIGHT,PARKED MOTOR VEHICLE,ONE-WAY,1,STRAIGHT AND LEVEL,DRY,NO DEFECTS,ON SCENE,NO INJURY / DRIVE AWAY,,,Y,"$501 - $1,500",11/13/2017 11:01,NOT APPLICABLE,UNABLE TO DETERMINE,2301,W,IOWA ST,1212,,,,,,,2,NO INDICATION OF INJURY,0,0,0,0,0,1,0,9,2,11,41.89749396,-87.68456206,POINT (-87.684562059569 41.897493955091),1
JA510096,,11/13/2017 9:15,30,TRAFFIC SIGNAL,FUNCTIONING PROPERLY,CLEAR,DAYLIGHT,TURNING,NOT DIVIDED,4,STRAIGHT AND LEVEL,DRY,UNKNOWN,NOT ON SCENE (DESK REPORT),NO INJURY / DRIVE AWAY,,,,"OVER $1,500",11/13/2017 12:05,FAILING TO YIELD RIGHT-OF-WAY,DISREGARDING STOP SIGN,7900,S,STONY ISLAND AVE,411,,,,,,,2,NO INDICATION OF INJURY,0,0,0,0,0,2,0,9,2,11,41.7514606,-87.58597199,POINT (-87.585971992965 41.751460603167),1
JA510047,,11/13/2017 9:18,30,NO CONTROLS,NO CONTROLS,CLOUDY/OVERCAST,DAYLIGHT,FIXED OBJECT,DIVIDED - W/MEDIAN (NOT RAISED),,STRAIGHT AND LEVEL,DRY,NO DEFECTS,ON SCENE,NO INJURY / DRIVE AWAY,,Y,,$500 OR LESS,11/13/2017 9:18,DISREGARDING OTHER TRAFFIC SIGNS,DRIVING SKILLS/KNOWLEDGE/EXPERIENCE,5025,N,MILWAUKEE AVE,1623,,,,,,,1,NO INDICATION OF INJURY,0,0,0,0,0,1,0,9,2,11,41.97236535,-87.76459944,POINT (-87.764599440258 41.972365347407),1
JA509869,,11/13/2017 9:25,15,STOP SIGN/FLASHER,FUNCTIONING PROPERLY,CLEAR,DAYLIGHT,TURNING,PARKING LOT,2,STRAIGHT AND LEVEL,DRY,NO DEFECTS,ON SCENE,NO INJURY / DRIVE AWAY,,,,"OVER $1,500",11/13/2017 9:33,IMPROPER LANE USAGE,NOT APPLICABLE,4501,W,NORTH AVE,2533,,,,,,,2,NO INDICATION OF INJURY,0,0,0,0,0,2,0,9,2,11,41.90960039,-87.73935647,POINT (-87.739356466533 41.909600386011),1
JA509892,,11/13/2017 9:27,30,TRAFFIC SIGNAL,FUNCTIONING PROPERLY,CLEAR,DAYLIGHT,TURNING,DIVIDED - W/MEDIAN (NOT RAISED),6,STRAIGHT AND LEVEL,DRY,NO DEFECTS,NOT ON SCENE (DESK REPORT),NO INJURY / DRIVE AWAY,,,,"OVER $1,500",11/13/2017 9:45,FAILING TO YIELD RIGHT-OF-WAY,UNABLE TO DETERMINE,1600,E,79TH ST,411,,,,,,,2,NO INDICATION OF INJURY,0,0,0,0,0,2,0,9,2,11,41.75161152,-87.58559228,POINT (-87.585592284288 41.751611523273),1
JA509905,,11/13/2017 9:30,30,NO CONTROLS,NO CONTROLS,CLEAR,DAYLIGHT,SIDESWIPE SAME DIRECTION,ONE-WAY,2,STRAIGHT AND LEVEL,DRY,NO DEFECTS,NOT ON SCENE (DESK REPORT),NO INJURY / DRIVE AWAY,,,,"OVER $1,500",11/13/2017 10:00,FAILING TO YIELD RIGHT-OF-WAY,NOT APPLICABLE,75,E,WALTON ST,1833,,,,,,,2,NO INDICATION OF INJURY,0,0,0,0,0,2,0,9,2,11,41.89987451,-87.62552019,POINT (-87.625520192096 41.89987451296),1
JA510061,,11/13/2017 9:30,10,NO CONTROLS,NO CONTROLS,CLEAR,DAYLIGHT,FIXED OBJECT,DRIVEWAY,,STRAIGHT AND LEVEL,DRY,NO DEFECTS,ON SCENE,NO INJURY / DRIVE AWAY,,Y,,"OVER $1,500",11/13/2017 11:20,DRIVING SKILLS/KNOWLEDGE/EXPERIENCE,NOT APPLICABLE,4100,W,ANN LURIE PL,815,,,,,,,1,NO INDICATION OF INJURY,0,0,0,0,0,1,0,9,2,11,41.81643747,-87.72631748,POINT (-87.726317477886 41.816437469636),1
JA510137,,11/13/2017 9:30,5,NO CONTROLS,NO CONTROLS,CLEAR,DAYLIGHT,OTHER OBJECT,ALLEY,,STRAIGHT AND LEVEL,DRY,UNKNOWN,NOT ON SCENE (DESK REPORT),NO INJURY / DRIVE AWAY,,,,"OVER $1,500",11/13/2017 12:47,IMPROPER BACKING,IMPROPER BACKING,1739,W,90TH ST,2221,,,,,,,1,NO INDICATION OF INJURY,0,0,0,0,0,1,0,9,2,11,41.73011039,-87.66680138,POINT (-87.666801382159 41.730110385748),1
JA509934,Y,11/13/2017 9:39,30,STOP SIGN/FLASHER,FUNCTIONING PROPERLY,CLEAR,DAYLIGHT,ANGLE,DIVIDED - W/MEDIAN (NOT RAISED),2,STRAIGHT ON GRADE,DRY,NO DEFECTS,ON SCENE,INJURY AND / OR TOW DUE TO CRASH,Y,,,"OVER $1,500",11/13/2017 9:39,FAILING TO YIELD RIGHT-OF-WAY,UNABLE TO DETERMINE,11460,S,DOTY AVE W,531,,,,,,,2,NONINCAPACITATING INJURY,3,0,0,3,0,1,0,9,2,11,41.68586056,-87.60359996,POINT (-87.603599961963 41.685860555081),1
JA510026,,11/13/2017 9:45,30,NO CONTROLS,NO CONTROLS,CLEAR,DAYLIGHT,PARKED MOTOR VEHICLE,NOT DIVIDED,1,STRAIGHT AND LEVEL,DRY,NO DEFECTS,NOT ON SCENE (DESK REPORT),NO INJURY / DRIVE AWAY,,,Y,$500 OR LESS,11/13/2017 11:30,UNABLE TO DETERMINE,NOT APPLICABLE,1930,W,CHICAGO AVE,1212,,,,,,,2,NO INDICATION OF INJURY,0,0,0,0,0,1,0,9,2,11,41.89604235,-87.67577389,POINT (-87.675773886758 41.896042344583),1
JA509932,,11/13/2017 9:50,30,NO CONTROLS,NO CONTROLS,CLEAR,DAYLIGHT,SIDESWIPE SAME DIRECTION,ONE-WAY,,STRAIGHT AND LEVEL,DRY,NO DEFECTS,ON SCENE,NO INJURY / DRIVE AWAY,,,,$500 OR LESS,11/13/2017 10:00,UNABLE TO DETERMINE,NOT APPLICABLE,200,N,LA SALLE ST,122,,,,,,,2,NO INDICATION OF INJURY,0,0,0,0,0,2,0,9,2,11,41.88576112,-87.63259515,POINT (-87.632595153109 41.885761124491),1
JA509943,,11/13/2017 9:52,30,TRAFFIC SIGNAL,FUNCTIONING PROPERLY,CLEAR,DAYLIGHT,REAR END,DIVIDED - W/MEDIAN (NOT RAISED),2,STRAIGHT AND LEVEL,DRY,NO DEFECTS,ON SCENE,INJURY AND / OR TOW DUE TO CRASH,,,,"OVER $1,500",11/13/2017 9:54,UNABLE TO DETERMINE,NOT APPLICABLE,43,E,PERSHING RD,213,,,,,,,2,"REPORTED, NOT EVIDENT",1,0,0,0,1,3,0,9,2,11,41.82362511,-87.62490056,POINT (-87.624900562913 41.823625109207),1
JA514259,,11/13/2017 10:00,30,NO CONTROLS,NO CONTROLS,CLEAR,DAYLIGHT,PARKED MOTOR VEHICLE,NOT DIVIDED,,STRAIGHT AND LEVEL,DRY,NO DEFECTS,NOT ON SCENE (DESK REPORT),NO INJURY / DRIVE AWAY,,,Y,"OVER $1,500",11/16/2017 15:50,NOT APPLICABLE,NOT APPLICABLE,5747,S,WOLCOTT AVE,715,,,,,,,2,NO INDICATION OF INJURY,0,0,0,0,0,1,0,10,2,11,41.78891249,-87.67158799,POINT (-87.671587985878 41.788912486485),1
JA509988,,11/13/2017 10:00,30,STOP SIGN/FLASHER,NO CONTROLS,CLEAR,DAYLIGHT,PARKED MOTOR VEHICLE,ONE-WAY,1,STRAIGHT AND LEVEL,DRY,NO DEFECTS,ON SCENE,INJURY AND / OR TOW DUE TO CRASH,,,Y,"OVER $1,500",11/13/2017 10:50,NOT APPLICABLE,NOT APPLICABLE,8100,S,ST LAWRENCE AVE,631,,,,,,,2,NO INDICATION OF INJURY,0,0,0,0,0,1,0,10,2,11,41.74745028,-87.61012201,POINT (-87.610122014216 41.747450284379),1
JA510336,,11/13/2017 10:00,30,NO CONTROLS,NO CONTROLS,CLEAR,DAYLIGHT,PARKED MOTOR VEHICLE,ONE-WAY,1,STRAIGHT AND LEVEL,DRY,NO DEFECTS,NOT ON SCENE (DESK REPORT),NO INJURY / DRIVE AWAY,,,Y,"OVER $1,500",11/13/2017 15:05,UNABLE TO DETERMINE,UNABLE TO DETERMINE,2228,S,BELL AVE,1034,,,,,,,2,NO INDICATION OF INJURY,0,0,0,0,0,1,0,10,2,11,41.85120189,-87.68208917,POINT (-87.682089173516 41.851201893443),1
JA510499,,11/13/2017 10:00,30,NO CONTROLS,NO CONTROLS,CLEAR,DAYLIGHT,SIDESWIPE SAME DIRECTION,DIVIDED - W/MEDIAN (NOT RAISED),,STRAIGHT AND LEVEL,DRY,UNKNOWN,NOT ON SCENE (DESK REPORT),NO INJURY / DRIVE AWAY,,,,"OVER $1,500",11/13/2017 16:45,DRIVING SKILLS/KNOWLEDGE/EXPERIENCE,IMPROPER LANE USAGE,56,W,RANDOLPH ST,111,,,,,,,2,NO INDICATION OF INJURY,0,0,0,0,0,2,0,10,2,11,41.88459084,-87.62999749,POINT (-87.629997485689 41.884590838987),1
JA509952,Y,11/13/2017 10:00,30,TRAFFIC SIGNAL,FUNCTIONING PROPERLY,CLEAR,DAYLIGHT,SIDESWIPE SAME DIRECTION,DIVIDED - W/MEDIAN (NOT RAISED),4,STRAIGHT AND LEVEL,DRY,NO DEFECTS,NOT ON SCENE (DESK REPORT),NO INJURY / DRIVE AWAY,,,Y,"$501 - $1,500",11/13/2017 10:40,IMPROPER OVERTAKING/PASSING,UNABLE TO DETERMINE,630,W,ROOSEVELT RD,124,,,,,,,2,NO INDICATION OF INJURY,0,0,0,0,0,5,0,10,2,11,41.86731219,-87.64343422,POINT (-87.643434222392 41.867312193568),1
JA509906,,11/13/2017 10:00,30,NO CONTROLS,NO CONTROLS,CLEAR,DAYLIGHT,REAR END,NOT DIVIDED,2,STRAIGHT AND LEVEL,DRY,NO DEFECTS,ON SCENE,NO INJURY / DRIVE AWAY,,,N,"OVER $1,500",11/13/2017 10:01,UNABLE TO DETERMINE,UNABLE TO DETERMINE,3809,W,55TH ST,822,,,,,,,2,NO INDICATION OF INJURY,0,0,0,0,0,2,0,10,2,11,41.79316156,-87.71863123,POINT (-87.718631231265 41.793161559458),1
JA509933,,11/13/2017 10:05,30,TRAFFIC SIGNAL,FUNCTIONING PROPERLY,CLEAR,DAYLIGHT,TURNING,DIVIDED - W/MEDIAN BARRIER,3,STRAIGHT AND LEVEL,DRY,NO DEFECTS,NOT ON SCENE (DESK REPORT),NO INJURY / DRIVE AWAY,,,,"OVER $1,500",11/13/2017 10:45,IMPROPER TURNING/NO SIGNAL,NOT APPLICABLE,500,S,CONGRESS PLAZA DR,114,,,,,,,2,NO INDICATION OF INJURY,0,0,0,0,0,2,0,10,2,11,41.87566868,-87.62341082,POINT (-87.623410818474 41.875668676196),1
JA509929,,11/13/2017 10:05,30,TRAFFIC SIGNAL,FUNCTIONING PROPERLY,CLEAR,DAYLIGHT,ANGLE,DIVIDED - W/MEDIAN (NOT RAISED),0,STRAIGHT AND LEVEL,DRY,NO DEFECTS,ON SCENE,INJURY AND / OR TOW DUE TO CRASH,Y,,Y,"OVER $1,500",11/13/2017 10:05,DISREGARDING TRAFFIC SIGNALS,FAILING TO REDUCE SPEED TO AVOID CRASH,1201,S,ASHLAND AVE,1233,,,,,,,3,INCAPACITATING INJURY,2,0,1,1,0,2,0,10,2,11,41.86681996,-87.66623562,POINT (-87.666235618567 41.866819962413),1
JA509926,Y,11/13/2017 10:06,25,NO CONTROLS,NO CONTROLS,CLEAR,DAYLIGHT,PARKED MOTOR VEHICLE,ONE-WAY,1,STRAIGHT AND LEVEL,WET,"RUT, HOLES",ON SCENE,NO INJURY / DRIVE AWAY,,,Y,"OVER $1,500",11/13/2017 10:06,IMPROPER LANE USAGE,UNABLE TO DETERMINE,5510,W,DAKIN ST,1633,,,,,,,2,NO INDICATION OF INJURY,0,0,0,0,0,1,0,10,2,11,41.95236835,-87.76501482,POINT (-87.76501482058 41.952368347297),1
JA509999,,11/13/2017 10:06,30,NO CONTROLS,NO CONTROLS,CLEAR,DAYLIGHT,ANGLE,NOT DIVIDED,2,STRAIGHT AND LEVEL,DRY,NO DEFECTS,NOT ON SCENE (DESK REPORT),NO INJURY / DRIVE AWAY,,,Y,"OVER $1,500",11/13/2017 11:10,FAILING TO YIELD RIGHT-OF-WAY,EXCEEDING AUTHORIZED SPEED LIMIT,3514,W,AUGUSTA BLVD,1121,,,,,,,2,NO INDICATION OF INJURY,0,0,0,0,0,2,0,10,2,11,41.89923282,-87.71469898,POINT (-87.714698977003 41.89923282227),1
JA510129,,11/13/2017 10:10,30,NO CONTROLS,NO CONTROLS,CLEAR,DAYLIGHT,REAR END,DIVIDED - W/MEDIAN (NOT RAISED),4,STRAIGHT AND LEVEL,DRY,NO DEFECTS,NOT ON SCENE (DESK REPORT),NO INJURY / DRIVE AWAY,,,Y,"$501 - $1,500",11/13/2017 10:15,IMPROPER OVERTAKING/PASSING,FAILING TO REDUCE SPEED TO AVOID CRASH,2301,S,ASHLAND AVE,1235,,,,,,,2,NO INDICATION OF INJURY,0,0,0,0,0,2,0,10,2,11,41.8502353,-87.66586416,POINT (-87.665864156849 41.850235296181),1
JA510787,,11/13/2017 10:15,30,NO CONTROLS,NO CONTROLS,CLEAR,DAYLIGHT,FIXED OBJECT,ONE-WAY,1,STRAIGHT AND LEVEL,UNKNOWN,UNKNOWN,NOT ON SCENE (DESK REPORT),NO INJURY / DRIVE AWAY,,Y,,$500 OR LESS,11/13/2017 20:00,IMPROPER OVERTAKING/PASSING,IMPROPER OVERTAKING/PASSING,1545,W,NELSON ST,1932,,,,,,,1,NO INDICATION OF INJURY,0,0,0,0,0,1,0,10,2,11,41.93685412,-87.6679154,POINT (-87.667915394992 41.936854117664),1
JA513088,,11/13/2017 10:30,30,NO CONTROLS,NO CONTROLS,CLEAR,DAYLIGHT,FIXED OBJECT,NOT DIVIDED,,STRAIGHT AND LEVEL,DRY,NO DEFECTS,NOT ON SCENE (DESK REPORT),NO INJURY / DRIVE AWAY,,,,$500 OR LESS,11/15/2017 17:11,"EVASIVE ACTION DUE TO ANIMAL, OBJECT, NONMOTORIST",UNABLE TO DETERMINE,1220,S,CLARK ST,131,,,,,,,1,NO INDICATION OF INJURY,0,0,0,0,0,1,0,10,2,11,41.86674634,-87.63056805,POINT (-87.630568047413 41.866746340863),1
JA509946,,11/13/2017 10:30,35,TRAFFIC SIGNAL,FUNCTIONING PROPERLY,CLEAR,DAYLIGHT,TURNING,DIVIDED - W/MEDIAN (NOT RAISED),4,STRAIGHT AND LEVEL,DRY,NO DEFECTS,ON SCENE,NO INJURY / DRIVE AWAY,,,,"$501 - $1,500",11/13/2017 10:31,UNABLE TO DETERMINE,UNABLE TO DETERMINE,9247,S,COMMERCIAL AVE,424,,,,,,,2,NO INDICATION OF INJURY,0,0,0,0,0,4,0,10,2,11,41.72681767,-87.55103567,POINT (-87.551035668651 41.7268176737),1
JA522658,,11/13/2017 10:30,30,UNKNOWN,UNKNOWN,UNKNOWN,UNKNOWN,FIXED OBJECT,PARKING LOT,,STRAIGHT AND LEVEL,UNKNOWN,UNKNOWN,NOT ON SCENE (DESK REPORT),NO INJURY / DRIVE AWAY,,Y,,"OVER $1,500",11/23/2017 11:30,UNABLE TO DETERMINE,IMPROPER BACKING,6802,S,CRANDON AVE,331,,,,,,,1,NO INDICATION OF INJURY,0,0,0,0,0,1,0,10,2,11,41.77154718,-87.57007117,POINT (-87.570071174187 41.77154717994),1
JA510144,,11/13/2017 10:45,45,NO CONTROLS,NO CONTROLS,CLEAR,DAYLIGHT,SIDESWIPE SAME DIRECTION,DIVIDED - W/MEDIAN BARRIER,8,STRAIGHT AND LEVEL,DRY,UNKNOWN,NOT ON SCENE (DESK REPORT),NO INJURY / DRIVE AWAY,,,Y,"OVER $1,500",11/13/2017 13:00,IMPROPER LANE USAGE,UNABLE TO DETERMINE,55,S,LAKE SHORE DR NB,114,,,,,,,2,NO INDICATION OF INJURY,0,0,0,0,0,2,0,10,2,11,41.88098221,-87.61710465,POINT (-87.617104651185 41.88098220772),1
JA509974,,11/13/2017 10:50,30,NO CONTROLS,NO CONTROLS,CLEAR,DAYLIGHT,REAR END,NOT DIVIDED,,STRAIGHT AND LEVEL,DRY,NO DEFECTS,ON SCENE,NO INJURY / DRIVE AWAY,,,,"$501 - $1,500",11/13/2017 11:00,FOLLOWING TOO CLOSELY,NOT APPLICABLE,3659,W,ADDISON ST,1732,,,,,,,4,NO INDICATION OF INJURY,0,0,0,0,0,4,0,10,2,11,41.94636141,-87.720044,POINT (-87.720044001505 41.946361413083),1
JA509992,,11/13/2017 10:55,30,STOP SIGN/FLASHER,FUNCTIONING PROPERLY,CLEAR,DAYLIGHT,ANGLE,NOT DIVIDED,,STRAIGHT AND LEVEL,DRY,NO DEFECTS,ON SCENE,INJURY AND / OR TOW DUE TO CRASH,,,,"OVER $1,500",11/13/2017 10:57,DISREGARDING STOP SIGN,FAILING TO YIELD RIGHT-OF-WAY,9600,S,JEFFERY AVE,431,,,,,,,2,NO INDICATION OF INJURY,0,0,0,0,0,2,0,10,2,11,41.72054998,-87.57545781,POINT (-87.575457813077 41.720549983305),1
JA510065,,11/13/2017 11:00,30,NO CONTROLS,NO CONTROLS,CLEAR,DAYLIGHT,ANGLE,PARKING LOT,,STRAIGHT AND LEVEL,DRY,NO DEFECTS,NOT ON SCENE (DESK REPORT),NO INJURY / DRIVE AWAY,,,,"$501 - $1,500",11/13/2017 11:54,IMPROPER BACKING,IMPROPER BACKING,5949,N,RIDGE AVE,2012,,,,,,,2,NO INDICATION OF INJURY,0,0,0,0,0,2,0,11,2,11,41.98990057,-87.67012661,POINT (-87.670126604708 41.989900564957),1