RD_NO,CRASH_DATE_EST_I,CRASH_DATE,POSTED_SPEED_LIMIT,TRAFFIC_CONTROL_DEVICE,DEVICE_CONDITION,WEATHER_CONDITION,LIGHTING_CONDITION,FIRST_CRASH_TYPE,TRAFFICWAY_TYPE,LANE_CNT,ALIGNMENT,ROADWAY_SURFACE_COND,ROAD_DEFECT,REPORT_TYPE,CRASH_TYPE,INTERSECTION_RELATED_I,NOT_RIGHT_OF_WAY_I,HIT_AND_RUN_I,DAMAGE,DATE_POLICE_NOTIFIED,PRIM_CONTRIBUTORY_CAUSE,SEC_CONTRIBUTORY_CAUSE,STREET_NO,STREET_DIRECTION,STREET_NAME,BEAT_OF_OCCURRENCE,PHOTOS_TAKEN_I,STATEMENTS_TAKEN_I,DOORING_I,WORK_ZONE_I,WORK_ZONE_TYPE,WORKERS_PRESENT_I,NUM_UNITS,MOST_SEVERE_INJURY,INJURIES_TOTAL,INJURIES_FATAL,INJURIES_INCAPACITATING,INJURIES_NON_INCAPACITATING,INJURIES_REPORTED_NOT_EVIDENT,INJURIES_NO_INDICATION,INJURIES_UNKNOWN,CRASH_HOUR,CRASH_DAY_OF_WEEK,CRASH_MONTH,LATITUDE,LONGITUDE,LOCATION,Join
JA510021,Y,11/13/2017 11:00,30,NO CONTROLS,NO CONTROLS,UNKNOWN,UNKNOWN,PARKED MOTOR VEHICLE,ONE-WAY,1,STRAIGHT AND LEVEL,UNKNOWN,NO DEFECTS,NOT ON SCENE (DESK REPORT),NO INJURY / DRIVE AWAY,,,Y,"OVER $1,500",11/13/2017 11:24,UNABLE TO DETERMINE,UNABLE TO DETERMINE,5026,W,NEWPORT AVE,1634,,,,,,,2,NO INDICATION OF INJURY,0,0,0,0,0,1,0,11,2,11,41.94342183,-87.7530102,POINT (-87.753010196068 41.943421827885),1
JA510031,,11/13/2017 11:00,30,NO CONTROLS,NO CONTROLS,CLEAR,DAYLIGHT,PARKED MOTOR VEHICLE,NOT DIVIDED,,STRAIGHT AND LEVEL,DRY,NO DEFECTS,NOT ON SCENE (DESK REPORT),NO INJURY / DRIVE AWAY,,,,"$501 - $1,500",11/13/2017 11:36,UNABLE TO DETERMINE,UNABLE TO DETERMINE,1307,E,53RD ST,234,,,,,,,2,NO INDICATION OF INJURY,0,0,0,0,0,1,0,11,2,11,41.79936802,-87.59468626,POINT (-87.594686256849 41.799368015121),1
JA510022,,11/13/2017 11:01,30,NO CONTROLS,NO CONTROLS,CLEAR,DAYLIGHT,REAR END,DIVIDED - W/MEDIAN (NOT RAISED),,STRAIGHT AND LEVEL,DRY,NO DEFECTS,ON SCENE,INJURY AND / OR TOW DUE TO CRASH,,,,"OVER $1,500",11/13/2017 11:01,FAILING TO REDUCE SPEED TO AVOID CRASH,FOLLOWING TOO CLOSELY,4200,W,CHICAGO AVE,1111,,,,,,,6,INCAPACITATING INJURY,4,0,3,1,0,0,0,11,2,11,41.89538299,-87.73108238,POINT (-87.731082379531 41.895382986871),1
JA510014,,11/13/2017 11:05,30,NO CONTROLS,NO CONTROLS,CLEAR,DAYLIGHT,TURNING,DIVIDED - W/MEDIAN BARRIER,6,STRAIGHT AND LEVEL,DRY,UNKNOWN,ON SCENE,NO INJURY / DRIVE AWAY,Y,,,"OVER $1,500",11/13/2017 11:07,IMPROPER TURNING/NO SIGNAL,UNABLE TO DETERMINE,1500,N,LA SALLE DR,1821,,,,,,,2,NO INDICATION OF INJURY,0,0,0,0,0,4,0,11,2,11,41.90926339,-87.63323705,POINT (-87.633237048379 41.909263390646),1
JA510107,,11/13/2017 11:15,0,TRAFFIC SIGNAL,FUNCTIONING PROPERLY,CLEAR,DAYLIGHT,SIDESWIPE SAME DIRECTION,NOT DIVIDED,,STRAIGHT AND LEVEL,DRY,NO DEFECTS,NOT ON SCENE (DESK REPORT),NO INJURY / DRIVE AWAY,,,,"OVER $1,500",11/13/2017 12:30,FAILING TO YIELD RIGHT-OF-WAY,IMPROPER LANE USAGE,200,N,DESPLAINES ST,1214,,,,,,,2,NO INDICATION OF INJURY,0,0,0,0,0,2,0,11,2,11,41.88572152,-87.64439131,POINT (-87.644391312168 41.885721524424),1
JA510075,,11/13/2017 11:15,30,NO CONTROLS,NO CONTROLS,CLEAR,DAYLIGHT,SIDESWIPE SAME DIRECTION,NOT DIVIDED,,STRAIGHT AND LEVEL,DRY,NO DEFECTS,NOT ON SCENE (DESK REPORT),NO INJURY / DRIVE AWAY,,,,"OVER $1,500",11/13/2017 12:34,UNABLE TO DETERMINE,UNABLE TO DETERMINE,4500,W,87TH ST,834,,,,,,,2,NO INDICATION OF INJURY,0,0,0,0,0,2,0,11,2,11,41.73473623,-87.73362794,POINT (-87.733627943172 41.734736226754),1
JA510681,,11/13/2017 11:15,30,NO CONTROLS,NO CONTROLS,CLEAR,DAYLIGHT,REAR END,NOT DIVIDED,,STRAIGHT AND LEVEL,DRY,NO DEFECTS,NOT ON SCENE (DESK REPORT),NO INJURY / DRIVE AWAY,,,,"OVER $1,500",11/13/2017 18:45,UNABLE TO DETERMINE,UNABLE TO DETERMINE,4749,N,KEDZIE AVE,1713,,,,,,,2,NO INDICATION OF INJURY,0,0,0,0,0,2,0,11,2,11,41.96807883,-87.70831276,POINT (-87.708312758061 41.968078832721),1
JA510180,,11/13/2017 11:15,30,TRAFFIC SIGNAL,FUNCTIONING PROPERLY,CLEAR,DAYLIGHT,TURNING,DIVIDED - W/MEDIAN BARRIER,,STRAIGHT AND LEVEL,DRY,NO DEFECTS,ON SCENE,INJURY AND / OR TOW DUE TO CRASH,Y,,,"OVER $1,500",11/13/2017 12:59,IMPROPER OVERTAKING/PASSING,FAILING TO REDUCE SPEED TO AVOID CRASH,3100,S,DR MARTIN LUTHER KING JR DR,211,,,,,,,2,"REPORTED, NOT EVIDENT",1,0,0,0,1,1,0,11,2,11,41.83832694,-87.61761266,POINT (-87.617612661462 41.838326941218),1
JA510244,,11/13/2017 11:25,30,TRAFFIC SIGNAL,FUNCTIONING PROPERLY,CLEAR,DAYLIGHT,REAR END,NOT DIVIDED,,STRAIGHT AND LEVEL,DRY,NO DEFECTS,NOT ON SCENE (DESK REPORT),NO INJURY / DRIVE AWAY,Y,,,"$501 - $1,500",11/13/2017 13:50,FOLLOWING TOO CLOSELY,NOT APPLICABLE,4011,W,FULLERTON AVE,2525,,,,,,,2,NO INDICATION OF INJURY,0,0,0,0,0,2,0,11,2,11,41.92436827,-87.72720632,POINT (-87.727206315566 41.924368273538),1
JA529267,,11/13/2017 11:45,30,TRAFFIC SIGNAL,FUNCTIONING PROPERLY,CLEAR,DAYLIGHT,SIDESWIPE SAME DIRECTION,NOT DIVIDED,2,STRAIGHT AND LEVEL,DRY,NO DEFECTS,NOT ON SCENE (DESK REPORT),NO INJURY / DRIVE AWAY,,,,"$501 - $1,500",11/29/2017 8:30,IMPROPER OVERTAKING/PASSING,FAILING TO YIELD RIGHT-OF-WAY,942,W,NORTH AVE,1813,,,,Y,CONSTRUCTION,,2,NO INDICATION OF INJURY,0,0,0,0,0,3,0,11,2,11,41.91095535,-87.65278567,POINT (-87.652785666035 41.910955348343),1
JA510082,,11/13/2017 11:50,30,NO CONTROLS,NO CONTROLS,CLOUDY/OVERCAST,DAYLIGHT,ANGLE,OTHER,4,STRAIGHT AND LEVEL,DRY,NO DEFECTS,ON SCENE,INJURY AND / OR TOW DUE TO CRASH,,,,"OVER $1,500",11/13/2017 11:58,"VISION OBSCURED (SIGNS, TREE LIMBS, BUILDINGS, ETC.)",UNABLE TO DETERMINE,8430,W,BRYN MAWR AVE,1614,,,,,,,2,NO INDICATION OF INJURY,0,0,0,0,0,2,0,11,2,11,41.98121021,-87.83801332,POINT (-87.838013315423 41.981210209824),1
JA510093,,11/13/2017 12:00,35,RAILROAD CROSSING GATE,FUNCTIONING PROPERLY,CLEAR,DAYLIGHT,TURNING,NOT DIVIDED,4,STRAIGHT AND LEVEL,DRY,NO DEFECTS,ON SCENE,NO INJURY / DRIVE AWAY,,,,"$501 - $1,500",11/13/2017 12:10,IMPROPER TURNING/NO SIGNAL,NOT APPLICABLE,9000,S,HALSTED ST,2223,,,,,,,2,NO INDICATION OF INJURY,0,0,0,0,0,2,0,12,2,11,41.7307414,-87.64361228,POINT (-87.643612277572 41.730741396308),1
JA510102,,11/13/2017 12:00,30,NO CONTROLS,NO CONTROLS,CLEAR,DAYLIGHT,REAR END,PARKING LOT,0,STRAIGHT AND LEVEL,DRY,NO DEFECTS,NOT ON SCENE (DESK REPORT),NO INJURY / DRIVE AWAY,,,,"OVER $1,500",11/13/2017 12:15,"VISION OBSCURED (SIGNS, TREE LIMBS, BUILDINGS, ETC.)",IMPROPER BACKING,3700,N,BROADWAY,1925,,,,,,,2,NO INDICATION OF INJURY,0,0,0,0,0,2,0,12,2,11,41.94915724,-87.64852662,POINT (-87.648526617888 41.949157243366),1
JA510115,,11/13/2017 12:00,30,STOP SIGN/FLASHER,FUNCTIONING PROPERLY,CLEAR,DAYLIGHT,REAR END,NOT DIVIDED,,STRAIGHT AND LEVEL,DRY,NO DEFECTS,NOT ON SCENE (DESK REPORT),NO INJURY / DRIVE AWAY,,,,"OVER $1,500",11/13/2017 12:39,UNABLE TO DETERMINE,UNABLE TO DETERMINE,2700,S,CALIFORNIA AVE,1033,,,,,,,2,NO INDICATION OF INJURY,0,0,0,0,0,2,0,12,2,11,41.84250629,-87.69529706,POINT (-87.695297058659 41.842506291778),1
JA510130,,11/13/2017 12:00,35,TRAFFIC SIGNAL,FUNCTIONING PROPERLY,CLOUDY/OVERCAST,DAYLIGHT,TURNING,DIVIDED - W/MEDIAN (NOT RAISED),2,STRAIGHT AND LEVEL,DRY,NO DEFECTS,ON SCENE,INJURY AND / OR TOW DUE TO CRASH,Y,,Y,"OVER $1,500",11/13/2017 12:12,UNABLE TO DETERMINE,NOT APPLICABLE,5900,S,ROCKWELL ST,824,,,,,,,2,"REPORTED, NOT EVIDENT",1,0,0,0,1,1,0,12,2,11,41.78639342,-87.68886236,POINT (-87.688862362568 41.786393417223),1
JA510295,Y,11/13/2017 12:00,30,NO CONTROLS,NO CONTROLS,UNKNOWN,UNKNOWN,PARKED MOTOR VEHICLE,ONE-WAY,,STRAIGHT AND LEVEL,UNKNOWN,NO DEFECTS,NOT ON SCENE (DESK REPORT),NO INJURY / DRIVE AWAY,,,Y,"OVER $1,500",11/13/2017 14:30,UNABLE TO DETERMINE,UNABLE TO DETERMINE,2948,S,UNION AVE,914,,,,,,,2,NO INDICATION OF INJURY,0,0,0,0,0,1,0,12,2,11,41.84026979,-87.64405582,POINT (-87.644055818876 41.84026979221),1
JA510200,,11/13/2017 12:02,30,UNKNOWN,UNKNOWN,UNKNOWN,UNKNOWN,PARKED MOTOR VEHICLE,DIVIDED - W/MEDIAN (NOT RAISED),4,STRAIGHT AND LEVEL,UNKNOWN,UNKNOWN,NOT ON SCENE (DESK REPORT),NO INJURY / DRIVE AWAY,,,,"$501 - $1,500",11/13/2017 13:15,UNABLE TO DETERMINE,UNABLE TO DETERMINE,7118,W,GRAND AVE,2512,,,,,,,2,NO INDICATION OF INJURY,0,0,0,0,0,2,0,12,2,11,41.92367328,-87.80338178,POINT (-87.803381776697 41.923673274948),1
JA510140,,11/13/2017 12:08,5,OTHER,FUNCTIONING PROPERLY,CLEAR,DAYLIGHT,FIXED OBJECT,OTHER,,STRAIGHT AND LEVEL,DRY,NO DEFECTS,ON SCENE,NO INJURY / DRIVE AWAY,,,,$500 OR LESS,11/13/2017 12:10,IMPROPER LANE USAGE,IMPROPER LANE USAGE,8800,S,ANTHONY AVE,412,,,,,,,1,NO INDICATION OF INJURY,0,0,0,0,0,1,0,12,2,11,41.73527535,-87.56716773,POINT (-87.567167732877 41.735275353432),1
JA510092,,11/13/2017 12:15,20,NO CONTROLS,NO CONTROLS,CLEAR,DAYLIGHT,REAR END,ONE-WAY,,STRAIGHT AND LEVEL,DRY,NO DEFECTS,ON SCENE,INJURY AND / OR TOW DUE TO CRASH,,,N,"OVER $1,500",11/13/2017 12:20,UNABLE TO DETERMINE,FOLLOWING TOO CLOSELY,2810,W,POPE JOHN PAUL II DR,921,,,,,,,3,INCAPACITATING INJURY,1,0,1,0,0,1,0,12,2,11,41.81564532,-87.69495121,POINT (-87.69495120657 41.815645320362),1
JA510233,,11/13/2017 12:15,30,NO CONTROLS,NO CONTROLS,CLEAR,DAYLIGHT,FIXED OBJECT,NOT DIVIDED,4,STRAIGHT AND LEVEL,DRY,NO DEFECTS,ON SCENE,INJURY AND / OR TOW DUE TO CRASH,,,,"OVER $1,500",11/13/2017 12:15,UNABLE TO DETERMINE,NOT APPLICABLE,4645,W,CHICAGO AVE,1111,,,,,,,1,NO INDICATION OF INJURY,0,0,0,0,0,1,0,12,2,11,41.89494522,-87.74308391,POINT (-87.743083912283 41.894945223437),1
JA510139,,11/13/2017 12:20,10,NO CONTROLS,NO CONTROLS,UNKNOWN,UNKNOWN,PARKED MOTOR VEHICLE,PARKING LOT,0,STRAIGHT AND LEVEL,UNKNOWN,UNKNOWN,NOT ON SCENE (DESK REPORT),NO INJURY / DRIVE AWAY,,Y,Y,"OVER $1,500",11/13/2017 13:40,UNABLE TO DETERMINE,NOT APPLICABLE,4760,N,VIRGINIA AVE,1911,,,,,,,2,NO INDICATION OF INJURY,0,0,0,0,0,1,0,12,2,11,41.96801348,-87.69947243,POINT (-87.699472424731 41.968013481822),1
JA510131,,11/13/2017 12:30,30,NO CONTROLS,NO CONTROLS,CLEAR,DAYLIGHT,SIDESWIPE SAME DIRECTION,NOT DIVIDED,2,STRAIGHT AND LEVEL,DRY,NO DEFECTS,ON SCENE,NO INJURY / DRIVE AWAY,,,,"OVER $1,500",11/13/2017 12:32,FAILING TO REDUCE SPEED TO AVOID CRASH,NOT APPLICABLE,1130,W,FULLERTON AVE,1932,,Y,,,,,2,NO INDICATION OF INJURY,0,0,0,0,0,2,0,12,2,11,41.92542267,-87.6571914,POINT (-87.6571914017 41.925422671752),1
JA510119,,11/13/2017 12:30,30,TRAFFIC SIGNAL,FUNCTIONING PROPERLY,CLEAR,DAYLIGHT,REAR END,NOT DIVIDED,4,STRAIGHT AND LEVEL,DRY,"RUT, HOLES",NOT ON SCENE (DESK REPORT),NO INJURY / DRIVE AWAY,,,,"$501 - $1,500",11/13/2017 12:45,UNABLE TO DETERMINE,UNABLE TO DETERMINE,4200,W,FULLERTON AVE,2524,,,,,,,2,NO INDICATION OF INJURY,0,0,0,0,0,2,0,12,2,11,41.9245348,-87.73173009,POINT (-87.731730093759 41.924534800435),1
JA510178,,11/13/2017 12:30,30,TRAFFIC SIGNAL,FUNCTIONING PROPERLY,CLEAR,DAYLIGHT,ANGLE,NOT DIVIDED,,STRAIGHT AND LEVEL,DRY,NO DEFECTS,NOT ON SCENE (DESK REPORT),NO INJURY / DRIVE AWAY,,,,"OVER $1,500",11/13/2017 13:26,UNABLE TO DETERMINE,UNABLE TO DETERMINE,1600,N,WELLS ST,1814,,,,,,,2,NO INDICATION OF INJURY,0,0,0,0,0,2,0,12,2,11,41.91119542,-87.63485888,POINT (-87.634858883507 41.911195419487),1
JA510152,,11/13/2017 12:30,30,TRAFFIC SIGNAL,FUNCTIONING PROPERLY,CLEAR,DAYLIGHT,ANGLE,NOT DIVIDED,,STRAIGHT AND LEVEL,DRY,NO DEFECTS,ON SCENE,NO INJURY / DRIVE AWAY,Y,,,"OVER $1,500",11/13/2017 12:59,UNABLE TO DETERMINE,UNABLE TO DETERMINE,1562,N,WELLS ST,1821,,,,,,,2,NO INDICATION OF INJURY,0,0,0,0,0,2,0,12,2,11,41.91094942,-87.6348513,POINT (-87.634851303136 41.910949421482),1
JA510377,,11/13/2017 12:30,10,NO CONTROLS,NO CONTROLS,CLOUDY/OVERCAST,DAYLIGHT,REAR END,ONE-WAY,1,STRAIGHT ON GRADE,DRY,NO DEFECTS,ON SCENE,NO INJURY / DRIVE AWAY,,,,"OVER $1,500",11/13/2017 14:46,FAILING TO YIELD RIGHT-OF-WAY,DRIVING SKILLS/KNOWLEDGE/EXPERIENCE,175,N,WABASH AVE,111,,,,,,,2,NO INDICATION OF INJURY,0,0,0,0,0,2,0,12,2,11,41.88523561,-87.62611983,POINT (-87.626119834205 41.885235607238),1
JA510154,,11/13/2017 12:35,30,NO CONTROLS,NO CONTROLS,CLEAR,DAYLIGHT,REAR END,NOT DIVIDED,4,STRAIGHT AND LEVEL,DRY,NO DEFECTS,ON SCENE,INJURY AND / OR TOW DUE TO CRASH,,,,"OVER $1,500",11/13/2017 12:41,IMPROPER OVERTAKING/PASSING,FAILING TO YIELD RIGHT-OF-WAY,23,E,CHICAGO AVE,1833,,,,,,,2,NO INDICATION OF INJURY,0,0,0,0,0,3,0,12,2,11,41.8965804,-87.62717442,POINT (-87.627174421794 41.896580401499),1
JA510132,,11/13/2017 12:35,30,NO CONTROLS,NO CONTROLS,CLEAR,DAYLIGHT,PARKED MOTOR VEHICLE,ONE-WAY,1,STRAIGHT AND LEVEL,WET,NO DEFECTS,ON SCENE,NO INJURY / DRIVE AWAY,,,,"$501 - $1,500",11/13/2017 12:37,DRIVING SKILLS/KNOWLEDGE/EXPERIENCE,NOT APPLICABLE,5923,N,MAGNOLIA AVE,2013,,,,,,,2,NO INDICATION OF INJURY,0,0,0,0,0,1,0,12,2,11,41.98971059,-87.66139282,POINT (-87.661392814803 41.98971058609),1
JA510161,,11/13/2017 12:40,30,NO CONTROLS,NO CONTROLS,CLEAR,DAYLIGHT,SIDESWIPE SAME DIRECTION,NOT DIVIDED,3,STRAIGHT AND LEVEL,DRY,UNKNOWN,NOT ON SCENE (DESK REPORT),NO INJURY / DRIVE AWAY,,,,"$501 - $1,500",11/13/2017 13:00,UNABLE TO DETERMINE,UNABLE TO DETERMINE,5253,S,PULASKI RD,822,,,,,,,2,NO INDICATION OF INJURY,0,0,0,0,0,2,0,12,2,11,41.79710974,-87.72312435,POINT (-87.723124350529 41.797109735429),1
JA510212,,11/13/2017 12:45,30,NO CONTROLS,NO CONTROLS,CLEAR,DAYLIGHT,PARKED MOTOR VEHICLE,DIVIDED - W/MEDIAN (NOT RAISED),4,CURVE ON HILLCREST,DRY,NO DEFECTS,ON SCENE,INJURY AND / OR TOW DUE TO CRASH,,,Y,"OVER $1,500",11/13/2017 12:50,"OPERATING VEHICLE IN ERRATIC, RECKLESS, CARELESS, NEGLIGENT OR AGGRESSIVE MANNER",FAILING TO REDUCE SPEED TO AVOID CRASH,1620,S,ASHLAND AVE,1234,,,,,,,3,NO INDICATION OF INJURY,0,0,0,0,0,1,0,12,2,11,41.85893238,-87.66633057,POINT (-87.666330571507 41.85893238032),1
JA528346,,11/13/2017 12:45,30,STOP SIGN/FLASHER,FUNCTIONING PROPERLY,CLEAR,DAYLIGHT,TURNING,ONE-WAY,4,STRAIGHT AND LEVEL,DRY,UNKNOWN,NOT ON SCENE (DESK REPORT),NO INJURY / DRIVE AWAY,Y,,Y,"$501 - $1,500",11/28/2017 14:00,UNABLE TO DETERMINE,UNABLE TO DETERMINE,541,W,WASHINGTON BLVD,121,,,,,,,2,NO INDICATION OF INJURY,0,0,0,0,0,4,0,12,2,11,41.88306687,-87.64130643,POINT (-87.641306430826 41.883066865797),1
JA501394,,11/13/2017 12:50,5,NO CONTROLS,NO CONTROLS,CLEAR,DAYLIGHT,REAR END,OTHER,,STRAIGHT AND LEVEL,WET,OTHER,,NO INJURY / DRIVE AWAY,,Y,,"$501 - $1,500",11/13/2017 15:40,UNABLE TO DETERMINE,UNABLE TO DETERMINE,5949,N,RIDGE AVE,2012,,,,,,,3,NO INDICATION OF INJURY,0,0,0,0,0,3,0,12,2,11,41.98990057,-87.67012661,POINT (-87.670126604708 41.989900564957),1
JA510170,,11/13/2017 12:56,30,NO CONTROLS,NO CONTROLS,CLOUDY/OVERCAST,DAYLIGHT,REAR END,NOT DIVIDED,4,STRAIGHT AND LEVEL,DRY,UNKNOWN,ON SCENE,NO INJURY / DRIVE AWAY,,,,"OVER $1,500",11/13/2017 13:02,FOLLOWING TOO CLOSELY,NOT APPLICABLE,1318,W,CERMAK RD,1235,,,,,,,3,NO INDICATION OF INJURY,0,0,0,0,0,3,0,12,2,11,41.8525541,-87.6594888,POINT (-87.659488796094 41.852554103074),1
JA510888,,11/13/2017 13:00,25,UNKNOWN,UNKNOWN,CLEAR,"DARKNESS, LIGHTED ROAD",PARKED MOTOR VEHICLE,NOT DIVIDED,2,STRAIGHT AND LEVEL,DRY,NO DEFECTS,NOT ON SCENE (DESK REPORT),NO INJURY / DRIVE AWAY,,,Y,"OVER $1,500",11/13/2017 22:00,UNABLE TO DETERMINE,UNABLE TO DETERMINE,730,W,38TH ST,915,,,,,,,2,NO INDICATION OF INJURY,0,0,0,0,0,1,0,13,2,11,41.82540481,-87.644701,POINT (-87.644701001136 41.825404807664),1
JA510310,,11/13/2017 13:00,30,STOP SIGN/FLASHER,FUNCTIONING PROPERLY,CLEAR,DAYLIGHT,ANGLE,NOT DIVIDED,2,STRAIGHT AND LEVEL,DRY,UNKNOWN,NOT ON SCENE (DESK REPORT),NO INJURY / DRIVE AWAY,Y,,,"OVER $1,500",11/13/2017 14:34,UNABLE TO DETERMINE,NOT APPLICABLE,11900,S,WENTWORTH AVE,522,,,,,,,2,NO INDICATION OF INJURY,0,0,0,0,0,4,0,13,2,11,41.67787849,-87.62760483,POINT (-87.62760482552 41.677878484768),1
JA510417,,11/13/2017 13:00,30,NO CONTROLS,NO CONTROLS,CLEAR,DAYLIGHT,PARKED MOTOR VEHICLE,ONE-WAY,1,STRAIGHT AND LEVEL,DRY,NO DEFECTS,NOT ON SCENE (DESK REPORT),NO INJURY / DRIVE AWAY,,,,"$501 - $1,500",11/13/2017 15:15,UNABLE TO DETERMINE,NOT APPLICABLE,5199,W,NELSON ST,2521,,,,,,,2,NO INDICATION OF INJURY,0,0,0,0,0,2,0,13,2,11,41.93585626,-87.75646271,POINT (-87.756462705791 41.935856257441),1
JA510343,Y,11/13/2017 13:00,30,UNKNOWN,UNKNOWN,UNKNOWN,UNKNOWN,REAR END,UNKNOWN,,STRAIGHT AND LEVEL,UNKNOWN,UNKNOWN,NOT ON SCENE (DESK REPORT),NO INJURY / DRIVE AWAY,,,,"OVER $1,500",11/13/2017 15:00,UNABLE TO DETERMINE,UNABLE TO DETERMINE,401,N,AUSTIN BLVD,1512,,,,,,,2,NO INDICATION OF INJURY,0,0,0,0,0,2,0,13,2,11,41.88711788,-87.77473497,POINT (-87.774734967223 41.887117879376),1
JA510495,,11/13/2017 13:10,35,TRAFFIC SIGNAL,FUNCTIONING PROPERLY,CLEAR,"DARKNESS, LIGHTED ROAD",REAR END,DIVIDED - W/MEDIAN (NOT RAISED),4,STRAIGHT AND LEVEL,UNKNOWN,UNKNOWN,NOT ON SCENE (DESK REPORT),NO INJURY / DRIVE AWAY,,,,"OVER $1,500",11/13/2017 14:45,FOLLOWING TOO CLOSELY,NOT APPLICABLE,6900,S,SOUTH CHICAGO AVE,322,,,,,,,2,NO INDICATION OF INJURY,0,0,0,0,0,2,0,13,2,11,41.76925878,-87.61052286,POINT (-87.610522855327 41.769258781089),1
JA511246,,11/13/2017 13:10,30,NO CONTROLS,NO CONTROLS,CLEAR,DAYLIGHT,REAR END,NOT DIVIDED,2,STRAIGHT AND LEVEL,DRY,NO DEFECTS,NOT ON SCENE (DESK REPORT),NO INJURY / DRIVE AWAY,,,,"OVER $1,500",11/14/2017 10:20,DRIVING SKILLS/KNOWLEDGE/EXPERIENCE,NOT APPLICABLE,2150,W,CARROLL AVE,1223,,,,,,,2,NO INDICATION OF INJURY,0,0,0,0,0,2,0,13,2,11,41.8877129,-87.68128436,POINT (-87.681284356974 41.887712899394),1
JA510303,,11/13/2017 13:15,30,TRAFFIC SIGNAL,FUNCTIONING PROPERLY,CLEAR,DAYLIGHT,TURNING,DIVIDED - W/MEDIAN (NOT RAISED),3,STRAIGHT AND LEVEL,DRY,OTHER,NOT ON SCENE (DESK REPORT),NO INJURY / DRIVE AWAY,Y,,,"$501 - $1,500",11/13/2017 14:15,UNABLE TO DETERMINE,NOT APPLICABLE,658,N,WELLS ST,1831,,,,,,,2,NO INDICATION OF INJURY,0,0,0,0,0,2,0,13,2,11,41.89402711,-87.63428072,POINT (-87.634280718355 41.894027109878),1
JA510235,,11/13/2017 13:15,55,TRAFFIC SIGNAL,FUNCTIONING PROPERLY,CLEAR,DAYLIGHT,SIDESWIPE SAME DIRECTION,OTHER,4,STRAIGHT AND LEVEL,DRY,NO DEFECTS,ON SCENE,INJURY AND / OR TOW DUE TO CRASH,Y,,,$500 OR LESS,11/13/2017 13:22,IMPROPER LANE USAGE,IMPROPER LANE USAGE,200,E,14TH ST,132,,,,,,,2,NONINCAPACITATING INJURY,1,0,0,1,0,4,0,13,2,11,41.86424687,-87.62242424,POINT (-87.62242424324 41.864246871509),1
JA510213,,11/13/2017 13:15,30,TRAFFIC SIGNAL,FUNCTIONING PROPERLY,CLEAR,DAYLIGHT,PEDESTRIAN,OTHER,4,STRAIGHT AND LEVEL,DRY,NO DEFECTS,,NO INJURY / DRIVE AWAY,Y,,,$500 OR LESS,11/13/2017 13:16,TURNING RIGHT ON RED,NOT APPLICABLE,2000,W,CHICAGO AVE,1212,,,,,,,4,NO INDICATION OF INJURY,0,0,0,0,0,4,0,13,2,11,41.89601896,-87.67717862,POINT (-87.677178615507 41.896018960386),1
JA512801,,11/13/2017 13:25,30,NO CONTROLS,NO CONTROLS,UNKNOWN,DAYLIGHT,REAR END,DIVIDED - W/MEDIAN (NOT RAISED),4,STRAIGHT AND LEVEL,UNKNOWN,NO DEFECTS,NOT ON SCENE (DESK REPORT),NO INJURY / DRIVE AWAY,,,Y,"OVER $1,500",11/15/2017 13:50,UNABLE TO DETERMINE,UNABLE TO DETERMINE,4400,W,ROOSEVELT RD,1131,,,,,,,2,NO INDICATION OF INJURY,0,0,0,0,0,2,0,13,2,11,41.86614087,-87.73508956,POINT (-87.735089560082 41.866140867642),1
JA510293,,11/13/2017 13:25,0,NO CONTROLS,NO CONTROLS,CLEAR,DAYLIGHT,PARKED MOTOR VEHICLE,PARKING LOT,0,STRAIGHT AND LEVEL,DRY,NO DEFECTS,NOT ON SCENE (DESK REPORT),NO INJURY / DRIVE AWAY,,,Y,"$501 - $1,500",11/13/2017 14:35,DRIVING SKILLS/KNOWLEDGE/EXPERIENCE,UNABLE TO DETERMINE,2345,S,PULASKI RD,1013,,,,,,,2,NO INDICATION OF INJURY,0,0,0,0,0,1,0,13,2,11,41.84855902,-87.72453224,POINT (-87.724532244229 41.84855901864),1
JA510347,,11/13/2017 13:25,35,NO CONTROLS,NO CONTROLS,CLEAR,DAYLIGHT,PARKED MOTOR VEHICLE,DIVIDED - W/MEDIAN BARRIER,4,STRAIGHT AND LEVEL,DRY,NO DEFECTS,ON SCENE,INJURY AND / OR TOW DUE TO CRASH,,,Y,"OVER $1,500",11/13/2017 13:27,UNABLE TO DETERMINE,UNABLE TO DETERMINE,5022,S,ASHLAND AVE,931,,,,,,,2,NO INDICATION OF INJURY,0,0,0,0,0,2,0,13,2,11,41.80242479,-87.6649497,POINT (-87.664949698766 41.802424787461),1