RD_NO,CRASH_DATE_EST_I,CRASH_DATE,POSTED_SPEED_LIMIT,TRAFFIC_CONTROL_DEVICE,DEVICE_CONDITION,WEATHER_CONDITION,LIGHTING_CONDITION,FIRST_CRASH_TYPE,TRAFFICWAY_TYPE,LANE_CNT,ALIGNMENT,ROADWAY_SURFACE_COND,ROAD_DEFECT,REPORT_TYPE,CRASH_TYPE,INTERSECTION_RELATED_I,NOT_RIGHT_OF_WAY_I,HIT_AND_RUN_I,DAMAGE,DATE_POLICE_NOTIFIED,PRIM_CONTRIBUTORY_CAUSE,SEC_CONTRIBUTORY_CAUSE,STREET_NO,STREET_DIRECTION,STREET_NAME,BEAT_OF_OCCURRENCE,PHOTOS_TAKEN_I,STATEMENTS_TAKEN_I,DOORING_I,WORK_ZONE_I,WORK_ZONE_TYPE,WORKERS_PRESENT_I,NUM_UNITS,MOST_SEVERE_INJURY,INJURIES_TOTAL,INJURIES_FATAL,INJURIES_INCAPACITATING,INJURIES_NON_INCAPACITATING,INJURIES_REPORTED_NOT_EVIDENT,INJURIES_NO_INDICATION,INJURIES_UNKNOWN,CRASH_HOUR,CRASH_DAY_OF_WEEK,CRASH_MONTH,LATITUDE,LONGITUDE,LOCATION,Join
JA510229,,11/13/2017 13:25,10,NO CONTROLS,NO CONTROLS,CLEAR,DAYLIGHT,ANGLE,PARKING LOT,,STRAIGHT AND LEVEL,DRY,NO DEFECTS,ON SCENE,NO INJURY / DRIVE AWAY,,,,"OVER $1,500",11/13/2017 13:30,IMPROPER BACKING,NOT APPLICABLE,6345,S,CICERO AVE,813,,Y,,,,,2,NO INDICATION OF INJURY,0,0,0,0,0,2,0,13,2,11,41.77709628,-87.74209802,POINT (-87.742098015102 41.777096275388),1
JA510273,,11/13/2017 13:30,30,TRAFFIC SIGNAL,FUNCTIONING PROPERLY,CLEAR,DAYLIGHT,REAR END,NOT DIVIDED,,STRAIGHT AND LEVEL,DRY,NO DEFECTS,NOT ON SCENE (DESK REPORT),NO INJURY / DRIVE AWAY,Y,,,"OVER $1,500",11/13/2017 14:25,FOLLOWING TOO CLOSELY,NOT APPLICABLE,2000,N,CLYBOURN AVE,1811,,,,,,,2,NO INDICATION OF INJURY,0,0,0,0,0,2,0,13,2,11,41.91758179,-87.6590229,POINT (-87.659022897666 41.917581791564),1
JA510238,,11/13/2017 13:35,30,TRAFFIC SIGNAL,FUNCTIONING PROPERLY,CLOUDY/OVERCAST,DAYLIGHT,ANGLE,DIVIDED - W/MEDIAN BARRIER,4,STRAIGHT AND LEVEL,DRY,NO DEFECTS,ON SCENE,INJURY AND / OR TOW DUE TO CRASH,Y,,,"OVER $1,500",11/13/2017 13:37,DISREGARDING TRAFFIC SIGNALS,DISREGARDING TRAFFIC SIGNALS,5601,N,CUMBERLAND AVE,1614,,,,,,,2,"REPORTED, NOT EVIDENT",1,0,0,0,1,1,0,13,2,11,41.98120565,-87.83643433,POINT (-87.836434326742 41.98120564746),1
JA510308,,11/13/2017 13:40,30,NO CONTROLS,NO CONTROLS,CLEAR,DAYLIGHT,REAR END,NOT DIVIDED,,STRAIGHT AND LEVEL,DRY,NO DEFECTS,NOT ON SCENE (DESK REPORT),NO INJURY / DRIVE AWAY,,,,"$501 - $1,500",11/13/2017 14:50,UNABLE TO DETERMINE,UNABLE TO DETERMINE,1980,N,CLYBOURN AVE,1811,,,,,,,2,NO INDICATION OF INJURY,0,0,0,0,0,2,0,13,2,11,41.9170815,-87.65833646,POINT (-87.658336458451 41.91708149485),1
JA510267,,11/13/2017 13:45,30,NO CONTROLS,NO CONTROLS,CLEAR,DAYLIGHT,OTHER OBJECT,NOT DIVIDED,,STRAIGHT AND LEVEL,DRY,NO DEFECTS,NOT ON SCENE (DESK REPORT),NO INJURY / DRIVE AWAY,,,Y,"OVER $1,500",11/13/2017 14:00,NOT APPLICABLE,NOT APPLICABLE,6300,S,TALMAN AVE,825,,,,,,,1,NO INDICATION OF INJURY,0,0,0,0,0,2,0,13,2,11,41.7790731,-87.68988055,POINT (-87.689880550718 41.779073097635),1
JA510300,,11/13/2017 13:50,35,STOP SIGN/FLASHER,FUNCTIONING PROPERLY,CLEAR,DAYLIGHT,TURNING,DIVIDED - W/MEDIAN (NOT RAISED),,STRAIGHT AND LEVEL,DRY,NO DEFECTS,NOT ON SCENE (DESK REPORT),NO INJURY / DRIVE AWAY,,,Y,$500 OR LESS,11/13/2017 14:40,IMPROPER TURNING/NO SIGNAL,NOT APPLICABLE,3434,N,ELSTON AVE,1733,,,,,,,2,NO INDICATION OF INJURY,0,0,0,0,0,2,0,13,2,11,41.94341661,-87.70439099,POINT (-87.704390984718 41.9434166075),1
JA510291,,11/13/2017 13:57,30,TRAFFIC SIGNAL,FUNCTIONING PROPERLY,CLEAR,DAYLIGHT,REAR END,DIVIDED - W/MEDIAN (NOT RAISED),,STRAIGHT AND LEVEL,DRY,NO DEFECTS,NOT ON SCENE (DESK REPORT),NO INJURY / DRIVE AWAY,,,,"OVER $1,500",11/13/2017 14:48,FOLLOWING TOO CLOSELY,NOT APPLICABLE,613,W,ROOSEVELT RD,124,,,,,,,3,NO INDICATION OF INJURY,0,0,0,0,0,4,0,13,2,11,41.86710278,-87.64270079,POINT (-87.642700793925 41.867102778419),1
JA510315,,11/13/2017 14:00,30,NO CONTROLS,NO CONTROLS,CLOUDY/OVERCAST,DAYLIGHT,REAR END,DIVIDED - W/MEDIAN (NOT RAISED),4,STRAIGHT AND LEVEL,DRY,NO DEFECTS,ON SCENE,INJURY AND / OR TOW DUE TO CRASH,N,,Y,"OVER $1,500",11/13/2017 14:07,IMPROPER BACKING,NOT APPLICABLE,3958,W,DIVISION ST,2535,,,,,,,2,NONINCAPACITATING INJURY,1,0,0,1,0,1,0,14,2,11,41.90278265,-87.72624669,POINT (-87.726246689241 41.902782645875),1
JA510304,,11/13/2017 14:00,0,NO CONTROLS,NO CONTROLS,CLEAR,DAYLIGHT,PARKED MOTOR VEHICLE,DIVIDED - W/MEDIAN (NOT RAISED),2,STRAIGHT AND LEVEL,DRY,NO DEFECTS,ON SCENE,NO INJURY / DRIVE AWAY,,,Y,$500 OR LESS,11/13/2017 14:20,EXCEEDING SAFE SPEED FOR CONDITIONS,UNABLE TO DETERMINE,1329,E,53RD ST,234,,,,,,,2,NO INDICATION OF INJURY,0,0,0,0,0,2,0,14,2,11,41.79937714,-87.59390286,POINT (-87.593902860028 41.799377144389),1
JA510544,,11/13/2017 14:00,30,TRAFFIC SIGNAL,FUNCTIONING PROPERLY,CLEAR,DAYLIGHT,REAR END,NOT DIVIDED,,STRAIGHT AND LEVEL,DRY,NO DEFECTS,NOT ON SCENE (DESK REPORT),NO INJURY / DRIVE AWAY,,,,"$501 - $1,500",11/13/2017 17:08,UNABLE TO DETERMINE,UNABLE TO DETERMINE,4200,S,PULASKI RD,815,,,,,,,3,NO INDICATION OF INJURY,0,0,0,0,0,3,0,14,2,11,41.81690171,-87.72405154,POINT (-87.724051536308 41.816901707548),1
JA510339,,11/13/2017 14:10,30,NO CONTROLS,NO CONTROLS,CLOUDY/OVERCAST,DAYLIGHT,SIDESWIPE SAME DIRECTION,DIVIDED - W/MEDIAN (NOT RAISED),,STRAIGHT AND LEVEL,DRY,NO DEFECTS,ON SCENE,NO INJURY / DRIVE AWAY,,,,"OVER $1,500",11/13/2017 14:53,IMPROPER OVERTAKING/PASSING,NOT APPLICABLE,7131,N,WESTERN AVE,2411,,,,,,,2,NO INDICATION OF INJURY,0,0,0,0,0,3,0,14,2,11,42.01194577,-87.69009529,POINT (-87.690095289005 42.011945772423),1
JA510319,,11/13/2017 14:16,30,NO CONTROLS,NO CONTROLS,CLEAR,DAYLIGHT,FIXED OBJECT,NOT DIVIDED,2,STRAIGHT AND LEVEL,DRY,NO DEFECTS,ON SCENE,NO INJURY / DRIVE AWAY,,Y,,"OVER $1,500",11/13/2017 14:21,UNABLE TO DETERMINE,UNABLE TO DETERMINE,2500,S,DAMEN AVE,1034,,,,,,,1,NO INDICATION OF INJURY,0,0,0,0,0,1,0,14,2,11,41.84660611,-87.67583997,POINT (-87.675839965423 41.846606113303),1
JA510549,,11/13/2017 14:20,30,NO CONTROLS,NO CONTROLS,CLEAR,DAYLIGHT,PARKED MOTOR VEHICLE,ONE-WAY,1,STRAIGHT AND LEVEL,DRY,NO DEFECTS,NOT ON SCENE (DESK REPORT),NO INJURY / DRIVE AWAY,,,,"$501 - $1,500",11/13/2017 17:20,FAILING TO YIELD RIGHT-OF-WAY,UNABLE TO DETERMINE,10838,S,CALUMET AVE,513,,,,,,,2,NO INDICATION OF INJURY,0,0,0,0,0,2,0,14,2,11,41.6970108,-87.6148522,POINT (-87.614852197249 41.69701080259),1
JA510399,,11/13/2017 14:20,30,NO CONTROLS,NO CONTROLS,CLEAR,DAYLIGHT,ANGLE,NOT DIVIDED,2,STRAIGHT AND LEVEL,DRY,NO DEFECTS,NOT ON SCENE (DESK REPORT),NO INJURY / DRIVE AWAY,,,,"$501 - $1,500",11/13/2017 15:30,IMPROPER BACKING,NOT APPLICABLE,1245,N,SEDGWICK ST,1821,,,,,,,2,NO INDICATION OF INJURY,0,0,0,0,0,3,0,14,2,11,41.90517318,-87.63825818,POINT (-87.638258178697 41.905173183844),1
JA510352,,11/13/2017 14:20,30,NO CONTROLS,NO CONTROLS,CLEAR,DAYLIGHT,SIDESWIPE SAME DIRECTION,NOT DIVIDED,,STRAIGHT AND LEVEL,DRY,NO DEFECTS,NOT ON SCENE (DESK REPORT),NO INJURY / DRIVE AWAY,,,,"$501 - $1,500",11/13/2017 15:20,UNABLE TO DETERMINE,UNABLE TO DETERMINE,599,N,ST CLAIR ST,1834,,,,,,,2,NO INDICATION OF INJURY,0,0,0,0,0,3,0,14,2,11,41.89252618,-87.62254141,POINT (-87.622541413745 41.892526183076),1
JA510330,,11/13/2017 14:21,30,NO CONTROLS,NO CONTROLS,CLEAR,DAYLIGHT,TURNING,DIVIDED - W/MEDIAN (NOT RAISED),4,STRAIGHT AND LEVEL,DRY,UNKNOWN,NOT ON SCENE (DESK REPORT),NO INJURY / DRIVE AWAY,,,,"OVER $1,500",11/13/2017 15:04,IMPROPER OVERTAKING/PASSING,FAILING TO YIELD RIGHT-OF-WAY,5200,S,ARCHER AVE,815,,,,,,,2,NO INDICATION OF INJURY,0,0,0,0,0,2,0,14,2,11,41.80010754,-87.73446827,POINT (-87.734468273475 41.800107535416),1
JA510341,Y,11/13/2017 14:25,30,TRAFFIC SIGNAL,FUNCTIONING PROPERLY,CLEAR,DAYLIGHT,SIDESWIPE OPPOSITE DIRECTION,NOT DIVIDED,,STRAIGHT AND LEVEL,DRY,NO DEFECTS,ON SCENE,INJURY AND / OR TOW DUE TO CRASH,Y,,,"OVER $1,500",11/13/2017 14:39,DRIVING ON WRONG SIDE/WRONG WAY,DRIVING ON WRONG SIDE/WRONG WAY,5948,W,FOSTER AVE,1622,,,,,,,2,NO INDICATION OF INJURY,0,0,0,0,0,2,0,14,2,11,41.9757816,-87.77772846,POINT (-87.777728457438 41.975781600461),1
JA510413,,11/13/2017 14:30,30,TRAFFIC SIGNAL,UNKNOWN,CLEAR,DAYLIGHT,TURNING,NOT DIVIDED,,STRAIGHT AND LEVEL,UNKNOWN,UNKNOWN,ON SCENE,INJURY AND / OR TOW DUE TO CRASH,Y,,,"OVER $1,500",11/13/2017 14:35,UNABLE TO DETERMINE,NOT APPLICABLE,1199,S,UNION AVE,1232,,,,,,,2,NO INDICATION OF INJURY,0,0,0,0,0,3,0,14,2,11,41.86728043,-87.64503795,POINT (-87.645037948472 41.867280427626),1
JA514165,N,11/13/2017 14:30,30,NO CONTROLS,NO CONTROLS,CLEAR,DAYLIGHT,TURNING,NOT DIVIDED,4,STRAIGHT AND LEVEL,DRY,NO DEFECTS,NOT ON SCENE (DESK REPORT),NO INJURY / DRIVE AWAY,,,,"$501 - $1,500",11/16/2017 14:45,FOLLOWING TOO CLOSELY,NOT APPLICABLE,1953,N,CLYBOURN AVE,1811,,,,,,,2,NO INDICATION OF INJURY,0,0,0,0,0,2,0,14,2,11,41.9165503,-87.65716548,POINT (-87.657165480654 41.916550298294),1
JA511266,,11/13/2017 14:30,30,TRAFFIC SIGNAL,FUNCTIONING PROPERLY,CLEAR,DAYLIGHT,ANGLE,DIVIDED - W/MEDIAN (NOT RAISED),,STRAIGHT AND LEVEL,DRY,NO DEFECTS,NOT ON SCENE (DESK REPORT),NO INJURY / DRIVE AWAY,Y,,,"OVER $1,500",11/14/2017 10:26,DISREGARDING TRAFFIC SIGNALS,DISREGARDING TRAFFIC SIGNALS,5100,S,LAKE PARK AVE,234,,,,,,,2,NO INDICATION OF INJURY,0,0,0,0,0,2,0,14,2,11,41.80237973,-87.58797941,POINT (-87.587979406628 41.802379729614),1
JA510471,,11/13/2017 14:30,30,NO CONTROLS,NO CONTROLS,CLEAR,DAYLIGHT,PARKED MOTOR VEHICLE,ONE-WAY,,STRAIGHT AND LEVEL,DRY,NO DEFECTS,NOT ON SCENE (DESK REPORT),NO INJURY / DRIVE AWAY,,,,"OVER $1,500",11/13/2017 16:20,NOT APPLICABLE,NOT APPLICABLE,5600,S,MAPLEWOOD AVE,824,,,,,,,2,NO INDICATION OF INJURY,0,0,0,0,0,3,0,14,2,11,41.79187473,-87.68779756,POINT (-87.687797557229 41.791874732969),1
JA510366,,11/13/2017 14:43,30,TRAFFIC SIGNAL,FUNCTIONING PROPERLY,CLEAR,DAYLIGHT,TURNING,NOT DIVIDED,2,STRAIGHT AND LEVEL,DRY,NO DEFECTS,ON SCENE,INJURY AND / OR TOW DUE TO CRASH,Y,,,"OVER $1,500",11/13/2017 14:43,FAILING TO YIELD RIGHT-OF-WAY,NOT APPLICABLE,6100,N,SHERIDAN RD,2433,,,,,,,2,NO INDICATION OF INJURY,0,0,0,0,0,4,0,14,2,11,41.99246907,-87.6556066,POINT (-87.655606600521 41.992469072321),1
JA510439,,11/13/2017 14:45,30,NO CONTROLS,NO CONTROLS,CLOUDY/OVERCAST,DAYLIGHT,SIDESWIPE SAME DIRECTION,DIVIDED - W/MEDIAN BARRIER,6,STRAIGHT AND LEVEL,DRY,NO DEFECTS,ON SCENE,NO INJURY / DRIVE AWAY,,,Y,$500 OR LESS,11/13/2017 15:02,IMPROPER OVERTAKING/PASSING,UNABLE TO DETERMINE,9810,S,HALSTED ST,2223,,,,,,,2,NO INDICATION OF INJURY,0,0,0,0,0,2,0,14,2,11,41.71554352,-87.64320168,POINT (-87.643201678655 41.715543524272),1
JA510494,,11/13/2017 14:45,30,NO CONTROLS,NO CONTROLS,CLEAR,DAYLIGHT,PARKED MOTOR VEHICLE,NOT DIVIDED,2,STRAIGHT AND LEVEL,DRY,NO DEFECTS,NOT ON SCENE (DESK REPORT),NO INJURY / DRIVE AWAY,,,N,$500 OR LESS,11/13/2017 16:45,"OPERATING VEHICLE IN ERRATIC, RECKLESS, CARELESS, NEGLIGENT OR AGGRESSIVE MANNER",UNABLE TO DETERMINE,2464,W,TOUHY AVE,2411,,,,,,,2,NO INDICATION OF INJURY,0,0,0,0,0,2,0,14,2,11,42.01233637,-87.69272349,POINT (-87.692723486419 42.012336365884),1
JA510408,,11/13/2017 14:45,30,OTHER,OTHER,CLOUDY/OVERCAST,DAYLIGHT,FIXED OBJECT,ONE-WAY,1,STRAIGHT AND LEVEL,DRY,NO DEFECTS,ON SCENE,NO INJURY / DRIVE AWAY,,,,"OVER $1,500",11/13/2017 15:28,UNABLE TO DETERMINE,NOT APPLICABLE,3440,W,EVERGREEN AVE,1422,,,,,,,1,NO INDICATION OF INJURY,0,0,0,0,0,1,0,14,2,11,41.90561322,-87.71340553,POINT (-87.713405529036 41.9056132198),1
JA510371,,11/13/2017 15:00,30,NO CONTROLS,NO CONTROLS,CLEAR,DAYLIGHT,SIDESWIPE SAME DIRECTION,NOT DIVIDED,,STRAIGHT AND LEVEL,DRY,NO DEFECTS,NOT ON SCENE (DESK REPORT),NO INJURY / DRIVE AWAY,,,Y,"OVER $1,500",11/13/2017 15:20,IMPROPER OVERTAKING/PASSING,IMPROPER OVERTAKING/PASSING,5854,S,SHIELDS AVE,711,,,,,,,2,NO INDICATION OF INJURY,0,0,0,0,0,2,0,15,2,11,41.78736217,-87.63416793,POINT (-87.634167933678 41.787362167268),1
JA514555,,11/13/2017 15:00,0,NO CONTROLS,NO CONTROLS,CLEAR,DAYLIGHT,PARKED MOTOR VEHICLE,PARKING LOT,9,STRAIGHT AND LEVEL,WET,UNKNOWN,NOT ON SCENE (DESK REPORT),NO INJURY / DRIVE AWAY,,Y,Y,"OVER $1,500",11/16/2017 19:22,UNABLE TO DETERMINE,UNABLE TO DETERMINE,10343,S,WESTERN AVE,2212,,,,,,,2,NO INDICATION OF INJURY,0,0,0,0,0,1,0,15,2,11,41.70510047,-87.68143439,POINT (-87.681434390447 41.705100472807),1
JA510472,,11/13/2017 15:00,15,STOP SIGN/FLASHER,FUNCTIONING PROPERLY,CLEAR,DAYLIGHT,ANGLE,NOT DIVIDED,2,STRAIGHT AND LEVEL,DRY,NO DEFECTS,NOT ON SCENE (DESK REPORT),NO INJURY / DRIVE AWAY,,,Y,"OVER $1,500",11/13/2017 16:00,FAILING TO YIELD RIGHT-OF-WAY,UNABLE TO DETERMINE,7400,S,YATES BLVD,334,,,,,,,2,NO INDICATION OF INJURY,0,0,0,0,0,2,0,15,2,11,41.76071026,-87.56655643,POINT (-87.566556432659 41.760710264389),1
JA510381,,11/13/2017 15:00,30,NO CONTROLS,NO CONTROLS,CLEAR,DAYLIGHT,TURNING,NOT DIVIDED,4,STRAIGHT AND LEVEL,DRY,NO DEFECTS,NOT ON SCENE (DESK REPORT),NO INJURY / DRIVE AWAY,,,,"$501 - $1,500",11/13/2017 15:20,FAILING TO YIELD RIGHT-OF-WAY,IMPROPER TURNING/NO SIGNAL,3949,W,47TH ST,821,,,,,,,2,NO INDICATION OF INJURY,0,0,0,0,0,3,0,15,2,11,41.80777899,-87.72310022,POINT (-87.723100222671 41.80777898461),1
JA510397,,11/13/2017 15:00,20,NO CONTROLS,NO CONTROLS,CLEAR,DAYLIGHT,TURNING,NOT DIVIDED,2,STRAIGHT AND LEVEL,DRY,UNKNOWN,NOT ON SCENE (DESK REPORT),NO INJURY / DRIVE AWAY,,,,"OVER $1,500",11/13/2017 15:42,IMPROPER OVERTAKING/PASSING,FAILING TO YIELD RIGHT-OF-WAY,6310,S,CALIFORNIA AVE,823,,,,,,,2,NO INDICATION OF INJURY,0,0,0,0,0,2,0,15,2,11,41.77873185,-87.69352927,POINT (-87.693529274394 41.778731847568),1
JA512114,,11/13/2017 15:00,30,NO CONTROLS,NO CONTROLS,CLEAR,DAYLIGHT,PARKED MOTOR VEHICLE,NOT DIVIDED,4,STRAIGHT AND LEVEL,DRY,NO DEFECTS,NOT ON SCENE (DESK REPORT),NO INJURY / DRIVE AWAY,,,Y,"OVER $1,500",11/14/2017 21:00,UNABLE TO DETERMINE,UNABLE TO DETERMINE,8007,S,COTTAGE GROVE AVE,631,,,,,,,2,NO INDICATION OF INJURY,0,0,0,0,0,1,0,15,2,11,41.74919728,-87.6050349,POINT (-87.605034895071 41.749197282309),1
JA510403,,11/13/2017 15:00,30,NO CONTROLS,NO CONTROLS,CLEAR,DAYLIGHT,ANGLE,DIVIDED - W/MEDIAN (NOT RAISED),2,STRAIGHT AND LEVEL,DRY,UNKNOWN,NOT ON SCENE (DESK REPORT),NO INJURY / DRIVE AWAY,,,,"OVER $1,500",11/13/2017 15:35,FAILING TO YIELD RIGHT-OF-WAY,UNABLE TO DETERMINE,3040,N,HALSTED ST,1933,,,,,,,2,NO INDICATION OF INJURY,0,0,0,0,0,3,0,15,2,11,41.93753133,-87.64933387,POINT (-87.649333867988 41.93753133069),1
JA510392,,11/13/2017 15:05,30,NO CONTROLS,NO CONTROLS,CLEAR,DAYLIGHT,PARKED MOTOR VEHICLE,ONE-WAY,1,STRAIGHT AND LEVEL,DRY,NO DEFECTS,ON SCENE,NO INJURY / DRIVE AWAY,,,,$500 OR LESS,11/13/2017 15:15,UNABLE TO DETERMINE,NOT APPLICABLE,3921,S,CAMPBELL AVE,921,,,,,,,2,NO INDICATION OF INJURY,0,0,0,0,0,5,0,15,2,11,41.8223029,-87.68713356,POINT (-87.687133555225 41.822302896665),1
JA510427,,11/13/2017 15:08,35,NO CONTROLS,NO CONTROLS,CLEAR,DAYLIGHT,PARKED MOTOR VEHICLE,NOT DIVIDED,,STRAIGHT AND LEVEL,DRY,UNKNOWN,NOT ON SCENE (DESK REPORT),NO INJURY / DRIVE AWAY,,,Y,"OVER $1,500",11/13/2017 15:50,UNABLE TO DETERMINE,NOT APPLICABLE,2124,E,71ST ST,331,,,,,,,2,NO INDICATION OF INJURY,0,0,0,0,0,1,0,15,2,11,41.76638359,-87.57277928,POINT (-87.572779275436 41.766383589929),1
JA510370,,11/13/2017 15:09,30,STOP SIGN/FLASHER,NO CONTROLS,CLEAR,DAYLIGHT,TURNING,NOT DIVIDED,,STRAIGHT AND LEVEL,DRY,NO DEFECTS,ON SCENE,NO INJURY / DRIVE AWAY,Y,,,"$501 - $1,500",11/13/2017 15:20,FAILING TO YIELD RIGHT-OF-WAY,NOT APPLICABLE,6920,S,PULASKI RD,833,,,,,,,2,NO INDICATION OF INJURY,0,0,0,0,0,2,0,15,2,11,41.76710167,-87.72261568,POINT (-87.722615678427 41.767101669052),1
JA510426,,11/13/2017 15:10,30,NO CONTROLS,NO CONTROLS,CLOUDY/OVERCAST,DAYLIGHT,SIDESWIPE SAME DIRECTION,DIVIDED - W/MEDIAN BARRIER,4,STRAIGHT AND LEVEL,DRY,NO DEFECTS,ON SCENE,NO INJURY / DRIVE AWAY,,,,"$501 - $1,500",11/13/2017 15:15,UNABLE TO DETERMINE,NOT APPLICABLE,3751,N,ASHLAND AVE,1922,,,,,,,2,NO INDICATION OF INJURY,0,0,0,0,0,2,0,15,2,11,41.95032423,-87.66879806,POINT (-87.66879805581 41.95032422492),1
JA510447,,11/13/2017 15:15,30,NO CONTROLS,NO CONTROLS,CLEAR,DAYLIGHT,SIDESWIPE SAME DIRECTION,ONE-WAY,1,STRAIGHT AND LEVEL,DRY,NO DEFECTS,NOT ON SCENE (DESK REPORT),NO INJURY / DRIVE AWAY,,,,"$501 - $1,500",11/13/2017 16:15,FAILING TO YIELD RIGHT-OF-WAY,UNABLE TO DETERMINE,2630,S,KEDVALE AVE,1031,,,,,,,2,NO INDICATION OF INJURY,0,0,0,0,0,2,0,15,2,11,41.84325256,-87.72831912,POINT (-87.728319118377 41.843252561544),1
JA510393,,11/13/2017 15:15,30,NO CONTROLS,NO CONTROLS,UNKNOWN,DAYLIGHT,SIDESWIPE SAME DIRECTION,DIVIDED - W/MEDIAN (NOT RAISED),2,STRAIGHT AND LEVEL,UNKNOWN,UNKNOWN,NOT ON SCENE (DESK REPORT),NO INJURY / DRIVE AWAY,,,,$500 OR LESS,11/13/2017 15:30,UNABLE TO DETERMINE,UNABLE TO DETERMINE,2745,N,AUSTIN AVE,2514,,,,,,,2,NO INDICATION OF INJURY,0,0,0,0,0,3,0,15,2,11,41.93061584,-87.77580252,POINT (-87.775802523939 41.930615835844),1
JA510484,,11/13/2017 15:20,30,NO CONTROLS,NO CONTROLS,CLEAR,DAYLIGHT,REAR END,NOT DIVIDED,2,STRAIGHT AND LEVEL,DRY,NO DEFECTS,NOT ON SCENE (DESK REPORT),INJURY AND / OR TOW DUE TO CRASH,,,Y,"$501 - $1,500",11/13/2017 16:00,FOLLOWING TOO CLOSELY,DRIVING SKILLS/KNOWLEDGE/EXPERIENCE,7656,W,TOUHY AVE,1611,,,,,,,2,NONINCAPACITATING INJURY,1,0,0,1,0,1,0,15,2,11,42.01152096,-87.81857749,POINT (-87.818577487325 42.011520960762),1
JA510483,,11/13/2017 15:21,30,NO CONTROLS,NO CONTROLS,CLEAR,DAYLIGHT,REAR END,DIVIDED - W/MEDIAN (NOT RAISED),2,STRAIGHT AND LEVEL,DRY,UNKNOWN,NOT ON SCENE (DESK REPORT),NO INJURY / DRIVE AWAY,,,,"OVER $1,500",11/13/2017 16:37,FOLLOWING TOO CLOSELY,FOLLOWING TOO CLOSELY,5100,S,ST LOUIS AVE,822,,,,,,,2,NO INDICATION OF INJURY,0,0,0,0,0,2,0,15,2,11,41.80062192,-87.71126962,POINT (-87.71126961707 41.800621917861),1
JA510432,,11/13/2017 15:25,30,UNKNOWN,UNKNOWN,CLEAR,DAYLIGHT,REAR END,UNKNOWN,,STRAIGHT AND LEVEL,DRY,NO DEFECTS,NOT ON SCENE (DESK REPORT),NO INJURY / DRIVE AWAY,,,,"$501 - $1,500",11/13/2017 16:10,FOLLOWING TOO CLOSELY,FOLLOWING TOO CLOSELY,6150,W,GRAND AVE,2512,,,,,,,2,NO INDICATION OF INJURY,0,0,0,0,0,2,0,15,2,11,41.9214884,-87.78004139,POINT (-87.780041387395 41.92148839583),1
JA510458,,11/13/2017 15:30,30,TRAFFIC SIGNAL,FUNCTIONING PROPERLY,CLEAR,DAYLIGHT,REAR END,DIVIDED - W/MEDIAN BARRIER,4,STRAIGHT AND LEVEL,DRY,NO DEFECTS,NOT ON SCENE (DESK REPORT),NO INJURY / DRIVE AWAY,,,Y,"OVER $1,500",11/13/2017 16:48,UNABLE TO DETERMINE,UNABLE TO DETERMINE,4060,S,PULASKI RD,815,,,,,,,4,NO INDICATION OF INJURY,0,0,0,0,0,5,0,15,2,11,41.81884058,-87.72411293,POINT (-87.72411292982 41.818840580411),1
JA510401,,11/13/2017 15:36,20,STOP SIGN/FLASHER,NO CONTROLS,CLEAR,DAYLIGHT,PARKED MOTOR VEHICLE,NOT DIVIDED,2,STRAIGHT AND LEVEL,DRY,NO DEFECTS,ON SCENE,NO INJURY / DRIVE AWAY,Y,,,$500 OR LESS,11/13/2017 15:45,FOLLOWING TOO CLOSELY,DRIVING SKILLS/KNOWLEDGE/EXPERIENCE,1501,W,GRANVILLE AVE,2433,,,,,,,2,NO INDICATION OF INJURY,0,0,0,0,0,4,0,15,2,11,41.99435583,-87.66783899,POINT (-87.667838987336 41.994355831807),1
JA510430,,11/13/2017 15:40,30,NO CONTROLS,NO CONTROLS,CLEAR,DAYLIGHT,REAR END,NOT DIVIDED,,STRAIGHT AND LEVEL,DRY,NO DEFECTS,NOT ON SCENE (DESK REPORT),NO INJURY / DRIVE AWAY,,,,"OVER $1,500",11/13/2017 15:55,NOT APPLICABLE,NOT APPLICABLE,7600,S,KEDZIE AVE,835,,,,,,,2,NO INDICATION OF INJURY,0,0,0,0,0,3,0,15,2,11,41.75517853,-87.70269571,POINT (-87.702695710502 41.755178528007),1
JA510465,,11/13/2017 15:40,30,TRAFFIC SIGNAL,FUNCTIONING PROPERLY,CLEAR,DAYLIGHT,REAR END,DIVIDED - W/MEDIAN (NOT RAISED),4,STRAIGHT AND LEVEL,DRY,UNKNOWN,NOT ON SCENE (DESK REPORT),NO INJURY / DRIVE AWAY,,,,"OVER $1,500",11/13/2017 16:17,FOLLOWING TOO CLOSELY,FOLLOWING TOO CLOSELY,4000,S,CICERO AVE,1031,,,,,,,2,NO INDICATION OF INJURY,0,0,0,0,0,2,0,15,2,11,41.82056577,-87.7436532,POINT (-87.743653198213 41.820565772976),1
JA510646,,11/13/2017 15:40,30,NO CONTROLS,NO CONTROLS,CLEAR,DAYLIGHT,PARKED MOTOR VEHICLE,DIVIDED - W/MEDIAN BARRIER,8,STRAIGHT AND LEVEL,DRY,NO DEFECTS,NOT ON SCENE (DESK REPORT),NO INJURY / DRIVE AWAY,,,Y,$500 OR LESS,11/13/2017 18:15,FAILING TO YIELD RIGHT-OF-WAY,UNABLE TO DETERMINE,410,N,MICHIGAN AVE,1834,,,,,,,2,NO INDICATION OF INJURY,0,0,0,0,0,2,0,15,2,11,41.88987479,-87.62425976,POINT (-87.624259761444 41.889874791263),1