RD_NO,CRASH_DATE_EST_I,CRASH_DATE,POSTED_SPEED_LIMIT,TRAFFIC_CONTROL_DEVICE,DEVICE_CONDITION,WEATHER_CONDITION,LIGHTING_CONDITION,FIRST_CRASH_TYPE,TRAFFICWAY_TYPE,LANE_CNT,ALIGNMENT,ROADWAY_SURFACE_COND,ROAD_DEFECT,REPORT_TYPE,CRASH_TYPE,INTERSECTION_RELATED_I,NOT_RIGHT_OF_WAY_I,HIT_AND_RUN_I,DAMAGE,DATE_POLICE_NOTIFIED,PRIM_CONTRIBUTORY_CAUSE,SEC_CONTRIBUTORY_CAUSE,STREET_NO,STREET_DIRECTION,STREET_NAME,BEAT_OF_OCCURRENCE,PHOTOS_TAKEN_I,STATEMENTS_TAKEN_I,DOORING_I,WORK_ZONE_I,WORK_ZONE_TYPE,WORKERS_PRESENT_I,NUM_UNITS,MOST_SEVERE_INJURY,INJURIES_TOTAL,INJURIES_FATAL,INJURIES_INCAPACITATING,INJURIES_NON_INCAPACITATING,INJURIES_REPORTED_NOT_EVIDENT,INJURIES_NO_INDICATION,INJURIES_UNKNOWN,CRASH_HOUR,CRASH_DAY_OF_WEEK,CRASH_MONTH,LATITUDE,LONGITUDE,LOCATION,Join
JA510477,,11/13/2017 15:45,30,TRAFFIC SIGNAL,FUNCTIONING PROPERLY,CLEAR,DAYLIGHT,TURNING,NOT DIVIDED,,STRAIGHT AND LEVEL,DRY,NO DEFECTS,NOT ON SCENE (DESK REPORT),NO INJURY / DRIVE AWAY,,,,"OVER $1,500",11/13/2017 16:45,IMPROPER TURNING/NO SIGNAL,IMPROPER TURNING/NO SIGNAL,105,S,WACKER DR,122,,,,,,,2,NO INDICATION OF INJURY,0,0,0,0,0,3,0,15,2,11,41.8804714,-87.63658356,POINT (-87.636583561028 41.880471403383),1
JA510449,,11/13/2017 15:50,30,TRAFFIC SIGNAL,FUNCTIONING PROPERLY,CLEAR,DAYLIGHT,SIDESWIPE SAME DIRECTION,NOT DIVIDED,,STRAIGHT AND LEVEL,DRY,NO DEFECTS,ON SCENE,NO INJURY / DRIVE AWAY,,,,"OVER $1,500",11/13/2017 16:02,FAILING TO YIELD RIGHT-OF-WAY,FAILING TO YIELD RIGHT-OF-WAY,33,E,95TH ST,511,,,,Y,CONSTRUCTION,,2,NO INDICATION OF INJURY,0,0,0,0,0,2,0,15,2,11,41.72164047,-87.62242572,POINT (-87.622425723399 41.721640466517),1
JA501520,,11/13/2017 15:54,35,STOP SIGN/FLASHER,FUNCTIONING PROPERLY,CLEAR,"DARKNESS, LIGHTED ROAD",SIDESWIPE SAME DIRECTION,UNKNOWN,,STRAIGHT AND LEVEL,DRY,NO DEFECTS,NOT ON SCENE (DESK REPORT),NO INJURY / DRIVE AWAY,,,Y,"$501 - $1,500",11/13/2017 17:00,IMPROPER OVERTAKING/PASSING,NOT APPLICABLE,1801,N,CENTRAL PARK AVE,1422,,,,,,,2,NO INDICATION OF INJURY,0,0,0,0,0,2,0,15,2,11,41.91371539,-87.71651374,POINT (-87.716513742832 41.913715390359),1
JA510580,,11/13/2017 15:55,30,TRAFFIC SIGNAL,FUNCTIONING PROPERLY,CLEAR,DAYLIGHT,REAR END,DIVIDED - W/MEDIAN (NOT RAISED),4,STRAIGHT AND LEVEL,DRY,UNKNOWN,NOT ON SCENE (DESK REPORT),NO INJURY / DRIVE AWAY,,,,"OVER $1,500",11/13/2017 17:44,FOLLOWING TOO CLOSELY,FOLLOWING TOO CLOSELY,5100,S,WESTERN AVE,923,,,,,,,2,NO INDICATION OF INJURY,0,0,0,0,0,2,0,15,2,11,41.80105284,-87.68436765,POINT (-87.684367648824 41.801052835623),1
JA510506,,11/13/2017 15:58,30,TRAFFIC SIGNAL,FUNCTIONING PROPERLY,CLEAR,"DARKNESS, LIGHTED ROAD",REAR END,DIVIDED - W/MEDIAN (NOT RAISED),4,STRAIGHT AND LEVEL,DRY,NO DEFECTS,NOT ON SCENE (DESK REPORT),NO INJURY / DRIVE AWAY,,,,"$501 - $1,500",11/13/2017 17:00,UNABLE TO DETERMINE,UNABLE TO DETERMINE,4601,N,WESTERN AVE,1911,,,,,,,2,NO INDICATION OF INJURY,0,0,0,0,0,4,0,15,2,11,41.96491428,-87.68864588,POINT (-87.688645876887 41.964914282077),1
JA510501,,11/13/2017 15:58,30,NO CONTROLS,NO CONTROLS,CLEAR,DAYLIGHT,REAR END,DIVIDED - W/MEDIAN (NOT RAISED),2,STRAIGHT AND LEVEL,DRY,UNKNOWN,NOT ON SCENE (DESK REPORT),NO INJURY / DRIVE AWAY,,,Y,"OVER $1,500",11/13/2017 16:49,FOLLOWING TOO CLOSELY,FOLLOWING TOO CLOSELY,5300,S,HALSTED ST,934,,,,,,,2,NO INDICATION OF INJURY,0,0,0,0,0,2,0,15,2,11,41.79779435,-87.64539322,POINT (-87.645393214766 41.797794354059),1
JA510822,N,11/13/2017 16:00,25,STOP SIGN/FLASHER,FUNCTIONING PROPERLY,CLEAR,UNKNOWN,PARKED MOTOR VEHICLE,DIVIDED - W/MEDIAN (NOT RAISED),2,STRAIGHT AND LEVEL,DRY,NO DEFECTS,ON SCENE,NO INJURY / DRIVE AWAY,,,Y,"OVER $1,500",11/13/2017 20:27,UNABLE TO DETERMINE,NOT APPLICABLE,2859,E,96TH ST,431,,,,,,,2,NO INDICATION OF INJURY,0,0,0,0,0,1,0,16,2,11,41.72079404,-87.5542133,POINT (-87.554213298833 41.720794040052),1
JA510469,Y,11/13/2017 16:09,30,NO CONTROLS,NO CONTROLS,CLEAR,DAYLIGHT,REAR END,NOT DIVIDED,,STRAIGHT AND LEVEL,DRY,NO DEFECTS,ON SCENE,NO INJURY / DRIVE AWAY,,,,"OVER $1,500",11/13/2017 16:29,DRIVING SKILLS/KNOWLEDGE/EXPERIENCE,DRIVING SKILLS/KNOWLEDGE/EXPERIENCE,6310,W,BRYN MAWR AVE,1622,,,,,,,2,NO INDICATION OF INJURY,0,0,0,0,0,2,0,16,2,11,41.98300573,-87.78585337,POINT (-87.785853366574 41.983005728947),1
JA510497,,11/13/2017 16:15,0,NO CONTROLS,NO CONTROLS,CLEAR,DAYLIGHT,REAR END,DIVIDED - W/MEDIAN (NOT RAISED),,STRAIGHT AND LEVEL,DRY,NO DEFECTS,ON SCENE,INJURY AND / OR TOW DUE TO CRASH,,,,"OVER $1,500",11/13/2017 16:29,NOT APPLICABLE,NOT APPLICABLE,2817,W,83RD ST,835,,,,,,,3,"REPORTED, NOT EVIDENT",1,0,0,0,1,4,0,16,2,11,41.74253687,-87.69311682,POINT (-87.693116815571 41.742536867844),1
JA510582,,11/13/2017 16:15,30,TRAFFIC SIGNAL,FUNCTIONING PROPERLY,CLEAR,DAYLIGHT,TURNING,NOT DIVIDED,4,STRAIGHT AND LEVEL,DRY,NO DEFECTS,NOT ON SCENE (DESK REPORT),NO INJURY / DRIVE AWAY,,,,"$501 - $1,500",11/13/2017 17:40,FAILING TO YIELD RIGHT-OF-WAY,IMPROPER TURNING/NO SIGNAL,3109,S,DAMEN AVE,912,,,,,,,2,NO INDICATION OF INJURY,0,0,0,0,0,2,0,16,2,11,41.83745861,-87.67529634,POINT (-87.675296336187 41.837458609682),1
JA510460,,11/13/2017 16:15,30,TRAFFIC SIGNAL,FUNCTIONING PROPERLY,CLEAR,DAYLIGHT,TURNING,NOT DIVIDED,2,STRAIGHT AND LEVEL,DRY,NO DEFECTS,ON SCENE,INJURY AND / OR TOW DUE TO CRASH,,,,"$501 - $1,500",11/13/2017 16:19,EQUIPMENT - VEHICLE CONDITION,NOT APPLICABLE,1858,W,76TH ST,611,,,,,,,3,NO INDICATION OF INJURY,0,0,0,0,0,2,0,16,2,11,41.75583597,-87.67080145,POINT (-87.6708014482 41.755835966974),1
JA510474,,11/13/2017 16:15,35,NO CONTROLS,NO CONTROLS,CLEAR,DAYLIGHT,PEDALCYCLIST,DIVIDED - W/MEDIAN BARRIER,4,STRAIGHT AND LEVEL,DRY,NO DEFECTS,ON SCENE,INJURY AND / OR TOW DUE TO CRASH,Y,,Y,"OVER $1,500",11/13/2017 16:17,IMPROPER TURNING/NO SIGNAL,UNABLE TO DETERMINE,740,N,OGDEN AVE,1215,,,,,,,2,NONINCAPACITATING INJURY,1,0,0,1,0,1,0,16,2,11,41.8955426,-87.65542425,POINT (-87.655424248165 41.8955426017),1
JA510613,,11/13/2017 16:20,30,TRAFFIC SIGNAL,FUNCTIONING PROPERLY,CLEAR,DAYLIGHT,REAR END,OTHER,,STRAIGHT AND LEVEL,DRY,NO DEFECTS,NOT ON SCENE (DESK REPORT),NO INJURY / DRIVE AWAY,Y,,,"$501 - $1,500",11/13/2017 17:40,FOLLOWING TOO CLOSELY,FOLLOWING TOO CLOSELY,7900,S,STONY ISLAND AVE,411,,,,,,,2,NO INDICATION OF INJURY,0,0,0,0,0,4,0,16,2,11,41.7514606,-87.58597199,POINT (-87.585971992965 41.751460603167),1
JA510587,,11/13/2017 16:20,30,NO CONTROLS,NO CONTROLS,CLEAR,DAYLIGHT,PARKED MOTOR VEHICLE,ONE-WAY,,STRAIGHT AND LEVEL,DRY,NO DEFECTS,NOT ON SCENE (DESK REPORT),NO INJURY / DRIVE AWAY,,,Y,"OVER $1,500",11/13/2017 17:34,NOT APPLICABLE,NOT APPLICABLE,3800,W,58TH PL,822,,,,,,,2,NO INDICATION OF INJURY,0,0,0,0,0,1,0,16,2,11,41.78702964,-87.71820768,POINT (-87.718207681565 41.787029642776),1
JA510534,,11/13/2017 16:25,35,NO CONTROLS,NO CONTROLS,CLEAR,"DARKNESS, LIGHTED ROAD",REAR END,DIVIDED - W/MEDIAN BARRIER,6,STRAIGHT AND LEVEL,DRY,NO DEFECTS,ON SCENE,NO INJURY / DRIVE AWAY,,,Y,"OVER $1,500",11/13/2017 16:40,FOLLOWING TOO CLOSELY,NOT APPLICABLE,4201,S,CICERO AVE,815,,,N,,,,3,NO INDICATION OF INJURY,0,0,0,0,0,3,0,16,2,11,41.816738,-87.74324347,POINT (-87.743243467558 41.816738002601),1
JA510849,,11/13/2017 16:28,3,OTHER,FUNCTIONING PROPERLY,CLEAR,DAYLIGHT,FIXED OBJECT,RAMP,1,STRAIGHT ON GRADE,DRY,NO DEFECTS,ON SCENE,NO INJURY / DRIVE AWAY,,Y,Y,"$501 - $1,500",11/13/2017 17:30,DRIVING SKILLS/KNOWLEDGE/EXPERIENCE,UNABLE TO DETERMINE,842,N,MIES VAN DER ROHE WAY,1833,,,,,,,1,NO INDICATION OF INJURY,0,0,0,0,0,1,0,16,2,11,41.89808669,-87.62200065,POINT (-87.622000650556 41.898086690569),1
JA513082,,11/13/2017 16:30,30,NO CONTROLS,NO CONTROLS,CLEAR,DAYLIGHT,REAR END,NOT DIVIDED,,STRAIGHT AND LEVEL,DRY,UNKNOWN,NOT ON SCENE (DESK REPORT),INJURY AND / OR TOW DUE TO CRASH,,,,"OVER $1,500",11/15/2017 15:54,FOLLOWING TOO CLOSELY,NOT APPLICABLE,1340,S,DAMEN AVE,1233,,,,,,,2,"REPORTED, NOT EVIDENT",2,0,0,0,2,1,0,16,2,11,41.86373439,-87.67631269,POINT (-87.676312689993 41.863734390899),1
JA510510,,11/13/2017 16:30,30,NO CONTROLS,NO CONTROLS,CLEAR,DARKNESS,REAR END,DIVIDED - W/MEDIAN BARRIER,,STRAIGHT AND LEVEL,UNKNOWN,UNKNOWN,NOT ON SCENE (DESK REPORT),NO INJURY / DRIVE AWAY,,,,"OVER $1,500",11/13/2017 16:59,FOLLOWING TOO CLOSELY,DISTRACTION - FROM INSIDE VEHICLE,3030,W,IRVING PARK RD,1724,,,,,,,2,NO INDICATION OF INJURY,0,0,0,0,0,4,0,16,2,11,41.9540519,-87.70441505,POINT (-87.70441505322 41.954051897289),1
JA511690,,11/13/2017 16:30,30,NO CONTROLS,NO CONTROLS,CLEAR,DAYLIGHT,PARKED MOTOR VEHICLE,PARKING LOT,2,STRAIGHT AND LEVEL,DRY,NO DEFECTS,NOT ON SCENE (DESK REPORT),NO INJURY / DRIVE AWAY,,,Y,"OVER $1,500",11/14/2017 16:20,UNABLE TO DETERMINE,NOT APPLICABLE,2222,W,DIVISION ST,1424,,,,,,,2,NO INDICATION OF INJURY,0,0,0,0,0,1,0,16,2,11,41.90319856,-87.68312414,POINT (-87.683124136212 41.903198561266),1
JA510524,,11/13/2017 16:30,25,NO CONTROLS,NO CONTROLS,CLEAR,"DARKNESS, LIGHTED ROAD",PEDALCYCLIST,NOT DIVIDED,2,STRAIGHT AND LEVEL,DRY,NO DEFECTS,ON SCENE,NO INJURY / DRIVE AWAY,,,,$500 OR LESS,11/13/2017 16:50,FOLLOWING TOO CLOSELY,IMPROPER OVERTAKING/PASSING,113,S,LA SALLE ST,122,,,,,,,2,NO INDICATION OF INJURY,0,0,0,0,0,2,0,16,2,11,41.88026952,-87.63216974,POINT (-87.632169740878 41.880269520245),1
JA510488,,11/13/2017 16:32,30,NO CONTROLS,NO CONTROLS,CLEAR,DAWN,FIXED OBJECT,NOT DIVIDED,2,STRAIGHT AND LEVEL,DRY,NO DEFECTS,ON SCENE,INJURY AND / OR TOW DUE TO CRASH,,,,"OVER $1,500",11/13/2017 16:32,NOT APPLICABLE,NOT APPLICABLE,586,W,MARQUETTE RD,722,,,,,,,1,NO INDICATION OF INJURY,0,0,0,0,0,1,0,16,2,11,41.77266407,-87.63967345,POINT (-87.63967344671 41.772664072097),1
JA510468,,11/13/2017 16:40,25,NO CONTROLS,NO CONTROLS,CLEAR,DUSK,PARKED MOTOR VEHICLE,NOT DIVIDED,2,STRAIGHT AND LEVEL,DRY,NO DEFECTS,ON SCENE,INJURY AND / OR TOW DUE TO CRASH,,,,"OVER $1,500",11/13/2017 16:40,EXCEEDING AUTHORIZED SPEED LIMIT,UNABLE TO DETERMINE,10,S,MENARD AVE,1513,,,,,,,4,NO INDICATION OF INJURY,0,0,0,0,0,1,0,16,2,11,41.87985449,-87.76989568,POINT (-87.769895682201 41.879854486522),1
JA510530,,11/13/2017 16:40,30,NO CONTROLS,NO CONTROLS,CLEAR,DUSK,REAR END,NOT DIVIDED,4,STRAIGHT AND LEVEL,DRY,NO DEFECTS,ON SCENE,INJURY AND / OR TOW DUE TO CRASH,,,,"OVER $1,500",11/13/2017 16:48,FOLLOWING TOO CLOSELY,NOT APPLICABLE,5840,N,SHERIDAN RD,2022,,,,,,,2,NONINCAPACITATING INJURY,1,0,0,1,0,1,0,16,2,11,41.98852183,-87.6554866,POINT (-87.655486603748 41.988521825435),1
JA510546,,11/13/2017 16:40,30,NO CONTROLS,NO CONTROLS,CLEAR,DAWN,TURNING,ONE-WAY,1,STRAIGHT AND LEVEL,DRY,NO DEFECTS,NOT ON SCENE (DESK REPORT),NO INJURY / DRIVE AWAY,,,,"$501 - $1,500",11/13/2017 17:20,FOLLOWING TOO CLOSELY,NOT APPLICABLE,6337,N,OAKLEY AVE,2413,,,,,,,2,NO INDICATION OF INJURY,0,0,0,0,0,4,0,16,2,11,41.9970629,-87.68727368,POINT (-87.687273675953 41.997062895275),1
JA510500,,11/13/2017 16:40,30,NO CONTROLS,NO CONTROLS,CLEAR,DUSK,REAR END,NOT DIVIDED,,STRAIGHT AND LEVEL,DRY,NO DEFECTS,NOT ON SCENE (DESK REPORT),NO INJURY / DRIVE AWAY,,,,"OVER $1,500",11/13/2017 16:50,UNABLE TO DETERMINE,UNABLE TO DETERMINE,5400,N,LINCOLN AVE,2011,,,,,,,3,NO INDICATION OF INJURY,0,0,0,0,0,3,0,16,2,11,41.97954951,-87.69284451,POINT (-87.692844509402 41.979549513091),1
JA210562,,11/13/2017 16:40,25,TRAFFIC SIGNAL,FUNCTIONING PROPERLY,CLEAR,DUSK,PARKED MOTOR VEHICLE,NOT DIVIDED,2,STRAIGHT AND LEVEL,DRY,NO DEFECTS,NOT ON SCENE (DESK REPORT),NO INJURY / DRIVE AWAY,,,,"OVER $1,500",11/13/2017 17:20,IMPROPER LANE USAGE,NOT APPLICABLE,6700,S,DAMEN AVE,726,,,,,,,3,NO INDICATION OF INJURY,0,0,0,0,0,2,0,16,2,11,41.77203092,-87.67385954,POINT (-87.673859538093 41.772030915088),1
JA510555,,11/13/2017 16:50,30,NO CONTROLS,NO CONTROLS,CLEAR,"DARKNESS, LIGHTED ROAD",PARKED MOTOR VEHICLE,ONE-WAY,2,STRAIGHT AND LEVEL,DRY,UNKNOWN,ON SCENE,NO INJURY / DRIVE AWAY,,,Y,"$501 - $1,500",11/13/2017 16:54,UNABLE TO DETERMINE,UNABLE TO DETERMINE,707,W,ALDINE AVE,1925,,,,,,,2,NO INDICATION OF INJURY,0,0,0,0,0,1,0,16,2,11,41.94171684,-87.64735042,POINT (-87.647350419288 41.941716844454),1
JA510543,,11/13/2017 16:55,30,TRAFFIC SIGNAL,FUNCTIONING PROPERLY,CLEAR,"DARKNESS, LIGHTED ROAD",REAR END,NOT DIVIDED,2,STRAIGHT AND LEVEL,DRY,NO DEFECTS,NOT ON SCENE (DESK REPORT),INJURY AND / OR TOW DUE TO CRASH,Y,,,"OVER $1,500",11/13/2017 17:15,FAILING TO REDUCE SPEED TO AVOID CRASH,NOT APPLICABLE,7343,S,HALSTED ST,732,,,,,,,2,"REPORTED, NOT EVIDENT",1,0,0,0,1,1,0,16,2,11,41.76028922,-87.64414155,POINT (-87.644141551506 41.760289218834),1
JA510648,,11/13/2017 16:58,35,NO CONTROLS,NO CONTROLS,CLEAR,DARKNESS,PARKED MOTOR VEHICLE,OTHER,2,STRAIGHT AND LEVEL,DRY,UNKNOWN,NOT ON SCENE (DESK REPORT),NO INJURY / DRIVE AWAY,,,,"OVER $1,500",11/13/2017 18:00,UNABLE TO DETERMINE,NOT APPLICABLE,7120,S,EXCHANGE AVE,334,,,,,,,2,NO INDICATION OF INJURY,0,0,0,0,0,1,0,16,2,11,41.76545472,-87.5662192,POINT (-87.566219202299 41.765454721608),1
JA510531,,11/13/2017 16:58,25,NO CONTROLS,NO CONTROLS,CLEAR,DUSK,REAR END,NOT DIVIDED,2,STRAIGHT AND LEVEL,DRY,NO DEFECTS,ON SCENE,NO INJURY / DRIVE AWAY,Y,,,$500 OR LESS,11/13/2017 16:58,FAILING TO REDUCE SPEED TO AVOID CRASH,NOT APPLICABLE,221,N,HOMAN AVE,1123,,,,,,,2,NO INDICATION OF INJURY,0,0,0,0,0,2,0,16,2,11,41.88529559,-87.71099215,POINT (-87.710992150229 41.885295588947),1
JA510591,,11/13/2017 17:00,30,UNKNOWN,UNKNOWN,UNKNOWN,UNKNOWN,PARKED MOTOR VEHICLE,NOT DIVIDED,2,STRAIGHT AND LEVEL,UNKNOWN,UNKNOWN,NOT ON SCENE (DESK REPORT),NO INJURY / DRIVE AWAY,,,Y,"$501 - $1,500",11/13/2017 17:30,UNABLE TO DETERMINE,UNABLE TO DETERMINE,2815,N,MC VICKER AVE,2511,,,,,,,2,NO INDICATION OF INJURY,0,0,0,0,0,1,0,17,2,11,41.93161302,-87.77705002,POINT (-87.777050014718 41.931613021308),1
JA510600,,11/13/2017 17:00,30,TRAFFIC SIGNAL,FUNCTIONING PROPERLY,CLEAR,"DARKNESS, LIGHTED ROAD",PEDESTRIAN,NOT DIVIDED,,STRAIGHT AND LEVEL,DRY,NO DEFECTS,ON SCENE,INJURY AND / OR TOW DUE TO CRASH,,,Y,"OVER $1,500",11/13/2017 17:03,UNABLE TO DETERMINE,UNABLE TO DETERMINE,1400,N,LARAMIE AVE,2532,,,,,,,2,INCAPACITATING INJURY,1,0,1,0,0,1,0,17,2,11,41.90596291,-87.7560094,POINT (-87.756009401721 41.905962905791),1
JA510547,,11/13/2017 17:00,30,TRAFFIC SIGNAL,FUNCTIONING PROPERLY,CLEAR,"DARKNESS, LIGHTED ROAD",TURNING,NOT DIVIDED,2,STRAIGHT AND LEVEL,DRY,NO DEFECTS,ON SCENE,NO INJURY / DRIVE AWAY,Y,,,"OVER $1,500",11/13/2017 17:00,DRIVING SKILLS/KNOWLEDGE/EXPERIENCE,UNABLE TO DETERMINE,5800,W,BELMONT AVE,1633,,,,,,,2,NO INDICATION OF INJURY,0,0,0,0,0,2,0,17,2,11,41.93861993,-87.77142033,POINT (-87.771420331278 41.938619928748),1
JA511277,Y,11/13/2017 17:00,30,STOP SIGN/FLASHER,UNKNOWN,UNKNOWN,UNKNOWN,SIDESWIPE SAME DIRECTION,DIVIDED - W/MEDIAN (NOT RAISED),,STRAIGHT AND LEVEL,UNKNOWN,UNKNOWN,NOT ON SCENE (DESK REPORT),NO INJURY / DRIVE AWAY,Y,,,"OVER $1,500",11/14/2017 10:45,UNABLE TO DETERMINE,UNABLE TO DETERMINE,2900,W,MADISON ST,1222,,,,,,,2,NO INDICATION OF INJURY,0,0,0,0,0,2,0,17,2,11,41.8811606,-87.69885305,POINT (-87.698853048327 41.881160602544),1
JA510558,,11/13/2017 17:00,25,TRAFFIC SIGNAL,NO CONTROLS,CLEAR,DUSK,SIDESWIPE SAME DIRECTION,NOT DIVIDED,,STRAIGHT AND LEVEL,DRY,NO DEFECTS,NOT ON SCENE (DESK REPORT),NO INJURY / DRIVE AWAY,,,Y,"$501 - $1,500",11/13/2017 17:33,IMPROPER OVERTAKING/PASSING,UNABLE TO DETERMINE,6101,N,NORTHWEST HWY,1611,,,,,,,2,NO INDICATION OF INJURY,0,0,0,0,0,2,0,17,2,11,41.99247686,-87.79900315,POINT (-87.799003150436 41.99247685597),1
JA510595,,11/13/2017 17:00,30,UNKNOWN,UNKNOWN,UNKNOWN,UNKNOWN,REAR END,NOT DIVIDED,,STRAIGHT AND LEVEL,UNKNOWN,UNKNOWN,NOT ON SCENE (DESK REPORT),NO INJURY / DRIVE AWAY,,,,"OVER $1,500",11/13/2017 17:50,UNABLE TO DETERMINE,UNABLE TO DETERMINE,600,S,CALIFORNIA AVE,1135,,,,,,,2,NO INDICATION OF INJURY,0,0,0,0,0,2,0,17,2,11,41.87374488,-87.69624599,POINT (-87.696245988037 41.873744880509),1
JA510565,,11/13/2017 17:10,25,NO CONTROLS,NO CONTROLS,CLEAR,"DARKNESS, LIGHTED ROAD",REAR END,NOT DIVIDED,,STRAIGHT AND LEVEL,DRY,NO DEFECTS,ON SCENE,NO INJURY / DRIVE AWAY,,,,"OVER $1,500",11/13/2017 17:19,FOLLOWING TOO CLOSELY,NOT APPLICABLE,1618,N,DAMEN AVE,1434,,,,,,,2,NO INDICATION OF INJURY,0,0,0,0,0,2,0,17,2,11,41.91103361,-87.67762307,POINT (-87.67762306782 41.911033611565),1
JA510665,,11/13/2017 17:15,30,NO CONTROLS,NO CONTROLS,CLEAR,DUSK,REAR END,ONE-WAY,,STRAIGHT AND LEVEL,DRY,NO DEFECTS,NOT ON SCENE (DESK REPORT),NO INJURY / DRIVE AWAY,,,,"OVER $1,500",11/13/2017 18:20,NOT APPLICABLE,NOT APPLICABLE,4000,W,65TH ST,813,,,,,,,2,NO INDICATION OF INJURY,0,0,0,0,0,4,0,17,2,11,41.77512082,-87.72273037,POINT (-87.72273036984 41.775120820752),1
JA511424,,11/13/2017 17:15,30,NO CONTROLS,NO CONTROLS,CLEAR,"DARKNESS, LIGHTED ROAD",REAR END,NOT DIVIDED,,STRAIGHT AND LEVEL,OTHER,OTHER,NOT ON SCENE (DESK REPORT),NO INJURY / DRIVE AWAY,,,,"OVER $1,500",11/14/2017 13:00,NOT APPLICABLE,NOT APPLICABLE,917,N,PULASKI RD,1112,,,,,,,2,NO INDICATION OF INJURY,0,0,0,0,0,2,0,17,2,11,41.89774591,-87.7260095,POINT (-87.726009498697 41.897745904751),1
JA510569,,11/13/2017 17:20,35,NO CONTROLS,NO CONTROLS,CLEAR,DARKNESS,PARKED MOTOR VEHICLE,NOT DIVIDED,,"CURVE, LEVEL",DRY,NO DEFECTS,ON SCENE,INJURY AND / OR TOW DUE TO CRASH,,,,"OVER $1,500",11/13/2017 17:20,UNDER THE INFLUENCE OF ALCOHOL/DRUGS (USE WHEN ARREST IS EFFECTED),PHYSICAL CONDITION OF DRIVER,100,N,CENTRAL PARK DR,1122,,,,,,,2,NONINCAPACITATING INJURY,1,0,0,1,0,0,0,17,2,11,41.88335532,-87.71566523,POINT (-87.715665231597 41.883355322314),1
JA510692,,11/13/2017 17:30,30,TRAFFIC SIGNAL,FUNCTIONING PROPERLY,CLEAR,DUSK,REAR END,NOT DIVIDED,5,STRAIGHT AND LEVEL,DRY,NO DEFECTS,NOT ON SCENE (DESK REPORT),NO INJURY / DRIVE AWAY,,,,"$501 - $1,500",11/13/2017 19:00,FAILING TO YIELD RIGHT-OF-WAY,UNABLE TO DETERMINE,5458,S,LAKE PARK AVE,234,,,,,,,2,NO INDICATION OF INJURY,0,0,0,0,0,2,0,17,2,11,41.79640623,-87.58749264,POINT (-87.587492640773 41.796406232732),1
JA510658,,11/13/2017 17:30,30,UNKNOWN,UNKNOWN,CLEAR,"DARKNESS, LIGHTED ROAD",SIDESWIPE SAME DIRECTION,UNKNOWN,,STRAIGHT AND LEVEL,UNKNOWN,UNKNOWN,NOT ON SCENE (DESK REPORT),NO INJURY / DRIVE AWAY,,,,"$501 - $1,500",11/13/2017 18:32,FAILING TO YIELD RIGHT-OF-WAY,FAILING TO YIELD RIGHT-OF-WAY,6930,W,GRAND AVE,2512,,,,,,,2,NO INDICATION OF INJURY,0,0,0,0,0,2,0,17,2,11,41.92367925,-87.79884642,POINT (-87.79884642077 41.923679252904),1
JA510636,,11/13/2017 17:30,30,NO CONTROLS,NO CONTROLS,CLEAR,DARKNESS,REAR END,NOT DIVIDED,2,STRAIGHT AND LEVEL,DRY,UNKNOWN,NOT ON SCENE (DESK REPORT),NO INJURY / DRIVE AWAY,,,,"OVER $1,500",11/13/2017 18:17,FOLLOWING TOO CLOSELY,FOLLOWING TOO CLOSELY,6700,S,ARTESIAN AVE,832,,,,,,,2,NO INDICATION OF INJURY,0,0,0,0,0,2,0,17,2,11,41.77186388,-87.68480693,POINT (-87.684806926247 41.771863879559),1
JA510675,,11/13/2017 17:30,30,TRAFFIC SIGNAL,FUNCTIONING PROPERLY,CLEAR,"DARKNESS, LIGHTED ROAD",TURNING,NOT DIVIDED,2,STRAIGHT AND LEVEL,DRY,NO DEFECTS,NOT ON SCENE (DESK REPORT),NO INJURY / DRIVE AWAY,Y,,,"OVER $1,500",11/13/2017 18:30,FAILING TO YIELD RIGHT-OF-WAY,NOT APPLICABLE,341,W,ERIE ST,1831,,,,,,,2,NO INDICATION OF INJURY,0,0,0,0,0,3,0,17,2,11,41.89384038,-87.63717243,POINT (-87.637172425317 41.893840383735),1
JA512681,,11/13/2017 17:30,45,NO CONTROLS,NO CONTROLS,UNKNOWN,UNKNOWN,SIDESWIPE SAME DIRECTION,DIVIDED - W/MEDIAN BARRIER,6,STRAIGHT AND LEVEL,UNKNOWN,UNKNOWN,NOT ON SCENE (DESK REPORT),NO INJURY / DRIVE AWAY,,,,"OVER $1,500",11/16/2017 10:30,UNABLE TO DETERMINE,UNABLE TO DETERMINE,1001,N,LAKE SHORE DR NB,1824,,,,,,,2,NO INDICATION OF INJURY,0,0,0,0,0,2,0,17,2,11,41.90116542,-87.61958231,POINT (-87.619582305888 41.901165415908),1
JA511739,,11/13/2017 17:30,30,NO CONTROLS,NO CONTROLS,CLEAR,DUSK,ANGLE,NOT DIVIDED,,STRAIGHT AND LEVEL,DRY,NO DEFECTS,NOT ON SCENE (DESK REPORT),NO INJURY / DRIVE AWAY,,,,"OVER $1,500",11/14/2017 16:40,NOT APPLICABLE,NOT APPLICABLE,5300,S,MONITOR AVE,811,,,,,,,2,NO INDICATION OF INJURY,0,0,0,0,0,2,0,17,2,11,41.79623411,-87.76866006,POINT (-87.768660062248 41.79623410744),1