RD_NO,CRASH_DATE_EST_I,CRASH_DATE,POSTED_SPEED_LIMIT,TRAFFIC_CONTROL_DEVICE,DEVICE_CONDITION,WEATHER_CONDITION,LIGHTING_CONDITION,FIRST_CRASH_TYPE,TRAFFICWAY_TYPE,LANE_CNT,ALIGNMENT,ROADWAY_SURFACE_COND,ROAD_DEFECT,REPORT_TYPE,CRASH_TYPE,INTERSECTION_RELATED_I,NOT_RIGHT_OF_WAY_I,HIT_AND_RUN_I,DAMAGE,DATE_POLICE_NOTIFIED,PRIM_CONTRIBUTORY_CAUSE,SEC_CONTRIBUTORY_CAUSE,STREET_NO,STREET_DIRECTION,STREET_NAME,BEAT_OF_OCCURRENCE,PHOTOS_TAKEN_I,STATEMENTS_TAKEN_I,DOORING_I,WORK_ZONE_I,WORK_ZONE_TYPE,WORKERS_PRESENT_I,NUM_UNITS,MOST_SEVERE_INJURY,INJURIES_TOTAL,INJURIES_FATAL,INJURIES_INCAPACITATING,INJURIES_NON_INCAPACITATING,INJURIES_REPORTED_NOT_EVIDENT,INJURIES_NO_INDICATION,INJURIES_UNKNOWN,CRASH_HOUR,CRASH_DAY_OF_WEEK,CRASH_MONTH,LATITUDE,LONGITUDE,LOCATION,Join
JA510626,,11/13/2017 17:40,25,NO CONTROLS,NO CONTROLS,CLEAR,"DARKNESS, LIGHTED ROAD",ANGLE,NOT DIVIDED,6,STRAIGHT AND LEVEL,DRY,NO DEFECTS,ON SCENE,INJURY AND / OR TOW DUE TO CRASH,Y,,Y,"OVER $1,500",11/13/2017 17:46,FAILING TO YIELD RIGHT-OF-WAY,NOT APPLICABLE,2530,W,DEVON AVE,2412,,,,,,,3,NO INDICATION OF INJURY,0,0,0,0,0,3,0,17,2,11,41.99777847,-87.6934855,POINT (-87.693485501093 41.997778465054),1
JA510679,,11/13/2017 17:45,30,TRAFFIC SIGNAL,FUNCTIONING PROPERLY,CLEAR,"DARKNESS, LIGHTED ROAD",SIDESWIPE SAME DIRECTION,NOT DIVIDED,4,STRAIGHT AND LEVEL,DRY,"RUT, HOLES",NOT ON SCENE (DESK REPORT),NO INJURY / DRIVE AWAY,Y,,N,"$501 - $1,500",11/13/2017 18:30,DRIVING SKILLS/KNOWLEDGE/EXPERIENCE,NOT APPLICABLE,9500,S,JEFFERY AVE,431,,,,,,,2,NO INDICATION OF INJURY,0,0,0,0,0,2,0,17,2,11,41.72237591,-87.5754999,POINT (-87.575499903328 41.722375907041),1
JA510641,,11/13/2017 17:54,30,TRAFFIC SIGNAL,FUNCTIONING PROPERLY,CLEAR,"DARKNESS, LIGHTED ROAD",SIDESWIPE SAME DIRECTION,NOT DIVIDED,4,STRAIGHT AND LEVEL,DRY,NO DEFECTS,ON SCENE,NO INJURY / DRIVE AWAY,,,,$500 OR LESS,11/13/2017 17:56,FAILING TO YIELD RIGHT-OF-WAY,NOT APPLICABLE,930,W,NORTH AVE,1813,,,,Y,CONSTRUCTION,,2,NO INDICATION OF INJURY,0,0,0,0,0,3,0,17,2,11,41.91096276,-87.652335,POINT (-87.652334994511 41.910962760269),1
JA511970,,11/13/2017 17:55,30,UNKNOWN,UNKNOWN,CLEAR,DAYLIGHT,SIDESWIPE SAME DIRECTION,ONE-WAY,,STRAIGHT AND LEVEL,DRY,UNKNOWN,NOT ON SCENE (DESK REPORT),NO INJURY / DRIVE AWAY,,,,"OVER $1,500",11/14/2017 16:45,UNABLE TO DETERMINE,NOT APPLICABLE,356,N,DEARBORN ST,1831,,,,Y,CONSTRUCTION,,2,NO INDICATION OF INJURY,0,0,0,0,0,2,0,17,2,11,41.88908293,-87.62972833,POINT (-87.629728325911 41.889082924502),1
JA510657,,11/13/2017 17:55,30,TRAFFIC SIGNAL,FUNCTIONING PROPERLY,CLEAR,"DARKNESS, LIGHTED ROAD",SIDESWIPE SAME DIRECTION,NOT DIVIDED,,STRAIGHT AND LEVEL,DRY,NO DEFECTS,NOT ON SCENE (DESK REPORT),NO INJURY / DRIVE AWAY,Y,,,"$501 - $1,500",11/13/2017 18:30,UNABLE TO DETERMINE,UNABLE TO DETERMINE,1050,W,CHICAGO AVE,1213,,,,,,,2,NO INDICATION OF INJURY,0,0,0,0,0,2,0,17,2,11,41.89638915,-87.65456414,POINT (-87.654564143042 41.896389151887),1
JA510659,,11/13/2017 18:00,5,NO CONTROLS,NO CONTROLS,CLEAR,DARKNESS,ANGLE,PARKING LOT,1,STRAIGHT AND LEVEL,DRY,UNKNOWN,NOT ON SCENE (DESK REPORT),NO INJURY / DRIVE AWAY,,,,"OVER $1,500",11/13/2017 18:29,IMPROPER BACKING,IMPROPER BACKING,5400,S,PULASKI RD,815,,,,,,,2,NO INDICATION OF INJURY,0,0,0,0,0,2,0,18,2,11,41.79495745,-87.72335657,POINT (-87.723356564996 41.794957444828),1
JA511093,,11/13/2017 18:00,30,NO CONTROLS,NO CONTROLS,CLEAR,DAYLIGHT,SIDESWIPE SAME DIRECTION,ONE-WAY,2,STRAIGHT AND LEVEL,DRY,NO DEFECTS,NOT ON SCENE (DESK REPORT),NO INJURY / DRIVE AWAY,,,Y,"OVER $1,500",11/14/2017 8:00,UNABLE TO DETERMINE,UNABLE TO DETERMINE,500,W,MADISON ST,121,,,,,,,2,NO INDICATION OF INJURY,0,0,0,0,0,2,0,18,2,11,41.88199434,-87.63975869,POINT (-87.639758684881 41.881994338205),1
JA510617,,11/13/2017 18:00,15,NO CONTROLS,NO CONTROLS,CLEAR,"DARKNESS, LIGHTED ROAD",PARKED MOTOR VEHICLE,NOT DIVIDED,,STRAIGHT AND LEVEL,DRY,NO DEFECTS,ON SCENE,NO INJURY / DRIVE AWAY,,,,$500 OR LESS,11/13/2017 18:02,UNABLE TO DETERMINE,UNABLE TO DETERMINE,9351,S,EAST END AVE,413,,,,,,,2,NO INDICATION OF INJURY,0,0,0,0,0,1,0,18,2,11,41.72451379,-87.58245471,POINT (-87.582454704684 41.724513786568),1
JA514104,,11/13/2017 18:00,30,UNKNOWN,UNKNOWN,UNKNOWN,UNKNOWN,SIDESWIPE SAME DIRECTION,UNKNOWN,,STRAIGHT AND LEVEL,UNKNOWN,UNKNOWN,NOT ON SCENE (DESK REPORT),NO INJURY / DRIVE AWAY,,,,"OVER $1,500",11/16/2017 14:00,UNABLE TO DETERMINE,NOT APPLICABLE,4306,W,ADDISON ST,1731,,,,,,,2,NO INDICATION OF INJURY,0,0,0,0,0,5,0,18,2,11,41.9463774,-87.73561103,POINT (-87.735611025701 41.946377399722),1
JA510584,,11/13/2017 18:00,30,TRAFFIC SIGNAL,FUNCTIONING PROPERLY,CLEAR,"DARKNESS, LIGHTED ROAD",PEDALCYCLIST,NOT DIVIDED,,STRAIGHT AND LEVEL,DRY,NO DEFECTS,ON SCENE,NO INJURY / DRIVE AWAY,,,,"OVER $1,500",11/13/2017 18:00,IMPROPER LANE USAGE,FAILING TO REDUCE SPEED TO AVOID CRASH,2798,W,ROOSEVELT RD,1135,,,,,,,2,NO INDICATION OF INJURY,0,0,0,0,0,2,0,18,2,11,41.86662117,-87.69584963,POINT (-87.695849633312 41.866621174158),1
JA510668,,11/13/2017 18:04,30,TRAFFIC SIGNAL,FUNCTIONING PROPERLY,CLEAR,"DARKNESS, LIGHTED ROAD",SIDESWIPE SAME DIRECTION,NOT DIVIDED,2,STRAIGHT AND LEVEL,DRY,NO DEFECTS,NOT ON SCENE (DESK REPORT),NO INJURY / DRIVE AWAY,,,,"OVER $1,500",11/13/2017 18:39,FAILING TO YIELD RIGHT-OF-WAY,NOT APPLICABLE,145,N,HALSTED ST,1224,,,,,,,2,NO INDICATION OF INJURY,0,0,0,0,0,3,0,18,2,11,41.88435242,-87.64728775,POINT (-87.647287749076 41.88435241555),1
JA510678,,11/13/2017 18:05,15,NO CONTROLS,NO CONTROLS,CLEAR,"DARKNESS, LIGHTED ROAD",PARKED MOTOR VEHICLE,ONE-WAY,,STRAIGHT AND LEVEL,DRY,NO DEFECTS,ON SCENE,NO INJURY / DRIVE AWAY,,,Y,"$501 - $1,500",11/13/2017 18:07,UNDER THE INFLUENCE OF ALCOHOL/DRUGS (USE WHEN ARREST IS EFFECTED),"OPERATING VEHICLE IN ERRATIC, RECKLESS, CARELESS, NEGLIGENT OR AGGRESSIVE MANNER",5650,S,WHIPPLE ST,824,,,,,,,3,NO INDICATION OF INJURY,0,0,0,0,0,1,0,18,2,11,41.79025956,-87.69995053,POINT (-87.699950527047 41.790259555651),1
JA510662,,11/13/2017 18:05,30,TRAFFIC SIGNAL,FUNCTIONING PROPERLY,CLEAR,"DARKNESS, LIGHTED ROAD",TURNING,NOT DIVIDED,,STRAIGHT AND LEVEL,DRY,NO DEFECTS,ON SCENE,NO INJURY / DRIVE AWAY,Y,,,"$501 - $1,500",11/13/2017 18:10,IMPROPER LANE USAGE,NOT APPLICABLE,5700,N,SHERIDAN RD,2022,,,,,,,2,NO INDICATION OF INJURY,0,0,0,0,0,4,0,18,2,11,41.9856411,-87.65538854,POINT (-87.655388544127 41.985641095429),1
JA510734,,11/13/2017 18:10,30,NO CONTROLS,NO CONTROLS,CLEAR,DUSK,REAR END,NOT DIVIDED,,STRAIGHT AND LEVEL,DRY,NO DEFECTS,,NO INJURY / DRIVE AWAY,,,,"OVER $1,500",11/13/2017 19:28,NOT APPLICABLE,NOT APPLICABLE,5147,S,ARCHER AVE,815,,,,,,,3,NO INDICATION OF INJURY,0,0,0,0,0,4,0,18,2,11,41.80030387,-87.73174241,POINT (-87.731742412929 41.800303871875),1
JA510722,,11/13/2017 18:15,25,NO CONTROLS,NO CONTROLS,CLEAR,DAYLIGHT,REAR END,NOT DIVIDED,,STRAIGHT AND LEVEL,DRY,NO DEFECTS,NOT ON SCENE (DESK REPORT),NO INJURY / DRIVE AWAY,,,,"$501 - $1,500",11/13/2017 18:30,NOT APPLICABLE,NOT APPLICABLE,3000,W,HARRISON ST,1134,,,,,,,2,NO INDICATION OF INJURY,0,0,0,0,0,3,0,18,2,11,41.873856,-87.70113735,POINT (-87.701137344971 41.873855998209),1
JA510661,,11/13/2017 18:15,30,STOP SIGN/FLASHER,UNKNOWN,CLEAR,DARKNESS,PEDESTRIAN,DIVIDED - W/MEDIAN (NOT RAISED),2,STRAIGHT AND LEVEL,UNKNOWN,UNKNOWN,ON SCENE,INJURY AND / OR TOW DUE TO CRASH,,,,$500 OR LESS,11/13/2017 18:20,UNABLE TO DETERMINE,UNABLE TO DETERMINE,827,W,CHICAGO AVE,1214,,N,,,,,2,"REPORTED, NOT EVIDENT",1,0,0,0,1,1,0,18,2,11,41.89626855,-87.64887693,POINT (-87.648876929268 41.896268550108),1
JA510735,Y,11/13/2017 18:15,30,NO CONTROLS,NO CONTROLS,CLEAR,"DARKNESS, LIGHTED ROAD",PARKED MOTOR VEHICLE,DIVIDED - W/MEDIAN (NOT RAISED),,STRAIGHT AND LEVEL,DRY,NO DEFECTS,ON SCENE,NO INJURY / DRIVE AWAY,,,,"$501 - $1,500",11/13/2017 19:01,DRIVING SKILLS/KNOWLEDGE/EXPERIENCE,DRIVING SKILLS/KNOWLEDGE/EXPERIENCE,3204,N,CICERO AVE,1634,,,,,,,2,NO INDICATION OF INJURY,0,0,0,0,0,1,0,18,2,11,41.93898797,-87.7470215,POINT (-87.747021497633 41.938987965071),1
JA510651,,11/13/2017 18:20,30,STOP SIGN/FLASHER,FUNCTIONING PROPERLY,CLEAR,"DARKNESS, LIGHTED ROAD",PEDESTRIAN,NOT DIVIDED,2,STRAIGHT AND LEVEL,DRY,NO DEFECTS,ON SCENE,NO INJURY / DRIVE AWAY,Y,,,$500 OR LESS,11/13/2017 18:25,FAILING TO YIELD RIGHT-OF-WAY,UNABLE TO DETERMINE,5449,S,BLACKSTONE AVE,234,,,,,,,2,NO INDICATION OF INJURY,0,0,0,0,0,2,0,18,2,11,41.79666024,-87.59022707,POINT (-87.59022706733 41.796660243936),1
JA142249,,11/13/2017 18:20,30,NO CONTROLS,NO CONTROLS,CLEAR,"DARKNESS, LIGHTED ROAD",REAR END,OTHER,1,STRAIGHT AND LEVEL,DRY,NO DEFECTS,ON SCENE,INJURY AND / OR TOW DUE TO CRASH,,,Y,"$501 - $1,500",11/13/2017 18:25,IMPROPER BACKING,UNABLE TO DETERMINE,4,S,SPRINGFIELD AVE,1122,,,,,,,2,NO INDICATION OF INJURY,0,0,0,0,0,3,0,18,2,11,41.88063852,-87.72337701,POINT (-87.723377008497 41.880638521644),1
JA510686,,11/13/2017 18:25,30,NO CONTROLS,NO CONTROLS,CLEAR,"DARKNESS, LIGHTED ROAD",REAR END,DIVIDED - W/MEDIAN (NOT RAISED),,STRAIGHT AND LEVEL,DRY,UNKNOWN,ON SCENE,NO INJURY / DRIVE AWAY,,,,"OVER $1,500",11/13/2017 18:31,FOLLOWING TOO CLOSELY,NOT APPLICABLE,5700,N,RIDGE AVE,2013,,,,,,,3,NO INDICATION OF INJURY,0,0,0,0,0,3,0,18,2,11,41.98547417,-87.66331802,POINT (-87.663318016372 41.985474167681),1
JA511287,,11/13/2017 18:27,30,TRAFFIC SIGNAL,FUNCTIONING PROPERLY,CLEAR,"DARKNESS, LIGHTED ROAD",REAR END,NOT DIVIDED,4,STRAIGHT AND LEVEL,DRY,NO DEFECTS,NOT ON SCENE (DESK REPORT),NO INJURY / DRIVE AWAY,Y,,,"OVER $1,500",11/14/2017 11:00,FOLLOWING TOO CLOSELY,UNABLE TO DETERMINE,3158,W,MARQUETTE RD,831,,,,,,,2,NO INDICATION OF INJURY,0,0,0,0,0,2,0,18,2,11,41.77178531,-87.70290664,POINT (-87.702906642931 41.771785305032),1
JA510719,,11/13/2017 18:30,30,STOP SIGN/FLASHER,NO CONTROLS,CLEAR,DARKNESS,TURNING,NOT DIVIDED,,STRAIGHT AND LEVEL,DRY,NO DEFECTS,NOT ON SCENE (DESK REPORT),NO INJURY / DRIVE AWAY,Y,,,"$501 - $1,500",11/13/2017 19:15,IMPROPER TURNING/NO SIGNAL,NOT APPLICABLE,4500,S,RACINE AVE,924,,,,,,,2,NO INDICATION OF INJURY,0,0,0,0,0,2,0,18,2,11,41.81227698,-87.65538974,POINT (-87.655389735492 41.812276978703),1
JA510689,,11/13/2017 18:30,30,NO CONTROLS,NO CONTROLS,CLEAR,DUSK,PARKED MOTOR VEHICLE,NOT DIVIDED,2,STRAIGHT AND LEVEL,DRY,NO DEFECTS,NOT ON SCENE (DESK REPORT),NO INJURY / DRIVE AWAY,,,,"OVER $1,500",11/13/2017 18:50,UNABLE TO DETERMINE,NOT APPLICABLE,205,E,PEARSON ST,1833,,,,,,,2,NO INDICATION OF INJURY,0,0,0,0,0,2,0,18,2,11,41.89750914,-87.62159588,POINT (-87.621595879475 41.89750913576),1
JA511051,,11/13/2017 18:30,30,TRAFFIC SIGNAL,FUNCTIONING PROPERLY,CLEAR,DARKNESS,TURNING,DIVIDED - W/MEDIAN (NOT RAISED),2,CURVE ON GRADE,DRY,NO DEFECTS,NOT ON SCENE (DESK REPORT),NO INJURY / DRIVE AWAY,,,,"$501 - $1,500",11/14/2017 7:12,IMPROPER OVERTAKING/PASSING,UNABLE TO DETERMINE,10300,S,MICHIGAN AVE,512,,,,,,,2,NO INDICATION OF INJURY,0,0,0,0,0,3,0,18,2,11,41.70718218,-87.62036149,POINT (-87.620361492183 41.707182175387),1
JA510677,,11/13/2017 18:30,35,TRAFFIC SIGNAL,FUNCTIONING PROPERLY,CLEAR,"DARKNESS, LIGHTED ROAD",TURNING,DIVIDED - W/MEDIAN (NOT RAISED),,STRAIGHT AND LEVEL,DRY,NO DEFECTS,ON SCENE,INJURY AND / OR TOW DUE TO CRASH,,,,"OVER $1,500",11/13/2017 18:35,DISREGARDING ROAD MARKINGS,NOT APPLICABLE,8411,W,LAWRENCE AVE,1614,,,,,,,2,NO INDICATION OF INJURY,0,0,0,0,0,2,0,18,2,11,41.9664791,-87.83714387,POINT (-87.837143868359 41.966479097341),1
JA516710,,11/13/2017 18:40,30,RAILROAD CROSSING GATE,UNKNOWN,UNKNOWN,"DARKNESS, LIGHTED ROAD",OTHER NONCOLLISION,UNKNOWN,1,STRAIGHT ON HILLCREST,UNKNOWN,WORN SURFACE,NOT ON SCENE (DESK REPORT),NO INJURY / DRIVE AWAY,,,,"OVER $1,500",11/19/2017 13:00,ROAD ENGINEERING/SURFACE/MARKING DEFECTS,NOT APPLICABLE,9000,S,PARNELL AVE,2223,,,,,,,1,NO INDICATION OF INJURY,0,0,0,0,0,1,0,18,2,11,41.73078228,-87.63753851,POINT (-87.637538505218 41.730782281265),1
JA510680,,11/13/2017 18:40,35,TRAFFIC SIGNAL,FUNCTIONING PROPERLY,CLEAR,"DARKNESS, LIGHTED ROAD",SIDESWIPE SAME DIRECTION,DIVIDED - W/MEDIAN (NOT RAISED),,STRAIGHT AND LEVEL,DRY,NO DEFECTS,ON SCENE,INJURY AND / OR TOW DUE TO CRASH,,,,"OVER $1,500",11/13/2017 18:50,FAILING TO REDUCE SPEED TO AVOID CRASH,DRIVING SKILLS/KNOWLEDGE/EXPERIENCE,4700,W,87TH ST,834,,Y,,,,,2,NO INDICATION OF INJURY,0,0,0,0,0,3,0,18,2,11,41.73466742,-87.7384847,POINT (-87.738484699694 41.734667420977),1
JA510759,,11/13/2017 18:44,30,TRAFFIC SIGNAL,FUNCTIONING PROPERLY,CLOUDY/OVERCAST,"DARKNESS, LIGHTED ROAD",TURNING,NOT DIVIDED,4,STRAIGHT AND LEVEL,DRY,NO DEFECTS,ON SCENE,INJURY AND / OR TOW DUE TO CRASH,Y,,,"OVER $1,500",11/13/2017 19:36,DISREGARDING TRAFFIC SIGNALS,UNABLE TO DETERMINE,11047,S,HALSTED ST,2233,,,,,,,2,NONINCAPACITATING INJURY,2,0,0,1,1,1,0,18,2,11,41.69278843,-87.64224261,POINT (-87.642242607003 41.692788430366),1
JA511583,,11/13/2017 18:45,30,NO CONTROLS,NO CONTROLS,CLEAR,"DARKNESS, LIGHTED ROAD",PEDALCYCLIST,NOT DIVIDED,,STRAIGHT AND LEVEL,DRY,NO DEFECTS,NOT ON SCENE (DESK REPORT),NO INJURY / DRIVE AWAY,Y,,,"$501 - $1,500",11/14/2017 15:15,UNABLE TO DETERMINE,UNABLE TO DETERMINE,1247,N,HALSTED ST,1822,,,,,,,2,NO INDICATION OF INJURY,0,0,0,0,0,2,0,18,2,11,41.90490577,-87.64796941,POINT (-87.647969407797 41.904905771535),1
JA510703,,11/13/2017 18:45,30,UNKNOWN,UNKNOWN,CLEAR,DAYLIGHT,REAR END,UNKNOWN,,STRAIGHT AND LEVEL,DRY,UNKNOWN,NOT ON SCENE (DESK REPORT),NO INJURY / DRIVE AWAY,,,,"$501 - $1,500",11/13/2017 19:02,FOLLOWING TOO CLOSELY,FOLLOWING TOO CLOSELY,3940,W,FULLERTON AVE,2524,,,,,,,2,NO INDICATION OF INJURY,0,0,0,0,0,2,0,18,2,11,41.9246021,-87.72595061,POINT (-87.725950606183 41.924602103712),1
JA510707,,11/13/2017 18:49,30,NO CONTROLS,NO CONTROLS,CLEAR,DARKNESS,TURNING,NOT DIVIDED,2,STRAIGHT AND LEVEL,DRY,UNKNOWN,NOT ON SCENE (DESK REPORT),NO INJURY / DRIVE AWAY,,,,"OVER $1,500",11/13/2017 18:59,IMPROPER OVERTAKING/PASSING,FAILING TO YIELD RIGHT-OF-WAY,6300,S,HAMLIN AVE,823,,,,,,,2,NO INDICATION OF INJURY,0,0,0,0,0,2,0,18,2,11,41.77868639,-87.71799993,POINT (-87.717999927567 41.778686391467),1
JA510950,,11/13/2017 18:50,15,NO CONTROLS,NO CONTROLS,CLEAR,"DARKNESS, LIGHTED ROAD",PARKED MOTOR VEHICLE,PARKING LOT,0,STRAIGHT AND LEVEL,DRY,NO DEFECTS,NOT ON SCENE (DESK REPORT),NO INJURY / DRIVE AWAY,,Y,Y,"$501 - $1,500",11/13/2017 23:30,UNABLE TO DETERMINE,NOT APPLICABLE,8331,S,STEWART AVE,622,,,,,,,2,NO INDICATION OF INJURY,0,0,0,0,0,1,0,18,2,11,41.74257762,-87.63393693,POINT (-87.633936930688 41.742577617335),1
JA510761,,11/13/2017 18:55,30,STOP SIGN/FLASHER,FUNCTIONING PROPERLY,CLEAR,"DARKNESS, LIGHTED ROAD",ANIMAL,NOT DIVIDED,2,STRAIGHT AND LEVEL,DRY,NO DEFECTS,ON SCENE,INJURY AND / OR TOW DUE TO CRASH,,,,$500 OR LESS,11/13/2017 18:59,ANIMAL,UNABLE TO DETERMINE,5133,N,CALIFORNIA AVE,2031,,,,,,,2,NONINCAPACITATING INJURY,1,0,0,1,0,1,0,18,2,11,41.97500704,-87.69874763,POINT (-87.698747627978 41.975007034502),1
JA520639,,11/13/2017 19:00,10,NO CONTROLS,NO CONTROLS,CLEAR,DARKNESS,PARKED MOTOR VEHICLE,PARKING LOT,,STRAIGHT AND LEVEL,UNKNOWN,UNKNOWN,NOT ON SCENE (DESK REPORT),NO INJURY / DRIVE AWAY,,,Y,"$501 - $1,500",11/21/2017 16:28,UNABLE TO DETERMINE,NOT APPLICABLE,4500,N,BROADWAY,1913,,,,,,,2,NO INDICATION OF INJURY,0,0,0,0,0,1,0,19,2,11,41.96378896,-87.65660649,POINT (-87.656606492376 41.963788964252),1
JA530948,Y,11/13/2017 19:00,30,NO CONTROLS,NO CONTROLS,UNKNOWN,UNKNOWN,PARKED MOTOR VEHICLE,DIVIDED - W/MEDIAN (NOT RAISED),2,STRAIGHT AND LEVEL,DRY,NO DEFECTS,NOT ON SCENE (DESK REPORT),NO INJURY / DRIVE AWAY,,,Y,"$501 - $1,500",11/30/2017 12:40,UNABLE TO DETERMINE,NOT APPLICABLE,3600,W,CORTLAND ST,2535,,,,,,,2,NO INDICATION OF INJURY,0,0,0,0,0,1,0,19,2,11,41.91557185,-87.71678134,POINT (-87.716781338058 41.91557185415),1
JA510739,,11/13/2017 19:03,5,NO CONTROLS,NO CONTROLS,CLEAR,"DARKNESS, LIGHTED ROAD",PARKED MOTOR VEHICLE,PARKING LOT,,STRAIGHT AND LEVEL,DRY,NO DEFECTS,ON SCENE,INJURY AND / OR TOW DUE TO CRASH,,Y,N,"OVER $1,500",11/13/2017 19:03,"OPERATING VEHICLE IN ERRATIC, RECKLESS, CARELESS, NEGLIGENT OR AGGRESSIVE MANNER",EXCEEDING AUTHORIZED SPEED LIMIT,424,W,31ST ST,914,Y,,,,,,2,NO INDICATION OF INJURY,0,0,0,0,0,1,0,19,2,11,41.83826777,-87.63762012,POINT (-87.637620123449 41.838267770397),1
JA510732,,11/13/2017 19:07,30,STOP SIGN/FLASHER,FUNCTIONING PROPERLY,CLEAR,"DARKNESS, LIGHTED ROAD",FIXED OBJECT,NOT DIVIDED,2,STRAIGHT AND LEVEL,DRY,NO DEFECTS,ON SCENE,INJURY AND / OR TOW DUE TO CRASH,,,,"OVER $1,500",11/13/2017 19:07,"OPERATING VEHICLE IN ERRATIC, RECKLESS, CARELESS, NEGLIGENT OR AGGRESSIVE MANNER",EXCEEDING AUTHORIZED SPEED LIMIT,3305,S,CALUMET AVE,211,Y,,,,,,1,NO INDICATION OF INJURY,0,0,0,0,0,1,0,19,2,11,41.83460806,-87.61804602,POINT (-87.618046022232 41.834608061065),1
JA510754,,11/13/2017 19:10,30,TRAFFIC SIGNAL,FUNCTIONING PROPERLY,CLEAR,"DARKNESS, LIGHTED ROAD",TURNING,CENTER TURN LANE,0,STRAIGHT AND LEVEL,DRY,NO DEFECTS,NOT ON SCENE (DESK REPORT),NO INJURY / DRIVE AWAY,Y,,Y,"$501 - $1,500",11/13/2017 19:35,IMPROPER TURNING/NO SIGNAL,UNABLE TO DETERMINE,2800,N,ELSTON AVE,1411,,,,,,,2,NO INDICATION OF INJURY,0,0,0,0,0,2,0,19,2,11,41.93219592,-87.68810853,POINT (-87.688108532942 41.93219591779),1
JA510805,,11/13/2017 19:18,30,NO CONTROLS,NO CONTROLS,CLEAR,"DARKNESS, LIGHTED ROAD",PEDESTRIAN,NOT DIVIDED,,STRAIGHT AND LEVEL,DRY,NO DEFECTS,ON SCENE,NO INJURY / DRIVE AWAY,,,,$500 OR LESS,11/13/2017 20:10,NOT APPLICABLE,NOT APPLICABLE,2601,N,HALSTED ST,1935,,,,,,,2,NO INDICATION OF INJURY,0,0,0,0,0,2,0,19,2,11,41.92920982,-87.64874627,POINT (-87.648746264964 41.929209817007),1
JA510777,,11/13/2017 19:18,30,TRAFFIC SIGNAL,FUNCTIONING PROPERLY,CLEAR,DARKNESS,ANGLE,NOT DIVIDED,6,STRAIGHT AND LEVEL,DRY,NO DEFECTS,ON SCENE,INJURY AND / OR TOW DUE TO CRASH,Y,,,"OVER $1,500",11/13/2017 19:20,FAILING TO YIELD RIGHT-OF-WAY,UNABLE TO DETERMINE,7201,W,HIGGINS AVE,1613,,,,,,,3,NO INDICATION OF INJURY,0,0,0,0,0,3,0,19,2,11,41.98102763,-87.80708076,POINT (-87.807080762271 41.981027631859),1
JA510770,,11/13/2017 19:22,30,NO CONTROLS,NO CONTROLS,CLEAR,"DARKNESS, LIGHTED ROAD",PARKED MOTOR VEHICLE,DIVIDED - W/MEDIAN (NOT RAISED),2,STRAIGHT AND LEVEL,DRY,NO DEFECTS,ON SCENE,INJURY AND / OR TOW DUE TO CRASH,,,Y,"OVER $1,500",11/13/2017 19:22,"OPERATING VEHICLE IN ERRATIC, RECKLESS, CARELESS, NEGLIGENT OR AGGRESSIVE MANNER",NOT APPLICABLE,7626,S,HALSTED ST,621,,,,,,,2,"REPORTED, NOT EVIDENT",2,0,0,0,2,0,0,19,2,11,41.75526283,-87.64430781,POINT (-87.644307811369 41.755262825535),1
JA512645,,11/13/2017 19:30,35,STOP SIGN/FLASHER,FUNCTIONING PROPERLY,CLEAR,"DARKNESS, LIGHTED ROAD",SIDESWIPE SAME DIRECTION,ONE-WAY,3,STRAIGHT AND LEVEL,DRY,NO DEFECTS,NOT ON SCENE (DESK REPORT),NO INJURY / DRIVE AWAY,,,Y,"OVER $1,500",11/15/2017 11:50,FAILING TO REDUCE SPEED TO AVOID CRASH,EXCEEDING SAFE SPEED FOR CONDITIONS,725,N,RUSH ST,1834,,,,,,,2,NO INDICATION OF INJURY,0,0,0,0,0,2,0,19,2,11,41.89568348,-87.62533305,POINT (-87.625333050952 41.895683478401),1
JA398564,Y,11/13/2017 19:35,25,NO CONTROLS,NO CONTROLS,CLEAR,UNKNOWN,PARKED MOTOR VEHICLE,NOT DIVIDED,2,STRAIGHT AND LEVEL,DRY,NO DEFECTS,ON SCENE,NO INJURY / DRIVE AWAY,,,Y,"OVER $1,500",11/13/2017 19:43,UNABLE TO DETERMINE,UNABLE TO DETERMINE,1756,W,TAYLOR ST,1231,,,,,,,2,NO INDICATION OF INJURY,0,0,0,0,0,1,0,19,2,11,41.86930226,-87.67127119,POINT (-87.671271191376 41.869302256606),1
JA510804,,11/13/2017 19:54,35,STOP SIGN/FLASHER,FUNCTIONING PROPERLY,CLEAR,DARKNESS,ANGLE,NOT DIVIDED,2,STRAIGHT AND LEVEL,DRY,NO DEFECTS,ON SCENE,NO INJURY / DRIVE AWAY,Y,,Y,"$501 - $1,500",11/13/2017 19:58,DISREGARDING STOP SIGN,FAILING TO REDUCE SPEED TO AVOID CRASH,3830,N,ELSTON AVE,1732,,,,,,,2,NO INDICATION OF INJURY,0,0,0,0,0,4,0,19,2,11,41.95087076,-87.71525148,POINT (-87.71525147828 41.950870762719),1