RD_NO,CRASH_DATE_EST_I,CRASH_DATE,POSTED_SPEED_LIMIT,TRAFFIC_CONTROL_DEVICE,DEVICE_CONDITION,WEATHER_CONDITION,LIGHTING_CONDITION,FIRST_CRASH_TYPE,TRAFFICWAY_TYPE,LANE_CNT,ALIGNMENT,ROADWAY_SURFACE_COND,ROAD_DEFECT,REPORT_TYPE,CRASH_TYPE,INTERSECTION_RELATED_I,NOT_RIGHT_OF_WAY_I,HIT_AND_RUN_I,DAMAGE,DATE_POLICE_NOTIFIED,PRIM_CONTRIBUTORY_CAUSE,SEC_CONTRIBUTORY_CAUSE,STREET_NO,STREET_DIRECTION,STREET_NAME,BEAT_OF_OCCURRENCE,PHOTOS_TAKEN_I,STATEMENTS_TAKEN_I,DOORING_I,WORK_ZONE_I,WORK_ZONE_TYPE,WORKERS_PRESENT_I,NUM_UNITS,MOST_SEVERE_INJURY,INJURIES_TOTAL,INJURIES_FATAL,INJURIES_INCAPACITATING,INJURIES_NON_INCAPACITATING,INJURIES_REPORTED_NOT_EVIDENT,INJURIES_NO_INDICATION,INJURIES_UNKNOWN,CRASH_HOUR,CRASH_DAY_OF_WEEK,CRASH_MONTH,LATITUDE,LONGITUDE,LOCATION,Join
JA510814,,11/13/2017 19:55,30,TRAFFIC SIGNAL,FUNCTIONING PROPERLY,CLOUDY/OVERCAST,"DARKNESS, LIGHTED ROAD",FIXED OBJECT,NOT DIVIDED,,STRAIGHT AND LEVEL,DRY,NO DEFECTS,ON SCENE,INJURY AND / OR TOW DUE TO CRASH,,Y,,"OVER $1,500",11/13/2017 19:56,FAILING TO REDUCE SPEED TO AVOID CRASH,UNABLE TO DETERMINE,3158,W,55TH ST,923,,,,,,,1,NONINCAPACITATING INJURY,1,0,0,1,0,0,0,19,2,11,41.79362451,-87.70349595,POINT (-87.703495950362 41.793624504507),1
JA510789,,11/13/2017 19:56,30,TRAFFIC SIGNAL,FUNCTIONING PROPERLY,CLEAR,"DARKNESS, LIGHTED ROAD",FIXED OBJECT,NOT DIVIDED,2,STRAIGHT AND LEVEL,DRY,NO DEFECTS,ON SCENE,INJURY AND / OR TOW DUE TO CRASH,Y,,,"OVER $1,500",11/13/2017 19:57,UNABLE TO DETERMINE,UNABLE TO DETERMINE,11500,S,MICHIGAN AVE,532,,,,,,,1,NONINCAPACITATING INJURY,1,0,0,1,0,0,0,19,2,11,41.68527122,-87.62094716,POINT (-87.620947158386 41.685271222904),1
JA512185,N,11/13/2017 20:00,30,NO CONTROLS,NO CONTROLS,CLEAR,"DARKNESS, LIGHTED ROAD",PARKED MOTOR VEHICLE,PARKING LOT,,STRAIGHT AND LEVEL,DRY,NO DEFECTS,ON SCENE,NO INJURY / DRIVE AWAY,,Y,Y,"$501 - $1,500",11/14/2017 21:18,UNABLE TO DETERMINE,NOT APPLICABLE,1914,W,DIVISION ST,1424,,,,,,,2,NO INDICATION OF INJURY,0,0,0,0,0,1,0,20,2,11,41.90333103,-87.67543392,POINT (-87.675433918003 41.903331032064),1
JA510813,,11/13/2017 20:00,30,NO CONTROLS,NO CONTROLS,CLEAR,DARKNESS,REAR END,NOT DIVIDED,2,STRAIGHT AND LEVEL,DRY,NO DEFECTS,NOT ON SCENE (DESK REPORT),NO INJURY / DRIVE AWAY,,,,$500 OR LESS,11/13/2017 20:30,FOLLOWING TOO CLOSELY,NOT APPLICABLE,7200,W,TALCOTT AVE,1612,,,,,,,2,NO INDICATION OF INJURY,0,0,0,0,0,2,0,20,2,11,41.98598084,-87.80690787,POINT (-87.806907869923 41.985980844436),1
JA510923,Y,11/13/2017 20:00,10,NO CONTROLS,NO CONTROLS,CLEAR,"DARKNESS, LIGHTED ROAD",PARKED MOTOR VEHICLE,PARKING LOT,,STRAIGHT AND LEVEL,DRY,NO DEFECTS,ON SCENE,NO INJURY / DRIVE AWAY,,,Y,$500 OR LESS,11/13/2017 22:06,UNABLE TO DETERMINE,NOT APPLICABLE,6311,N,OAKLEY AVE,2413,,,,,,,2,NO INDICATION OF INJURY,0,0,0,0,0,1,0,20,2,11,41.99632857,-87.6872475,POINT (-87.687247498657 41.99632857432),1
JA501836,,11/13/2017 20:53,30,NO CONTROLS,NO CONTROLS,CLEAR,"DARKNESS, LIGHTED ROAD",PARKED MOTOR VEHICLE,DIVIDED - W/MEDIAN BARRIER,4,STRAIGHT AND LEVEL,DRY,NO DEFECTS,ON SCENE,NO INJURY / DRIVE AWAY,,,Y,"$501 - $1,500",11/13/2017 20:54,UNABLE TO DETERMINE,UNABLE TO DETERMINE,7728,S,ASHLAND AVE,611,,,,,,,2,NO INDICATION OF INJURY,0,0,0,0,0,1,0,20,2,11,41.75311064,-87.66365097,POINT (-87.663650967029 41.753110635705),1
JA510910,Y,11/13/2017 21:00,25,NO CONTROLS,NO CONTROLS,CLEAR,"DARKNESS, LIGHTED ROAD",PARKED MOTOR VEHICLE,NOT DIVIDED,,STRAIGHT AND LEVEL,DRY,NO DEFECTS,ON SCENE,NO INJURY / DRIVE AWAY,,,Y,$500 OR LESS,11/13/2017 21:20,NOT APPLICABLE,NOT APPLICABLE,2002,S,WENTWORTH AVE,914,,,,,,,2,NO INDICATION OF INJURY,0,0,0,0,0,1,0,21,2,11,41.8552817,-87.63199264,POINT (-87.631992642294 41.855281703774),1
JA510900,,11/13/2017 21:15,15,NO CONTROLS,NO CONTROLS,CLEAR,"DARKNESS, LIGHTED ROAD",PARKED MOTOR VEHICLE,ONE-WAY,1,STRAIGHT AND LEVEL,DRY,NO DEFECTS,ON SCENE,NO INJURY / DRIVE AWAY,,,Y,"$501 - $1,500",11/13/2017 22:10,UNABLE TO DETERMINE,UNABLE TO DETERMINE,6402,N,CAMPBELL AVE,2412,,,,,,,2,NO INDICATION OF INJURY,0,0,0,0,0,1,0,21,2,11,41.99783281,-87.69247536,POINT (-87.692475360618 41.997832808753),1
JA510860,,11/13/2017 21:15,15,NO CONTROLS,NO CONTROLS,UNKNOWN,UNKNOWN,PARKED MOTOR VEHICLE,PARKING LOT,0,STRAIGHT AND LEVEL,DRY,NO DEFECTS,ON SCENE,NO INJURY / DRIVE AWAY,,Y,Y,"OVER $1,500",11/13/2017 21:20,IMPROPER BACKING,UNABLE TO DETERMINE,2607,W,17TH ST,1023,,,,,,,2,NO INDICATION OF INJURY,0,0,0,0,0,1,0,21,2,11,41.85826947,-87.69106658,POINT (-87.691066582222 41.858269474138),1
JA510901,,11/13/2017 21:18,30,NO CONTROLS,NO CONTROLS,CLEAR,"DARKNESS, LIGHTED ROAD",SIDESWIPE SAME DIRECTION,DIVIDED - W/MEDIAN (NOT RAISED),2,STRAIGHT AND LEVEL,DRY,NO DEFECTS,NOT ON SCENE (DESK REPORT),NO INJURY / DRIVE AWAY,,,,"OVER $1,500",11/13/2017 22:18,IMPROPER LANE USAGE,FAILING TO YIELD RIGHT-OF-WAY,4419,N,KEDZIE AVE,1724,,,,,,,2,NO INDICATION OF INJURY,0,0,0,0,0,2,0,21,2,11,41.96174785,-87.70811683,POINT (-87.708116824594 41.961747846871),1
JA510891,,11/13/2017 21:35,30,STOP SIGN/FLASHER,UNKNOWN,UNKNOWN,UNKNOWN,ANGLE,ONE-WAY,1,STRAIGHT AND LEVEL,UNKNOWN,UNKNOWN,NOT ON SCENE (DESK REPORT),INJURY AND / OR TOW DUE TO CRASH,Y,,,"OVER $1,500",11/13/2017 22:10,UNABLE TO DETERMINE,NOT APPLICABLE,6200,N,RAVENSWOOD AVE,2413,,,,,,,2,NO INDICATION OF INJURY,0,0,0,0,0,4,0,21,2,11,41.99435776,-87.67553906,POINT (-87.675539058324 41.994357757823),1
JA511388,,11/13/2017 21:45,45,NO CONTROLS,NO CONTROLS,CLEAR,DARKNESS,FIXED OBJECT,DIVIDED - W/MEDIAN BARRIER,8,STRAIGHT AND LEVEL,DRY,NO DEFECTS,NOT ON SCENE (DESK REPORT),NO INJURY / DRIVE AWAY,,,,"OVER $1,500",11/14/2017 12:35,EQUIPMENT - VEHICLE CONDITION,EQUIPMENT - VEHICLE CONDITION,1800,S,LAKE SHORE DR E,132,,,,,,,1,NO INDICATION OF INJURY,0,0,0,0,0,1,0,21,2,11,41.85790967,-87.61659414,POINT (-87.616594138523 41.857909668758),1
JA510894,N,11/13/2017 22:00,30,UNKNOWN,UNKNOWN,CLEAR,"DARKNESS, LIGHTED ROAD",REAR END,NOT DIVIDED,4,STRAIGHT AND LEVEL,DRY,NO DEFECTS,ON SCENE,INJURY AND / OR TOW DUE TO CRASH,,,,"OVER $1,500",11/13/2017 22:04,FOLLOWING TOO CLOSELY,IMPROPER OVERTAKING/PASSING,3354,W,IRVING PARK RD,1724,,,,,,,2,NO INDICATION OF INJURY,0,0,0,0,0,2,0,22,2,11,41.95396975,-87.71268918,POINT (-87.712689183122 41.953969745813),1
JA510911,,11/13/2017 22:00,30,TRAFFIC SIGNAL,FUNCTIONING PROPERLY,CLEAR,"DARKNESS, LIGHTED ROAD",ANGLE,DIVIDED - W/MEDIAN BARRIER,4,STRAIGHT AND LEVEL,DRY,NO DEFECTS,NOT ON SCENE (DESK REPORT),NO INJURY / DRIVE AWAY,Y,,Y,"OVER $1,500",11/13/2017 22:26,DISREGARDING TRAFFIC SIGNALS,UNABLE TO DETERMINE,10300,S,HALSTED ST,2232,,,,,,,2,NO INDICATION OF INJURY,0,0,0,0,0,2,0,22,2,11,41.70682334,-87.64297747,POINT (-87.642977469284 41.706823336585),1
JA510924,,11/13/2017 22:24,30,TRAFFIC SIGNAL,FUNCTIONING PROPERLY,CLEAR,"DARKNESS, LIGHTED ROAD",TURNING,DIVIDED - W/MEDIAN BARRIER,6,STRAIGHT AND LEVEL,DRY,NO DEFECTS,ON SCENE,INJURY AND / OR TOW DUE TO CRASH,Y,,,"OVER $1,500",11/13/2017 22:24,FAILING TO YIELD RIGHT-OF-WAY,IMPROPER LANE USAGE,7900,S,STONY ISLAND AVE,411,,,,,,,2,"REPORTED, NOT EVIDENT",1,0,0,0,1,2,0,22,2,11,41.7514606,-87.58597199,POINT (-87.585971992965 41.751460603167),1
JA510918,,11/13/2017 22:31,30,NO CONTROLS,NO CONTROLS,CLOUDY/OVERCAST,"DARKNESS, LIGHTED ROAD",PARKED MOTOR VEHICLE,ONE-WAY,1,STRAIGHT AND LEVEL,DRY,UNKNOWN,ON SCENE,INJURY AND / OR TOW DUE TO CRASH,,,,"OVER $1,500",11/13/2017 22:52,DRIVING SKILLS/KNOWLEDGE/EXPERIENCE,HAD BEEN DRINKING (USE WHEN ARREST IS NOT MADE),6801,S,INDIANA AVE,322,,,,,,,3,"REPORTED, NOT EVIDENT",1,0,0,0,1,0,0,22,2,11,41.77097513,-87.62011028,POINT (-87.620110275244 41.770975134397),1
JA510930,,11/13/2017 22:42,30,TRAFFIC SIGNAL,FUNCTIONING PROPERLY,CLEAR,"DARKNESS, LIGHTED ROAD",TURNING,NOT DIVIDED,,STRAIGHT AND LEVEL,DRY,NO DEFECTS,ON SCENE,NO INJURY / DRIVE AWAY,Y,,N,"$501 - $1,500",11/13/2017 22:45,IMPROPER TURNING/NO SIGNAL,FAILING TO YIELD RIGHT-OF-WAY,3950,N,PULASKI RD,1732,,,,,,,2,NO INDICATION OF INJURY,0,0,0,0,0,2,0,22,2,11,41.95336123,-87.72775663,POINT (-87.727756631403 41.953361227267),1
JA510948,,11/13/2017 23:04,30,NO CONTROLS,NO CONTROLS,CLEAR,DARKNESS,FIXED OBJECT,ONE-WAY,,STRAIGHT AND LEVEL,DRY,NO DEFECTS,NOT ON SCENE (DESK REPORT),NO INJURY / DRIVE AWAY,,Y,,"OVER $1,500",11/13/2017 23:35,UNABLE TO DETERMINE,NOT APPLICABLE,4811,W,WAVELAND AVE,1634,,,,N,,,1,NO INDICATION OF INJURY,0,0,0,0,0,1,0,23,2,11,41.94783849,-87.74764009,POINT (-87.74764008526 41.947838491206),1
JA510956,,11/13/2017 23:37,30,NO CONTROLS,NO CONTROLS,CLEAR,"DARKNESS, LIGHTED ROAD",PARKED MOTOR VEHICLE,NOT DIVIDED,4,STRAIGHT AND LEVEL,DRY,NO DEFECTS,ON SCENE,NO INJURY / DRIVE AWAY,,,,$500 OR LESS,11/13/2017 23:37,IMPROPER BACKING,DRIVING SKILLS/KNOWLEDGE/EXPERIENCE,4,W,CHICAGO AVE,1832,,Y,,,,,2,NO INDICATION OF INJURY,0,0,0,0,0,3,0,23,2,11,41.8967849,-87.62836427,POINT (-87.628364270239 41.896784897154),1
JA547059,Y,11/13/2017 23:40,30,NO CONTROLS,NO CONTROLS,CLEAR,"DARKNESS, LIGHTED ROAD",PARKED MOTOR VEHICLE,DIVIDED - W/MEDIAN BARRIER,4,STRAIGHT AND LEVEL,DRY,NO DEFECTS,NOT ON SCENE (DESK REPORT),NO INJURY / DRIVE AWAY,,,Y,"$501 - $1,500",12/12/2017 23:45,DRIVING SKILLS/KNOWLEDGE/EXPERIENCE,"OPERATING VEHICLE IN ERRATIC, RECKLESS, CARELESS, NEGLIGENT OR AGGRESSIVE MANNER",5701,W,MADISON ST,1513,,,,,,,2,NO INDICATION OF INJURY,0,0,0,0,0,1,0,23,2,11,41.88008346,-87.76819989,POINT (-87.768199889011 41.880083461427),1
JA511377,,11/13/2017 23:45,30,NO CONTROLS,NO CONTROLS,CLEAR,"DARKNESS, LIGHTED ROAD",TURNING,NOT DIVIDED,4,STRAIGHT AND LEVEL,DRY,NO DEFECTS,NOT ON SCENE (DESK REPORT),NO INJURY / DRIVE AWAY,,,Y,$500 OR LESS,11/14/2017 12:30,FAILING TO YIELD RIGHT-OF-WAY,NOT APPLICABLE,6313,N,HARLEM AVE,1612,,,,,,,2,NO INDICATION OF INJURY,0,0,0,0,0,2,0,23,2,11,41.99578712,-87.80666548,POINT (-87.806665480894 41.995787119275),1
JA512013,Y,11/14/2017 1:00,30,NO CONTROLS,NO CONTROLS,UNKNOWN,"DARKNESS, LIGHTED ROAD",PARKED MOTOR VEHICLE,ONE-WAY,,STRAIGHT AND LEVEL,DRY,NO DEFECTS,NOT ON SCENE (DESK REPORT),NO INJURY / DRIVE AWAY,,,Y,"OVER $1,500",11/14/2017 19:40,UNABLE TO DETERMINE,NOT APPLICABLE,5215,W,GEORGE ST,2514,,,,,,,2,NO INDICATION OF INJURY,0,0,0,0,0,1,0,1,3,11,41.93310718,-87.75713683,POINT (-87.757136826759 41.933107178143),1
JA510982,,11/14/2017 1:05,30,TRAFFIC SIGNAL,FUNCTIONING PROPERLY,CLEAR,"DARKNESS, LIGHTED ROAD",ANGLE,DIVIDED - W/MEDIAN (NOT RAISED),,STRAIGHT AND LEVEL,DRY,NO DEFECTS,ON SCENE,INJURY AND / OR TOW DUE TO CRASH,Y,,,"OVER $1,500",11/14/2017 1:07,DISREGARDING TRAFFIC SIGNALS,UNABLE TO DETERMINE,300,S,HALSTED ST,1232,,,,,,,2,NO INDICATION OF INJURY,0,0,0,0,0,3,0,1,3,11,41.87791475,-87.64738828,POINT (-87.647388281435 41.877914752179),1
JA510992,,11/14/2017 1:43,30,NO CONTROLS,NO CONTROLS,CLEAR,DARKNESS,PARKED MOTOR VEHICLE,PARKING LOT,,STRAIGHT AND LEVEL,DRY,UNKNOWN,ON SCENE,NO INJURY / DRIVE AWAY,,N,Y,"$501 - $1,500",11/14/2017 1:58,UNABLE TO DETERMINE,IMPROPER BACKING,3942,W,CERMAK RD,1014,,,,,,,2,NO INDICATION OF INJURY,0,0,0,0,0,1,0,1,3,11,41.85166982,-87.72391167,POINT (-87.723911668713 41.851669824396),1
JA511024,,11/14/2017 4:50,35,TRAFFIC SIGNAL,FUNCTIONING PROPERLY,CLEAR,"DARKNESS, LIGHTED ROAD",TURNING,DIVIDED - W/MEDIAN BARRIER,2,STRAIGHT AND LEVEL,DRY,NO DEFECTS,,INJURY AND / OR TOW DUE TO CRASH,Y,,,"OVER $1,500",11/14/2017 4:53,UNABLE TO DETERMINE,UNABLE TO DETERMINE,42,W,CONGRESS PKWY,113,,,,,,,2,NO INDICATION OF INJURY,0,0,0,0,0,2,0,4,3,11,41.87573626,-87.62921295,POINT (-87.629212946899 41.875736259062),1
JA511161,,11/14/2017 5:15,30,TRAFFIC SIGNAL,FUNCTIONING PROPERLY,CLEAR,"DARKNESS, LIGHTED ROAD",TURNING,DIVIDED - W/MEDIAN (NOT RAISED),6,STRAIGHT AND LEVEL,DRY,NO DEFECTS,NOT ON SCENE (DESK REPORT),NO INJURY / DRIVE AWAY,Y,,,"$501 - $1,500",11/14/2017 9:25,DRIVING SKILLS/KNOWLEDGE/EXPERIENCE,UNABLE TO DETERMINE,901,S,CICERO AVE,1131,,,,,,,2,NO INDICATION OF INJURY,0,0,0,0,0,2,0,5,3,11,41.86945018,-87.74471635,POINT (-87.744716348872 41.869450183248),1
JA511030,,11/14/2017 5:15,30,NO CONTROLS,NO CONTROLS,CLEAR,"DARKNESS, LIGHTED ROAD",PARKED MOTOR VEHICLE,ONE-WAY,3,STRAIGHT AND LEVEL,UNKNOWN,UNKNOWN,ON SCENE,INJURY AND / OR TOW DUE TO CRASH,,,Y,"OVER $1,500",11/14/2017 5:20,NOT APPLICABLE,NOT APPLICABLE,5147,S,MICHIGAN AVE,231,,,,,,,4,NO INDICATION OF INJURY,0,0,0,0,0,1,0,5,3,11,41.800658,-87.62246888,POINT (-87.622468874723 41.800657998725),1
JA511035,,11/14/2017 5:20,30,NO CONTROLS,NO CONTROLS,CLEAR,DAWN,ANIMAL,DIVIDED - W/MEDIAN (NOT RAISED),,STRAIGHT AND LEVEL,DRY,NO DEFECTS,ON SCENE,NO INJURY / DRIVE AWAY,,,Y,"OVER $1,500",11/14/2017 5:25,ANIMAL,NOT APPLICABLE,252,E,130TH ST,533,,,,,,,2,NO INDICATION OF INJURY,0,0,0,0,0,2,0,5,3,11,41.65873967,-87.61509887,POINT (-87.615098868955 41.658739668808),1
JA511037,,11/14/2017 5:40,30,NO CONTROLS,NO CONTROLS,CLEAR,"DARKNESS, LIGHTED ROAD",REAR END,CENTER TURN LANE,,STRAIGHT AND LEVEL,DRY,NO DEFECTS,NOT ON SCENE (DESK REPORT),NO INJURY / DRIVE AWAY,,,,"OVER $1,500",11/14/2017 6:20,UNABLE TO DETERMINE,UNABLE TO DETERMINE,701,N,WESTERN AVE,1221,,,,,,,2,NO INDICATION OF INJURY,0,0,0,0,0,2,0,5,3,11,41.89397645,-87.68664293,POINT (-87.686642926753 41.893976452241),1
JA511077,Y,11/14/2017 6:00,20,NO CONTROLS,NO CONTROLS,UNKNOWN,UNKNOWN,PARKED MOTOR VEHICLE,ONE-WAY,1,STRAIGHT AND LEVEL,UNKNOWN,UNKNOWN,NOT ON SCENE (DESK REPORT),NO INJURY / DRIVE AWAY,,,Y,"OVER $1,500",11/14/2017 7:45,UNABLE TO DETERMINE,NOT APPLICABLE,9820,S,AVENUE H,432,,,,,,,2,NO INDICATION OF INJURY,0,0,0,0,0,1,0,6,3,11,41.71713571,-87.53301551,POINT (-87.533015510802 41.71713571378),1
JA511043,,11/14/2017 6:13,30,TRAFFIC SIGNAL,FUNCTIONING PROPERLY,CLEAR,DAWN,SIDESWIPE SAME DIRECTION,DIVIDED - W/MEDIAN (NOT RAISED),,STRAIGHT AND LEVEL,DRY,NO DEFECTS,ON SCENE,NO INJURY / DRIVE AWAY,Y,,Y,"OVER $1,500",11/14/2017 6:27,NOT APPLICABLE,NOT APPLICABLE,6300,W,IRVING PARK RD,1624,,,,,,,2,NO INDICATION OF INJURY,0,0,0,0,0,3,0,6,3,11,41.95305612,-87.78423715,POINT (-87.784237154195 41.953056123616),1
JA512491,,11/14/2017 6:15,30,TRAFFIC SIGNAL,FUNCTIONING PROPERLY,CLEAR,DARKNESS,SIDESWIPE SAME DIRECTION,DIVIDED - W/MEDIAN (NOT RAISED),2,STRAIGHT AND LEVEL,DRY,NO DEFECTS,NOT ON SCENE (DESK REPORT),NO INJURY / DRIVE AWAY,,,,"$501 - $1,500",11/15/2017 9:37,UNABLE TO DETERMINE,UNABLE TO DETERMINE,2525,S,BLUE ISLAND AVE,1034,,,,,,,2,NO INDICATION OF INJURY,0,0,0,0,0,2,0,6,3,11,41.84635682,-87.6811176,POINT (-87.681117595026 41.846356816117),1
JA511045,,11/14/2017 6:15,25,NO CONTROLS,NO CONTROLS,CLEAR,DAWN,PARKED MOTOR VEHICLE,NOT DIVIDED,1,STRAIGHT AND LEVEL,DRY,NO DEFECTS,ON SCENE,INJURY AND / OR TOW DUE TO CRASH,,,Y,"$501 - $1,500",11/14/2017 6:15,UNABLE TO DETERMINE,UNABLE TO DETERMINE,12209,S,MICHIGAN AVE,532,,,,,,,3,NO INDICATION OF INJURY,0,0,0,0,0,1,0,6,3,11,41.67226914,-87.62018881,POINT (-87.62018880815 41.672269143689),1
JA512041,,11/14/2017 6:30,30,NO CONTROLS,NO CONTROLS,CLOUDY/OVERCAST,"DARKNESS, LIGHTED ROAD",TURNING,NOT DIVIDED,2,STRAIGHT AND LEVEL,DRY,UNKNOWN,NOT ON SCENE (DESK REPORT),NO INJURY / DRIVE AWAY,,,,"OVER $1,500",11/14/2017 19:54,IMPROPER TURNING/NO SIGNAL,NOT APPLICABLE,1152,N,HOMAN AVE,1121,,,,,,,2,NO INDICATION OF INJURY,0,0,0,0,0,2,0,6,3,11,41.90263598,-87.71181825,POINT (-87.711818252972 41.902635976378),1
JA511224,,11/14/2017 6:59,30,TRAFFIC SIGNAL,UNKNOWN,CLEAR,DAWN,REAR END,DIVIDED - W/MEDIAN (NOT RAISED),2,STRAIGHT AND LEVEL,UNKNOWN,UNKNOWN,NOT ON SCENE (DESK REPORT),NO INJURY / DRIVE AWAY,N,,,"$501 - $1,500",11/14/2017 10:00,FAILING TO REDUCE SPEED TO AVOID CRASH,NOT APPLICABLE,3900,S,INDIANA AVE,213,,,,,,,2,NO INDICATION OF INJURY,0,0,0,0,0,3,0,6,3,11,41.82368535,-87.6217466,POINT (-87.621746601467 41.823685346227),1
JA511177,Y,11/14/2017 7:00,15,OTHER REG. SIGN,FUNCTIONING PROPERLY,CLEAR,DAYLIGHT,FIXED OBJECT,NOT DIVIDED,1,STRAIGHT AND LEVEL,DRY,NO DEFECTS,ON SCENE,NO INJURY / DRIVE AWAY,,Y,N,"OVER $1,500",11/14/2017 9:31,UNABLE TO DETERMINE,UNABLE TO DETERMINE,1224,N,CENTRAL PARK AVE,2535,,,,,,,1,NO INDICATION OF INJURY,0,0,0,0,0,1,0,7,3,11,41.90351483,-87.71673435,POINT (-87.716734346219 41.903514830446),1
JA511069,,11/14/2017 7:00,30,STOP SIGN/FLASHER,FUNCTIONING PROPERLY,CLEAR,DAYLIGHT,TURNING,NOT DIVIDED,2,STRAIGHT AND LEVEL,DRY,UNKNOWN,ON SCENE,NO INJURY / DRIVE AWAY,,,,"OVER $1,500",11/14/2017 7:09,FAILING TO YIELD RIGHT-OF-WAY,NOT APPLICABLE,937,W,MADISON ST,1232,,,,,,,2,NO INDICATION OF INJURY,0,0,0,0,0,3,0,7,3,11,41.88160622,-87.65109803,POINT (-87.651098032306 41.881606215462),1
JA511070,,11/14/2017 7:05,30,NO CONTROLS,NO CONTROLS,CLEAR,DAYLIGHT,SIDESWIPE SAME DIRECTION,DIVIDED - W/MEDIAN BARRIER,,STRAIGHT AND LEVEL,DRY,NO DEFECTS,ON SCENE,NO INJURY / DRIVE AWAY,,,Y,"$501 - $1,500",11/14/2017 7:18,UNABLE TO DETERMINE,NOT APPLICABLE,5253,S,ARCHER AVE,815,,,,,,,2,NO INDICATION OF INJURY,0,0,0,0,0,2,0,7,3,11,41.79945798,-87.73725782,POINT (-87.737257819551 41.799457984066),1
JA512909,,11/14/2017 7:11,25,STOP SIGN/FLASHER,FUNCTIONING PROPERLY,CLEAR,DAYLIGHT,ANGLE,OTHER,,STRAIGHT AND LEVEL,WET,NO DEFECTS,NOT ON SCENE (DESK REPORT),NO INJURY / DRIVE AWAY,Y,,,"OVER $1,500",11/15/2017 14:40,FAILING TO YIELD RIGHT-OF-WAY,FAILING TO YIELD RIGHT-OF-WAY,9000,S,CHAPPEL AVE,413,,,,,,,2,NO INDICATION OF INJURY,0,0,0,0,0,3,0,7,3,11,41.73150736,-87.57451096,POINT (-87.574510962049 41.731507362201),1
JA511090,,11/14/2017 7:12,30,LANE USE MARKING,FUNCTIONING PROPERLY,CLEAR,DAYLIGHT,PARKED MOTOR VEHICLE,DIVIDED - W/MEDIAN (NOT RAISED),1,STRAIGHT AND LEVEL,DRY,NO DEFECTS,ON SCENE,INJURY AND / OR TOW DUE TO CRASH,,,,"OVER $1,500",11/14/2017 7:18,PHYSICAL CONDITION OF DRIVER,NOT APPLICABLE,627,E,87TH ST,632,,,,,,,2,INCAPACITATING INJURY,1,0,1,0,0,0,0,7,3,11,41.73648619,-87.60857817,POINT (-87.608578168339 41.736486191149),1
JA511098,,11/14/2017 7:20,25,NO CONTROLS,NO CONTROLS,CLEAR,DAYLIGHT,PARKED MOTOR VEHICLE,ONE-WAY,1,STRAIGHT AND LEVEL,DRY,NO DEFECTS,ON SCENE,NO INJURY / DRIVE AWAY,,,,"OVER $1,500",11/14/2017 8:00,ANIMAL,UNABLE TO DETERMINE,6524,N,NEWGARD AVE,2432,,,,,,,3,NO INDICATION OF INJURY,0,0,0,0,0,1,0,7,3,11,42.00072171,-87.66696855,POINT (-87.666968549989 42.000721706598),1
JA511095,,11/14/2017 7:22,25,STOP SIGN/FLASHER,FUNCTIONING PROPERLY,CLEAR,DAYLIGHT,ANGLE,NOT DIVIDED,,STRAIGHT AND LEVEL,DRY,NO DEFECTS,ON SCENE,INJURY AND / OR TOW DUE TO CRASH,Y,N,,"OVER $1,500",11/14/2017 7:38,DISREGARDING STOP SIGN,FAILING TO YIELD RIGHT-OF-WAY,9100,S,ADA ST,2222,,,,,,,2,INCAPACITATING INJURY,1,0,1,0,0,1,0,7,3,11,41.72850223,-87.65692259,POINT (-87.656922590509 41.728502226208),1
JA511316,,11/14/2017 7:25,20,NO CONTROLS,NO CONTROLS,CLEAR,DAYLIGHT,SIDESWIPE SAME DIRECTION,DIVIDED - W/MEDIAN (NOT RAISED),2,STRAIGHT AND LEVEL,DRY,NO DEFECTS,NOT ON SCENE (DESK REPORT),NO INJURY / DRIVE AWAY,,,,"OVER $1,500",11/14/2017 12:30,FAILING TO YIELD RIGHT-OF-WAY,IMPROPER OVERTAKING/PASSING,4136,S,CALIFORNIA AVE,921,,,,,,,2,NO INDICATION OF INJURY,0,0,0,0,0,2,0,7,3,11,41.81871101,-87.69467483,POINT (-87.694674831795 41.818711006877),1
JA511438,,11/14/2017 7:27,25,NO CONTROLS,NO CONTROLS,CLEAR,DAYLIGHT,REAR END,NOT DIVIDED,,STRAIGHT AND LEVEL,DRY,NO DEFECTS,NOT ON SCENE (DESK REPORT),NO INJURY / DRIVE AWAY,,,Y,"$501 - $1,500",11/14/2017 13:00,NOT APPLICABLE,NOT APPLICABLE,3701,S,WESTERN AVE,911,,,,,,,2,NO INDICATION OF INJURY,0,0,0,0,0,2,0,7,3,11,41.82644112,-87.68477339,POINT (-87.684773389694 41.826441120489),1
JA511094,,11/14/2017 7:30,30,NO CONTROLS,NO CONTROLS,CLEAR,DAYLIGHT,REAR END,NOT DIVIDED,1,STRAIGHT AND LEVEL,DRY,NO DEFECTS,ON SCENE,INJURY AND / OR TOW DUE TO CRASH,,,Y,"OVER $1,500",11/14/2017 8:16,FOLLOWING TOO CLOSELY,NOT APPLICABLE,1205,N,PULASKI RD,2535,,,,,,,3,"REPORTED, NOT EVIDENT",2,0,0,0,2,2,0,7,3,11,41.9028446,-87.72616179,POINT (-87.726161788595 41.902844601432),1