RD_NO,CRASH_DATE_EST_I,CRASH_DATE,POSTED_SPEED_LIMIT,TRAFFIC_CONTROL_DEVICE,DEVICE_CONDITION,WEATHER_CONDITION,LIGHTING_CONDITION,FIRST_CRASH_TYPE,TRAFFICWAY_TYPE,LANE_CNT,ALIGNMENT,ROADWAY_SURFACE_COND,ROAD_DEFECT,REPORT_TYPE,CRASH_TYPE,INTERSECTION_RELATED_I,NOT_RIGHT_OF_WAY_I,HIT_AND_RUN_I,DAMAGE,DATE_POLICE_NOTIFIED,PRIM_CONTRIBUTORY_CAUSE,SEC_CONTRIBUTORY_CAUSE,STREET_NO,STREET_DIRECTION,STREET_NAME,BEAT_OF_OCCURRENCE,PHOTOS_TAKEN_I,STATEMENTS_TAKEN_I,DOORING_I,WORK_ZONE_I,WORK_ZONE_TYPE,WORKERS_PRESENT_I,NUM_UNITS,MOST_SEVERE_INJURY,INJURIES_TOTAL,INJURIES_FATAL,INJURIES_INCAPACITATING,INJURIES_NON_INCAPACITATING,INJURIES_REPORTED_NOT_EVIDENT,INJURIES_NO_INDICATION,INJURIES_UNKNOWN,CRASH_HOUR,CRASH_DAY_OF_WEEK,CRASH_MONTH,LATITUDE,LONGITUDE,LOCATION,Join
JA511079,,11/14/2017 7:30,30,TRAFFIC SIGNAL,UNKNOWN,CLEAR,DAYLIGHT,TURNING,CENTER TURN LANE,2,STRAIGHT AND LEVEL,DRY,NO DEFECTS,NOT ON SCENE (DESK REPORT),NO INJURY / DRIVE AWAY,Y,,,"$501 - $1,500",11/14/2017 7:50,FOLLOWING TOO CLOSELY,NOT APPLICABLE,6300,S,ASHLAND AVE,725,,,,,,,2,NO INDICATION OF INJURY,0,0,0,0,0,2,0,7,3,11,41.77937222,-87.66436535,POINT (-87.664365347416 41.779372220485),1
JA511926,,11/14/2017 7:30,15,NO CONTROLS,NO CONTROLS,CLEAR,DAYLIGHT,PARKED MOTOR VEHICLE,NOT DIVIDED,2,STRAIGHT AND LEVEL,DRY,NO DEFECTS,NOT ON SCENE (DESK REPORT),NO INJURY / DRIVE AWAY,,,,"OVER $1,500",11/14/2017 18:30,IMPROPER BACKING,UNABLE TO DETERMINE,6875,S,CRANDON AVE,331,,,,,,,2,NO INDICATION OF INJURY,0,0,0,0,0,1,0,7,3,11,41.76996773,-87.56972966,POINT (-87.569729663571 41.769967729397),1
JA511170,,11/14/2017 7:30,30,NO CONTROLS,NO CONTROLS,CLEAR,DAYLIGHT,REAR END,DIVIDED - W/MEDIAN (NOT RAISED),,STRAIGHT AND LEVEL,DRY,NO DEFECTS,NOT ON SCENE (DESK REPORT),NO INJURY / DRIVE AWAY,,,,"$501 - $1,500",11/14/2017 9:33,FOLLOWING TOO CLOSELY,NOT APPLICABLE,805,W,MARQUETTE RD,723,,,,,,,2,NO INDICATION OF INJURY,0,0,0,0,0,3,0,7,3,11,41.77235876,-87.64482241,POINT (-87.644822412312 41.772358757873),1
JA511109,Y,11/14/2017 7:30,20,NO CONTROLS,NO CONTROLS,CLEAR,"DARKNESS, LIGHTED ROAD",PARKED MOTOR VEHICLE,NOT DIVIDED,,STRAIGHT AND LEVEL,DRY,NO DEFECTS,NOT ON SCENE (DESK REPORT),NO INJURY / DRIVE AWAY,,,Y,"OVER $1,500",11/14/2017 8:32,UNABLE TO DETERMINE,NOT APPLICABLE,2731,N,PARKSIDE AVE,2514,,,,,,,2,NO INDICATION OF INJURY,0,0,0,0,0,1,0,7,3,11,41.93037871,-87.76728439,POINT (-87.767284385664 41.930378708207),1
JA512877,,11/14/2017 7:30,30,NO CONTROLS,NO CONTROLS,CLEAR,DAYLIGHT,PARKED MOTOR VEHICLE,ONE-WAY,1,STRAIGHT AND LEVEL,DRY,NO DEFECTS,NOT ON SCENE (DESK REPORT),NO INJURY / DRIVE AWAY,,,Y,"$501 - $1,500",11/15/2017 14:40,IMPROPER BACKING,UNABLE TO DETERMINE,2542,S,WHIPPLE ST,1033,,,,,,,2,NO INDICATION OF INJURY,0,0,0,0,0,2,0,7,3,11,41.8451176,-87.7015249,POINT (-87.701524900035 41.845117598542),1
JA511083,,11/14/2017 7:30,30,NO CONTROLS,NO CONTROLS,CLEAR,DAYLIGHT,SIDESWIPE SAME DIRECTION,DIVIDED - W/MEDIAN (NOT RAISED),,STRAIGHT AND LEVEL,DRY,NO DEFECTS,NOT ON SCENE (DESK REPORT),NO INJURY / DRIVE AWAY,,,Y,"$501 - $1,500",11/14/2017 8:05,UNABLE TO DETERMINE,UNABLE TO DETERMINE,3361,N,ELSTON AVE,1733,,,,,,,2,NO INDICATION OF INJURY,0,0,0,0,0,4,0,7,3,11,41.94265871,-87.70285405,POINT (-87.702854050704 41.942658707193),1
JA511091,,11/14/2017 7:30,30,STOP SIGN/FLASHER,FUNCTIONING PROPERLY,CLEAR,DAYLIGHT,TURNING,NOT DIVIDED,2,STRAIGHT AND LEVEL,DRY,NO DEFECTS,NOT ON SCENE (DESK REPORT),NO INJURY / DRIVE AWAY,,,,"OVER $1,500",11/14/2017 8:00,EQUIPMENT - VEHICLE CONDITION,"VISION OBSCURED (SIGNS, TREE LIMBS, BUILDINGS, ETC.)",2634,E,104TH ST,434,,,,,,,2,NO INDICATION OF INJURY,0,0,0,0,0,2,0,7,3,11,41.70650712,-87.55952379,POINT (-87.559523785111 41.706507115496),1
JA511078,,11/14/2017 7:40,30,NO CONTROLS,NO CONTROLS,CLEAR,DAYLIGHT,REAR END,DIVIDED - W/MEDIAN (NOT RAISED),,STRAIGHT AND LEVEL,DRY,NO DEFECTS,NOT ON SCENE (DESK REPORT),NO INJURY / DRIVE AWAY,,,,"$501 - $1,500",11/14/2017 7:50,FOLLOWING TOO CLOSELY,NOT APPLICABLE,1445,W,63RD ST,725,,,,,,,2,NO INDICATION OF INJURY,0,0,0,0,0,2,0,7,3,11,41.77940826,-87.66113282,POINT (-87.66113282048 41.779408254895),1
JA511152,,11/14/2017 7:40,30,NO CONTROLS,NO CONTROLS,CLEAR,DAYLIGHT,PEDALCYCLIST,NOT DIVIDED,2,STRAIGHT AND LEVEL,DRY,NO DEFECTS,ON SCENE,INJURY AND / OR TOW DUE TO CRASH,Y,,Y,"OVER $1,500",11/14/2017 8:12,FAILING TO REDUCE SPEED TO AVOID CRASH,NOT APPLICABLE,1658,W,49TH ST,931,,,,,,,2,NONINCAPACITATING INJURY,1,0,0,1,0,1,0,7,3,11,41.80505174,-87.66724758,POINT (-87.667247581655 41.805051735018),1
JA512384,,11/14/2017 7:40,20,NO CONTROLS,NO CONTROLS,CLEAR,DAYLIGHT,SIDESWIPE SAME DIRECTION,ONE-WAY,1,STRAIGHT AND LEVEL,DRY,NO DEFECTS,NOT ON SCENE (DESK REPORT),NO INJURY / DRIVE AWAY,,,,"OVER $1,500",11/15/2017 7:50,FAILING TO YIELD RIGHT-OF-WAY,IMPROPER LANE USAGE,10641,S,AVENUE B,432,,,,,,,2,NO INDICATION OF INJURY,0,0,0,0,0,2,0,7,3,11,41.70146995,-87.52560674,POINT (-87.525606742789 41.701469948154),1
JA511507,,11/14/2017 7:40,30,NO CONTROLS,NO CONTROLS,CLOUDY/OVERCAST,DAYLIGHT,TURNING,NOT DIVIDED,2,STRAIGHT AND LEVEL,DRY,UNKNOWN,NOT ON SCENE (DESK REPORT),NO INJURY / DRIVE AWAY,,,,"OVER $1,500",11/14/2017 14:03,IMPROPER TURNING/NO SIGNAL,NOT APPLICABLE,4136,S,CALIFORNIA AVE,921,,,,,,,2,NO INDICATION OF INJURY,0,0,0,0,0,2,0,7,3,11,41.81871101,-87.69467483,POINT (-87.694674831795 41.818711006877),1
JA511086,,11/14/2017 7:40,30,TRAFFIC SIGNAL,FUNCTIONING PROPERLY,CLEAR,DAYLIGHT,SIDESWIPE SAME DIRECTION,DIVIDED - W/MEDIAN BARRIER,2,STRAIGHT AND LEVEL,DRY,NO DEFECTS,ON SCENE,NO INJURY / DRIVE AWAY,,,Y,$500 OR LESS,11/14/2017 7:55,NOT APPLICABLE,NOT APPLICABLE,759,E,95TH ST,511,,,,,,,2,NO INDICATION OF INJURY,0,0,0,0,0,2,0,7,3,11,41.72193512,-87.60460316,POINT (-87.604603159395 41.721935116339),1
JA511088,,11/14/2017 7:45,30,TRAFFIC SIGNAL,FUNCTIONING IMPROPERLY,CLEAR,DAYLIGHT,ANGLE,DIVIDED - W/MEDIAN (NOT RAISED),3,STRAIGHT AND LEVEL,DRY,NO DEFECTS,ON SCENE,INJURY AND / OR TOW DUE TO CRASH,Y,,Y,"OVER $1,500",11/14/2017 7:57,DISREGARDING TRAFFIC SIGNALS,FAILING TO YIELD RIGHT-OF-WAY,2200,S,MICHIGAN AVE,131,,,,,,,2,"REPORTED, NOT EVIDENT",1,0,0,0,1,1,0,7,3,11,41.85277372,-87.62395241,POINT (-87.62395241303 41.852773715173),1
JA511103,,11/14/2017 7:45,30,NO CONTROLS,NO CONTROLS,CLEAR,DAYLIGHT,REAR END,ONE-WAY,3,STRAIGHT AND LEVEL,DRY,NO DEFECTS,ON SCENE,INJURY AND / OR TOW DUE TO CRASH,,,,"OVER $1,500",11/14/2017 7:45,FAILING TO REDUCE SPEED TO AVOID CRASH,FOLLOWING TOO CLOSELY,226,W,JACKSON BLVD,122,,,,,,,2,NONINCAPACITATING INJURY,1,0,0,1,0,2,0,7,3,11,41.87822032,-87.63452388,POINT (-87.634523879184 41.878220321594),1
JA511144,,11/14/2017 7:50,30,STOP SIGN/FLASHER,FUNCTIONING PROPERLY,CLEAR,DAYLIGHT,ANGLE,OTHER,,STRAIGHT AND LEVEL,DRY,NO DEFECTS,ON SCENE,INJURY AND / OR TOW DUE TO CRASH,Y,,,"OVER $1,500",11/14/2017 8:38,FAILING TO YIELD RIGHT-OF-WAY,UNABLE TO DETERMINE,2199,N,MILWAUKEE AVE,1431,,,,,,,2,"REPORTED, NOT EVIDENT",1,0,0,0,1,1,0,7,3,11,41.92085295,-87.69377168,POINT (-87.693771683095 41.920852947485),1
JA511081,,11/14/2017 7:50,30,TRAFFIC SIGNAL,FUNCTIONING PROPERLY,CLEAR,DAYLIGHT,REAR END,DIVIDED - W/MEDIAN (NOT RAISED),4,STRAIGHT AND LEVEL,DRY,NO DEFECTS,ON SCENE,NO INJURY / DRIVE AWAY,,,,$500 OR LESS,11/14/2017 8:02,FOLLOWING TOO CLOSELY,NOT APPLICABLE,406,S,STATE ST,113,,,,,,,2,NO INDICATION OF INJURY,0,0,0,0,0,2,0,7,3,11,41.87672307,-87.62779286,POINT (-87.627792859373 41.876723065435),1
JA511108,,11/14/2017 7:55,35,STOP SIGN/FLASHER,FUNCTIONING PROPERLY,CLEAR,DAYLIGHT,ANGLE,DIVIDED - W/MEDIAN (NOT RAISED),,STRAIGHT AND LEVEL,DRY,NO DEFECTS,ON SCENE,INJURY AND / OR TOW DUE TO CRASH,Y,,,"OVER $1,500",11/14/2017 7:59,DISREGARDING STOP SIGN,NOT APPLICABLE,7100,W,ARCHER AVE,811,,Y,,,,,3,NONINCAPACITATING INJURY,2,0,0,2,0,2,0,7,3,11,41.79209759,-87.79906255,POINT (-87.799062546457 41.792097594278),1
JA511111,,11/14/2017 7:58,25,STOP SIGN/FLASHER,FUNCTIONING PROPERLY,CLEAR,DAYLIGHT,TURNING,NOT DIVIDED,2,STRAIGHT AND LEVEL,DRY,NO DEFECTS,ON SCENE,NO INJURY / DRIVE AWAY,Y,,,"OVER $1,500",11/14/2017 7:58,UNABLE TO DETERMINE,UNABLE TO DETERMINE,5500,S,PAYNE DR,233,,,,,,,2,NO INDICATION OF INJURY,0,0,0,0,0,2,0,7,3,11,41.79494721,-87.60754041,POINT (-87.607540408161 41.794947213124),1
JA511110,Y,11/14/2017 8:00,30,TRAFFIC SIGNAL,FUNCTIONING PROPERLY,CLEAR,DAYLIGHT,REAR END,NOT DIVIDED,2,STRAIGHT AND LEVEL,DRY,NO DEFECTS,ON SCENE,INJURY AND / OR TOW DUE TO CRASH,Y,,,"OVER $1,500",11/14/2017 8:15,FOLLOWING TOO CLOSELY,UNABLE TO DETERMINE,2259,S,CALIFORNIA AVE,1034,,,,,,,2,NO INDICATION OF INJURY,0,0,0,0,0,2,0,8,3,11,41.85012793,-87.69525304,POINT (-87.695253040863 41.850127928791),1
JA511132,,11/14/2017 8:00,30,TRAFFIC SIGNAL,FUNCTIONING PROPERLY,CLEAR,DAYLIGHT,REAR END,NOT DIVIDED,4,STRAIGHT AND LEVEL,DRY,NO DEFECTS,NOT ON SCENE (DESK REPORT),INJURY AND / OR TOW DUE TO CRASH,,,,"OVER $1,500",11/14/2017 8:25,FOLLOWING TOO CLOSELY,NOT APPLICABLE,5600,W,FOSTER AVE,1622,,,,,,,2,"REPORTED, NOT EVIDENT",1,0,0,0,1,1,0,8,3,11,41.97579235,-87.76852357,POINT (-87.768523571082 41.975792351339),1
JA511165,,11/14/2017 8:00,30,NO CONTROLS,NO CONTROLS,CLEAR,DAYLIGHT,SIDESWIPE SAME DIRECTION,NOT DIVIDED,,STRAIGHT AND LEVEL,DRY,NO DEFECTS,NOT ON SCENE (DESK REPORT),NO INJURY / DRIVE AWAY,,,,"$501 - $1,500",11/14/2017 8:54,UNABLE TO DETERMINE,UNABLE TO DETERMINE,1122,E,87TH ST,412,,,,,,,2,NO INDICATION OF INJURY,0,0,0,0,0,2,0,8,3,11,41.73687272,-87.59669233,POINT (-87.596692330603 41.736872717875),1
JA511155,,11/14/2017 8:00,30,TRAFFIC SIGNAL,FUNCTIONING PROPERLY,CLEAR,DAYLIGHT,TURNING,OTHER,,STRAIGHT AND LEVEL,DRY,NO DEFECTS,ON SCENE,INJURY AND / OR TOW DUE TO CRASH,Y,,,"$501 - $1,500",11/14/2017 8:10,NOT APPLICABLE,NOT APPLICABLE,500,W,WELLINGTON AVE,1934,,,,,,,2,NO INDICATION OF INJURY,0,0,0,0,0,2,0,8,3,11,41.93666177,-87.64198272,POINT (-87.641982724395 41.936661770555),1
JA511699,,11/14/2017 8:00,30,NO CONTROLS,NO CONTROLS,CLEAR,DAYLIGHT,PARKED MOTOR VEHICLE,NOT DIVIDED,,STRAIGHT AND LEVEL,DRY,NO DEFECTS,NOT ON SCENE (DESK REPORT),NO INJURY / DRIVE AWAY,,,Y,"$501 - $1,500",11/14/2017 16:30,UNABLE TO DETERMINE,NOT APPLICABLE,471,W,31ST ST,915,,,,,,,2,NO INDICATION OF INJURY,0,0,0,0,0,1,0,8,3,11,41.83803056,-87.63891071,POINT (-87.638910706999 41.838030558995),1
JA511145,,11/14/2017 8:00,25,STOP SIGN/FLASHER,FUNCTIONING PROPERLY,CLEAR,DAYLIGHT,REAR END,DIVIDED - W/MEDIAN (NOT RAISED),2,STRAIGHT AND LEVEL,DRY,NO DEFECTS,NOT ON SCENE (DESK REPORT),NO INJURY / DRIVE AWAY,,,Y,$500 OR LESS,11/14/2017 8:45,FAILING TO YIELD RIGHT-OF-WAY,UNABLE TO DETERMINE,220,W,35TH ST,915,,,,,,,2,NO INDICATION OF INJURY,0,0,0,0,0,2,0,8,3,11,41.83104374,-87.63237343,POINT (-87.632373429729 41.831043738517),1
JA511125,,11/14/2017 8:00,45,NO CONTROLS,NO CONTROLS,CLEAR,DAYLIGHT,REAR END,OTHER,4,STRAIGHT AND LEVEL,DRY,NO DEFECTS,NOT ON SCENE (DESK REPORT),NO INJURY / DRIVE AWAY,,,,$500 OR LESS,11/14/2017 8:40,FOLLOWING TOO CLOSELY,UNABLE TO DETERMINE,3400,N,LAKE SHORE DR SB,1925,,,,,,,3,NO INDICATION OF INJURY,0,0,0,0,0,3,0,8,3,11,41.94340868,-87.64047164,POINT (-87.640471641548 41.943408683197),1
JA511100,,11/14/2017 8:04,30,NO CONTROLS,NO CONTROLS,CLEAR,DAYLIGHT,REAR END,NOT DIVIDED,2,STRAIGHT AND LEVEL,UNKNOWN,UNKNOWN,ON SCENE,INJURY AND / OR TOW DUE TO CRASH,,,,"OVER $1,500",11/14/2017 8:06,FOLLOWING TOO CLOSELY,NOT APPLICABLE,3016,W,TOUHY AVE,2411,,,,,,,2,NO INDICATION OF INJURY,0,0,0,0,0,2,0,8,3,11,42.01205722,-87.7051649,POINT (-87.705164904286 42.012057219281),1
JA511127,,11/14/2017 8:05,20,NO CONTROLS,NO CONTROLS,CLEAR,DAYLIGHT,PARKED MOTOR VEHICLE,NOT DIVIDED,,STRAIGHT AND LEVEL,DRY,NO DEFECTS,ON SCENE,NO INJURY / DRIVE AWAY,,,,"OVER $1,500",11/14/2017 8:20,IMPROPER OVERTAKING/PASSING,IMPROPER OVERTAKING/PASSING,314,W,108TH ST,513,,,,,,,2,NO INDICATION OF INJURY,0,0,0,0,0,1,0,8,3,11,41.69806767,-87.63107852,POINT (-87.631078515325 41.698067668938),1
JA511884,,11/14/2017 8:06,15,NO CONTROLS,NO CONTROLS,CLEAR,DAYLIGHT,REAR END,NOT DIVIDED,2,STRAIGHT AND LEVEL,DRY,NO DEFECTS,NOT ON SCENE (DESK REPORT),NO INJURY / DRIVE AWAY,,,,"OVER $1,500",11/14/2017 18:10,FAILING TO YIELD RIGHT-OF-WAY,UNABLE TO DETERMINE,4728,N,MANOR AVE,1713,,,,,,,2,NO INDICATION OF INJURY,0,0,0,0,0,2,0,8,3,11,41.9672449,-87.70229808,POINT (-87.702298082761 41.967244898335),1
JA511116,,11/14/2017 8:06,30,NO CONTROLS,NO CONTROLS,CLEAR,DAYLIGHT,SIDESWIPE SAME DIRECTION,DIVIDED - W/MEDIAN (NOT RAISED),4,STRAIGHT AND LEVEL,DRY,NO DEFECTS,ON SCENE,INJURY AND / OR TOW DUE TO CRASH,,,,"OVER $1,500",11/14/2017 8:12,IMPROPER BACKING,ROAD ENGINEERING/SURFACE/MARKING DEFECTS,7361,N,SHERIDAN RD,2423,,,,,,,5,NO INDICATION OF INJURY,0,0,0,0,0,3,0,8,3,11,42.01593888,-87.66489283,POINT (-87.664892831453 42.015938882381),1
JA511112,,11/14/2017 8:10,25,STOP SIGN/FLASHER,NO CONTROLS,CLEAR,DAYLIGHT,HEAD ON,NOT DIVIDED,,STRAIGHT AND LEVEL,DRY,NO DEFECTS,NOT ON SCENE (DESK REPORT),NO INJURY / DRIVE AWAY,,,,"OVER $1,500",11/14/2017 8:30,IMPROPER BACKING,NOT APPLICABLE,4791,N,NARRAGANSETT AVE,1622,,,,,,,2,NO INDICATION OF INJURY,0,0,0,0,0,2,0,8,3,11,41.96839162,-87.78661248,POINT (-87.786612481187 41.968391615671),1
JA511105,,11/14/2017 8:15,30,NO CONTROLS,NO CONTROLS,CLEAR,DAYLIGHT,SIDESWIPE SAME DIRECTION,OTHER,6,STRAIGHT AND LEVEL,DRY,NO DEFECTS,ON SCENE,NO INJURY / DRIVE AWAY,,,,$500 OR LESS,11/14/2017 8:20,IMPROPER OVERTAKING/PASSING,FAILING TO YIELD RIGHT-OF-WAY,224,S,CANAL ST,121,,,,,,,2,NO INDICATION OF INJURY,0,0,0,0,0,2,0,8,3,11,41.87856242,-87.63972223,POINT (-87.639722231725 41.87856241524),1
JA511118,N,11/14/2017 8:15,30,STOP SIGN/FLASHER,FUNCTIONING PROPERLY,CLEAR,DAYLIGHT,REAR END,DIVIDED - W/MEDIAN (NOT RAISED),2,STRAIGHT AND LEVEL,DRY,NO DEFECTS,NOT ON SCENE (DESK REPORT),NO INJURY / DRIVE AWAY,,,Y,"$501 - $1,500",11/14/2017 8:19,FOLLOWING TOO CLOSELY,NOT APPLICABLE,551,N,HAMLIN AVE,1122,,,,,,,2,NO INDICATION OF INJURY,0,0,0,0,0,2,0,8,3,11,41.89142492,-87.72093172,POINT (-87.720931720856 41.891424918977),1
JA515564,,11/14/2017 8:15,30,NO CONTROLS,NO CONTROLS,CLEAR,DAYLIGHT,SIDESWIPE SAME DIRECTION,NOT DIVIDED,3,STRAIGHT AND LEVEL,DRY,NO DEFECTS,NOT ON SCENE (DESK REPORT),NO INJURY / DRIVE AWAY,,,,"OVER $1,500",11/17/2017 15:45,UNABLE TO DETERMINE,NOT APPLICABLE,950,W,CHICAGO AVE,1213,,,,,,,2,NO INDICATION OF INJURY,0,0,0,0,0,2,0,8,3,11,41.89643361,-87.65181206,POINT (-87.651812056672 41.896433611479),1
JA511121,,11/14/2017 8:20,30,STOP SIGN/FLASHER,FUNCTIONING PROPERLY,CLEAR,DAYLIGHT,SIDESWIPE SAME DIRECTION,NOT DIVIDED,,STRAIGHT AND LEVEL,DRY,NO DEFECTS,NOT ON SCENE (DESK REPORT),NO INJURY / DRIVE AWAY,,,,"OVER $1,500",11/14/2017 8:40,UNABLE TO DETERMINE,UNABLE TO DETERMINE,4734,N,MANOR AVE,1713,,,,,,,2,NO INDICATION OF INJURY,0,0,0,0,0,3,0,8,3,11,41.96739678,-87.70245157,POINT (-87.702451570151 41.967396782411),1
JA511136,,11/14/2017 8:20,30,STOP SIGN/FLASHER,FUNCTIONING PROPERLY,CLEAR,DAYLIGHT,ANGLE,DIVIDED - W/MEDIAN (NOT RAISED),2,STRAIGHT AND LEVEL,DRY,NO DEFECTS,NOT ON SCENE (DESK REPORT),NO INJURY / DRIVE AWAY,,,,"$501 - $1,500",11/14/2017 8:49,UNABLE TO DETERMINE,UNABLE TO DETERMINE,1800,S,THROOP ST,1233,,,,,,,2,NO INDICATION OF INJURY,0,0,0,0,0,2,0,8,3,11,41.85786361,-87.65902057,POINT (-87.659020567803 41.857863611426),1
JA511133,,11/14/2017 8:23,30,STOP SIGN/FLASHER,FUNCTIONING PROPERLY,CLEAR,DAYLIGHT,ANGLE,ONE-WAY,,STRAIGHT AND LEVEL,DRY,NO DEFECTS,ON SCENE,INJURY AND / OR TOW DUE TO CRASH,Y,,Y,"OVER $1,500",11/14/2017 8:23,DISREGARDING STOP SIGN,UNABLE TO DETERMINE,7800,S,WABASH AVE,623,,,,,,,2,"REPORTED, NOT EVIDENT",1,0,0,0,1,1,0,8,3,11,41.75270688,-87.62318119,POINT (-87.623181185383 41.752706876672),1
JA511236,,11/14/2017 8:30,30,STOP SIGN/FLASHER,FUNCTIONING PROPERLY,CLEAR,DAYLIGHT,ANGLE,UNKNOWN,,STRAIGHT AND LEVEL,UNKNOWN,UNKNOWN,ON SCENE,NO INJURY / DRIVE AWAY,,,Y,"OVER $1,500",11/14/2017 9:48,DISREGARDING STOP SIGN,NOT APPLICABLE,7800,S,WABASH AVE,623,,,,,,,2,NO INDICATION OF INJURY,0,0,0,0,0,5,0,8,3,11,41.75270688,-87.62318119,POINT (-87.623181185383 41.752706876672),1
JA511821,,11/14/2017 8:30,30,UNKNOWN,UNKNOWN,UNKNOWN,UNKNOWN,REAR END,UNKNOWN,,STRAIGHT AND LEVEL,UNKNOWN,UNKNOWN,NOT ON SCENE (DESK REPORT),NO INJURY / DRIVE AWAY,,,,"$501 - $1,500",11/14/2017 17:30,UNABLE TO DETERMINE,NOT APPLICABLE,6600,N,NORTHWEST HWY,1612,,,,,,,3,NO INDICATION OF INJURY,0,0,0,0,0,3,0,8,3,11,42.000622,-87.81297965,POINT (-87.812979654081 42.000621998088),1
JA511192,,11/14/2017 8:30,30,NO CONTROLS,NO CONTROLS,CLEAR,DAYLIGHT,REAR END,NOT DIVIDED,2,STRAIGHT AND LEVEL,DRY,NO DEFECTS,NOT ON SCENE (DESK REPORT),NO INJURY / DRIVE AWAY,,,,$500 OR LESS,11/14/2017 9:40,UNABLE TO DETERMINE,UNABLE TO DETERMINE,2500,N,SACRAMENTO AVE,1414,,,,,,,2,NO INDICATION OF INJURY,0,0,0,0,0,2,0,8,3,11,41.92660878,-87.70251261,POINT (-87.702512607392 41.926608775514),1
JA511190,,11/14/2017 8:30,30,NO CONTROLS,NO CONTROLS,CLEAR,DAYLIGHT,PARKED MOTOR VEHICLE,PARKING LOT,,STRAIGHT AND LEVEL,DRY,NO DEFECTS,NOT ON SCENE (DESK REPORT),NO INJURY / DRIVE AWAY,,,Y,"$501 - $1,500",11/14/2017 9:46,UNABLE TO DETERMINE,UNABLE TO DETERMINE,7300,N,SHERIDAN RD,2423,,,,,,,2,NO INDICATION OF INJURY,0,0,0,0,0,1,0,8,3,11,42.01395778,-87.66424324,POINT (-87.664243236398 42.013957776681),1
JA512641,,11/14/2017 8:30,30,NO CONTROLS,NO CONTROLS,CLEAR,DAYLIGHT,PARKED MOTOR VEHICLE,ONE-WAY,,STRAIGHT AND LEVEL,DRY,NO DEFECTS,NOT ON SCENE (DESK REPORT),NO INJURY / DRIVE AWAY,,,,"$501 - $1,500",11/15/2017 11:55,UNABLE TO DETERMINE,NOT APPLICABLE,3242,W,EVERGREEN AVE,1422,,,,,,,2,NO INDICATION OF INJURY,0,0,0,0,0,1,0,8,3,11,41.90566065,-87.70859517,POINT (-87.708595171324 41.905660649055),1
JA511285,,11/14/2017 8:40,30,NO CONTROLS,NO CONTROLS,CLEAR,DAYLIGHT,SIDESWIPE SAME DIRECTION,DIVIDED - W/MEDIAN BARRIER,3,STRAIGHT AND LEVEL,DRY,NO DEFECTS,ON SCENE,NO INJURY / DRIVE AWAY,,,,"$501 - $1,500",11/14/2017 9:59,UNABLE TO DETERMINE,UNABLE TO DETERMINE,824,N,MICHIGAN AVE,1833,,,,,,,2,NO INDICATION OF INJURY,0,0,0,0,0,2,0,8,3,11,41.89754673,-87.62428019,POINT (-87.624280186844 41.897546725131),1
JA511166,,11/14/2017 8:43,30,TRAFFIC SIGNAL,FUNCTIONING PROPERLY,CLEAR,DAYLIGHT,FIXED OBJECT,CENTER TURN LANE,,STRAIGHT AND LEVEL,DRY,NO DEFECTS,ON SCENE,NO INJURY / DRIVE AWAY,,,,"OVER $1,500",11/14/2017 9:20,NOT APPLICABLE,NOT APPLICABLE,2400,W,FOSTER AVE,2011,,,,,,,1,NO INDICATION OF INJURY,0,0,0,0,0,1,0,8,3,11,41.97600019,-87.68927508,POINT (-87.689275083854 41.976000189766),1
JA511167,,11/14/2017 8:50,30,NO CONTROLS,NO CONTROLS,CLEAR,DAYLIGHT,REAR END,ONE-WAY,1,STRAIGHT AND LEVEL,DRY,NO DEFECTS,NOT ON SCENE (DESK REPORT),NO INJURY / DRIVE AWAY,,,,"OVER $1,500",11/14/2017 9:30,FOLLOWING TOO CLOSELY,UNABLE TO DETERMINE,1313,N,CLAREMONT AVE,1424,,,,,,,2,NO INDICATION OF INJURY,0,0,0,0,0,4,0,8,3,11,41.90531549,-87.68572006,POINT (-87.685720054939 41.90531548866),1
JA511160,,11/14/2017 9:00,25,NO CONTROLS,NO CONTROLS,CLEAR,DAYLIGHT,SIDESWIPE SAME DIRECTION,NOT DIVIDED,,STRAIGHT AND LEVEL,DRY,NO DEFECTS,NOT ON SCENE (DESK REPORT),NO INJURY / DRIVE AWAY,,,,"$501 - $1,500",11/14/2017 9:16,FAILING TO YIELD RIGHT-OF-WAY,UNABLE TO DETERMINE,1250,N,LARRABEE ST,1822,,,,,,,2,NO INDICATION OF INJURY,0,0,0,0,0,2,0,9,3,11,41.90503992,-87.6434059,POINT (-87.643405897474 41.905039920926),1
JA223344,,11/14/2017 9:00,30,STOP SIGN/FLASHER,FUNCTIONING PROPERLY,CLEAR,DAYLIGHT,ANGLE,NOT DIVIDED,,STRAIGHT AND LEVEL,DRY,NO DEFECTS,NOT ON SCENE (DESK REPORT),NO INJURY / DRIVE AWAY,Y,,,"OVER $1,500",11/14/2017 9:30,FAILING TO YIELD RIGHT-OF-WAY,NOT APPLICABLE,4200,S,DR MARTIN LUTHER KING JR DR,213,,,,,,,2,NO INDICATION OF INJURY,0,0,0,0,0,2,0,9,3,11,41.81838652,-87.61698991,POINT (-87.61698990732 41.818386516405),1