RD_NO,CRASH_DATE_EST_I,CRASH_DATE,POSTED_SPEED_LIMIT,TRAFFIC_CONTROL_DEVICE,DEVICE_CONDITION,WEATHER_CONDITION,LIGHTING_CONDITION,FIRST_CRASH_TYPE,TRAFFICWAY_TYPE,LANE_CNT,ALIGNMENT,ROADWAY_SURFACE_COND,ROAD_DEFECT,REPORT_TYPE,CRASH_TYPE,INTERSECTION_RELATED_I,NOT_RIGHT_OF_WAY_I,HIT_AND_RUN_I,DAMAGE,DATE_POLICE_NOTIFIED,PRIM_CONTRIBUTORY_CAUSE,SEC_CONTRIBUTORY_CAUSE,STREET_NO,STREET_DIRECTION,STREET_NAME,BEAT_OF_OCCURRENCE,PHOTOS_TAKEN_I,STATEMENTS_TAKEN_I,DOORING_I,WORK_ZONE_I,WORK_ZONE_TYPE,WORKERS_PRESENT_I,NUM_UNITS,MOST_SEVERE_INJURY,INJURIES_TOTAL,INJURIES_FATAL,INJURIES_INCAPACITATING,INJURIES_NON_INCAPACITATING,INJURIES_REPORTED_NOT_EVIDENT,INJURIES_NO_INDICATION,INJURIES_UNKNOWN,CRASH_HOUR,CRASH_DAY_OF_WEEK,CRASH_MONTH,LATITUDE,LONGITUDE,LOCATION,Join
JA512534,,11/14/2017 15:15,30,TRAFFIC SIGNAL,FUNCTIONING PROPERLY,CLEAR,DAYLIGHT,REAR END,DIVIDED - W/MEDIAN (NOT RAISED),4,STRAIGHT AND LEVEL,DRY,NO DEFECTS,ON SCENE,NO INJURY / DRIVE AWAY,,,,"OVER $1,500",11/15/2017 10:00,UNABLE TO DETERMINE,UNABLE TO DETERMINE,360,N,WELLS ST,1831,,,,,,,2,NO INDICATION OF INJURY,0,0,0,0,0,2,0,15,3,11,41.88906585,-87.63414339,POINT (-87.634143394371 41.889065845683),1
JA511698,,11/14/2017 15:20,30,TRAFFIC SIGNAL,FUNCTIONING PROPERLY,CLEAR,DUSK,REAR END,NOT DIVIDED,4,STRAIGHT AND LEVEL,DRY,NO DEFECTS,NOT ON SCENE (DESK REPORT),NO INJURY / DRIVE AWAY,,,,"$501 - $1,500",11/14/2017 15:30,FOLLOWING TOO CLOSELY,UNABLE TO DETERMINE,3850,S,ARCHER AVE,911,,,,,,,2,NO INDICATION OF INJURY,0,0,0,0,0,2,0,15,3,11,41.82358129,-87.68900732,POINT (-87.689007322904 41.82358129427),1
JA511615,,11/14/2017 15:20,25,NO CONTROLS,NO CONTROLS,CLEAR,DAYLIGHT,PARKED MOTOR VEHICLE,NOT DIVIDED,,STRAIGHT AND LEVEL,DRY,NO DEFECTS,ON SCENE,NO INJURY / DRIVE AWAY,,N,,"OVER $1,500",11/14/2017 15:21,"VISION OBSCURED (SIGNS, TREE LIMBS, BUILDINGS, ETC.)",NOT APPLICABLE,144,N,LOCKWOOD AVE,1523,,,,,,,2,NO INDICATION OF INJURY,0,0,0,0,0,2,0,15,3,11,41.88361877,-87.75777598,POINT (-87.757775976779 41.883618768148),1
JA511660,,11/14/2017 15:30,30,NO CONTROLS,NO CONTROLS,CLEAR,DAYLIGHT,TURNING,PARKING LOT,0,STRAIGHT AND LEVEL,DRY,NO DEFECTS,NOT ON SCENE (DESK REPORT),NO INJURY / DRIVE AWAY,,,,"OVER $1,500",11/14/2017 16:11,UNABLE TO DETERMINE,NOT APPLICABLE,1850,W,HARRISON ST,1231,,,,,,,2,NO INDICATION OF INJURY,0,0,0,0,0,2,0,15,3,11,41.87419767,-87.67361571,POINT (-87.673615707236 41.87419766478),1
JA511667,,11/14/2017 15:30,30,NO CONTROLS,NO CONTROLS,CLEAR,DAYLIGHT,REAR END,NOT DIVIDED,,STRAIGHT AND LEVEL,DRY,NO DEFECTS,NOT ON SCENE (DESK REPORT),NO INJURY / DRIVE AWAY,,,,"OVER $1,500",11/14/2017 16:00,UNABLE TO DETERMINE,UNABLE TO DETERMINE,2463,W,FOSTER AVE,2031,,,,,,,2,NO INDICATION OF INJURY,0,0,0,0,0,2,0,15,3,11,41.97576151,-87.69163812,POINT (-87.691638115805 41.975761508072),1
JA512194,,11/14/2017 15:30,30,NO CONTROLS,NO CONTROLS,CLEAR,DAYLIGHT,REAR END,NOT DIVIDED,,STRAIGHT AND LEVEL,DRY,NO DEFECTS,NOT ON SCENE (DESK REPORT),NO INJURY / DRIVE AWAY,,,Y,"$501 - $1,500",11/14/2017 22:40,UNABLE TO DETERMINE,UNABLE TO DETERMINE,6934,N,CALIFORNIA AVE,2411,,,,,,,2,NO INDICATION OF INJURY,0,0,0,0,0,2,0,15,3,11,42.00766802,-87.69993302,POINT (-87.6999330174 42.007668014865),1
JA515085,,11/14/2017 15:30,30,STOP SIGN/FLASHER,FUNCTIONING PROPERLY,CLEAR,DAYLIGHT,REAR END,NOT DIVIDED,,STRAIGHT AND LEVEL,DRY,NO DEFECTS,NOT ON SCENE (DESK REPORT),NO INJURY / DRIVE AWAY,,,,"$501 - $1,500",11/17/2017 9:50,UNABLE TO DETERMINE,NOT APPLICABLE,1215,W,OHIO ST,1215,,,,,,,2,NO INDICATION OF INJURY,0,0,0,0,0,2,0,15,3,11,41.89243122,-87.65785602,POINT (-87.657856021914 41.892431219474),1
JA512731,,11/14/2017 15:30,25,NO CONTROLS,NO CONTROLS,CLEAR,DAYLIGHT,PARKED MOTOR VEHICLE,ONE-WAY,1,STRAIGHT AND LEVEL,DRY,NO DEFECTS,NOT ON SCENE (DESK REPORT),NO INJURY / DRIVE AWAY,,,Y,"$501 - $1,500",11/15/2017 13:00,UNABLE TO DETERMINE,UNABLE TO DETERMINE,5311,S,LAKE PARK AVE W,234,,,,,,,2,NO INDICATION OF INJURY,0,0,0,0,0,1,0,15,3,11,41.79918814,-87.58762602,POINT (-87.58762602216 41.79918813568),1
JA511718,,11/14/2017 15:30,30,TRAFFIC SIGNAL,FUNCTIONING PROPERLY,CLEAR,DAYLIGHT,TURNING,DIVIDED - W/MEDIAN (NOT RAISED),2,STRAIGHT AND LEVEL,DRY,NO DEFECTS,NOT ON SCENE (DESK REPORT),NO INJURY / DRIVE AWAY,N,,,"$501 - $1,500",11/14/2017 16:30,IMPROPER TURNING/NO SIGNAL,NOT APPLICABLE,3915,S,CICERO AVE,1031,,,,,,,2,NO INDICATION OF INJURY,0,0,0,0,0,2,0,15,3,11,41.82159452,-87.74337458,POINT (-87.743374581832 41.821594515715),1
JA511916,,11/14/2017 15:30,25,NO CONTROLS,NO CONTROLS,CLEAR,DAWN,SIDESWIPE SAME DIRECTION,ONE-WAY,,STRAIGHT AND LEVEL,DRY,NO DEFECTS,NOT ON SCENE (DESK REPORT),NO INJURY / DRIVE AWAY,,,,"OVER $1,500",11/14/2017 16:33,UNABLE TO DETERMINE,NOT APPLICABLE,1260,W,ADAMS ST,1224,,,,,,,2,NO INDICATION OF INJURY,0,0,0,0,0,2,0,15,3,11,41.87913069,-87.65937102,POINT (-87.659371019033 41.879130687558),1
JA511721,,11/14/2017 15:30,20,TRAFFIC SIGNAL,FUNCTIONING PROPERLY,CLEAR,DAYLIGHT,REAR END,NOT DIVIDED,2,STRAIGHT AND LEVEL,DRY,UNKNOWN,NOT ON SCENE (DESK REPORT),NO INJURY / DRIVE AWAY,,,Y,"OVER $1,500",11/14/2017 16:45,FOLLOWING TOO CLOSELY,FOLLOWING TOO CLOSELY,2799,N,KIMBALL AVE,1412,,,,,,,2,NO INDICATION OF INJURY,0,0,0,0,0,2,0,15,3,11,41.93190809,-87.71212923,POINT (-87.712129229243 41.931908093366),1
JA511656,,11/14/2017 15:30,30,TRAFFIC SIGNAL,FUNCTIONING PROPERLY,CLEAR,DUSK,TURNING,DIVIDED - W/MEDIAN (NOT RAISED),,STRAIGHT AND LEVEL,DRY,NO DEFECTS,NOT ON SCENE (DESK REPORT),NO INJURY / DRIVE AWAY,Y,,,"OVER $1,500",11/14/2017 15:50,FAILING TO YIELD RIGHT-OF-WAY,NOT APPLICABLE,2600,W,CHICAGO AVE,1211,,,,,,,2,NO INDICATION OF INJURY,0,0,0,0,0,2,0,15,3,11,41.89580829,-87.69190239,POINT (-87.691902389156 41.895808291345),1
JA511650,,11/14/2017 15:40,30,NO CONTROLS,NO CONTROLS,CLEAR,DAYLIGHT,SIDESWIPE SAME DIRECTION,NOT DIVIDED,2,STRAIGHT AND LEVEL,DRY,NO DEFECTS,ON SCENE,NO INJURY / DRIVE AWAY,,,,"OVER $1,500",11/14/2017 15:43,FAILING TO YIELD RIGHT-OF-WAY,DRIVING SKILLS/KNOWLEDGE/EXPERIENCE,102,E,35TH ST,211,,,,,,,2,NO INDICATION OF INJURY,0,0,0,0,0,6,0,15,3,11,41.8311555,-87.62309525,POINT (-87.623095250199 41.831155499615),1
JA511654,,11/14/2017 15:47,30,NO CONTROLS,NO CONTROLS,CLOUDY/OVERCAST,DAYLIGHT,REAR END,NOT DIVIDED,4,STRAIGHT AND LEVEL,DRY,NO DEFECTS,ON SCENE,INJURY AND / OR TOW DUE TO CRASH,,,,"OVER $1,500",11/14/2017 15:49,FAILING TO REDUCE SPEED TO AVOID CRASH,FAILING TO REDUCE SPEED TO AVOID CRASH,845,W,87TH ST,2222,,,,,,,2,NO INDICATION OF INJURY,0,0,0,0,0,3,0,15,3,11,41.73594111,-87.64521527,POINT (-87.645215271148 41.735941108717),1
JA511732,,11/14/2017 15:50,30,NO CONTROLS,NO CONTROLS,CLOUDY/OVERCAST,DAYLIGHT,PARKED MOTOR VEHICLE,DIVIDED - W/MEDIAN BARRIER,,STRAIGHT AND LEVEL,DRY,NO DEFECTS,NOT ON SCENE (DESK REPORT),NO INJURY / DRIVE AWAY,,,,"$501 - $1,500",11/14/2017 16:35,DRIVING SKILLS/KNOWLEDGE/EXPERIENCE,"OPERATING VEHICLE IN ERRATIC, RECKLESS, CARELESS, NEGLIGENT OR AGGRESSIVE MANNER",11128,S,HALSTED ST,2233,,,,,,,2,NO INDICATION OF INJURY,0,0,0,0,0,1,0,15,3,11,41.69147211,-87.64250201,POINT (-87.642502006684 41.691472109148),1
JA511726,,11/14/2017 15:50,30,NO CONTROLS,NO CONTROLS,CLEAR,DAYLIGHT,REAR END,DIVIDED - W/MEDIAN (NOT RAISED),2,STRAIGHT AND LEVEL,DRY,UNKNOWN,NOT ON SCENE (DESK REPORT),INJURY AND / OR TOW DUE TO CRASH,,,,"OVER $1,500",11/14/2017 16:15,UNABLE TO DETERMINE,UNABLE TO DETERMINE,8048,S,HALSTED ST,621,,,,,,,3,"REPORTED, NOT EVIDENT",1,0,0,0,1,3,0,15,3,11,41.74736958,-87.64409386,POINT (-87.644093854945 41.747369578161),1
JA511673,,11/14/2017 15:50,30,NO CONTROLS,NO CONTROLS,CLEAR,DAYLIGHT,SIDESWIPE SAME DIRECTION,NOT DIVIDED,,STRAIGHT AND LEVEL,DRY,NO DEFECTS,ON SCENE,NO INJURY / DRIVE AWAY,,,,"$501 - $1,500",11/14/2017 16:15,FOLLOWING TOO CLOSELY,UNABLE TO DETERMINE,3536,W,47TH ST,821,,,,,,,2,NO INDICATION OF INJURY,0,0,0,0,0,2,0,15,3,11,41.80812368,-87.71233215,POINT (-87.712332147618 41.808123675353),1
JA511678,,11/14/2017 15:55,30,NO CONTROLS,NO CONTROLS,CLEAR,DUSK,PEDESTRIAN,NOT DIVIDED,2,STRAIGHT AND LEVEL,DRY,UNKNOWN,,INJURY AND / OR TOW DUE TO CRASH,,,Y,$500 OR LESS,11/14/2017 16:05,FAILING TO YIELD RIGHT-OF-WAY,"OPERATING VEHICLE IN ERRATIC, RECKLESS, CARELESS, NEGLIGENT OR AGGRESSIVE MANNER",6400,S,DAMEN AVE,726,,,,,,,2,NONINCAPACITATING INJURY,1,0,0,1,0,1,0,15,3,11,41.77743074,-87.67400159,POINT (-87.674001589272 41.777430741417),1
JA511722,,11/14/2017 16:00,30,TRAFFIC SIGNAL,FUNCTIONING PROPERLY,CLEAR,DAWN,TURNING,ONE-WAY,3,STRAIGHT AND LEVEL,DRY,NO DEFECTS,ON SCENE,NO INJURY / DRIVE AWAY,Y,,,"$501 - $1,500",11/14/2017 16:13,IMPROPER TURNING/NO SIGNAL,NOT APPLICABLE,3500,S,INDIANA AVE,212,,,,,,,2,NO INDICATION OF INJURY,0,0,0,0,0,4,0,16,3,11,41.83098541,-87.62190871,POINT (-87.621908710612 41.830985413804),1
JA517983,,11/14/2017 16:00,30,UNKNOWN,UNKNOWN,UNKNOWN,UNKNOWN,SIDESWIPE SAME DIRECTION,DIVIDED - W/MEDIAN (NOT RAISED),2,STRAIGHT AND LEVEL,UNKNOWN,UNKNOWN,NOT ON SCENE (DESK REPORT),NO INJURY / DRIVE AWAY,,,,$500 OR LESS,11/19/2017 14:40,UNABLE TO DETERMINE,NOT APPLICABLE,5744,W,ADDISON ST,1633,,,,,,,2,NO INDICATION OF INJURY,0,0,0,0,0,2,0,16,3,11,41.94594125,-87.77097987,POINT (-87.77097986508 41.945941253051),1
JA511730,,11/14/2017 16:03,30,NO CONTROLS,UNKNOWN,CLEAR,DUSK,SIDESWIPE SAME DIRECTION,ONE-WAY,1,STRAIGHT AND LEVEL,DRY,NO DEFECTS,ON SCENE,NO INJURY / DRIVE AWAY,,,,"OVER $1,500",11/14/2017 16:04,FAILING TO YIELD RIGHT-OF-WAY,NOT APPLICABLE,6021,N,SACRAMENTO AVE,2413,,,,,,,2,NO INDICATION OF INJURY,0,0,0,0,0,2,0,16,3,11,41.99104267,-87.7041276,POINT (-87.704127596255 41.991042671636),1
JA511705,,11/14/2017 16:05,25,TRAFFIC SIGNAL,FUNCTIONING PROPERLY,CLEAR,DUSK,SIDESWIPE SAME DIRECTION,ONE-WAY,2,STRAIGHT AND LEVEL,DRY,UNKNOWN,,NO INJURY / DRIVE AWAY,Y,,,"OVER $1,500",11/14/2017 16:13,UNABLE TO DETERMINE,UNABLE TO DETERMINE,6799,N,SACRAMENTO AVE,2412,,,,,,,2,NO INDICATION OF INJURY,0,0,0,0,0,2,0,16,3,11,42.00466267,-87.70445602,POINT (-87.704456018825 42.004662671851),1
JA511762,,11/14/2017 16:05,30,TRAFFIC SIGNAL,FUNCTIONING PROPERLY,CLEAR,DAWN,TURNING,NOT DIVIDED,,STRAIGHT AND LEVEL,DRY,NO DEFECTS,NOT ON SCENE (DESK REPORT),INJURY AND / OR TOW DUE TO CRASH,,,,"OVER $1,500",11/14/2017 16:57,NOT APPLICABLE,NOT APPLICABLE,4700,S,KNOX AVE,815,,,,,,,2,NONINCAPACITATING INJURY,1,0,0,1,0,1,0,16,3,11,41.80757689,-87.73963412,POINT (-87.739634117323 41.807576886789),1
JA511741,,11/14/2017 16:10,30,NO CONTROLS,NO CONTROLS,CLEAR,DAYLIGHT,SIDESWIPE SAME DIRECTION,NOT DIVIDED,,STRAIGHT AND LEVEL,DRY,NO DEFECTS,NOT ON SCENE (DESK REPORT),NO INJURY / DRIVE AWAY,,,,"OVER $1,500",11/14/2017 16:50,UNABLE TO DETERMINE,UNABLE TO DETERMINE,3132,W,DEVON AVE,2412,,,,,,,2,NO INDICATION OF INJURY,0,0,0,0,0,2,0,16,3,11,41.9975183,-87.70822416,POINT (-87.708224163769 41.997518303002),1
JA511710,,11/14/2017 16:15,15,NO CONTROLS,NO CONTROLS,CLEAR,DUSK,PARKED MOTOR VEHICLE,ALLEY,1,STRAIGHT AND LEVEL,DRY,NO DEFECTS,ON SCENE,NO INJURY / DRIVE AWAY,,,,"$501 - $1,500",11/14/2017 16:34,IMPROPER BACKING,UNABLE TO DETERMINE,4819,N,HARLEM AVE,1613,,,,,,,2,NO INDICATION OF INJURY,0,0,0,0,0,1,0,16,3,11,41.96882505,-87.80700109,POINT (-87.807001092519 41.968825047483),1
JA512541,,11/14/2017 16:15,30,NO CONTROLS,NO CONTROLS,CLEAR,DAYLIGHT,SIDESWIPE SAME DIRECTION,DIVIDED - W/MEDIAN (NOT RAISED),5,STRAIGHT AND LEVEL,DRY,NO DEFECTS,NOT ON SCENE (DESK REPORT),NO INJURY / DRIVE AWAY,,,Y,"OVER $1,500",11/15/2017 10:10,DRIVING SKILLS/KNOWLEDGE/EXPERIENCE,UNABLE TO DETERMINE,6250,S,WESTERN AVE,825,,,,,,,2,NO INDICATION OF INJURY,0,0,0,0,0,2,0,16,3,11,41.7795341,-87.68379523,POINT (-87.683795231294 41.779534097328),1
JA511835,,11/14/2017 16:15,25,NO CONTROLS,NO CONTROLS,CLEAR,"DARKNESS, LIGHTED ROAD",PARKED MOTOR VEHICLE,NOT DIVIDED,,STRAIGHT AND LEVEL,UNKNOWN,UNKNOWN,ON SCENE,NO INJURY / DRIVE AWAY,,,,"OVER $1,500",11/14/2017 17:22,UNABLE TO DETERMINE,UNABLE TO DETERMINE,3214,W,WAVELAND AVE,1733,,,,,,,2,NO INDICATION OF INJURY,0,0,0,0,0,1,0,16,3,11,41.94855516,-87.70852556,POINT (-87.70852556407 41.948555159784),1
JA511774,,11/14/2017 16:15,30,TRAFFIC SIGNAL,FUNCTIONING PROPERLY,CLEAR,DAYLIGHT,SIDESWIPE SAME DIRECTION,UNKNOWN,3,STRAIGHT AND LEVEL,DRY,NO DEFECTS,NOT ON SCENE (DESK REPORT),NO INJURY / DRIVE AWAY,,,,"OVER $1,500",11/14/2017 17:16,FAILING TO YIELD RIGHT-OF-WAY,NOT APPLICABLE,300,E,ONTARIO ST,1834,,,,,,,2,NO INDICATION OF INJURY,0,0,0,0,0,2,0,16,3,11,41.89351904,-87.62015326,POINT (-87.620153263459 41.893519042362),1
JA511728,,11/14/2017 16:15,30,STOP SIGN/FLASHER,FUNCTIONING PROPERLY,CLEAR,DAYLIGHT,TURNING,NOT DIVIDED,0,STRAIGHT AND LEVEL,DRY,NO DEFECTS,NOT ON SCENE (DESK REPORT),NO INJURY / DRIVE AWAY,Y,,,"OVER $1,500",11/14/2017 16:45,FAILING TO YIELD RIGHT-OF-WAY,DRIVING SKILLS/KNOWLEDGE/EXPERIENCE,5246,S,ARCHER AVE,815,,,,,,,2,NO INDICATION OF INJURY,0,0,0,0,0,2,0,16,3,11,41.79973641,-87.7369109,POINT (-87.736910895281 41.799736404677),1
JA511748,,11/14/2017 16:19,20,UNKNOWN,UNKNOWN,CLEAR,DUSK,FIXED OBJECT,ALLEY,1,STRAIGHT AND LEVEL,DRY,NO DEFECTS,ON SCENE,NO INJURY / DRIVE AWAY,,Y,,"OVER $1,500",11/14/2017 16:19,NOT APPLICABLE,UNABLE TO DETERMINE,2227,W,WELLINGTON AVE,1931,,,,,,,1,NO INDICATION OF INJURY,0,0,0,0,0,2,0,16,3,11,41.93574851,-87.68420998,POINT (-87.684209979394 41.935748512022),1
JA512453,,11/14/2017 16:30,30,STOP SIGN/FLASHER,NO CONTROLS,CLEAR,DUSK,REAR END,DIVIDED - W/MEDIAN (NOT RAISED),,STRAIGHT AND LEVEL,DRY,NO DEFECTS,NOT ON SCENE (DESK REPORT),NO INJURY / DRIVE AWAY,,,,"$501 - $1,500",11/15/2017 9:05,FOLLOWING TOO CLOSELY,FAILING TO YIELD RIGHT-OF-WAY,6000,W,WAVELAND AVE,1633,,,,,,,2,NO INDICATION OF INJURY,0,0,0,0,0,2,0,16,3,11,41.94770009,-87.77669809,POINT (-87.77669808629 41.947700089655),1
JA511863,,11/14/2017 16:30,30,NO CONTROLS,NO CONTROLS,CLEAR,DARKNESS,OTHER OBJECT,OTHER,1,STRAIGHT AND LEVEL,DRY,NO DEFECTS,ON SCENE,NO INJURY / DRIVE AWAY,,,Y,$500 OR LESS,11/14/2017 16:30,UNABLE TO DETERMINE,EXCEEDING AUTHORIZED SPEED LIMIT,110,N,PARKSIDE AVE,1512,,,,,,,1,NO INDICATION OF INJURY,0,0,0,0,0,1,0,16,3,11,41.88262292,-87.76673733,POINT (-87.766737327376 41.882622922878),1
JA511734,,11/14/2017 16:30,30,NO CONTROLS,NO CONTROLS,CLEAR,DAYLIGHT,TURNING,NOT DIVIDED,2,STRAIGHT AND LEVEL,DRY,NO DEFECTS,NOT ON SCENE (DESK REPORT),NO INJURY / DRIVE AWAY,,,,"$501 - $1,500",11/14/2017 16:50,IMPROPER TURNING/NO SIGNAL,FAILING TO YIELD RIGHT-OF-WAY,1350,S,ROCKWELL ST,1023,,,,,,,2,NO INDICATION OF INJURY,0,0,0,0,0,3,0,16,3,11,41.86331283,-87.69102942,POINT (-87.691029416701 41.863312825028),1
JA511814,,11/14/2017 16:40,30,NO CONTROLS,NO CONTROLS,CLEAR,DAYLIGHT,SIDESWIPE SAME DIRECTION,DIVIDED - W/MEDIAN (NOT RAISED),3,STRAIGHT AND LEVEL,DRY,NO DEFECTS,NOT ON SCENE (DESK REPORT),NO INJURY / DRIVE AWAY,,,,$500 OR LESS,11/14/2017 17:15,IMPROPER LANE USAGE,NOT APPLICABLE,399,E,CHICAGO AVE,1833,,,,,,,2,NO INDICATION OF INJURY,0,0,0,0,0,3,0,16,3,11,41.89672476,-87.61721162,POINT (-87.617211616369 41.896724755627),1
JA511825,,11/14/2017 16:40,20,UNKNOWN,UNKNOWN,UNKNOWN,UNKNOWN,HEAD ON,PARKING LOT,,STRAIGHT AND LEVEL,UNKNOWN,UNKNOWN,NOT ON SCENE (DESK REPORT),NO INJURY / DRIVE AWAY,,,,"$501 - $1,500",11/14/2017 17:30,UNABLE TO DETERMINE,UNABLE TO DETERMINE,2600,N,NARRAGANSETT AVE,2512,,,,,,,2,NO INDICATION OF INJURY,0,0,0,0,0,8,0,16,3,11,41.92742709,-87.78573363,POINT (-87.785733627742 41.927427092188),1
JA513297,,11/14/2017 16:45,30,STOP SIGN/FLASHER,FUNCTIONING PROPERLY,CLEAR,DAYLIGHT,REAR END,ONE-WAY,1,STRAIGHT AND LEVEL,DRY,NO DEFECTS,NOT ON SCENE (DESK REPORT),NO INJURY / DRIVE AWAY,,,,"$501 - $1,500",11/15/2017 19:48,FOLLOWING TOO CLOSELY,FAILING TO REDUCE SPEED TO AVOID CRASH,699,W,OAKDALE AVE,1934,,,,,,,2,NO INDICATION OF INJURY,0,0,0,0,0,2,0,16,3,11,41.93542873,-87.64695637,POINT (-87.646956368037 41.935428724564),1
JA511779,,11/14/2017 16:45,30,TRAFFIC SIGNAL,FUNCTIONING PROPERLY,CLEAR,"DARKNESS, LIGHTED ROAD",REAR END,NOT DIVIDED,4,STRAIGHT AND LEVEL,DRY,NO DEFECTS,NOT ON SCENE (DESK REPORT),NO INJURY / DRIVE AWAY,,,,"$501 - $1,500",11/14/2017 17:20,IMPROPER OVERTAKING/PASSING,FOLLOWING TOO CLOSELY,3901,S,CICERO AVE,1031,,,,,,,2,NO INDICATION OF INJURY,0,0,0,0,0,3,0,16,3,11,41.82195273,-87.74338329,POINT (-87.743383291485 41.821952733623),1
JA511716,,11/14/2017 16:50,25,STOP SIGN/FLASHER,FUNCTIONING PROPERLY,CLEAR,DUSK,TURNING,NOT DIVIDED,2,STRAIGHT AND LEVEL,DRY,NO DEFECTS,ON SCENE,NO INJURY / DRIVE AWAY,Y,,,"OVER $1,500",11/14/2017 17:00,IMPROPER TURNING/NO SIGNAL,FAILING TO YIELD RIGHT-OF-WAY,299,S,WOOD ST,1225,,,,,,,2,NO INDICATION OF INJURY,0,0,0,0,0,2,0,16,3,11,41.87758123,-87.67150263,POINT (-87.671502631098 41.87758122466),1
JA511781,Y,11/14/2017 17:00,30,UNKNOWN,UNKNOWN,UNKNOWN,UNKNOWN,ANGLE,UNKNOWN,,STRAIGHT AND LEVEL,UNKNOWN,UNKNOWN,NOT ON SCENE (DESK REPORT),NO INJURY / DRIVE AWAY,,,,"OVER $1,500",11/14/2017 17:00,UNABLE TO DETERMINE,UNABLE TO DETERMINE,215,N,PULASKI RD,1122,,,,,,,2,NO INDICATION OF INJURY,0,0,0,0,0,2,0,17,3,11,41.88346304,-87.72560162,POINT (-87.725601620129 41.883463039007),1
JA511864,,11/14/2017 17:00,15,NO CONTROLS,NO CONTROLS,CLEAR,"DARKNESS, LIGHTED ROAD",FIXED OBJECT,ALLEY,,STRAIGHT ON GRADE,DRY,NO DEFECTS,NOT ON SCENE (DESK REPORT),NO INJURY / DRIVE AWAY,,,,$500 OR LESS,11/14/2017 18:00,IMPROPER BACKING,NOT APPLICABLE,1528,W,100TH PL,2213,,,,,,,1,NO INDICATION OF INJURY,0,0,0,0,0,2,0,17,3,11,41.71143556,-87.66026139,POINT (-87.660261386933 41.711435561103),1
JA511822,,11/14/2017 17:00,30,NO CONTROLS,NO CONTROLS,CLEAR,"DARKNESS, LIGHTED ROAD",SIDESWIPE SAME DIRECTION,DIVIDED - W/MEDIAN (NOT RAISED),,STRAIGHT AND LEVEL,DRY,NO DEFECTS,,NO INJURY / DRIVE AWAY,,,,"$501 - $1,500",11/14/2017 17:35,FAILING TO YIELD RIGHT-OF-WAY,UNABLE TO DETERMINE,6107,N,BROADWAY,2433,,,,,,,2,NO INDICATION OF INJURY,0,0,0,0,0,2,0,17,3,11,41.99250964,-87.66019774,POINT (-87.660197744186 41.992509641948),1
JA515148,,11/14/2017 17:00,30,NO CONTROLS,NO CONTROLS,CLOUDY/OVERCAST,DUSK,SIDESWIPE SAME DIRECTION,NOT DIVIDED,2,STRAIGHT AND LEVEL,DRY,UNKNOWN,NOT ON SCENE (DESK REPORT),NO INJURY / DRIVE AWAY,,,Y,$500 OR LESS,11/17/2017 10:31,UNABLE TO DETERMINE,UNABLE TO DETERMINE,340,W,66TH ST,722,Y,,,,,,2,NO INDICATION OF INJURY,0,0,0,0,0,3,0,17,3,11,41.77457889,-87.63392499,POINT (-87.633924986249 41.774578887145),1
JA511904,N,11/14/2017 17:00,30,NO CONTROLS,NO CONTROLS,CLEAR,"DARKNESS, LIGHTED ROAD",REAR END,NOT DIVIDED,2,STRAIGHT AND LEVEL,DRY,NO DEFECTS,ON SCENE,INJURY AND / OR TOW DUE TO CRASH,,,,"OVER $1,500",11/14/2017 18:00,FOLLOWING TOO CLOSELY,UNABLE TO DETERMINE,919,N,DAMEN AVE,1212,,,,,,,2,"REPORTED, NOT EVIDENT",1,0,0,0,1,1,0,17,3,11,41.89830857,-87.67697417,POINT (-87.676974165862 41.898308566646),1
JA512100,,11/14/2017 17:00,25,NO CONTROLS,NO CONTROLS,CLEAR,"DARKNESS, LIGHTED ROAD",PARKED MOTOR VEHICLE,UNKNOWN,1,STRAIGHT AND LEVEL,DRY,NO DEFECTS,NOT ON SCENE (DESK REPORT),NO INJURY / DRIVE AWAY,,,Y,"$501 - $1,500",11/14/2017 20:55,UNABLE TO DETERMINE,UNABLE TO DETERMINE,6125,N,FRANCISCO AVE,2413,,,,,,,2,NO INDICATION OF INJURY,0,0,0,0,0,1,0,17,3,11,41.99292448,-87.70176202,POINT (-87.701762017108 41.992924481103),1
JA512311,Y,11/14/2017 17:00,30,NO CONTROLS,NO CONTROLS,CLEAR,"DARKNESS, LIGHTED ROAD",PARKED MOTOR VEHICLE,ONE-WAY,,STRAIGHT AND LEVEL,DRY,NO DEFECTS,NOT ON SCENE (DESK REPORT),NO INJURY / DRIVE AWAY,,,Y,"OVER $1,500",11/15/2017 4:10,UNABLE TO DETERMINE,NOT APPLICABLE,2524,W,ARDMORE AVE,2011,,,,,,,2,NO INDICATION OF INJURY,0,0,0,0,0,1,0,17,3,11,41.9869012,-87.6931414,POINT (-87.693141397349 41.986901201478),1
JA511829,,11/14/2017 17:05,30,NO CONTROLS,NO CONTROLS,CLEAR,"DARKNESS, LIGHTED ROAD",SIDESWIPE SAME DIRECTION,DIVIDED - W/MEDIAN BARRIER,6,STRAIGHT AND LEVEL,DRY,NO DEFECTS,ON SCENE,INJURY,,,,,,,,,,,,,,,,,,,,,,,,,,,,,,,,,